condition,error_rate,event_key,frame,gt_id,horizon,post_snapshot_digest,pre_snapshot_digest,scene,skip_reason,total,view,wrong
SHAM,0.0,00001garden|2|2|3,1,2,1,,,00001garden,,12,1,0
SHAM,0.0,00001garden|2|2|3,1,2,2,,,00001garden,,12,1,0
SHAM,0.0,00001garden|2|2|3,1,2,3,,,00001garden,,12,1,0
SHAM,0.0,00001garden|2|2|3,1,2,4,,,00001garden,,12,1,0
SHAM,0.0,00001garden|2|2|3,1,2,5,,,00001garden,,12,1,0
SHAM,0.0,00001garden|2|2|3,1,2,6,,,00001garden,,12,1,0
SHAM,0.0,00001garden|2|2|3,1,2,7,,,00001garden,,12,1,0
SHAM,0.0,00001garden|2|2|3,1,2,8,,,00001garden,,12,1,0
SHAM,0.0,00001garden|2|2|3,1,2,9,,,00001garden,,12,1,0
SHAM,0.0,00001garden|2|2|3,1,2,10,,,00001garden,,12,1,0
SHAM,0.0,00001garden|2|2|3,1,2,11,,,00001garden,,14,1,0
SHAM,0.0,00001garden|2|2|3,1,2,12,,,00001garden,,15,1,0
SHAM,0.0,00001garden|2|2|3,1,2,13,,,00001garden,,14,1,0
SHAM,0.0,00001garden|2|2|3,1,2,14,,,00001garden,,15,1,0
SHAM,0.0,00001garden|2|2|3,1,2,15,,,00001garden,,13,1,0
SHAM,0.0,00001garden|2|2|3,1,2,16,,,00001garden,,14,1,0
SHAM,0.0,00001garden|2|2|3,1,2,17,,,00001garden,,14,1,0
SHAM,0.0,00001garden|2|2|3,1,2,18,,,00001garden,,14,1,0
SHAM,0.0,00001garden|2|2|3,1,2,19,,,00001garden,,12,1,0
SHAM,0.0,00001garden|2|2|3,1,2,20,,,00001garden,,13,1,0
C1b-A,0.0,00001garden|2|2|3,1,2,1,,,00001garden,,12,1,0
C1b-A,0.0,00001garden|2|2|3,1,2,2,,,00001garden,,12,1,0
C1b-A,0.0,00001garden|2|2|3,1,2,3,,,00001garden,,12,1,0
C1b-A,0.0,00001garden|2|2|3,1,2,4,,,00001garden,,12,1,0
C1b-A,0.0,00001garden|2|2|3,1,2,5,,,00001garden,,12,1,0
C1b-A,0.0,00001garden|2|2|3,1,2,6,,,00001garden,,12,1,0
C1b-A,0.0,00001garden|2|2|3,1,2,7,,,00001garden,,12,1,0
C1b-A,0.0,00001garden|2|2|3,1,2,8,,,00001garden,,12,1,0
C1b-A,0.0,00001garden|2|2|3,1,2,9,,,00001garden,,12,1,0
C1b-A,0.0,00001garden|2|2|3,1,2,10,,,00001garden,,12,1,0
C1b-A,0.0,00001garden|2|2|3,1,2,11,,,00001garden,,14,1,0
C1b-A,0.0,00001garden|2|2|3,1,2,12,,,00001garden,,15,1,0
C1b-A,0.0,00001garden|2|2|3,1,2,13,,,00001garden,,14,1,0
C1b-A,0.0,00001garden|2|2|3,1,2,14,,,00001garden,,15,1,0
C1b-A,0.0,00001garden|2|2|3,1,2,15,,,00001garden,,13,1,0
C1b-A,0.0,00001garden|2|2|3,1,2,16,,,00001garden,,14,1,0
C1b-A,0.0,00001garden|2|2|3,1,2,17,,,00001garden,,14,1,0
C1b-A,0.0,00001garden|2|2|3,1,2,18,,,00001garden,,14,1,0
C1b-A,0.0,00001garden|2|2|3,1,2,19,,,00001garden,,12,1,0
C1b-A,0.0,00001garden|2|2|3,1,2,20,,,00001garden,,13,1,0
C1b-B,0.0,00001garden|2|2|3,1,2,1,,,00001garden,,12,1,0
C1b-B,0.0,00001garden|2|2|3,1,2,2,,,00001garden,,12,1,0
C1b-B,0.0,00001garden|2|2|3,1,2,3,,,00001garden,,12,1,0
C1b-B,0.0,00001garden|2|2|3,1,2,4,,,00001garden,,12,1,0
C1b-B,0.0,00001garden|2|2|3,1,2,5,,,00001garden,,12,1,0
C1b-B,0.0,00001garden|2|2|3,1,2,6,,,00001garden,,12,1,0
C1b-B,0.0,00001garden|2|2|3,1,2,7,,,00001garden,,12,1,0
C1b-B,0.0,00001garden|2|2|3,1,2,8,,,00001garden,,12,1,0
C1b-B,0.0,00001garden|2|2|3,1,2,9,,,00001garden,,12,1,0
C1b-B,0.0,00001garden|2|2|3,1,2,10,,,00001garden,,12,1,0
C1b-B,0.0,00001garden|2|2|3,1,2,11,,,00001garden,,14,1,0
C1b-B,0.0,00001garden|2|2|3,1,2,12,,,00001garden,,15,1,0
C1b-B,0.0,00001garden|2|2|3,1,2,13,,,00001garden,,14,1,0
C1b-B,0.0,00001garden|2|2|3,1,2,14,,,00001garden,,15,1,0
C1b-B,0.0,00001garden|2|2|3,1,2,15,,,00001garden,,13,1,0
C1b-B,0.0,00001garden|2|2|3,1,2,16,,,00001garden,,14,1,0
C1b-B,0.0,00001garden|2|2|3,1,2,17,,,00001garden,,14,1,0
C1b-B,0.0,00001garden|2|2|3,1,2,18,,,00001garden,,14,1,0
C1b-B,0.0,00001garden|2|2|3,1,2,19,,,00001garden,,12,1,0
C1b-B,0.0,00001garden|2|2|3,1,2,20,,,00001garden,,13,1,0
C1b-C,0.0,00001garden|2|2|3,1,2,1,,,00001garden,,12,1,0
C1b-C,0.0,00001garden|2|2|3,1,2,2,,,00001garden,,12,1,0
C1b-C,0.0,00001garden|2|2|3,1,2,3,,,00001garden,,12,1,0
C1b-C,0.0,00001garden|2|2|3,1,2,4,,,00001garden,,12,1,0
C1b-C,0.0,00001garden|2|2|3,1,2,5,,,00001garden,,12,1,0
C1b-C,0.0,00001garden|2|2|3,1,2,6,,,00001garden,,12,1,0
C1b-C,0.0,00001garden|2|2|3,1,2,7,,,00001garden,,12,1,0
C1b-C,0.0,00001garden|2|2|3,1,2,8,,,00001garden,,12,1,0
C1b-C,0.0,00001garden|2|2|3,1,2,9,,,00001garden,,12,1,0
C1b-C,0.0,00001garden|2|2|3,1,2,10,,,00001garden,,12,1,0
C1b-C,0.0,00001garden|2|2|3,1,2,11,,,00001garden,,14,1,0
C1b-C,0.0,00001garden|2|2|3,1,2,12,,,00001garden,,15,1,0
C1b-C,0.0,00001garden|2|2|3,1,2,13,,,00001garden,,14,1,0
C1b-C,0.0,00001garden|2|2|3,1,2,14,,,00001garden,,15,1,0
C1b-C,0.0,00001garden|2|2|3,1,2,15,,,00001garden,,13,1,0
C1b-C,0.0,00001garden|2|2|3,1,2,16,,,00001garden,,14,1,0
C1b-C,0.0,00001garden|2|2|3,1,2,17,,,00001garden,,14,1,0
C1b-C,0.0,00001garden|2|2|3,1,2,18,,,00001garden,,14,1,0
C1b-C,0.0,00001garden|2|2|3,1,2,19,,,00001garden,,12,1,0
C1b-C,0.0,00001garden|2|2|3,1,2,20,,,00001garden,,13,1,0
_META,,00001garden|2|2|3,1,2,0,33860a682021bd27b5cd8480c2e65ab83e420e97a3bfd6ba989cdd57f7ac43bf,90f44353e3c4a6f504c965765522e4720f68e8d561d39920aeaee82634e539da,00001garden,,,1,
SHAM,0.0,00001garden|23|2|3,22,2,1,,,00001garden,,12,1,0
SHAM,0.06666666666666667,00001garden|23|2|3,22,2,2,,,00001garden,,15,1,1
SHAM,0.07692307692307693,00001garden|23|2|3,22,2,3,,,00001garden,,13,1,1
SHAM,0.06666666666666667,00001garden|23|2|3,22,2,4,,,00001garden,,15,1,1
SHAM,0.07142857142857142,00001garden|23|2|3,22,2,5,,,00001garden,,14,1,1
SHAM,0.07142857142857142,00001garden|23|2|3,22,2,6,,,00001garden,,14,1,1
SHAM,0.07142857142857142,00001garden|23|2|3,22,2,7,,,00001garden,,14,1,1
SHAM,0.07142857142857142,00001garden|23|2|3,22,2,8,,,00001garden,,14,1,1
SHAM,0.0,00001garden|23|2|3,22,2,9,,,00001garden,,14,1,0
SHAM,0.0,00001garden|23|2|3,22,2,10,,,00001garden,,14,1,0
SHAM,0.0,00001garden|23|2|3,22,2,11,,,00001garden,,14,1,0
SHAM,0.0,00001garden|23|2|3,22,2,12,,,00001garden,,14,1,0
SHAM,0.0,00001garden|23|2|3,22,2,13,,,00001garden,,14,1,0
SHAM,0.0,00001garden|23|2|3,22,2,14,,,00001garden,,14,1,0
SHAM,0.0,00001garden|23|2|3,22,2,15,,,00001garden,,13,1,0
SHAM,0.0,00001garden|23|2|3,22,2,16,,,00001garden,,14,1,0
SHAM,0.0,00001garden|23|2|3,22,2,17,,,00001garden,,14,1,0
SHAM,0.0,00001garden|23|2|3,22,2,18,,,00001garden,,14,1,0
SHAM,0.0,00001garden|23|2|3,22,2,19,,,00001garden,,14,1,0
SHAM,0.0,00001garden|23|2|3,22,2,20,,,00001garden,,14,1,0
C1b-A,0.0,00001garden|23|2|3,22,2,1,,,00001garden,,12,1,0
C1b-A,0.06666666666666667,00001garden|23|2|3,22,2,2,,,00001garden,,15,1,1
C1b-A,0.07692307692307693,00001garden|23|2|3,22,2,3,,,00001garden,,13,1,1
C1b-A,0.06666666666666667,00001garden|23|2|3,22,2,4,,,00001garden,,15,1,1
C1b-A,0.07142857142857142,00001garden|23|2|3,22,2,5,,,00001garden,,14,1,1
C1b-A,0.07142857142857142,00001garden|23|2|3,22,2,6,,,00001garden,,14,1,1
C1b-A,0.07142857142857142,00001garden|23|2|3,22,2,7,,,00001garden,,14,1,1
C1b-A,0.07142857142857142,00001garden|23|2|3,22,2,8,,,00001garden,,14,1,1
C1b-A,0.0,00001garden|23|2|3,22,2,9,,,00001garden,,14,1,0
C1b-A,0.0,00001garden|23|2|3,22,2,10,,,00001garden,,14,1,0
C1b-A,0.0,00001garden|23|2|3,22,2,11,,,00001garden,,14,1,0
C1b-A,0.0,00001garden|23|2|3,22,2,12,,,00001garden,,14,1,0
C1b-A,0.0,00001garden|23|2|3,22,2,13,,,00001garden,,14,1,0
C1b-A,0.0,00001garden|23|2|3,22,2,14,,,00001garden,,14,1,0
C1b-A,0.0,00001garden|23|2|3,22,2,15,,,00001garden,,13,1,0
C1b-A,0.0,00001garden|23|2|3,22,2,16,,,00001garden,,14,1,0
C1b-A,0.0,00001garden|23|2|3,22,2,17,,,00001garden,,14,1,0
C1b-A,0.0,00001garden|23|2|3,22,2,18,,,00001garden,,14,1,0
C1b-A,0.0,00001garden|23|2|3,22,2,19,,,00001garden,,14,1,0
C1b-A,0.0,00001garden|23|2|3,22,2,20,,,00001garden,,14,1,0
C1b-B,0.0,00001garden|23|2|3,22,2,1,,,00001garden,,12,1,0
C1b-B,0.06666666666666667,00001garden|23|2|3,22,2,2,,,00001garden,,15,1,1
C1b-B,0.07692307692307693,00001garden|23|2|3,22,2,3,,,00001garden,,13,1,1
C1b-B,0.06666666666666667,00001garden|23|2|3,22,2,4,,,00001garden,,15,1,1
C1b-B,0.07142857142857142,00001garden|23|2|3,22,2,5,,,00001garden,,14,1,1
C1b-B,0.07142857142857142,00001garden|23|2|3,22,2,6,,,00001garden,,14,1,1
C1b-B,0.07142857142857142,00001garden|23|2|3,22,2,7,,,00001garden,,14,1,1
C1b-B,0.07142857142857142,00001garden|23|2|3,22,2,8,,,00001garden,,14,1,1
C1b-B,0.0,00001garden|23|2|3,22,2,9,,,00001garden,,14,1,0
C1b-B,0.0,00001garden|23|2|3,22,2,10,,,00001garden,,14,1,0
C1b-B,0.0,00001garden|23|2|3,22,2,11,,,00001garden,,14,1,0
C1b-B,0.0,00001garden|23|2|3,22,2,12,,,00001garden,,14,1,0
C1b-B,0.0,00001garden|23|2|3,22,2,13,,,00001garden,,14,1,0
C1b-B,0.0,00001garden|23|2|3,22,2,14,,,00001garden,,14,1,0
C1b-B,0.0,00001garden|23|2|3,22,2,15,,,00001garden,,13,1,0
C1b-B,0.0,00001garden|23|2|3,22,2,16,,,00001garden,,14,1,0
C1b-B,0.0,00001garden|23|2|3,22,2,17,,,00001garden,,14,1,0
C1b-B,0.0,00001garden|23|2|3,22,2,18,,,00001garden,,14,1,0
C1b-B,0.0,00001garden|23|2|3,22,2,19,,,00001garden,,14,1,0
C1b-B,0.0,00001garden|23|2|3,22,2,20,,,00001garden,,14,1,0
C1b-C,0.0,00001garden|23|2|3,22,2,1,,,00001garden,,12,1,0
C1b-C,0.06666666666666667,00001garden|23|2|3,22,2,2,,,00001garden,,15,1,1
C1b-C,0.07692307692307693,00001garden|23|2|3,22,2,3,,,00001garden,,13,1,1
C1b-C,0.06666666666666667,00001garden|23|2|3,22,2,4,,,00001garden,,15,1,1
C1b-C,0.07142857142857142,00001garden|23|2|3,22,2,5,,,00001garden,,14,1,1
C1b-C,0.07142857142857142,00001garden|23|2|3,22,2,6,,,00001garden,,14,1,1
C1b-C,0.07142857142857142,00001garden|23|2|3,22,2,7,,,00001garden,,14,1,1
C1b-C,0.07142857142857142,00001garden|23|2|3,22,2,8,,,00001garden,,14,1,1
C1b-C,0.0,00001garden|23|2|3,22,2,9,,,00001garden,,14,1,0
C1b-C,0.0,00001garden|23|2|3,22,2,10,,,00001garden,,14,1,0
C1b-C,0.0,00001garden|23|2|3,22,2,11,,,00001garden,,14,1,0
C1b-C,0.0,00001garden|23|2|3,22,2,12,,,00001garden,,14,1,0
C1b-C,0.0,00001garden|23|2|3,22,2,13,,,00001garden,,14,1,0
C1b-C,0.0,00001garden|23|2|3,22,2,14,,,00001garden,,14,1,0
C1b-C,0.0,00001garden|23|2|3,22,2,15,,,00001garden,,13,1,0
C1b-C,0.0,00001garden|23|2|3,22,2,16,,,00001garden,,14,1,0
C1b-C,0.0,00001garden|23|2|3,22,2,17,,,00001garden,,14,1,0
C1b-C,0.0,00001garden|23|2|3,22,2,18,,,00001garden,,14,1,0
C1b-C,0.0,00001garden|23|2|3,22,2,19,,,00001garden,,14,1,0
C1b-C,0.0,00001garden|23|2|3,22,2,20,,,00001garden,,14,1,0
_META,,00001garden|23|2|3,22,2,0,omitted_for_runtime,omitted_for_runtime,00001garden,,,1,
SHAM,0.0,00001garden|44|2|1,43,2,1,,,00001garden,,14,1,0
SHAM,0.0,00001garden|44|2|1,43,2,2,,,00001garden,,14,1,0
SHAM,0.0,00001garden|44|2|1,43,2,3,,,00001garden,,14,1,0
SHAM,0.0,00001garden|44|2|1,43,2,4,,,00001garden,,14,1,0
SHAM,0.0,00001garden|44|2|1,43,2,5,,,00001garden,,13,1,0
SHAM,0.0,00001garden|44|2|1,43,2,6,,,00001garden,,13,1,0
SHAM,0.0,00001garden|44|2|1,43,2,7,,,00001garden,,13,1,0
SHAM,0.0,00001garden|44|2|1,43,2,8,,,00001garden,,14,1,0
SHAM,0.0,00001garden|44|2|1,43,2,9,,,00001garden,,14,1,0
SHAM,0.0,00001garden|44|2|1,43,2,10,,,00001garden,,15,1,0
SHAM,0.0,00001garden|44|2|1,43,2,11,,,00001garden,,14,1,0
SHAM,0.0,00001garden|44|2|1,43,2,12,,,00001garden,,15,1,0
SHAM,0.0,00001garden|44|2|1,43,2,13,,,00001garden,,14,1,0
SHAM,0.0,00001garden|44|2|1,43,2,14,,,00001garden,,14,1,0
SHAM,0.0,00001garden|44|2|1,43,2,15,,,00001garden,,15,1,0
SHAM,0.0,00001garden|44|2|1,43,2,16,,,00001garden,,15,1,0
SHAM,0.0,00001garden|44|2|1,43,2,17,,,00001garden,,16,1,0
SHAM,0.0,00001garden|44|2|1,43,2,18,,,00001garden,,16,1,0
SHAM,0.0,00001garden|44|2|1,43,2,19,,,00001garden,,16,1,0
SHAM,0.0,00001garden|44|2|1,43,2,20,,,00001garden,,16,1,0
C1b-A,0.0,00001garden|44|2|1,43,2,1,,,00001garden,,14,1,0
C1b-A,0.0,00001garden|44|2|1,43,2,2,,,00001garden,,14,1,0
C1b-A,0.0,00001garden|44|2|1,43,2,3,,,00001garden,,14,1,0
C1b-A,0.0,00001garden|44|2|1,43,2,4,,,00001garden,,14,1,0
C1b-A,0.0,00001garden|44|2|1,43,2,5,,,00001garden,,13,1,0
C1b-A,0.0,00001garden|44|2|1,43,2,6,,,00001garden,,13,1,0
C1b-A,0.0,00001garden|44|2|1,43,2,7,,,00001garden,,13,1,0
C1b-A,0.0,00001garden|44|2|1,43,2,8,,,00001garden,,14,1,0
C1b-A,0.0,00001garden|44|2|1,43,2,9,,,00001garden,,14,1,0
C1b-A,0.0,00001garden|44|2|1,43,2,10,,,00001garden,,15,1,0
C1b-A,0.0,00001garden|44|2|1,43,2,11,,,00001garden,,14,1,0
C1b-A,0.0,00001garden|44|2|1,43,2,12,,,00001garden,,15,1,0
C1b-A,0.0,00001garden|44|2|1,43,2,13,,,00001garden,,14,1,0
C1b-A,0.0,00001garden|44|2|1,43,2,14,,,00001garden,,14,1,0
C1b-A,0.0,00001garden|44|2|1,43,2,15,,,00001garden,,15,1,0
C1b-A,0.0,00001garden|44|2|1,43,2,16,,,00001garden,,15,1,0
C1b-A,0.0,00001garden|44|2|1,43,2,17,,,00001garden,,16,1,0
C1b-A,0.0,00001garden|44|2|1,43,2,18,,,00001garden,,15,1,0
C1b-A,0.0,00001garden|44|2|1,43,2,19,,,00001garden,,16,1,0
C1b-A,0.0,00001garden|44|2|1,43,2,20,,,00001garden,,16,1,0
C1b-B,0.0,00001garden|44|2|1,43,2,1,,,00001garden,,14,1,0
C1b-B,0.0,00001garden|44|2|1,43,2,2,,,00001garden,,14,1,0
C1b-B,0.0,00001garden|44|2|1,43,2,3,,,00001garden,,14,1,0
C1b-B,0.0,00001garden|44|2|1,43,2,4,,,00001garden,,14,1,0
C1b-B,0.0,00001garden|44|2|1,43,2,5,,,00001garden,,13,1,0
C1b-B,0.0,00001garden|44|2|1,43,2,6,,,00001garden,,13,1,0
C1b-B,0.0,00001garden|44|2|1,43,2,7,,,00001garden,,13,1,0
C1b-B,0.0,00001garden|44|2|1,43,2,8,,,00001garden,,14,1,0
C1b-B,0.0,00001garden|44|2|1,43,2,9,,,00001garden,,14,1,0
C1b-B,0.0,00001garden|44|2|1,43,2,10,,,00001garden,,15,1,0
C1b-B,0.0,00001garden|44|2|1,43,2,11,,,00001garden,,14,1,0
C1b-B,0.0,00001garden|44|2|1,43,2,12,,,00001garden,,15,1,0
C1b-B,0.0,00001garden|44|2|1,43,2,13,,,00001garden,,14,1,0
C1b-B,0.0,00001garden|44|2|1,43,2,14,,,00001garden,,14,1,0
C1b-B,0.0,00001garden|44|2|1,43,2,15,,,00001garden,,15,1,0
C1b-B,0.0,00001garden|44|2|1,43,2,16,,,00001garden,,15,1,0
C1b-B,0.0,00001garden|44|2|1,43,2,17,,,00001garden,,16,1,0
C1b-B,0.0,00001garden|44|2|1,43,2,18,,,00001garden,,16,1,0
C1b-B,0.0,00001garden|44|2|1,43,2,19,,,00001garden,,16,1,0
C1b-B,0.0,00001garden|44|2|1,43,2,20,,,00001garden,,16,1,0
C1b-C,0.0,00001garden|44|2|1,43,2,1,,,00001garden,,14,1,0
C1b-C,0.0,00001garden|44|2|1,43,2,2,,,00001garden,,14,1,0
C1b-C,0.0,00001garden|44|2|1,43,2,3,,,00001garden,,14,1,0
C1b-C,0.0,00001garden|44|2|1,43,2,4,,,00001garden,,14,1,0
C1b-C,0.0,00001garden|44|2|1,43,2,5,,,00001garden,,13,1,0
C1b-C,0.0,00001garden|44|2|1,43,2,6,,,00001garden,,13,1,0
C1b-C,0.0,00001garden|44|2|1,43,2,7,,,00001garden,,13,1,0
C1b-C,0.0,00001garden|44|2|1,43,2,8,,,00001garden,,14,1,0
C1b-C,0.0,00001garden|44|2|1,43,2,9,,,00001garden,,14,1,0
C1b-C,0.0,00001garden|44|2|1,43,2,10,,,00001garden,,15,1,0
C1b-C,0.0,00001garden|44|2|1,43,2,11,,,00001garden,,14,1,0
C1b-C,0.0,00001garden|44|2|1,43,2,12,,,00001garden,,15,1,0
C1b-C,0.0,00001garden|44|2|1,43,2,13,,,00001garden,,14,1,0
C1b-C,0.0,00001garden|44|2|1,43,2,14,,,00001garden,,14,1,0
C1b-C,0.0,00001garden|44|2|1,43,2,15,,,00001garden,,15,1,0
C1b-C,0.0,00001garden|44|2|1,43,2,16,,,00001garden,,15,1,0
C1b-C,0.0,00001garden|44|2|1,43,2,17,,,00001garden,,16,1,0
C1b-C,0.0,00001garden|44|2|1,43,2,18,,,00001garden,,15,1,0
C1b-C,0.0,00001garden|44|2|1,43,2,19,,,00001garden,,16,1,0
C1b-C,0.0,00001garden|44|2|1,43,2,20,,,00001garden,,16,1,0
_META,,00001garden|44|2|1,43,2,0,omitted_for_runtime,omitted_for_runtime,00001garden,,,1,
SHAM,0.0,00001garden|65|2|1,64,2,1,,,00001garden,,16,1,0
SHAM,0.0,00001garden|65|2|1,64,2,2,,,00001garden,,16,1,0
SHAM,0.0,00001garden|65|2|1,64,2,3,,,00001garden,,16,1,0
SHAM,0.0,00001garden|65|2|1,64,2,4,,,00001garden,,15,1,0
SHAM,0.0,00001garden|65|2|1,64,2,5,,,00001garden,,16,1,0
SHAM,0.0,00001garden|65|2|1,64,2,6,,,00001garden,,16,1,0
SHAM,0.0,00001garden|65|2|1,64,2,7,,,00001garden,,16,1,0
SHAM,0.0,00001garden|65|2|1,64,2,8,,,00001garden,,16,1,0
SHAM,0.0,00001garden|65|2|1,64,2,9,,,00001garden,,16,1,0
SHAM,0.0,00001garden|65|2|1,64,2,10,,,00001garden,,16,1,0
SHAM,0.0,00001garden|65|2|1,64,2,11,,,00001garden,,16,1,0
SHAM,0.0,00001garden|65|2|1,64,2,12,,,00001garden,,16,1,0
SHAM,0.0,00001garden|65|2|1,64,2,13,,,00001garden,,16,1,0
SHAM,0.0,00001garden|65|2|1,64,2,14,,,00001garden,,17,1,0
SHAM,0.0,00001garden|65|2|1,64,2,15,,,00001garden,,16,1,0
SHAM,0.0,00001garden|65|2|1,64,2,16,,,00001garden,,17,1,0
SHAM,0.0,00001garden|65|2|1,64,2,17,,,00001garden,,17,1,0
SHAM,0.0,00001garden|65|2|1,64,2,18,,,00001garden,,17,1,0
SHAM,0.0625,00001garden|65|2|1,64,2,19,,,00001garden,,16,1,1
SHAM,0.0,00001garden|65|2|1,64,2,20,,,00001garden,,17,1,0
C1b-A,0.0,00001garden|65|2|1,64,2,1,,,00001garden,,16,1,0
C1b-A,0.0,00001garden|65|2|1,64,2,2,,,00001garden,,16,1,0
C1b-A,0.0,00001garden|65|2|1,64,2,3,,,00001garden,,16,1,0
C1b-A,0.0,00001garden|65|2|1,64,2,4,,,00001garden,,16,1,0
C1b-A,0.0,00001garden|65|2|1,64,2,5,,,00001garden,,16,1,0
C1b-A,0.0,00001garden|65|2|1,64,2,6,,,00001garden,,16,1,0
C1b-A,0.0,00001garden|65|2|1,64,2,7,,,00001garden,,16,1,0
C1b-A,0.0,00001garden|65|2|1,64,2,8,,,00001garden,,16,1,0
C1b-A,0.0,00001garden|65|2|1,64,2,9,,,00001garden,,16,1,0
C1b-A,0.0,00001garden|65|2|1,64,2,10,,,00001garden,,16,1,0
C1b-A,0.0,00001garden|65|2|1,64,2,11,,,00001garden,,16,1,0
C1b-A,0.0,00001garden|65|2|1,64,2,12,,,00001garden,,16,1,0
C1b-A,0.0,00001garden|65|2|1,64,2,13,,,00001garden,,16,1,0
C1b-A,0.0,00001garden|65|2|1,64,2,14,,,00001garden,,17,1,0
C1b-A,0.0,00001garden|65|2|1,64,2,15,,,00001garden,,16,1,0
C1b-A,0.0,00001garden|65|2|1,64,2,16,,,00001garden,,17,1,0
C1b-A,0.0,00001garden|65|2|1,64,2,17,,,00001garden,,17,1,0
C1b-A,0.0,00001garden|65|2|1,64,2,18,,,00001garden,,17,1,0
C1b-A,0.0625,00001garden|65|2|1,64,2,19,,,00001garden,,16,1,1
C1b-A,0.0,00001garden|65|2|1,64,2,20,,,00001garden,,17,1,0
C1b-B,0.0,00001garden|65|2|1,64,2,1,,,00001garden,,16,1,0
C1b-B,0.0,00001garden|65|2|1,64,2,2,,,00001garden,,16,1,0
C1b-B,0.0,00001garden|65|2|1,64,2,3,,,00001garden,,16,1,0
C1b-B,0.0,00001garden|65|2|1,64,2,4,,,00001garden,,15,1,0
C1b-B,0.0,00001garden|65|2|1,64,2,5,,,00001garden,,16,1,0
C1b-B,0.0,00001garden|65|2|1,64,2,6,,,00001garden,,16,1,0
C1b-B,0.0,00001garden|65|2|1,64,2,7,,,00001garden,,16,1,0
C1b-B,0.0,00001garden|65|2|1,64,2,8,,,00001garden,,16,1,0
C1b-B,0.0,00001garden|65|2|1,64,2,9,,,00001garden,,16,1,0
C1b-B,0.0,00001garden|65|2|1,64,2,10,,,00001garden,,16,1,0
C1b-B,0.0,00001garden|65|2|1,64,2,11,,,00001garden,,16,1,0
C1b-B,0.0,00001garden|65|2|1,64,2,12,,,00001garden,,16,1,0
C1b-B,0.0,00001garden|65|2|1,64,2,13,,,00001garden,,16,1,0
C1b-B,0.0,00001garden|65|2|1,64,2,14,,,00001garden,,17,1,0
C1b-B,0.0,00001garden|65|2|1,64,2,15,,,00001garden,,16,1,0
C1b-B,0.0,00001garden|65|2|1,64,2,16,,,00001garden,,17,1,0
C1b-B,0.0,00001garden|65|2|1,64,2,17,,,00001garden,,17,1,0
C1b-B,0.0,00001garden|65|2|1,64,2,18,,,00001garden,,17,1,0
C1b-B,0.0625,00001garden|65|2|1,64,2,19,,,00001garden,,16,1,1
C1b-B,0.0,00001garden|65|2|1,64,2,20,,,00001garden,,17,1,0
C1b-C,0.0,00001garden|65|2|1,64,2,1,,,00001garden,,16,1,0
C1b-C,0.0,00001garden|65|2|1,64,2,2,,,00001garden,,16,1,0
C1b-C,0.0,00001garden|65|2|1,64,2,3,,,00001garden,,16,1,0
C1b-C,0.0,00001garden|65|2|1,64,2,4,,,00001garden,,16,1,0
C1b-C,0.0,00001garden|65|2|1,64,2,5,,,00001garden,,16,1,0
C1b-C,0.0,00001garden|65|2|1,64,2,6,,,00001garden,,16,1,0
C1b-C,0.0,00001garden|65|2|1,64,2,7,,,00001garden,,16,1,0
C1b-C,0.0,00001garden|65|2|1,64,2,8,,,00001garden,,16,1,0
C1b-C,0.0,00001garden|65|2|1,64,2,9,,,00001garden,,16,1,0
C1b-C,0.0,00001garden|65|2|1,64,2,10,,,00001garden,,16,1,0
C1b-C,0.0,00001garden|65|2|1,64,2,11,,,00001garden,,16,1,0
C1b-C,0.0,00001garden|65|2|1,64,2,12,,,00001garden,,16,1,0
C1b-C,0.0,00001garden|65|2|1,64,2,13,,,00001garden,,16,1,0
C1b-C,0.0,00001garden|65|2|1,64,2,14,,,00001garden,,17,1,0
C1b-C,0.0,00001garden|65|2|1,64,2,15,,,00001garden,,16,1,0
C1b-C,0.0,00001garden|65|2|1,64,2,16,,,00001garden,,17,1,0
C1b-C,0.0,00001garden|65|2|1,64,2,17,,,00001garden,,17,1,0
C1b-C,0.0,00001garden|65|2|1,64,2,18,,,00001garden,,17,1,0
C1b-C,0.0625,00001garden|65|2|1,64,2,19,,,00001garden,,16,1,1
C1b-C,0.0,00001garden|65|2|1,64,2,20,,,00001garden,,17,1,0
_META,,00001garden|65|2|1,64,2,0,omitted_for_runtime,omitted_for_runtime,00001garden,,,1,
SHAM,0.0,00001garden|84|1|12,83,9,1,,,00001garden,,17,0,0
SHAM,0.0,00001garden|84|1|12,83,9,2,,,00001garden,,17,0,0
SHAM,0.0,00001garden|84|1|12,83,9,3,,,00001garden,,17,0,0
SHAM,0.0,00001garden|84|1|12,83,9,4,,,00001garden,,17,0,0
SHAM,0.0,00001garden|84|1|12,83,9,5,,,00001garden,,17,0,0
SHAM,0.0,00001garden|84|1|12,83,9,6,,,00001garden,,17,0,0
SHAM,0.0,00001garden|84|1|12,83,9,7,,,00001garden,,17,0,0
SHAM,0.0,00001garden|84|1|12,83,9,8,,,00001garden,,17,0,0
SHAM,0.0,00001garden|84|1|12,83,9,9,,,00001garden,,17,0,0
SHAM,0.0,00001garden|84|1|12,83,9,10,,,00001garden,,17,0,0
SHAM,0.0,00001garden|84|1|12,83,9,11,,,00001garden,,17,0,0
SHAM,0.0,00001garden|84|1|12,83,9,12,,,00001garden,,17,0,0
SHAM,0.0,00001garden|84|1|12,83,9,13,,,00001garden,,17,0,0
SHAM,0.0,00001garden|84|1|12,83,9,14,,,00001garden,,17,0,0
SHAM,0.0,00001garden|84|1|12,83,9,15,,,00001garden,,17,0,0
SHAM,0.0,00001garden|84|1|12,83,9,16,,,00001garden,,17,0,0
SHAM,0.0,00001garden|84|1|12,83,9,17,,,00001garden,,17,0,0
SHAM,0.0,00001garden|84|1|12,83,9,18,,,00001garden,,17,0,0
SHAM,0.0,00001garden|84|1|12,83,9,19,,,00001garden,,17,0,0
SHAM,0.0,00001garden|84|1|12,83,9,20,,,00001garden,,17,0,0
C1b-A,0.0,00001garden|84|1|12,83,9,1,,,00001garden,,17,0,0
C1b-A,0.0,00001garden|84|1|12,83,9,2,,,00001garden,,17,0,0
C1b-A,0.0,00001garden|84|1|12,83,9,3,,,00001garden,,17,0,0
C1b-A,0.0,00001garden|84|1|12,83,9,4,,,00001garden,,17,0,0
C1b-A,0.0,00001garden|84|1|12,83,9,5,,,00001garden,,17,0,0
C1b-A,0.0,00001garden|84|1|12,83,9,6,,,00001garden,,17,0,0
C1b-A,0.0,00001garden|84|1|12,83,9,7,,,00001garden,,17,0,0
C1b-A,0.0,00001garden|84|1|12,83,9,8,,,00001garden,,17,0,0
C1b-A,0.0,00001garden|84|1|12,83,9,9,,,00001garden,,17,0,0
C1b-A,0.0,00001garden|84|1|12,83,9,10,,,00001garden,,17,0,0
C1b-A,0.0,00001garden|84|1|12,83,9,11,,,00001garden,,17,0,0
C1b-A,0.0,00001garden|84|1|12,83,9,12,,,00001garden,,17,0,0
C1b-A,0.0,00001garden|84|1|12,83,9,13,,,00001garden,,17,0,0
C1b-A,0.0,00001garden|84|1|12,83,9,14,,,00001garden,,17,0,0
C1b-A,0.0,00001garden|84|1|12,83,9,15,,,00001garden,,17,0,0
C1b-A,0.0,00001garden|84|1|12,83,9,16,,,00001garden,,17,0,0
C1b-A,0.0,00001garden|84|1|12,83,9,17,,,00001garden,,17,0,0
C1b-A,0.0,00001garden|84|1|12,83,9,18,,,00001garden,,17,0,0
C1b-A,0.0,00001garden|84|1|12,83,9,19,,,00001garden,,17,0,0
C1b-A,0.0,00001garden|84|1|12,83,9,20,,,00001garden,,17,0,0
C1b-B,0.0,00001garden|84|1|12,83,9,1,,,00001garden,,17,0,0
C1b-B,0.0,00001garden|84|1|12,83,9,2,,,00001garden,,17,0,0
C1b-B,0.0,00001garden|84|1|12,83,9,3,,,00001garden,,17,0,0
C1b-B,0.0,00001garden|84|1|12,83,9,4,,,00001garden,,17,0,0
C1b-B,0.0,00001garden|84|1|12,83,9,5,,,00001garden,,17,0,0
C1b-B,0.0,00001garden|84|1|12,83,9,6,,,00001garden,,17,0,0
C1b-B,0.0,00001garden|84|1|12,83,9,7,,,00001garden,,17,0,0
C1b-B,0.0,00001garden|84|1|12,83,9,8,,,00001garden,,17,0,0
C1b-B,0.0,00001garden|84|1|12,83,9,9,,,00001garden,,17,0,0
C1b-B,0.0,00001garden|84|1|12,83,9,10,,,00001garden,,17,0,0
C1b-B,0.0,00001garden|84|1|12,83,9,11,,,00001garden,,17,0,0
C1b-B,0.0,00001garden|84|1|12,83,9,12,,,00001garden,,17,0,0
C1b-B,0.0,00001garden|84|1|12,83,9,13,,,00001garden,,17,0,0
C1b-B,0.0,00001garden|84|1|12,83,9,14,,,00001garden,,17,0,0
C1b-B,0.0,00001garden|84|1|12,83,9,15,,,00001garden,,17,0,0
C1b-B,0.0,00001garden|84|1|12,83,9,16,,,00001garden,,17,0,0
C1b-B,0.0,00001garden|84|1|12,83,9,17,,,00001garden,,17,0,0
C1b-B,0.0,00001garden|84|1|12,83,9,18,,,00001garden,,17,0,0
C1b-B,0.0,00001garden|84|1|12,83,9,19,,,00001garden,,17,0,0
C1b-B,0.0,00001garden|84|1|12,83,9,20,,,00001garden,,17,0,0
C1b-C,0.0,00001garden|84|1|12,83,9,1,,,00001garden,,17,0,0
C1b-C,0.0,00001garden|84|1|12,83,9,2,,,00001garden,,17,0,0
C1b-C,0.0,00001garden|84|1|12,83,9,3,,,00001garden,,17,0,0
C1b-C,0.0,00001garden|84|1|12,83,9,4,,,00001garden,,17,0,0
C1b-C,0.0,00001garden|84|1|12,83,9,5,,,00001garden,,17,0,0
C1b-C,0.0,00001garden|84|1|12,83,9,6,,,00001garden,,17,0,0
C1b-C,0.0,00001garden|84|1|12,83,9,7,,,00001garden,,17,0,0
C1b-C,0.0,00001garden|84|1|12,83,9,8,,,00001garden,,17,0,0
C1b-C,0.0,00001garden|84|1|12,83,9,9,,,00001garden,,17,0,0
C1b-C,0.0,00001garden|84|1|12,83,9,10,,,00001garden,,17,0,0
C1b-C,0.0,00001garden|84|1|12,83,9,11,,,00001garden,,17,0,0
C1b-C,0.0,00001garden|84|1|12,83,9,12,,,00001garden,,17,0,0
C1b-C,0.0,00001garden|84|1|12,83,9,13,,,00001garden,,17,0,0
C1b-C,0.0,00001garden|84|1|12,83,9,14,,,00001garden,,17,0,0
C1b-C,0.0,00001garden|84|1|12,83,9,15,,,00001garden,,17,0,0
C1b-C,0.0,00001garden|84|1|12,83,9,16,,,00001garden,,17,0,0
C1b-C,0.0,00001garden|84|1|12,83,9,17,,,00001garden,,17,0,0
C1b-C,0.0,00001garden|84|1|12,83,9,18,,,00001garden,,17,0,0
C1b-C,0.0,00001garden|84|1|12,83,9,19,,,00001garden,,17,0,0
C1b-C,0.0,00001garden|84|1|12,83,9,20,,,00001garden,,17,0,0
_META,,00001garden|84|1|12,83,9,0,omitted_for_runtime,omitted_for_runtime,00001garden,,,0,
SHAM,0.0,00001garden|486|2|3,485,6,1,,,00001garden,,6,1,0
SHAM,0.0,00001garden|486|2|3,485,6,2,,,00001garden,,6,1,0
SHAM,0.14285714285714285,00001garden|486|2|3,485,6,3,,,00001garden,,7,1,1
SHAM,0.0,00001garden|486|2|3,485,6,4,,,00001garden,,7,1,0
SHAM,0.0,00001garden|486|2|3,485,6,5,,,00001garden,,6,1,0
SHAM,0.0,00001garden|486|2|3,485,6,6,,,00001garden,,7,1,0
SHAM,0.0,00001garden|486|2|3,485,6,7,,,00001garden,,7,1,0
SHAM,0.0,00001garden|486|2|3,485,6,8,,,00001garden,,7,1,0
SHAM,0.0,00001garden|486|2|3,485,6,9,,,00001garden,,7,1,0
SHAM,0.0,00001garden|486|2|3,485,6,10,,,00001garden,,7,1,0
SHAM,0.0,00001garden|486|2|3,485,6,11,,,00001garden,,7,1,0
SHAM,0.0,00001garden|486|2|3,485,6,12,,,00001garden,,7,1,0
SHAM,0.0,00001garden|486|2|3,485,6,13,,,00001garden,,7,1,0
SHAM,0.0,00001garden|486|2|3,485,6,14,,,00001garden,,7,1,0
SHAM,0.0,00001garden|486|2|3,485,6,15,,,00001garden,,7,1,0
SHAM,0.0,00001garden|486|2|3,485,6,16,,,00001garden,,8,1,0
SHAM,0.0,00001garden|486|2|3,485,6,17,,,00001garden,,8,1,0
SHAM,0.0,00001garden|486|2|3,485,6,18,,,00001garden,,8,1,0
SHAM,0.0,00001garden|486|2|3,485,6,19,,,00001garden,,7,1,0
SHAM,0.0,00001garden|486|2|3,485,6,20,,,00001garden,,8,1,0
C1b-A,0.0,00001garden|486|2|3,485,6,1,,,00001garden,,6,1,0
C1b-A,0.0,00001garden|486|2|3,485,6,2,,,00001garden,,6,1,0
C1b-A,0.14285714285714285,00001garden|486|2|3,485,6,3,,,00001garden,,7,1,1
C1b-A,0.0,00001garden|486|2|3,485,6,4,,,00001garden,,7,1,0
C1b-A,0.0,00001garden|486|2|3,485,6,5,,,00001garden,,6,1,0
C1b-A,0.0,00001garden|486|2|3,485,6,6,,,00001garden,,7,1,0
C1b-A,0.0,00001garden|486|2|3,485,6,7,,,00001garden,,7,1,0
C1b-A,0.0,00001garden|486|2|3,485,6,8,,,00001garden,,7,1,0
C1b-A,0.0,00001garden|486|2|3,485,6,9,,,00001garden,,7,1,0
C1b-A,0.0,00001garden|486|2|3,485,6,10,,,00001garden,,7,1,0
C1b-A,0.0,00001garden|486|2|3,485,6,11,,,00001garden,,7,1,0
C1b-A,0.0,00001garden|486|2|3,485,6,12,,,00001garden,,7,1,0
C1b-A,0.0,00001garden|486|2|3,485,6,13,,,00001garden,,7,1,0
C1b-A,0.0,00001garden|486|2|3,485,6,14,,,00001garden,,7,1,0
C1b-A,0.0,00001garden|486|2|3,485,6,15,,,00001garden,,7,1,0
C1b-A,0.0,00001garden|486|2|3,485,6,16,,,00001garden,,8,1,0
C1b-A,0.0,00001garden|486|2|3,485,6,17,,,00001garden,,8,1,0
C1b-A,0.0,00001garden|486|2|3,485,6,18,,,00001garden,,8,1,0
C1b-A,0.0,00001garden|486|2|3,485,6,19,,,00001garden,,7,1,0
C1b-A,0.0,00001garden|486|2|3,485,6,20,,,00001garden,,8,1,0
C1b-B,0.0,00001garden|486|2|3,485,6,1,,,00001garden,,6,1,0
C1b-B,0.0,00001garden|486|2|3,485,6,2,,,00001garden,,6,1,0
C1b-B,0.14285714285714285,00001garden|486|2|3,485,6,3,,,00001garden,,7,1,1
C1b-B,0.0,00001garden|486|2|3,485,6,4,,,00001garden,,7,1,0
C1b-B,0.0,00001garden|486|2|3,485,6,5,,,00001garden,,6,1,0
C1b-B,0.0,00001garden|486|2|3,485,6,6,,,00001garden,,7,1,0
C1b-B,0.0,00001garden|486|2|3,485,6,7,,,00001garden,,7,1,0
C1b-B,0.0,00001garden|486|2|3,485,6,8,,,00001garden,,7,1,0
C1b-B,0.0,00001garden|486|2|3,485,6,9,,,00001garden,,7,1,0
C1b-B,0.0,00001garden|486|2|3,485,6,10,,,00001garden,,7,1,0
C1b-B,0.0,00001garden|486|2|3,485,6,11,,,00001garden,,7,1,0
C1b-B,0.0,00001garden|486|2|3,485,6,12,,,00001garden,,7,1,0
C1b-B,0.0,00001garden|486|2|3,485,6,13,,,00001garden,,7,1,0
C1b-B,0.0,00001garden|486|2|3,485,6,14,,,00001garden,,7,1,0
C1b-B,0.0,00001garden|486|2|3,485,6,15,,,00001garden,,7,1,0
C1b-B,0.0,00001garden|486|2|3,485,6,16,,,00001garden,,8,1,0
C1b-B,0.0,00001garden|486|2|3,485,6,17,,,00001garden,,8,1,0
C1b-B,0.0,00001garden|486|2|3,485,6,18,,,00001garden,,8,1,0
C1b-B,0.0,00001garden|486|2|3,485,6,19,,,00001garden,,7,1,0
C1b-B,0.0,00001garden|486|2|3,485,6,20,,,00001garden,,8,1,0
C1b-C,0.0,00001garden|486|2|3,485,6,1,,,00001garden,,6,1,0
C1b-C,0.0,00001garden|486|2|3,485,6,2,,,00001garden,,6,1,0
C1b-C,0.14285714285714285,00001garden|486|2|3,485,6,3,,,00001garden,,7,1,1
C1b-C,0.0,00001garden|486|2|3,485,6,4,,,00001garden,,7,1,0
C1b-C,0.0,00001garden|486|2|3,485,6,5,,,00001garden,,6,1,0
C1b-C,0.0,00001garden|486|2|3,485,6,6,,,00001garden,,7,1,0
C1b-C,0.0,00001garden|486|2|3,485,6,7,,,00001garden,,7,1,0
C1b-C,0.0,00001garden|486|2|3,485,6,8,,,00001garden,,7,1,0
C1b-C,0.0,00001garden|486|2|3,485,6,9,,,00001garden,,7,1,0
C1b-C,0.0,00001garden|486|2|3,485,6,10,,,00001garden,,7,1,0
C1b-C,0.0,00001garden|486|2|3,485,6,11,,,00001garden,,7,1,0
C1b-C,0.0,00001garden|486|2|3,485,6,12,,,00001garden,,7,1,0
C1b-C,0.0,00001garden|486|2|3,485,6,13,,,00001garden,,7,1,0
C1b-C,0.0,00001garden|486|2|3,485,6,14,,,00001garden,,7,1,0
C1b-C,0.0,00001garden|486|2|3,485,6,15,,,00001garden,,7,1,0
C1b-C,0.0,00001garden|486|2|3,485,6,16,,,00001garden,,8,1,0
C1b-C,0.0,00001garden|486|2|3,485,6,17,,,00001garden,,8,1,0
C1b-C,0.0,00001garden|486|2|3,485,6,18,,,00001garden,,8,1,0
C1b-C,0.0,00001garden|486|2|3,485,6,19,,,00001garden,,7,1,0
C1b-C,0.0,00001garden|486|2|3,485,6,20,,,00001garden,,8,1,0
_META,,00001garden|486|2|3,485,6,0,omitted_for_runtime,omitted_for_runtime,00001garden,,,1,
SHAM,0.0,00001garden|489|2|1,488,8,1,,,00001garden,,7,1,0
SHAM,0.0,00001garden|489|2|1,488,8,2,,,00001garden,,6,1,0
SHAM,0.0,00001garden|489|2|1,488,8,3,,,00001garden,,7,1,0
SHAM,0.0,00001garden|489|2|1,488,8,4,,,00001garden,,7,1,0
SHAM,0.0,00001garden|489|2|1,488,8,5,,,00001garden,,7,1,0
SHAM,0.0,00001garden|489|2|1,488,8,6,,,00001garden,,7,1,0
SHAM,0.0,00001garden|489|2|1,488,8,7,,,00001garden,,7,1,0
SHAM,0.0,00001garden|489|2|1,488,8,8,,,00001garden,,7,1,0
SHAM,0.0,00001garden|489|2|1,488,8,9,,,00001garden,,7,1,0
SHAM,0.0,00001garden|489|2|1,488,8,10,,,00001garden,,7,1,0
SHAM,0.0,00001garden|489|2|1,488,8,11,,,00001garden,,7,1,0
SHAM,0.0,00001garden|489|2|1,488,8,12,,,00001garden,,7,1,0
SHAM,0.0,00001garden|489|2|1,488,8,13,,,00001garden,,8,1,0
SHAM,0.0,00001garden|489|2|1,488,8,14,,,00001garden,,8,1,0
SHAM,0.0,00001garden|489|2|1,488,8,15,,,00001garden,,8,1,0
SHAM,0.0,00001garden|489|2|1,488,8,16,,,00001garden,,7,1,0
SHAM,0.0,00001garden|489|2|1,488,8,17,,,00001garden,,8,1,0
SHAM,0.0,00001garden|489|2|1,488,8,18,,,00001garden,,7,1,0
SHAM,0.0,00001garden|489|2|1,488,8,19,,,00001garden,,7,1,0
SHAM,0.0,00001garden|489|2|1,488,8,20,,,00001garden,,8,1,0
C1b-A,0.0,00001garden|489|2|1,488,8,1,,,00001garden,,7,1,0
C1b-A,0.0,00001garden|489|2|1,488,8,2,,,00001garden,,6,1,0
C1b-A,0.0,00001garden|489|2|1,488,8,3,,,00001garden,,7,1,0
C1b-A,0.0,00001garden|489|2|1,488,8,4,,,00001garden,,7,1,0
C1b-A,0.0,00001garden|489|2|1,488,8,5,,,00001garden,,7,1,0
C1b-A,0.0,00001garden|489|2|1,488,8,6,,,00001garden,,7,1,0
C1b-A,0.0,00001garden|489|2|1,488,8,7,,,00001garden,,6,1,0
C1b-A,0.0,00001garden|489|2|1,488,8,8,,,00001garden,,7,1,0
C1b-A,0.0,00001garden|489|2|1,488,8,9,,,00001garden,,7,1,0
C1b-A,0.0,00001garden|489|2|1,488,8,10,,,00001garden,,7,1,0
C1b-A,0.0,00001garden|489|2|1,488,8,11,,,00001garden,,7,1,0
C1b-A,0.0,00001garden|489|2|1,488,8,12,,,00001garden,,7,1,0
C1b-A,0.0,00001garden|489|2|1,488,8,13,,,00001garden,,8,1,0
C1b-A,0.0,00001garden|489|2|1,488,8,14,,,00001garden,,8,1,0
C1b-A,0.0,00001garden|489|2|1,488,8,15,,,00001garden,,8,1,0
C1b-A,0.0,00001garden|489|2|1,488,8,16,,,00001garden,,7,1,0
C1b-A,0.0,00001garden|489|2|1,488,8,17,,,00001garden,,8,1,0
C1b-A,0.0,00001garden|489|2|1,488,8,18,,,00001garden,,7,1,0
C1b-A,0.0,00001garden|489|2|1,488,8,19,,,00001garden,,7,1,0
C1b-A,0.0,00001garden|489|2|1,488,8,20,,,00001garden,,8,1,0
C1b-B,0.0,00001garden|489|2|1,488,8,1,,,00001garden,,7,1,0
C1b-B,0.0,00001garden|489|2|1,488,8,2,,,00001garden,,6,1,0
C1b-B,0.0,00001garden|489|2|1,488,8,3,,,00001garden,,7,1,0
C1b-B,0.0,00001garden|489|2|1,488,8,4,,,00001garden,,7,1,0
C1b-B,0.0,00001garden|489|2|1,488,8,5,,,00001garden,,7,1,0
C1b-B,0.0,00001garden|489|2|1,488,8,6,,,00001garden,,7,1,0
C1b-B,0.0,00001garden|489|2|1,488,8,7,,,00001garden,,7,1,0
C1b-B,0.0,00001garden|489|2|1,488,8,8,,,00001garden,,7,1,0
C1b-B,0.0,00001garden|489|2|1,488,8,9,,,00001garden,,7,1,0
C1b-B,0.0,00001garden|489|2|1,488,8,10,,,00001garden,,7,1,0
C1b-B,0.0,00001garden|489|2|1,488,8,11,,,00001garden,,7,1,0
C1b-B,0.0,00001garden|489|2|1,488,8,12,,,00001garden,,7,1,0
C1b-B,0.0,00001garden|489|2|1,488,8,13,,,00001garden,,8,1,0
C1b-B,0.0,00001garden|489|2|1,488,8,14,,,00001garden,,8,1,0
C1b-B,0.0,00001garden|489|2|1,488,8,15,,,00001garden,,8,1,0
C1b-B,0.0,00001garden|489|2|1,488,8,16,,,00001garden,,7,1,0
C1b-B,0.0,00001garden|489|2|1,488,8,17,,,00001garden,,8,1,0
C1b-B,0.0,00001garden|489|2|1,488,8,18,,,00001garden,,7,1,0
C1b-B,0.0,00001garden|489|2|1,488,8,19,,,00001garden,,7,1,0
C1b-B,0.0,00001garden|489|2|1,488,8,20,,,00001garden,,8,1,0
C1b-C,0.0,00001garden|489|2|1,488,8,1,,,00001garden,,7,1,0
C1b-C,0.0,00001garden|489|2|1,488,8,2,,,00001garden,,6,1,0
C1b-C,0.0,00001garden|489|2|1,488,8,3,,,00001garden,,7,1,0
C1b-C,0.0,00001garden|489|2|1,488,8,4,,,00001garden,,7,1,0
C1b-C,0.0,00001garden|489|2|1,488,8,5,,,00001garden,,7,1,0
C1b-C,0.0,00001garden|489|2|1,488,8,6,,,00001garden,,7,1,0
C1b-C,0.0,00001garden|489|2|1,488,8,7,,,00001garden,,6,1,0
C1b-C,0.0,00001garden|489|2|1,488,8,8,,,00001garden,,7,1,0
C1b-C,0.0,00001garden|489|2|1,488,8,9,,,00001garden,,7,1,0
C1b-C,0.0,00001garden|489|2|1,488,8,10,,,00001garden,,7,1,0
C1b-C,0.0,00001garden|489|2|1,488,8,11,,,00001garden,,7,1,0
C1b-C,0.0,00001garden|489|2|1,488,8,12,,,00001garden,,7,1,0
C1b-C,0.0,00001garden|489|2|1,488,8,13,,,00001garden,,8,1,0
C1b-C,0.0,00001garden|489|2|1,488,8,14,,,00001garden,,8,1,0
C1b-C,0.0,00001garden|489|2|1,488,8,15,,,00001garden,,8,1,0
C1b-C,0.0,00001garden|489|2|1,488,8,16,,,00001garden,,7,1,0
C1b-C,0.0,00001garden|489|2|1,488,8,17,,,00001garden,,8,1,0
C1b-C,0.0,00001garden|489|2|1,488,8,18,,,00001garden,,7,1,0
C1b-C,0.0,00001garden|489|2|1,488,8,19,,,00001garden,,7,1,0
C1b-C,0.0,00001garden|489|2|1,488,8,20,,,00001garden,,8,1,0
_META,,00001garden|489|2|1,488,8,0,omitted_for_runtime,omitted_for_runtime,00001garden,,,1,
SHAM,0.125,00001garden|843|2|1,842,17,1,,,00001garden,,8,1,1
SHAM,0.125,00001garden|843|2|1,842,17,2,,,00001garden,,8,1,1
SHAM,0.125,00001garden|843|2|1,842,17,3,,,00001garden,,8,1,1
SHAM,0.1111111111111111,00001garden|843|2|1,842,17,4,,,00001garden,,9,1,1
SHAM,0.125,00001garden|843|2|1,842,17,5,,,00001garden,,8,1,1
SHAM,0.1111111111111111,00001garden|843|2|1,842,17,6,,,00001garden,,9,1,1
SHAM,0.1111111111111111,00001garden|843|2|1,842,17,7,,,00001garden,,9,1,1
SHAM,0.1111111111111111,00001garden|843|2|1,842,17,8,,,00001garden,,9,1,1
SHAM,0.125,00001garden|843|2|1,842,17,9,,,00001garden,,8,1,1
SHAM,0.1111111111111111,00001garden|843|2|1,842,17,10,,,00001garden,,9,1,1
SHAM,0.1111111111111111,00001garden|843|2|1,842,17,11,,,00001garden,,9,1,1
SHAM,0.125,00001garden|843|2|1,842,17,12,,,00001garden,,8,1,1
SHAM,0.125,00001garden|843|2|1,842,17,13,,,00001garden,,8,1,1
SHAM,0.125,00001garden|843|2|1,842,17,14,,,00001garden,,8,1,1
SHAM,0.1111111111111111,00001garden|843|2|1,842,17,15,,,00001garden,,9,1,1
SHAM,0.1111111111111111,00001garden|843|2|1,842,17,16,,,00001garden,,9,1,1
SHAM,0.1111111111111111,00001garden|843|2|1,842,17,17,,,00001garden,,9,1,1
SHAM,0.125,00001garden|843|2|1,842,17,18,,,00001garden,,8,1,1
SHAM,0.125,00001garden|843|2|1,842,17,19,,,00001garden,,8,1,1
SHAM,0.125,00001garden|843|2|1,842,17,20,,,00001garden,,8,1,1
C1b-A,0.125,00001garden|843|2|1,842,17,1,,,00001garden,,8,1,1
C1b-A,0.125,00001garden|843|2|1,842,17,2,,,00001garden,,8,1,1
C1b-A,0.125,00001garden|843|2|1,842,17,3,,,00001garden,,8,1,1
C1b-A,0.1111111111111111,00001garden|843|2|1,842,17,4,,,00001garden,,9,1,1
C1b-A,0.125,00001garden|843|2|1,842,17,5,,,00001garden,,8,1,1
C1b-A,0.1111111111111111,00001garden|843|2|1,842,17,6,,,00001garden,,9,1,1
C1b-A,0.1111111111111111,00001garden|843|2|1,842,17,7,,,00001garden,,9,1,1
C1b-A,0.1111111111111111,00001garden|843|2|1,842,17,8,,,00001garden,,9,1,1
C1b-A,0.125,00001garden|843|2|1,842,17,9,,,00001garden,,8,1,1
C1b-A,0.1111111111111111,00001garden|843|2|1,842,17,10,,,00001garden,,9,1,1
C1b-A,0.1111111111111111,00001garden|843|2|1,842,17,11,,,00001garden,,9,1,1
C1b-A,0.125,00001garden|843|2|1,842,17,12,,,00001garden,,8,1,1
C1b-A,0.125,00001garden|843|2|1,842,17,13,,,00001garden,,8,1,1
C1b-A,0.1111111111111111,00001garden|843|2|1,842,17,14,,,00001garden,,9,1,1
C1b-A,0.1111111111111111,00001garden|843|2|1,842,17,15,,,00001garden,,9,1,1
C1b-A,0.1111111111111111,00001garden|843|2|1,842,17,16,,,00001garden,,9,1,1
C1b-A,0.1111111111111111,00001garden|843|2|1,842,17,17,,,00001garden,,9,1,1
C1b-A,0.125,00001garden|843|2|1,842,17,18,,,00001garden,,8,1,1
C1b-A,0.125,00001garden|843|2|1,842,17,19,,,00001garden,,8,1,1
C1b-A,0.125,00001garden|843|2|1,842,17,20,,,00001garden,,8,1,1
C1b-B,0.125,00001garden|843|2|1,842,17,1,,,00001garden,,8,1,1
C1b-B,0.125,00001garden|843|2|1,842,17,2,,,00001garden,,8,1,1
C1b-B,0.125,00001garden|843|2|1,842,17,3,,,00001garden,,8,1,1
C1b-B,0.1111111111111111,00001garden|843|2|1,842,17,4,,,00001garden,,9,1,1
C1b-B,0.125,00001garden|843|2|1,842,17,5,,,00001garden,,8,1,1
C1b-B,0.1111111111111111,00001garden|843|2|1,842,17,6,,,00001garden,,9,1,1
C1b-B,0.1111111111111111,00001garden|843|2|1,842,17,7,,,00001garden,,9,1,1
C1b-B,0.1111111111111111,00001garden|843|2|1,842,17,8,,,00001garden,,9,1,1
C1b-B,0.125,00001garden|843|2|1,842,17,9,,,00001garden,,8,1,1
C1b-B,0.1111111111111111,00001garden|843|2|1,842,17,10,,,00001garden,,9,1,1
C1b-B,0.1111111111111111,00001garden|843|2|1,842,17,11,,,00001garden,,9,1,1
C1b-B,0.125,00001garden|843|2|1,842,17,12,,,00001garden,,8,1,1
C1b-B,0.125,00001garden|843|2|1,842,17,13,,,00001garden,,8,1,1
C1b-B,0.125,00001garden|843|2|1,842,17,14,,,00001garden,,8,1,1
C1b-B,0.1111111111111111,00001garden|843|2|1,842,17,15,,,00001garden,,9,1,1
C1b-B,0.1111111111111111,00001garden|843|2|1,842,17,16,,,00001garden,,9,1,1
C1b-B,0.1111111111111111,00001garden|843|2|1,842,17,17,,,00001garden,,9,1,1
C1b-B,0.125,00001garden|843|2|1,842,17,18,,,00001garden,,8,1,1
C1b-B,0.125,00001garden|843|2|1,842,17,19,,,00001garden,,8,1,1
C1b-B,0.125,00001garden|843|2|1,842,17,20,,,00001garden,,8,1,1
C1b-C,0.125,00001garden|843|2|1,842,17,1,,,00001garden,,8,1,1
C1b-C,0.125,00001garden|843|2|1,842,17,2,,,00001garden,,8,1,1
C1b-C,0.125,00001garden|843|2|1,842,17,3,,,00001garden,,8,1,1
C1b-C,0.1111111111111111,00001garden|843|2|1,842,17,4,,,00001garden,,9,1,1
C1b-C,0.125,00001garden|843|2|1,842,17,5,,,00001garden,,8,1,1
C1b-C,0.1111111111111111,00001garden|843|2|1,842,17,6,,,00001garden,,9,1,1
C1b-C,0.1111111111111111,00001garden|843|2|1,842,17,7,,,00001garden,,9,1,1
C1b-C,0.1111111111111111,00001garden|843|2|1,842,17,8,,,00001garden,,9,1,1
C1b-C,0.125,00001garden|843|2|1,842,17,9,,,00001garden,,8,1,1
C1b-C,0.1111111111111111,00001garden|843|2|1,842,17,10,,,00001garden,,9,1,1
C1b-C,0.1111111111111111,00001garden|843|2|1,842,17,11,,,00001garden,,9,1,1
C1b-C,0.125,00001garden|843|2|1,842,17,12,,,00001garden,,8,1,1
C1b-C,0.125,00001garden|843|2|1,842,17,13,,,00001garden,,8,1,1
C1b-C,0.1111111111111111,00001garden|843|2|1,842,17,14,,,00001garden,,9,1,1
C1b-C,0.1111111111111111,00001garden|843|2|1,842,17,15,,,00001garden,,9,1,1
C1b-C,0.1111111111111111,00001garden|843|2|1,842,17,16,,,00001garden,,9,1,1
C1b-C,0.1111111111111111,00001garden|843|2|1,842,17,17,,,00001garden,,9,1,1
C1b-C,0.125,00001garden|843|2|1,842,17,18,,,00001garden,,8,1,1
C1b-C,0.125,00001garden|843|2|1,842,17,19,,,00001garden,,8,1,1
C1b-C,0.125,00001garden|843|2|1,842,17,20,,,00001garden,,8,1,1
_META,,00001garden|843|2|1,842,17,0,omitted_for_runtime,omitted_for_runtime,00001garden,,,1,
SHAM,0.125,00001garden|864|2|0,863,17,1,,,00001garden,,8,1,1
SHAM,0.125,00001garden|864|2|0,863,17,2,,,00001garden,,8,1,1
SHAM,0.14285714285714285,00001garden|864|2|0,863,17,3,,,00001garden,,7,1,1
SHAM,0.1111111111111111,00001garden|864|2|0,863,17,4,,,00001garden,,9,1,1
SHAM,0.125,00001garden|864|2|0,863,17,5,,,00001garden,,8,1,1
SHAM,0.1,00001garden|864|2|0,863,17,6,,,00001garden,,10,1,1
SHAM,0.125,00001garden|864|2|0,863,17,7,,,00001garden,,8,1,1
SHAM,0.125,00001garden|864|2|0,863,17,8,,,00001garden,,8,1,1
SHAM,0.1111111111111111,00001garden|864|2|0,863,17,9,,,00001garden,,9,1,1
SHAM,0.1111111111111111,00001garden|864|2|0,863,17,10,,,00001garden,,9,1,1
SHAM,0.1111111111111111,00001garden|864|2|0,863,17,11,,,00001garden,,9,1,1
SHAM,0.125,00001garden|864|2|0,863,17,12,,,00001garden,,8,1,1
SHAM,0.1111111111111111,00001garden|864|2|0,863,17,13,,,00001garden,,9,1,1
SHAM,0.1111111111111111,00001garden|864|2|0,863,17,14,,,00001garden,,9,1,1
SHAM,0.1111111111111111,00001garden|864|2|0,863,17,15,,,00001garden,,9,1,1
SHAM,0.1111111111111111,00001garden|864|2|0,863,17,16,,,00001garden,,9,1,1
SHAM,0.1111111111111111,00001garden|864|2|0,863,17,17,,,00001garden,,9,1,1
SHAM,0.1111111111111111,00001garden|864|2|0,863,17,18,,,00001garden,,9,1,1
SHAM,0.1111111111111111,00001garden|864|2|0,863,17,19,,,00001garden,,9,1,1
SHAM,0.1,00001garden|864|2|0,863,17,20,,,00001garden,,10,1,1
C1b-A,0.125,00001garden|864|2|0,863,17,1,,,00001garden,,8,1,1
C1b-A,0.125,00001garden|864|2|0,863,17,2,,,00001garden,,8,1,1
C1b-A,0.14285714285714285,00001garden|864|2|0,863,17,3,,,00001garden,,7,1,1
C1b-A,0.1111111111111111,00001garden|864|2|0,863,17,4,,,00001garden,,9,1,1
C1b-A,0.125,00001garden|864|2|0,863,17,5,,,00001garden,,8,1,1
C1b-A,0.2,00001garden|864|2|0,863,17,6,,,00001garden,,10,1,2
C1b-A,0.125,00001garden|864|2|0,863,17,7,,,00001garden,,8,1,1
C1b-A,0.125,00001garden|864|2|0,863,17,8,,,00001garden,,8,1,1
C1b-A,0.1111111111111111,00001garden|864|2|0,863,17,9,,,00001garden,,9,1,1
C1b-A,0.1111111111111111,00001garden|864|2|0,863,17,10,,,00001garden,,9,1,1
C1b-A,0.1111111111111111,00001garden|864|2|0,863,17,11,,,00001garden,,9,1,1
C1b-A,0.125,00001garden|864|2|0,863,17,12,,,00001garden,,8,1,1
C1b-A,0.1111111111111111,00001garden|864|2|0,863,17,13,,,00001garden,,9,1,1
C1b-A,0.125,00001garden|864|2|0,863,17,14,,,00001garden,,8,1,1
C1b-A,0.1111111111111111,00001garden|864|2|0,863,17,15,,,00001garden,,9,1,1
C1b-A,0.1111111111111111,00001garden|864|2|0,863,17,16,,,00001garden,,9,1,1
C1b-A,0.1111111111111111,00001garden|864|2|0,863,17,17,,,00001garden,,9,1,1
C1b-A,0.1111111111111111,00001garden|864|2|0,863,17,18,,,00001garden,,9,1,1
C1b-A,0.1111111111111111,00001garden|864|2|0,863,17,19,,,00001garden,,9,1,1
C1b-A,0.1,00001garden|864|2|0,863,17,20,,,00001garden,,10,1,1
C1b-B,0.125,00001garden|864|2|0,863,17,1,,,00001garden,,8,1,1
C1b-B,0.125,00001garden|864|2|0,863,17,2,,,00001garden,,8,1,1
C1b-B,0.14285714285714285,00001garden|864|2|0,863,17,3,,,00001garden,,7,1,1
C1b-B,0.1111111111111111,00001garden|864|2|0,863,17,4,,,00001garden,,9,1,1
C1b-B,0.125,00001garden|864|2|0,863,17,5,,,00001garden,,8,1,1
C1b-B,0.1,00001garden|864|2|0,863,17,6,,,00001garden,,10,1,1
C1b-B,0.125,00001garden|864|2|0,863,17,7,,,00001garden,,8,1,1
C1b-B,0.125,00001garden|864|2|0,863,17,8,,,00001garden,,8,1,1
C1b-B,0.1111111111111111,00001garden|864|2|0,863,17,9,,,00001garden,,9,1,1
C1b-B,0.1111111111111111,00001garden|864|2|0,863,17,10,,,00001garden,,9,1,1
C1b-B,0.1111111111111111,00001garden|864|2|0,863,17,11,,,00001garden,,9,1,1
C1b-B,0.125,00001garden|864|2|0,863,17,12,,,00001garden,,8,1,1
C1b-B,0.1111111111111111,00001garden|864|2|0,863,17,13,,,00001garden,,9,1,1
C1b-B,0.1111111111111111,00001garden|864|2|0,863,17,14,,,00001garden,,9,1,1
C1b-B,0.1111111111111111,00001garden|864|2|0,863,17,15,,,00001garden,,9,1,1
C1b-B,0.1111111111111111,00001garden|864|2|0,863,17,16,,,00001garden,,9,1,1
C1b-B,0.1111111111111111,00001garden|864|2|0,863,17,17,,,00001garden,,9,1,1
C1b-B,0.1111111111111111,00001garden|864|2|0,863,17,18,,,00001garden,,9,1,1
C1b-B,0.1111111111111111,00001garden|864|2|0,863,17,19,,,00001garden,,9,1,1
C1b-B,0.1,00001garden|864|2|0,863,17,20,,,00001garden,,10,1,1
C1b-C,0.125,00001garden|864|2|0,863,17,1,,,00001garden,,8,1,1
C1b-C,0.125,00001garden|864|2|0,863,17,2,,,00001garden,,8,1,1
C1b-C,0.14285714285714285,00001garden|864|2|0,863,17,3,,,00001garden,,7,1,1
C1b-C,0.1111111111111111,00001garden|864|2|0,863,17,4,,,00001garden,,9,1,1
C1b-C,0.125,00001garden|864|2|0,863,17,5,,,00001garden,,8,1,1
C1b-C,0.2,00001garden|864|2|0,863,17,6,,,00001garden,,10,1,2
C1b-C,0.125,00001garden|864|2|0,863,17,7,,,00001garden,,8,1,1
C1b-C,0.125,00001garden|864|2|0,863,17,8,,,00001garden,,8,1,1
C1b-C,0.1111111111111111,00001garden|864|2|0,863,17,9,,,00001garden,,9,1,1
C1b-C,0.1111111111111111,00001garden|864|2|0,863,17,10,,,00001garden,,9,1,1
C1b-C,0.1111111111111111,00001garden|864|2|0,863,17,11,,,00001garden,,9,1,1
C1b-C,0.125,00001garden|864|2|0,863,17,12,,,00001garden,,8,1,1
C1b-C,0.1111111111111111,00001garden|864|2|0,863,17,13,,,00001garden,,9,1,1
C1b-C,0.125,00001garden|864|2|0,863,17,14,,,00001garden,,8,1,1
C1b-C,0.1111111111111111,00001garden|864|2|0,863,17,15,,,00001garden,,9,1,1
C1b-C,0.1111111111111111,00001garden|864|2|0,863,17,16,,,00001garden,,9,1,1
C1b-C,0.1111111111111111,00001garden|864|2|0,863,17,17,,,00001garden,,9,1,1
C1b-C,0.1111111111111111,00001garden|864|2|0,863,17,18,,,00001garden,,9,1,1
C1b-C,0.1111111111111111,00001garden|864|2|0,863,17,19,,,00001garden,,9,1,1
C1b-C,0.1,00001garden|864|2|0,863,17,20,,,00001garden,,10,1,1
_META,,00001garden|864|2|0,863,17,0,omitted_for_runtime,omitted_for_runtime,00001garden,,,1,
SHAM,0.25,00001garden|1004|1|0,1003,5,1,,,00001garden,,4,0,1
SHAM,,00001garden|1004|1|0,1003,5,2,,,00001garden,scene_end,0,0,0
SHAM,,00001garden|1004|1|0,1003,5,3,,,00001garden,scene_end,0,0,0
SHAM,,00001garden|1004|1|0,1003,5,4,,,00001garden,scene_end,0,0,0
SHAM,,00001garden|1004|1|0,1003,5,5,,,00001garden,scene_end,0,0,0
SHAM,,00001garden|1004|1|0,1003,5,6,,,00001garden,scene_end,0,0,0
SHAM,,00001garden|1004|1|0,1003,5,7,,,00001garden,scene_end,0,0,0
SHAM,,00001garden|1004|1|0,1003,5,8,,,00001garden,scene_end,0,0,0
SHAM,,00001garden|1004|1|0,1003,5,9,,,00001garden,scene_end,0,0,0
SHAM,,00001garden|1004|1|0,1003,5,10,,,00001garden,scene_end,0,0,0
SHAM,,00001garden|1004|1|0,1003,5,11,,,00001garden,scene_end,0,0,0
SHAM,,00001garden|1004|1|0,1003,5,12,,,00001garden,scene_end,0,0,0
SHAM,,00001garden|1004|1|0,1003,5,13,,,00001garden,scene_end,0,0,0
SHAM,,00001garden|1004|1|0,1003,5,14,,,00001garden,scene_end,0,0,0
SHAM,,00001garden|1004|1|0,1003,5,15,,,00001garden,scene_end,0,0,0
SHAM,,00001garden|1004|1|0,1003,5,16,,,00001garden,scene_end,0,0,0
SHAM,,00001garden|1004|1|0,1003,5,17,,,00001garden,scene_end,0,0,0
SHAM,,00001garden|1004|1|0,1003,5,18,,,00001garden,scene_end,0,0,0
SHAM,,00001garden|1004|1|0,1003,5,19,,,00001garden,scene_end,0,0,0
SHAM,,00001garden|1004|1|0,1003,5,20,,,00001garden,scene_end,0,0,0
C1b-A,0.25,00001garden|1004|1|0,1003,5,1,,,00001garden,,4,0,1
C1b-A,,00001garden|1004|1|0,1003,5,2,,,00001garden,scene_end,0,0,0
C1b-A,,00001garden|1004|1|0,1003,5,3,,,00001garden,scene_end,0,0,0
C1b-A,,00001garden|1004|1|0,1003,5,4,,,00001garden,scene_end,0,0,0
C1b-A,,00001garden|1004|1|0,1003,5,5,,,00001garden,scene_end,0,0,0
C1b-A,,00001garden|1004|1|0,1003,5,6,,,00001garden,scene_end,0,0,0
C1b-A,,00001garden|1004|1|0,1003,5,7,,,00001garden,scene_end,0,0,0
C1b-A,,00001garden|1004|1|0,1003,5,8,,,00001garden,scene_end,0,0,0
C1b-A,,00001garden|1004|1|0,1003,5,9,,,00001garden,scene_end,0,0,0
C1b-A,,00001garden|1004|1|0,1003,5,10,,,00001garden,scene_end,0,0,0
C1b-A,,00001garden|1004|1|0,1003,5,11,,,00001garden,scene_end,0,0,0
C1b-A,,00001garden|1004|1|0,1003,5,12,,,00001garden,scene_end,0,0,0
C1b-A,,00001garden|1004|1|0,1003,5,13,,,00001garden,scene_end,0,0,0
C1b-A,,00001garden|1004|1|0,1003,5,14,,,00001garden,scene_end,0,0,0
C1b-A,,00001garden|1004|1|0,1003,5,15,,,00001garden,scene_end,0,0,0
C1b-A,,00001garden|1004|1|0,1003,5,16,,,00001garden,scene_end,0,0,0
C1b-A,,00001garden|1004|1|0,1003,5,17,,,00001garden,scene_end,0,0,0
C1b-A,,00001garden|1004|1|0,1003,5,18,,,00001garden,scene_end,0,0,0
C1b-A,,00001garden|1004|1|0,1003,5,19,,,00001garden,scene_end,0,0,0
C1b-A,,00001garden|1004|1|0,1003,5,20,,,00001garden,scene_end,0,0,0
C1b-B,0.25,00001garden|1004|1|0,1003,5,1,,,00001garden,,4,0,1
C1b-B,,00001garden|1004|1|0,1003,5,2,,,00001garden,scene_end,0,0,0
C1b-B,,00001garden|1004|1|0,1003,5,3,,,00001garden,scene_end,0,0,0
C1b-B,,00001garden|1004|1|0,1003,5,4,,,00001garden,scene_end,0,0,0
C1b-B,,00001garden|1004|1|0,1003,5,5,,,00001garden,scene_end,0,0,0
C1b-B,,00001garden|1004|1|0,1003,5,6,,,00001garden,scene_end,0,0,0
C1b-B,,00001garden|1004|1|0,1003,5,7,,,00001garden,scene_end,0,0,0
C1b-B,,00001garden|1004|1|0,1003,5,8,,,00001garden,scene_end,0,0,0
C1b-B,,00001garden|1004|1|0,1003,5,9,,,00001garden,scene_end,0,0,0
C1b-B,,00001garden|1004|1|0,1003,5,10,,,00001garden,scene_end,0,0,0
C1b-B,,00001garden|1004|1|0,1003,5,11,,,00001garden,scene_end,0,0,0
C1b-B,,00001garden|1004|1|0,1003,5,12,,,00001garden,scene_end,0,0,0
C1b-B,,00001garden|1004|1|0,1003,5,13,,,00001garden,scene_end,0,0,0
C1b-B,,00001garden|1004|1|0,1003,5,14,,,00001garden,scene_end,0,0,0
C1b-B,,00001garden|1004|1|0,1003,5,15,,,00001garden,scene_end,0,0,0
C1b-B,,00001garden|1004|1|0,1003,5,16,,,00001garden,scene_end,0,0,0
C1b-B,,00001garden|1004|1|0,1003,5,17,,,00001garden,scene_end,0,0,0
C1b-B,,00001garden|1004|1|0,1003,5,18,,,00001garden,scene_end,0,0,0
C1b-B,,00001garden|1004|1|0,1003,5,19,,,00001garden,scene_end,0,0,0
C1b-B,,00001garden|1004|1|0,1003,5,20,,,00001garden,scene_end,0,0,0
C1b-C,0.25,00001garden|1004|1|0,1003,5,1,,,00001garden,,4,0,1
C1b-C,,00001garden|1004|1|0,1003,5,2,,,00001garden,scene_end,0,0,0
C1b-C,,00001garden|1004|1|0,1003,5,3,,,00001garden,scene_end,0,0,0
C1b-C,,00001garden|1004|1|0,1003,5,4,,,00001garden,scene_end,0,0,0
C1b-C,,00001garden|1004|1|0,1003,5,5,,,00001garden,scene_end,0,0,0
C1b-C,,00001garden|1004|1|0,1003,5,6,,,00001garden,scene_end,0,0,0
C1b-C,,00001garden|1004|1|0,1003,5,7,,,00001garden,scene_end,0,0,0
C1b-C,,00001garden|1004|1|0,1003,5,8,,,00001garden,scene_end,0,0,0
C1b-C,,00001garden|1004|1|0,1003,5,9,,,00001garden,scene_end,0,0,0
C1b-C,,00001garden|1004|1|0,1003,5,10,,,00001garden,scene_end,0,0,0
C1b-C,,00001garden|1004|1|0,1003,5,11,,,00001garden,scene_end,0,0,0
C1b-C,,00001garden|1004|1|0,1003,5,12,,,00001garden,scene_end,0,0,0
C1b-C,,00001garden|1004|1|0,1003,5,13,,,00001garden,scene_end,0,0,0
C1b-C,,00001garden|1004|1|0,1003,5,14,,,00001garden,scene_end,0,0,0
C1b-C,,00001garden|1004|1|0,1003,5,15,,,00001garden,scene_end,0,0,0
C1b-C,,00001garden|1004|1|0,1003,5,16,,,00001garden,scene_end,0,0,0
C1b-C,,00001garden|1004|1|0,1003,5,17,,,00001garden,scene_end,0,0,0
C1b-C,,00001garden|1004|1|0,1003,5,18,,,00001garden,scene_end,0,0,0
C1b-C,,00001garden|1004|1|0,1003,5,19,,,00001garden,scene_end,0,0,0
C1b-C,,00001garden|1004|1|0,1003,5,20,,,00001garden,scene_end,0,0,0
_META,,00001garden|1004|1|0,1003,5,0,omitted_for_runtime,omitted_for_runtime,00001garden,,,0,
SHAM,0.0,00003garden|283|1|4,282,6,1,,,00003garden,,7,0,0
SHAM,0.0,00003garden|283|1|4,282,6,2,,,00003garden,,7,0,0
SHAM,0.0,00003garden|283|1|4,282,6,3,,,00003garden,,8,0,0
SHAM,0.0,00003garden|283|1|4,282,6,4,,,00003garden,,7,0,0
SHAM,0.0,00003garden|283|1|4,282,6,5,,,00003garden,,8,0,0
SHAM,0.0,00003garden|283|1|4,282,6,6,,,00003garden,,8,0,0
SHAM,0.0,00003garden|283|1|4,282,6,7,,,00003garden,,8,0,0
SHAM,0.0,00003garden|283|1|4,282,6,8,,,00003garden,,8,0,0
SHAM,0.0,00003garden|283|1|4,282,6,9,,,00003garden,,8,0,0
SHAM,0.0,00003garden|283|1|4,282,6,10,,,00003garden,,8,0,0
SHAM,0.0,00003garden|283|1|4,282,6,11,,,00003garden,,8,0,0
SHAM,0.0,00003garden|283|1|4,282,6,12,,,00003garden,,8,0,0
SHAM,0.0,00003garden|283|1|4,282,6,13,,,00003garden,,8,0,0
SHAM,0.0,00003garden|283|1|4,282,6,14,,,00003garden,,8,0,0
SHAM,0.0,00003garden|283|1|4,282,6,15,,,00003garden,,8,0,0
SHAM,0.0,00003garden|283|1|4,282,6,16,,,00003garden,,8,0,0
SHAM,0.0,00003garden|283|1|4,282,6,17,,,00003garden,,8,0,0
SHAM,0.0,00003garden|283|1|4,282,6,18,,,00003garden,,8,0,0
SHAM,0.0,00003garden|283|1|4,282,6,19,,,00003garden,,8,0,0
SHAM,0.0,00003garden|283|1|4,282,6,20,,,00003garden,,8,0,0
C1b-A,0.0,00003garden|283|1|4,282,6,1,,,00003garden,,7,0,0
C1b-A,0.0,00003garden|283|1|4,282,6,2,,,00003garden,,7,0,0
C1b-A,0.0,00003garden|283|1|4,282,6,3,,,00003garden,,8,0,0
C1b-A,0.0,00003garden|283|1|4,282,6,4,,,00003garden,,7,0,0
C1b-A,0.0,00003garden|283|1|4,282,6,5,,,00003garden,,8,0,0
C1b-A,0.0,00003garden|283|1|4,282,6,6,,,00003garden,,8,0,0
C1b-A,0.0,00003garden|283|1|4,282,6,7,,,00003garden,,8,0,0
C1b-A,0.0,00003garden|283|1|4,282,6,8,,,00003garden,,8,0,0
C1b-A,0.0,00003garden|283|1|4,282,6,9,,,00003garden,,8,0,0
C1b-A,0.0,00003garden|283|1|4,282,6,10,,,00003garden,,8,0,0
C1b-A,0.0,00003garden|283|1|4,282,6,11,,,00003garden,,8,0,0
C1b-A,0.0,00003garden|283|1|4,282,6,12,,,00003garden,,8,0,0
C1b-A,0.0,00003garden|283|1|4,282,6,13,,,00003garden,,8,0,0
C1b-A,0.0,00003garden|283|1|4,282,6,14,,,00003garden,,8,0,0
C1b-A,0.0,00003garden|283|1|4,282,6,15,,,00003garden,,8,0,0
C1b-A,0.0,00003garden|283|1|4,282,6,16,,,00003garden,,8,0,0
C1b-A,0.0,00003garden|283|1|4,282,6,17,,,00003garden,,8,0,0
C1b-A,0.0,00003garden|283|1|4,282,6,18,,,00003garden,,8,0,0
C1b-A,0.0,00003garden|283|1|4,282,6,19,,,00003garden,,8,0,0
C1b-A,0.0,00003garden|283|1|4,282,6,20,,,00003garden,,8,0,0
C1b-B,0.0,00003garden|283|1|4,282,6,1,,,00003garden,,7,0,0
C1b-B,0.0,00003garden|283|1|4,282,6,2,,,00003garden,,7,0,0
C1b-B,0.0,00003garden|283|1|4,282,6,3,,,00003garden,,8,0,0
C1b-B,0.0,00003garden|283|1|4,282,6,4,,,00003garden,,7,0,0
C1b-B,0.0,00003garden|283|1|4,282,6,5,,,00003garden,,8,0,0
C1b-B,0.0,00003garden|283|1|4,282,6,6,,,00003garden,,8,0,0
C1b-B,0.0,00003garden|283|1|4,282,6,7,,,00003garden,,8,0,0
C1b-B,0.0,00003garden|283|1|4,282,6,8,,,00003garden,,8,0,0
C1b-B,0.0,00003garden|283|1|4,282,6,9,,,00003garden,,8,0,0
C1b-B,0.0,00003garden|283|1|4,282,6,10,,,00003garden,,8,0,0
C1b-B,0.0,00003garden|283|1|4,282,6,11,,,00003garden,,8,0,0
C1b-B,0.0,00003garden|283|1|4,282,6,12,,,00003garden,,8,0,0
C1b-B,0.0,00003garden|283|1|4,282,6,13,,,00003garden,,8,0,0
C1b-B,0.0,00003garden|283|1|4,282,6,14,,,00003garden,,8,0,0
C1b-B,0.0,00003garden|283|1|4,282,6,15,,,00003garden,,8,0,0
C1b-B,0.0,00003garden|283|1|4,282,6,16,,,00003garden,,8,0,0
C1b-B,0.0,00003garden|283|1|4,282,6,17,,,00003garden,,8,0,0
C1b-B,0.0,00003garden|283|1|4,282,6,18,,,00003garden,,8,0,0
C1b-B,0.0,00003garden|283|1|4,282,6,19,,,00003garden,,8,0,0
C1b-B,0.0,00003garden|283|1|4,282,6,20,,,00003garden,,8,0,0
C1b-C,0.0,00003garden|283|1|4,282,6,1,,,00003garden,,7,0,0
C1b-C,0.0,00003garden|283|1|4,282,6,2,,,00003garden,,7,0,0
C1b-C,0.0,00003garden|283|1|4,282,6,3,,,00003garden,,8,0,0
C1b-C,0.0,00003garden|283|1|4,282,6,4,,,00003garden,,7,0,0
C1b-C,0.0,00003garden|283|1|4,282,6,5,,,00003garden,,8,0,0
C1b-C,0.0,00003garden|283|1|4,282,6,6,,,00003garden,,8,0,0
C1b-C,0.0,00003garden|283|1|4,282,6,7,,,00003garden,,8,0,0
C1b-C,0.0,00003garden|283|1|4,282,6,8,,,00003garden,,8,0,0
C1b-C,0.0,00003garden|283|1|4,282,6,9,,,00003garden,,8,0,0
C1b-C,0.0,00003garden|283|1|4,282,6,10,,,00003garden,,8,0,0
C1b-C,0.0,00003garden|283|1|4,282,6,11,,,00003garden,,8,0,0
C1b-C,0.0,00003garden|283|1|4,282,6,12,,,00003garden,,8,0,0
C1b-C,0.0,00003garden|283|1|4,282,6,13,,,00003garden,,8,0,0
C1b-C,0.0,00003garden|283|1|4,282,6,14,,,00003garden,,8,0,0
C1b-C,0.0,00003garden|283|1|4,282,6,15,,,00003garden,,8,0,0
C1b-C,0.0,00003garden|283|1|4,282,6,16,,,00003garden,,8,0,0
C1b-C,0.0,00003garden|283|1|4,282,6,17,,,00003garden,,8,0,0
C1b-C,0.0,00003garden|283|1|4,282,6,18,,,00003garden,,8,0,0
C1b-C,0.0,00003garden|283|1|4,282,6,19,,,00003garden,,8,0,0
C1b-C,0.0,00003garden|283|1|4,282,6,20,,,00003garden,,8,0,0
_META,,00003garden|283|1|4,282,6,0,f71d7df8a978a8b2dd7a3d314de1a756ef8198b7cbee7f6c379119d36ba0e2cd,5d130439036ff2d0a3a456287d857a1e8c552768620a1b72c7aea4e78d1f5b88,00003garden,,,0,
SHAM,0.1111111111111111,00003garden|507|2|1,506,4,1,,,00003garden,,9,1,1
SHAM,0.0,00003garden|507|2|1,506,4,2,,,00003garden,,8,1,0
SHAM,0.0,00003garden|507|2|1,506,4,3,,,00003garden,,9,1,0
SHAM,0.0,00003garden|507|2|1,506,4,4,,,00003garden,,9,1,0
SHAM,0.0,00003garden|507|2|1,506,4,5,,,00003garden,,9,1,0
SHAM,0.0,00003garden|507|2|1,506,4,6,,,00003garden,,9,1,0
SHAM,0.0,00003garden|507|2|1,506,4,7,,,00003garden,,9,1,0
SHAM,0.0,00003garden|507|2|1,506,4,8,,,00003garden,,9,1,0
SHAM,0.0,00003garden|507|2|1,506,4,9,,,00003garden,,9,1,0
SHAM,0.0,00003garden|507|2|1,506,4,10,,,00003garden,,9,1,0
SHAM,0.0,00003garden|507|2|1,506,4,11,,,00003garden,,9,1,0
SHAM,0.0,00003garden|507|2|1,506,4,12,,,00003garden,,9,1,0
SHAM,0.0,00003garden|507|2|1,506,4,13,,,00003garden,,9,1,0
SHAM,0.0,00003garden|507|2|1,506,4,14,,,00003garden,,8,1,0
SHAM,0.0,00003garden|507|2|1,506,4,15,,,00003garden,,9,1,0
SHAM,0.0,00003garden|507|2|1,506,4,16,,,00003garden,,9,1,0
SHAM,0.0,00003garden|507|2|1,506,4,17,,,00003garden,,9,1,0
SHAM,0.0,00003garden|507|2|1,506,4,18,,,00003garden,,9,1,0
SHAM,0.0,00003garden|507|2|1,506,4,19,,,00003garden,,9,1,0
SHAM,0.0,00003garden|507|2|1,506,4,20,,,00003garden,,9,1,0
C1b-A,0.1111111111111111,00003garden|507|2|1,506,4,1,,,00003garden,,9,1,1
C1b-A,0.0,00003garden|507|2|1,506,4,2,,,00003garden,,8,1,0
C1b-A,0.0,00003garden|507|2|1,506,4,3,,,00003garden,,9,1,0
C1b-A,0.0,00003garden|507|2|1,506,4,4,,,00003garden,,9,1,0
C1b-A,0.0,00003garden|507|2|1,506,4,5,,,00003garden,,9,1,0
C1b-A,0.0,00003garden|507|2|1,506,4,6,,,00003garden,,9,1,0
C1b-A,0.0,00003garden|507|2|1,506,4,7,,,00003garden,,9,1,0
C1b-A,0.0,00003garden|507|2|1,506,4,8,,,00003garden,,9,1,0
C1b-A,0.0,00003garden|507|2|1,506,4,9,,,00003garden,,9,1,0
C1b-A,0.0,00003garden|507|2|1,506,4,10,,,00003garden,,9,1,0
C1b-A,0.0,00003garden|507|2|1,506,4,11,,,00003garden,,9,1,0
C1b-A,0.0,00003garden|507|2|1,506,4,12,,,00003garden,,9,1,0
C1b-A,0.0,00003garden|507|2|1,506,4,13,,,00003garden,,9,1,0
C1b-A,0.0,00003garden|507|2|1,506,4,14,,,00003garden,,8,1,0
C1b-A,0.0,00003garden|507|2|1,506,4,15,,,00003garden,,9,1,0
C1b-A,0.0,00003garden|507|2|1,506,4,16,,,00003garden,,9,1,0
C1b-A,0.0,00003garden|507|2|1,506,4,17,,,00003garden,,9,1,0
C1b-A,0.0,00003garden|507|2|1,506,4,18,,,00003garden,,9,1,0
C1b-A,0.0,00003garden|507|2|1,506,4,19,,,00003garden,,9,1,0
C1b-A,0.0,00003garden|507|2|1,506,4,20,,,00003garden,,9,1,0
C1b-B,0.1111111111111111,00003garden|507|2|1,506,4,1,,,00003garden,,9,1,1
C1b-B,0.0,00003garden|507|2|1,506,4,2,,,00003garden,,8,1,0
C1b-B,0.0,00003garden|507|2|1,506,4,3,,,00003garden,,9,1,0
C1b-B,0.0,00003garden|507|2|1,506,4,4,,,00003garden,,9,1,0
C1b-B,0.0,00003garden|507|2|1,506,4,5,,,00003garden,,9,1,0
C1b-B,0.0,00003garden|507|2|1,506,4,6,,,00003garden,,9,1,0
C1b-B,0.0,00003garden|507|2|1,506,4,7,,,00003garden,,9,1,0
C1b-B,0.0,00003garden|507|2|1,506,4,8,,,00003garden,,9,1,0
C1b-B,0.0,00003garden|507|2|1,506,4,9,,,00003garden,,9,1,0
C1b-B,0.0,00003garden|507|2|1,506,4,10,,,00003garden,,9,1,0
C1b-B,0.0,00003garden|507|2|1,506,4,11,,,00003garden,,9,1,0
C1b-B,0.0,00003garden|507|2|1,506,4,12,,,00003garden,,9,1,0
C1b-B,0.0,00003garden|507|2|1,506,4,13,,,00003garden,,9,1,0
C1b-B,0.0,00003garden|507|2|1,506,4,14,,,00003garden,,8,1,0
C1b-B,0.0,00003garden|507|2|1,506,4,15,,,00003garden,,9,1,0
C1b-B,0.0,00003garden|507|2|1,506,4,16,,,00003garden,,9,1,0
C1b-B,0.0,00003garden|507|2|1,506,4,17,,,00003garden,,9,1,0
C1b-B,0.0,00003garden|507|2|1,506,4,18,,,00003garden,,9,1,0
C1b-B,0.0,00003garden|507|2|1,506,4,19,,,00003garden,,9,1,0
C1b-B,0.0,00003garden|507|2|1,506,4,20,,,00003garden,,9,1,0
C1b-C,0.1111111111111111,00003garden|507|2|1,506,4,1,,,00003garden,,9,1,1
C1b-C,0.0,00003garden|507|2|1,506,4,2,,,00003garden,,8,1,0
C1b-C,0.0,00003garden|507|2|1,506,4,3,,,00003garden,,9,1,0
C1b-C,0.0,00003garden|507|2|1,506,4,4,,,00003garden,,9,1,0
C1b-C,0.0,00003garden|507|2|1,506,4,5,,,00003garden,,9,1,0
C1b-C,0.0,00003garden|507|2|1,506,4,6,,,00003garden,,9,1,0
C1b-C,0.0,00003garden|507|2|1,506,4,7,,,00003garden,,9,1,0
C1b-C,0.0,00003garden|507|2|1,506,4,8,,,00003garden,,9,1,0
C1b-C,0.0,00003garden|507|2|1,506,4,9,,,00003garden,,9,1,0
C1b-C,0.0,00003garden|507|2|1,506,4,10,,,00003garden,,9,1,0
C1b-C,0.0,00003garden|507|2|1,506,4,11,,,00003garden,,9,1,0
C1b-C,0.0,00003garden|507|2|1,506,4,12,,,00003garden,,9,1,0
C1b-C,0.0,00003garden|507|2|1,506,4,13,,,00003garden,,9,1,0
C1b-C,0.0,00003garden|507|2|1,506,4,14,,,00003garden,,8,1,0
C1b-C,0.0,00003garden|507|2|1,506,4,15,,,00003garden,,9,1,0
C1b-C,0.0,00003garden|507|2|1,506,4,16,,,00003garden,,9,1,0
C1b-C,0.0,00003garden|507|2|1,506,4,17,,,00003garden,,9,1,0
C1b-C,0.0,00003garden|507|2|1,506,4,18,,,00003garden,,9,1,0
C1b-C,0.0,00003garden|507|2|1,506,4,19,,,00003garden,,9,1,0
C1b-C,0.0,00003garden|507|2|1,506,4,20,,,00003garden,,9,1,0
_META,,00003garden|507|2|1,506,4,0,omitted_for_runtime,omitted_for_runtime,00003garden,,,1,
SHAM,0.1,00003garden|756|2|3,755,4,1,,,00003garden,,10,1,1
SHAM,0.2,00003garden|756|2|3,755,4,2,,,00003garden,,10,1,2
SHAM,0.2,00003garden|756|2|3,755,4,3,,,00003garden,,10,1,2
SHAM,0.2,00003garden|756|2|3,755,4,4,,,00003garden,,10,1,2
SHAM,0.2,00003garden|756|2|3,755,4,5,,,00003garden,,10,1,2
SHAM,0.2,00003garden|756|2|3,755,4,6,,,00003garden,,10,1,2
SHAM,0.2,00003garden|756|2|3,755,4,7,,,00003garden,,10,1,2
SHAM,0.2222222222222222,00003garden|756|2|3,755,4,8,,,00003garden,,9,1,2
SHAM,0.2,00003garden|756|2|3,755,4,9,,,00003garden,,10,1,2
SHAM,0.1111111111111111,00003garden|756|2|3,755,4,10,,,00003garden,,9,1,1
SHAM,0.2,00003garden|756|2|3,755,4,11,,,00003garden,,10,1,2
SHAM,0.2,00003garden|756|2|3,755,4,12,,,00003garden,,10,1,2
SHAM,0.1111111111111111,00003garden|756|2|3,755,4,13,,,00003garden,,9,1,1
SHAM,0.2,00003garden|756|2|3,755,4,14,,,00003garden,,10,1,2
SHAM,0.2,00003garden|756|2|3,755,4,15,,,00003garden,,10,1,2
SHAM,0.2,00003garden|756|2|3,755,4,16,,,00003garden,,10,1,2
SHAM,0.2,00003garden|756|2|3,755,4,17,,,00003garden,,10,1,2
SHAM,0.2,00003garden|756|2|3,755,4,18,,,00003garden,,10,1,2
SHAM,0.2,00003garden|756|2|3,755,4,19,,,00003garden,,10,1,2
SHAM,0.2,00003garden|756|2|3,755,4,20,,,00003garden,,10,1,2
C1b-A,0.1,00003garden|756|2|3,755,4,1,,,00003garden,,10,1,1
C1b-A,0.2,00003garden|756|2|3,755,4,2,,,00003garden,,10,1,2
C1b-A,0.2,00003garden|756|2|3,755,4,3,,,00003garden,,10,1,2
C1b-A,0.2,00003garden|756|2|3,755,4,4,,,00003garden,,10,1,2
C1b-A,0.2,00003garden|756|2|3,755,4,5,,,00003garden,,10,1,2
C1b-A,0.2,00003garden|756|2|3,755,4,6,,,00003garden,,10,1,2
C1b-A,0.2,00003garden|756|2|3,755,4,7,,,00003garden,,10,1,2
C1b-A,0.2222222222222222,00003garden|756|2|3,755,4,8,,,00003garden,,9,1,2
C1b-A,0.2,00003garden|756|2|3,755,4,9,,,00003garden,,10,1,2
C1b-A,0.1111111111111111,00003garden|756|2|3,755,4,10,,,00003garden,,9,1,1
C1b-A,0.2,00003garden|756|2|3,755,4,11,,,00003garden,,10,1,2
C1b-A,0.2,00003garden|756|2|3,755,4,12,,,00003garden,,10,1,2
C1b-A,0.1111111111111111,00003garden|756|2|3,755,4,13,,,00003garden,,9,1,1
C1b-A,0.2,00003garden|756|2|3,755,4,14,,,00003garden,,10,1,2
C1b-A,0.2,00003garden|756|2|3,755,4,15,,,00003garden,,10,1,2
C1b-A,0.2,00003garden|756|2|3,755,4,16,,,00003garden,,10,1,2
C1b-A,0.2,00003garden|756|2|3,755,4,17,,,00003garden,,10,1,2
C1b-A,0.2,00003garden|756|2|3,755,4,18,,,00003garden,,10,1,2
C1b-A,0.2,00003garden|756|2|3,755,4,19,,,00003garden,,10,1,2
C1b-A,0.2,00003garden|756|2|3,755,4,20,,,00003garden,,10,1,2
C1b-B,0.1,00003garden|756|2|3,755,4,1,,,00003garden,,10,1,1
C1b-B,0.2,00003garden|756|2|3,755,4,2,,,00003garden,,10,1,2
C1b-B,0.2,00003garden|756|2|3,755,4,3,,,00003garden,,10,1,2
C1b-B,0.2,00003garden|756|2|3,755,4,4,,,00003garden,,10,1,2
C1b-B,0.2,00003garden|756|2|3,755,4,5,,,00003garden,,10,1,2
C1b-B,0.2,00003garden|756|2|3,755,4,6,,,00003garden,,10,1,2
C1b-B,0.2,00003garden|756|2|3,755,4,7,,,00003garden,,10,1,2
C1b-B,0.2222222222222222,00003garden|756|2|3,755,4,8,,,00003garden,,9,1,2
C1b-B,0.2,00003garden|756|2|3,755,4,9,,,00003garden,,10,1,2
C1b-B,0.1111111111111111,00003garden|756|2|3,755,4,10,,,00003garden,,9,1,1
C1b-B,0.2,00003garden|756|2|3,755,4,11,,,00003garden,,10,1,2
C1b-B,0.2,00003garden|756|2|3,755,4,12,,,00003garden,,10,1,2
C1b-B,0.1111111111111111,00003garden|756|2|3,755,4,13,,,00003garden,,9,1,1
C1b-B,0.2,00003garden|756|2|3,755,4,14,,,00003garden,,10,1,2
C1b-B,0.2,00003garden|756|2|3,755,4,15,,,00003garden,,10,1,2
C1b-B,0.2,00003garden|756|2|3,755,4,16,,,00003garden,,10,1,2
C1b-B,0.2,00003garden|756|2|3,755,4,17,,,00003garden,,10,1,2
C1b-B,0.2,00003garden|756|2|3,755,4,18,,,00003garden,,10,1,2
C1b-B,0.2,00003garden|756|2|3,755,4,19,,,00003garden,,10,1,2
C1b-B,0.2,00003garden|756|2|3,755,4,20,,,00003garden,,10,1,2
C1b-C,0.1,00003garden|756|2|3,755,4,1,,,00003garden,,10,1,1
C1b-C,0.2,00003garden|756|2|3,755,4,2,,,00003garden,,10,1,2
C1b-C,0.2,00003garden|756|2|3,755,4,3,,,00003garden,,10,1,2
C1b-C,0.2,00003garden|756|2|3,755,4,4,,,00003garden,,10,1,2
C1b-C,0.2,00003garden|756|2|3,755,4,5,,,00003garden,,10,1,2
C1b-C,0.2,00003garden|756|2|3,755,4,6,,,00003garden,,10,1,2
C1b-C,0.2,00003garden|756|2|3,755,4,7,,,00003garden,,10,1,2
C1b-C,0.2222222222222222,00003garden|756|2|3,755,4,8,,,00003garden,,9,1,2
C1b-C,0.2,00003garden|756|2|3,755,4,9,,,00003garden,,10,1,2
C1b-C,0.1111111111111111,00003garden|756|2|3,755,4,10,,,00003garden,,9,1,1
C1b-C,0.2,00003garden|756|2|3,755,4,11,,,00003garden,,10,1,2
C1b-C,0.2,00003garden|756|2|3,755,4,12,,,00003garden,,10,1,2
C1b-C,0.1111111111111111,00003garden|756|2|3,755,4,13,,,00003garden,,9,1,1
C1b-C,0.2,00003garden|756|2|3,755,4,14,,,00003garden,,10,1,2
C1b-C,0.2,00003garden|756|2|3,755,4,15,,,00003garden,,10,1,2
C1b-C,0.2,00003garden|756|2|3,755,4,16,,,00003garden,,10,1,2
C1b-C,0.2,00003garden|756|2|3,755,4,17,,,00003garden,,10,1,2
C1b-C,0.2,00003garden|756|2|3,755,4,18,,,00003garden,,10,1,2
C1b-C,0.2,00003garden|756|2|3,755,4,19,,,00003garden,,10,1,2
C1b-C,0.2,00003garden|756|2|3,755,4,20,,,00003garden,,10,1,2
_META,,00003garden|756|2|3,755,4,0,omitted_for_runtime,omitted_for_runtime,00003garden,,,1,
SHAM,0.2,00003garden|777|2|0,776,4,1,,,00003garden,,10,1,2
SHAM,0.2,00003garden|777|2|0,776,4,2,,,00003garden,,10,1,2
SHAM,0.2,00003garden|777|2|0,776,4,3,,,00003garden,,10,1,2
SHAM,0.2,00003garden|777|2|0,776,4,4,,,00003garden,,10,1,2
SHAM,0.2,00003garden|777|2|0,776,4,5,,,00003garden,,10,1,2
SHAM,0.2,00003garden|777|2|0,776,4,6,,,00003garden,,10,1,2
SHAM,0.2,00003garden|777|2|0,776,4,7,,,00003garden,,10,1,2
SHAM,0.2,00003garden|777|2|0,776,4,8,,,00003garden,,10,1,2
SHAM,0.2,00003garden|777|2|0,776,4,9,,,00003garden,,10,1,2
SHAM,0.2,00003garden|777|2|0,776,4,10,,,00003garden,,10,1,2
SHAM,0.2,00003garden|777|2|0,776,4,11,,,00003garden,,10,1,2
SHAM,0.2,00003garden|777|2|0,776,4,12,,,00003garden,,10,1,2
SHAM,0.2,00003garden|777|2|0,776,4,13,,,00003garden,,10,1,2
SHAM,0.2,00003garden|777|2|0,776,4,14,,,00003garden,,10,1,2
SHAM,0.1111111111111111,00003garden|777|2|0,776,4,15,,,00003garden,,9,1,1
SHAM,0.2,00003garden|777|2|0,776,4,16,,,00003garden,,10,1,2
SHAM,0.2,00003garden|777|2|0,776,4,17,,,00003garden,,10,1,2
SHAM,0.2,00003garden|777|2|0,776,4,18,,,00003garden,,10,1,2
SHAM,0.2,00003garden|777|2|0,776,4,19,,,00003garden,,10,1,2
SHAM,0.1111111111111111,00003garden|777|2|0,776,4,20,,,00003garden,,9,1,1
C1b-A,0.2,00003garden|777|2|0,776,4,1,,,00003garden,,10,1,2
C1b-A,0.2,00003garden|777|2|0,776,4,2,,,00003garden,,10,1,2
C1b-A,0.2,00003garden|777|2|0,776,4,3,,,00003garden,,10,1,2
C1b-A,0.2,00003garden|777|2|0,776,4,4,,,00003garden,,10,1,2
C1b-A,0.2,00003garden|777|2|0,776,4,5,,,00003garden,,10,1,2
C1b-A,0.2,00003garden|777|2|0,776,4,6,,,00003garden,,10,1,2
C1b-A,0.2,00003garden|777|2|0,776,4,7,,,00003garden,,10,1,2
C1b-A,0.2,00003garden|777|2|0,776,4,8,,,00003garden,,10,1,2
C1b-A,0.2,00003garden|777|2|0,776,4,9,,,00003garden,,10,1,2
C1b-A,0.2,00003garden|777|2|0,776,4,10,,,00003garden,,10,1,2
C1b-A,0.2,00003garden|777|2|0,776,4,11,,,00003garden,,10,1,2
C1b-A,0.2,00003garden|777|2|0,776,4,12,,,00003garden,,10,1,2
C1b-A,0.2,00003garden|777|2|0,776,4,13,,,00003garden,,10,1,2
C1b-A,0.2,00003garden|777|2|0,776,4,14,,,00003garden,,10,1,2
C1b-A,0.1111111111111111,00003garden|777|2|0,776,4,15,,,00003garden,,9,1,1
C1b-A,0.2,00003garden|777|2|0,776,4,16,,,00003garden,,10,1,2
C1b-A,0.2,00003garden|777|2|0,776,4,17,,,00003garden,,10,1,2
C1b-A,0.2,00003garden|777|2|0,776,4,18,,,00003garden,,10,1,2
C1b-A,0.2,00003garden|777|2|0,776,4,19,,,00003garden,,10,1,2
C1b-A,0.1111111111111111,00003garden|777|2|0,776,4,20,,,00003garden,,9,1,1
C1b-B,0.2,00003garden|777|2|0,776,4,1,,,00003garden,,10,1,2
C1b-B,0.2,00003garden|777|2|0,776,4,2,,,00003garden,,10,1,2
C1b-B,0.2,00003garden|777|2|0,776,4,3,,,00003garden,,10,1,2
C1b-B,0.2,00003garden|777|2|0,776,4,4,,,00003garden,,10,1,2
C1b-B,0.2,00003garden|777|2|0,776,4,5,,,00003garden,,10,1,2
C1b-B,0.2,00003garden|777|2|0,776,4,6,,,00003garden,,10,1,2
C1b-B,0.2,00003garden|777|2|0,776,4,7,,,00003garden,,10,1,2
C1b-B,0.2,00003garden|777|2|0,776,4,8,,,00003garden,,10,1,2
C1b-B,0.2,00003garden|777|2|0,776,4,9,,,00003garden,,10,1,2
C1b-B,0.2,00003garden|777|2|0,776,4,10,,,00003garden,,10,1,2
C1b-B,0.2,00003garden|777|2|0,776,4,11,,,00003garden,,10,1,2
C1b-B,0.2,00003garden|777|2|0,776,4,12,,,00003garden,,10,1,2
C1b-B,0.2,00003garden|777|2|0,776,4,13,,,00003garden,,10,1,2
C1b-B,0.2,00003garden|777|2|0,776,4,14,,,00003garden,,10,1,2
C1b-B,0.1111111111111111,00003garden|777|2|0,776,4,15,,,00003garden,,9,1,1
C1b-B,0.2,00003garden|777|2|0,776,4,16,,,00003garden,,10,1,2
C1b-B,0.2,00003garden|777|2|0,776,4,17,,,00003garden,,10,1,2
C1b-B,0.2,00003garden|777|2|0,776,4,18,,,00003garden,,10,1,2
C1b-B,0.2,00003garden|777|2|0,776,4,19,,,00003garden,,10,1,2
C1b-B,0.1111111111111111,00003garden|777|2|0,776,4,20,,,00003garden,,9,1,1
C1b-C,,00003garden|777|2|0,776,4,1,,,00003garden,repair_conflict,0,1,0
C1b-C,,00003garden|777|2|0,776,4,2,,,00003garden,repair_conflict,0,1,0
C1b-C,,00003garden|777|2|0,776,4,3,,,00003garden,repair_conflict,0,1,0
C1b-C,,00003garden|777|2|0,776,4,4,,,00003garden,repair_conflict,0,1,0
C1b-C,,00003garden|777|2|0,776,4,5,,,00003garden,repair_conflict,0,1,0
C1b-C,,00003garden|777|2|0,776,4,6,,,00003garden,repair_conflict,0,1,0
C1b-C,,00003garden|777|2|0,776,4,7,,,00003garden,repair_conflict,0,1,0
C1b-C,,00003garden|777|2|0,776,4,8,,,00003garden,repair_conflict,0,1,0
C1b-C,,00003garden|777|2|0,776,4,9,,,00003garden,repair_conflict,0,1,0
C1b-C,,00003garden|777|2|0,776,4,10,,,00003garden,repair_conflict,0,1,0
C1b-C,,00003garden|777|2|0,776,4,11,,,00003garden,repair_conflict,0,1,0
C1b-C,,00003garden|777|2|0,776,4,12,,,00003garden,repair_conflict,0,1,0
C1b-C,,00003garden|777|2|0,776,4,13,,,00003garden,repair_conflict,0,1,0
C1b-C,,00003garden|777|2|0,776,4,14,,,00003garden,repair_conflict,0,1,0
C1b-C,,00003garden|777|2|0,776,4,15,,,00003garden,repair_conflict,0,1,0
C1b-C,,00003garden|777|2|0,776,4,16,,,00003garden,repair_conflict,0,1,0
C1b-C,,00003garden|777|2|0,776,4,17,,,00003garden,repair_conflict,0,1,0
C1b-C,,00003garden|777|2|0,776,4,18,,,00003garden,repair_conflict,0,1,0
C1b-C,,00003garden|777|2|0,776,4,19,,,00003garden,repair_conflict,0,1,0
C1b-C,,00003garden|777|2|0,776,4,20,,,00003garden,repair_conflict,0,1,0
_META,,00003garden|777|2|0,776,4,0,omitted_for_runtime,omitted_for_runtime,00003garden,,,1,
SHAM,0.1111111111111111,00003garden|798|2|3,797,4,1,,,00003garden,,9,1,1
SHAM,0.125,00003garden|798|2|3,797,4,2,,,00003garden,,8,1,1
SHAM,0.2,00003garden|798|2|3,797,4,3,,,00003garden,,10,1,2
SHAM,0.1111111111111111,00003garden|798|2|3,797,4,4,,,00003garden,,9,1,1
SHAM,0.1111111111111111,00003garden|798|2|3,797,4,5,,,00003garden,,9,1,1
SHAM,0.1111111111111111,00003garden|798|2|3,797,4,6,,,00003garden,,9,1,1
SHAM,0.1111111111111111,00003garden|798|2|3,797,4,7,,,00003garden,,9,1,1
SHAM,0.1111111111111111,00003garden|798|2|3,797,4,8,,,00003garden,,9,1,1
SHAM,0.2,00003garden|798|2|3,797,4,9,,,00003garden,,10,1,2
SHAM,0.1111111111111111,00003garden|798|2|3,797,4,10,,,00003garden,,9,1,1
SHAM,0.2,00003garden|798|2|3,797,4,11,,,00003garden,,10,1,2
SHAM,0.2,00003garden|798|2|3,797,4,12,,,00003garden,,10,1,2
SHAM,0.2,00003garden|798|2|3,797,4,13,,,00003garden,,10,1,2
SHAM,0.2,00003garden|798|2|3,797,4,14,,,00003garden,,10,1,2
SHAM,0.2,00003garden|798|2|3,797,4,15,,,00003garden,,10,1,2
SHAM,0.2,00003garden|798|2|3,797,4,16,,,00003garden,,10,1,2
SHAM,0.2,00003garden|798|2|3,797,4,17,,,00003garden,,10,1,2
SHAM,0.125,00003garden|798|2|3,797,4,18,,,00003garden,,8,1,1
SHAM,0.1111111111111111,00003garden|798|2|3,797,4,19,,,00003garden,,9,1,1
SHAM,0.1111111111111111,00003garden|798|2|3,797,4,20,,,00003garden,,9,1,1
C1b-A,0.1111111111111111,00003garden|798|2|3,797,4,1,,,00003garden,,9,1,1
C1b-A,0.125,00003garden|798|2|3,797,4,2,,,00003garden,,8,1,1
C1b-A,0.2,00003garden|798|2|3,797,4,3,,,00003garden,,10,1,2
C1b-A,0.1111111111111111,00003garden|798|2|3,797,4,4,,,00003garden,,9,1,1
C1b-A,0.1111111111111111,00003garden|798|2|3,797,4,5,,,00003garden,,9,1,1
C1b-A,0.1111111111111111,00003garden|798|2|3,797,4,6,,,00003garden,,9,1,1
C1b-A,0.1111111111111111,00003garden|798|2|3,797,4,7,,,00003garden,,9,1,1
C1b-A,0.125,00003garden|798|2|3,797,4,8,,,00003garden,,8,1,1
C1b-A,0.2,00003garden|798|2|3,797,4,9,,,00003garden,,10,1,2
C1b-A,0.1111111111111111,00003garden|798|2|3,797,4,10,,,00003garden,,9,1,1
C1b-A,0.2,00003garden|798|2|3,797,4,11,,,00003garden,,10,1,2
C1b-A,0.2,00003garden|798|2|3,797,4,12,,,00003garden,,10,1,2
C1b-A,0.2,00003garden|798|2|3,797,4,13,,,00003garden,,10,1,2
C1b-A,0.2,00003garden|798|2|3,797,4,14,,,00003garden,,10,1,2
C1b-A,0.2,00003garden|798|2|3,797,4,15,,,00003garden,,10,1,2
C1b-A,0.2222222222222222,00003garden|798|2|3,797,4,16,,,00003garden,,9,1,2
C1b-A,0.2,00003garden|798|2|3,797,4,17,,,00003garden,,10,1,2
C1b-A,0.125,00003garden|798|2|3,797,4,18,,,00003garden,,8,1,1
C1b-A,0.1111111111111111,00003garden|798|2|3,797,4,19,,,00003garden,,9,1,1
C1b-A,0.1111111111111111,00003garden|798|2|3,797,4,20,,,00003garden,,9,1,1
C1b-B,0.1111111111111111,00003garden|798|2|3,797,4,1,,,00003garden,,9,1,1
C1b-B,0.125,00003garden|798|2|3,797,4,2,,,00003garden,,8,1,1
C1b-B,0.2,00003garden|798|2|3,797,4,3,,,00003garden,,10,1,2
C1b-B,0.1111111111111111,00003garden|798|2|3,797,4,4,,,00003garden,,9,1,1
C1b-B,0.1111111111111111,00003garden|798|2|3,797,4,5,,,00003garden,,9,1,1
C1b-B,0.1111111111111111,00003garden|798|2|3,797,4,6,,,00003garden,,9,1,1
C1b-B,0.1111111111111111,00003garden|798|2|3,797,4,7,,,00003garden,,9,1,1
C1b-B,0.1111111111111111,00003garden|798|2|3,797,4,8,,,00003garden,,9,1,1
C1b-B,0.2,00003garden|798|2|3,797,4,9,,,00003garden,,10,1,2
C1b-B,0.1111111111111111,00003garden|798|2|3,797,4,10,,,00003garden,,9,1,1
C1b-B,0.2,00003garden|798|2|3,797,4,11,,,00003garden,,10,1,2
C1b-B,0.2,00003garden|798|2|3,797,4,12,,,00003garden,,10,1,2
C1b-B,0.2,00003garden|798|2|3,797,4,13,,,00003garden,,10,1,2
C1b-B,0.2,00003garden|798|2|3,797,4,14,,,00003garden,,10,1,2
C1b-B,0.2,00003garden|798|2|3,797,4,15,,,00003garden,,10,1,2
C1b-B,0.2,00003garden|798|2|3,797,4,16,,,00003garden,,10,1,2
C1b-B,0.2,00003garden|798|2|3,797,4,17,,,00003garden,,10,1,2
C1b-B,0.125,00003garden|798|2|3,797,4,18,,,00003garden,,8,1,1
C1b-B,0.1111111111111111,00003garden|798|2|3,797,4,19,,,00003garden,,9,1,1
C1b-B,0.1111111111111111,00003garden|798|2|3,797,4,20,,,00003garden,,9,1,1
C1b-C,0.1111111111111111,00003garden|798|2|3,797,4,1,,,00003garden,,9,1,1
C1b-C,0.125,00003garden|798|2|3,797,4,2,,,00003garden,,8,1,1
C1b-C,0.2,00003garden|798|2|3,797,4,3,,,00003garden,,10,1,2
C1b-C,0.1111111111111111,00003garden|798|2|3,797,4,4,,,00003garden,,9,1,1
C1b-C,0.1111111111111111,00003garden|798|2|3,797,4,5,,,00003garden,,9,1,1
C1b-C,0.1111111111111111,00003garden|798|2|3,797,4,6,,,00003garden,,9,1,1
C1b-C,0.1111111111111111,00003garden|798|2|3,797,4,7,,,00003garden,,9,1,1
C1b-C,0.125,00003garden|798|2|3,797,4,8,,,00003garden,,8,1,1
C1b-C,0.2,00003garden|798|2|3,797,4,9,,,00003garden,,10,1,2
C1b-C,0.1111111111111111,00003garden|798|2|3,797,4,10,,,00003garden,,9,1,1
C1b-C,0.2,00003garden|798|2|3,797,4,11,,,00003garden,,10,1,2
C1b-C,0.2,00003garden|798|2|3,797,4,12,,,00003garden,,10,1,2
C1b-C,0.2,00003garden|798|2|3,797,4,13,,,00003garden,,10,1,2
C1b-C,0.2,00003garden|798|2|3,797,4,14,,,00003garden,,10,1,2
C1b-C,0.2,00003garden|798|2|3,797,4,15,,,00003garden,,10,1,2
C1b-C,0.2222222222222222,00003garden|798|2|3,797,4,16,,,00003garden,,9,1,2
C1b-C,0.2,00003garden|798|2|3,797,4,17,,,00003garden,,10,1,2
C1b-C,0.125,00003garden|798|2|3,797,4,18,,,00003garden,,8,1,1
C1b-C,0.1111111111111111,00003garden|798|2|3,797,4,19,,,00003garden,,9,1,1
C1b-C,0.1111111111111111,00003garden|798|2|3,797,4,20,,,00003garden,,9,1,1
_META,,00003garden|798|2|3,797,4,0,omitted_for_runtime,omitted_for_runtime,00003garden,,,1,
SHAM,0.1,00003garden|898|1|5,897,4,1,,,00003garden,,10,0,1
SHAM,0.1,00003garden|898|1|5,897,4,2,,,00003garden,,10,0,1
SHAM,0.1,00003garden|898|1|5,897,4,3,,,00003garden,,10,0,1
SHAM,0.1,00003garden|898|1|5,897,4,4,,,00003garden,,10,0,1
SHAM,0.1,00003garden|898|1|5,897,4,5,,,00003garden,,10,0,1
SHAM,0.1,00003garden|898|1|5,897,4,6,,,00003garden,,10,0,1
SHAM,0.1,00003garden|898|1|5,897,4,7,,,00003garden,,10,0,1
SHAM,0.1,00003garden|898|1|5,897,4,8,,,00003garden,,10,0,1
SHAM,0.1,00003garden|898|1|5,897,4,9,,,00003garden,,10,0,1
SHAM,0.1,00003garden|898|1|5,897,4,10,,,00003garden,,10,0,1
SHAM,0.1,00003garden|898|1|5,897,4,11,,,00003garden,,10,0,1
SHAM,0.1,00003garden|898|1|5,897,4,12,,,00003garden,,10,0,1
SHAM,0.1,00003garden|898|1|5,897,4,13,,,00003garden,,10,0,1
SHAM,0.1111111111111111,00003garden|898|1|5,897,4,14,,,00003garden,,9,0,1
SHAM,0.1,00003garden|898|1|5,897,4,15,,,00003garden,,10,0,1
SHAM,0.2,00003garden|898|1|5,897,4,16,,,00003garden,,10,0,2
SHAM,0.1,00003garden|898|1|5,897,4,17,,,00003garden,,10,0,1
SHAM,0.1111111111111111,00003garden|898|1|5,897,4,18,,,00003garden,,9,0,1
SHAM,0.1,00003garden|898|1|5,897,4,19,,,00003garden,,10,0,1
SHAM,0.1,00003garden|898|1|5,897,4,20,,,00003garden,,10,0,1
C1b-A,0.1,00003garden|898|1|5,897,4,1,,,00003garden,,10,0,1
C1b-A,0.1,00003garden|898|1|5,897,4,2,,,00003garden,,10,0,1
C1b-A,0.1,00003garden|898|1|5,897,4,3,,,00003garden,,10,0,1
C1b-A,0.1,00003garden|898|1|5,897,4,4,,,00003garden,,10,0,1
C1b-A,0.1,00003garden|898|1|5,897,4,5,,,00003garden,,10,0,1
C1b-A,0.1,00003garden|898|1|5,897,4,6,,,00003garden,,10,0,1
C1b-A,0.1,00003garden|898|1|5,897,4,7,,,00003garden,,10,0,1
C1b-A,0.1,00003garden|898|1|5,897,4,8,,,00003garden,,10,0,1
C1b-A,0.1,00003garden|898|1|5,897,4,9,,,00003garden,,10,0,1
C1b-A,0.1,00003garden|898|1|5,897,4,10,,,00003garden,,10,0,1
C1b-A,0.1,00003garden|898|1|5,897,4,11,,,00003garden,,10,0,1
C1b-A,0.1,00003garden|898|1|5,897,4,12,,,00003garden,,10,0,1
C1b-A,0.1,00003garden|898|1|5,897,4,13,,,00003garden,,10,0,1
C1b-A,0.1111111111111111,00003garden|898|1|5,897,4,14,,,00003garden,,9,0,1
C1b-A,0.1,00003garden|898|1|5,897,4,15,,,00003garden,,10,0,1
C1b-A,0.2,00003garden|898|1|5,897,4,16,,,00003garden,,10,0,2
C1b-A,0.1,00003garden|898|1|5,897,4,17,,,00003garden,,10,0,1
C1b-A,0.1111111111111111,00003garden|898|1|5,897,4,18,,,00003garden,,9,0,1
C1b-A,0.1,00003garden|898|1|5,897,4,19,,,00003garden,,10,0,1
C1b-A,0.1,00003garden|898|1|5,897,4,20,,,00003garden,,10,0,1
C1b-B,0.1,00003garden|898|1|5,897,4,1,,,00003garden,,10,0,1
C1b-B,0.1,00003garden|898|1|5,897,4,2,,,00003garden,,10,0,1
C1b-B,0.1,00003garden|898|1|5,897,4,3,,,00003garden,,10,0,1
C1b-B,0.1,00003garden|898|1|5,897,4,4,,,00003garden,,10,0,1
C1b-B,0.1,00003garden|898|1|5,897,4,5,,,00003garden,,10,0,1
C1b-B,0.1,00003garden|898|1|5,897,4,6,,,00003garden,,10,0,1
C1b-B,0.1,00003garden|898|1|5,897,4,7,,,00003garden,,10,0,1
C1b-B,0.1,00003garden|898|1|5,897,4,8,,,00003garden,,10,0,1
C1b-B,0.1,00003garden|898|1|5,897,4,9,,,00003garden,,10,0,1
C1b-B,0.1,00003garden|898|1|5,897,4,10,,,00003garden,,10,0,1
C1b-B,0.1,00003garden|898|1|5,897,4,11,,,00003garden,,10,0,1
C1b-B,0.1,00003garden|898|1|5,897,4,12,,,00003garden,,10,0,1
C1b-B,0.1,00003garden|898|1|5,897,4,13,,,00003garden,,10,0,1
C1b-B,0.1111111111111111,00003garden|898|1|5,897,4,14,,,00003garden,,9,0,1
C1b-B,0.1,00003garden|898|1|5,897,4,15,,,00003garden,,10,0,1
C1b-B,0.2,00003garden|898|1|5,897,4,16,,,00003garden,,10,0,2
C1b-B,0.1,00003garden|898|1|5,897,4,17,,,00003garden,,10,0,1
C1b-B,0.1111111111111111,00003garden|898|1|5,897,4,18,,,00003garden,,9,0,1
C1b-B,0.1,00003garden|898|1|5,897,4,19,,,00003garden,,10,0,1
C1b-B,0.1,00003garden|898|1|5,897,4,20,,,00003garden,,10,0,1
C1b-C,0.1,00003garden|898|1|5,897,4,1,,,00003garden,,10,0,1
C1b-C,0.1,00003garden|898|1|5,897,4,2,,,00003garden,,10,0,1
C1b-C,0.1,00003garden|898|1|5,897,4,3,,,00003garden,,10,0,1
C1b-C,0.1,00003garden|898|1|5,897,4,4,,,00003garden,,10,0,1
C1b-C,0.1,00003garden|898|1|5,897,4,5,,,00003garden,,10,0,1
C1b-C,0.1,00003garden|898|1|5,897,4,6,,,00003garden,,10,0,1
C1b-C,0.1,00003garden|898|1|5,897,4,7,,,00003garden,,10,0,1
C1b-C,0.1,00003garden|898|1|5,897,4,8,,,00003garden,,10,0,1
C1b-C,0.1,00003garden|898|1|5,897,4,9,,,00003garden,,10,0,1
C1b-C,0.1,00003garden|898|1|5,897,4,10,,,00003garden,,10,0,1
C1b-C,0.1,00003garden|898|1|5,897,4,11,,,00003garden,,10,0,1
C1b-C,0.1,00003garden|898|1|5,897,4,12,,,00003garden,,10,0,1
C1b-C,0.1,00003garden|898|1|5,897,4,13,,,00003garden,,10,0,1
C1b-C,0.1111111111111111,00003garden|898|1|5,897,4,14,,,00003garden,,9,0,1
C1b-C,0.1,00003garden|898|1|5,897,4,15,,,00003garden,,10,0,1
C1b-C,0.2,00003garden|898|1|5,897,4,16,,,00003garden,,10,0,2
C1b-C,0.1,00003garden|898|1|5,897,4,17,,,00003garden,,10,0,1
C1b-C,0.1111111111111111,00003garden|898|1|5,897,4,18,,,00003garden,,9,0,1
C1b-C,0.1,00003garden|898|1|5,897,4,19,,,00003garden,,10,0,1
C1b-C,0.1,00003garden|898|1|5,897,4,20,,,00003garden,,10,0,1
_META,,00003garden|898|1|5,897,4,0,omitted_for_runtime,omitted_for_runtime,00003garden,,,0,
SHAM,0.09090909090909091,00003garden|919|2|3,918,4,1,,,00003garden,,11,1,1
SHAM,0.09090909090909091,00003garden|919|2|3,918,4,2,,,00003garden,,11,1,1
SHAM,0.09090909090909091,00003garden|919|2|3,918,4,3,,,00003garden,,11,1,1
SHAM,0.09090909090909091,00003garden|919|2|3,918,4,4,,,00003garden,,11,1,1
SHAM,0.09090909090909091,00003garden|919|2|3,918,4,5,,,00003garden,,11,1,1
SHAM,0.09090909090909091,00003garden|919|2|3,918,4,6,,,00003garden,,11,1,1
SHAM,0.09090909090909091,00003garden|919|2|3,918,4,7,,,00003garden,,11,1,1
SHAM,0.09090909090909091,00003garden|919|2|3,918,4,8,,,00003garden,,11,1,1
SHAM,0.09090909090909091,00003garden|919|2|3,918,4,9,,,00003garden,,11,1,1
SHAM,0.1,00003garden|919|2|3,918,4,10,,,00003garden,,10,1,1
SHAM,0.1,00003garden|919|2|3,918,4,11,,,00003garden,,10,1,1
SHAM,0.0,00003garden|919|2|3,918,4,12,,,00003garden,,9,1,0
SHAM,0.09090909090909091,00003garden|919|2|3,918,4,13,,,00003garden,,11,1,1
SHAM,0.1,00003garden|919|2|3,918,4,14,,,00003garden,,10,1,1
SHAM,0.09090909090909091,00003garden|919|2|3,918,4,15,,,00003garden,,11,1,1
SHAM,0.09090909090909091,00003garden|919|2|3,918,4,16,,,00003garden,,11,1,1
SHAM,0.09090909090909091,00003garden|919|2|3,918,4,17,,,00003garden,,11,1,1
SHAM,0.0,00003garden|919|2|3,918,4,18,,,00003garden,,10,1,0
SHAM,0.09090909090909091,00003garden|919|2|3,918,4,19,,,00003garden,,11,1,1
SHAM,0.09090909090909091,00003garden|919|2|3,918,4,20,,,00003garden,,11,1,1
C1b-A,0.09090909090909091,00003garden|919|2|3,918,4,1,,,00003garden,,11,1,1
C1b-A,0.09090909090909091,00003garden|919|2|3,918,4,2,,,00003garden,,11,1,1
C1b-A,0.09090909090909091,00003garden|919|2|3,918,4,3,,,00003garden,,11,1,1
C1b-A,0.09090909090909091,00003garden|919|2|3,918,4,4,,,00003garden,,11,1,1
C1b-A,0.09090909090909091,00003garden|919|2|3,918,4,5,,,00003garden,,11,1,1
C1b-A,0.09090909090909091,00003garden|919|2|3,918,4,6,,,00003garden,,11,1,1
C1b-A,0.09090909090909091,00003garden|919|2|3,918,4,7,,,00003garden,,11,1,1
C1b-A,0.09090909090909091,00003garden|919|2|3,918,4,8,,,00003garden,,11,1,1
C1b-A,0.09090909090909091,00003garden|919|2|3,918,4,9,,,00003garden,,11,1,1
C1b-A,0.1,00003garden|919|2|3,918,4,10,,,00003garden,,10,1,1
C1b-A,0.1,00003garden|919|2|3,918,4,11,,,00003garden,,10,1,1
C1b-A,0.0,00003garden|919|2|3,918,4,12,,,00003garden,,9,1,0
C1b-A,0.09090909090909091,00003garden|919|2|3,918,4,13,,,00003garden,,11,1,1
C1b-A,0.1111111111111111,00003garden|919|2|3,918,4,14,,,00003garden,,9,1,1
C1b-A,0.09090909090909091,00003garden|919|2|3,918,4,15,,,00003garden,,11,1,1
C1b-A,0.09090909090909091,00003garden|919|2|3,918,4,16,,,00003garden,,11,1,1
C1b-A,0.09090909090909091,00003garden|919|2|3,918,4,17,,,00003garden,,11,1,1
C1b-A,0.0,00003garden|919|2|3,918,4,18,,,00003garden,,10,1,0
C1b-A,0.09090909090909091,00003garden|919|2|3,918,4,19,,,00003garden,,11,1,1
C1b-A,0.09090909090909091,00003garden|919|2|3,918,4,20,,,00003garden,,11,1,1
C1b-B,0.09090909090909091,00003garden|919|2|3,918,4,1,,,00003garden,,11,1,1
C1b-B,0.09090909090909091,00003garden|919|2|3,918,4,2,,,00003garden,,11,1,1
C1b-B,0.09090909090909091,00003garden|919|2|3,918,4,3,,,00003garden,,11,1,1
C1b-B,0.09090909090909091,00003garden|919|2|3,918,4,4,,,00003garden,,11,1,1
C1b-B,0.09090909090909091,00003garden|919|2|3,918,4,5,,,00003garden,,11,1,1
C1b-B,0.09090909090909091,00003garden|919|2|3,918,4,6,,,00003garden,,11,1,1
C1b-B,0.09090909090909091,00003garden|919|2|3,918,4,7,,,00003garden,,11,1,1
C1b-B,0.09090909090909091,00003garden|919|2|3,918,4,8,,,00003garden,,11,1,1
C1b-B,0.09090909090909091,00003garden|919|2|3,918,4,9,,,00003garden,,11,1,1
C1b-B,0.1,00003garden|919|2|3,918,4,10,,,00003garden,,10,1,1
C1b-B,0.1,00003garden|919|2|3,918,4,11,,,00003garden,,10,1,1
C1b-B,0.0,00003garden|919|2|3,918,4,12,,,00003garden,,9,1,0
C1b-B,0.09090909090909091,00003garden|919|2|3,918,4,13,,,00003garden,,11,1,1
C1b-B,0.1,00003garden|919|2|3,918,4,14,,,00003garden,,10,1,1
C1b-B,0.09090909090909091,00003garden|919|2|3,918,4,15,,,00003garden,,11,1,1
C1b-B,0.09090909090909091,00003garden|919|2|3,918,4,16,,,00003garden,,11,1,1
C1b-B,0.09090909090909091,00003garden|919|2|3,918,4,17,,,00003garden,,11,1,1
C1b-B,0.0,00003garden|919|2|3,918,4,18,,,00003garden,,10,1,0
C1b-B,0.09090909090909091,00003garden|919|2|3,918,4,19,,,00003garden,,11,1,1
C1b-B,0.09090909090909091,00003garden|919|2|3,918,4,20,,,00003garden,,11,1,1
C1b-C,0.09090909090909091,00003garden|919|2|3,918,4,1,,,00003garden,,11,1,1
C1b-C,0.09090909090909091,00003garden|919|2|3,918,4,2,,,00003garden,,11,1,1
C1b-C,0.09090909090909091,00003garden|919|2|3,918,4,3,,,00003garden,,11,1,1
C1b-C,0.09090909090909091,00003garden|919|2|3,918,4,4,,,00003garden,,11,1,1
C1b-C,0.09090909090909091,00003garden|919|2|3,918,4,5,,,00003garden,,11,1,1
C1b-C,0.09090909090909091,00003garden|919|2|3,918,4,6,,,00003garden,,11,1,1
C1b-C,0.09090909090909091,00003garden|919|2|3,918,4,7,,,00003garden,,11,1,1
C1b-C,0.09090909090909091,00003garden|919|2|3,918,4,8,,,00003garden,,11,1,1
C1b-C,0.09090909090909091,00003garden|919|2|3,918,4,9,,,00003garden,,11,1,1
C1b-C,0.1,00003garden|919|2|3,918,4,10,,,00003garden,,10,1,1
C1b-C,0.1,00003garden|919|2|3,918,4,11,,,00003garden,,10,1,1
C1b-C,0.0,00003garden|919|2|3,918,4,12,,,00003garden,,9,1,0
C1b-C,0.09090909090909091,00003garden|919|2|3,918,4,13,,,00003garden,,11,1,1
C1b-C,0.1111111111111111,00003garden|919|2|3,918,4,14,,,00003garden,,9,1,1
C1b-C,0.09090909090909091,00003garden|919|2|3,918,4,15,,,00003garden,,11,1,1
C1b-C,0.09090909090909091,00003garden|919|2|3,918,4,16,,,00003garden,,11,1,1
C1b-C,0.09090909090909091,00003garden|919|2|3,918,4,17,,,00003garden,,11,1,1
C1b-C,0.0,00003garden|919|2|3,918,4,18,,,00003garden,,10,1,0
C1b-C,0.09090909090909091,00003garden|919|2|3,918,4,19,,,00003garden,,11,1,1
C1b-C,0.09090909090909091,00003garden|919|2|3,918,4,20,,,00003garden,,11,1,1
_META,,00003garden|919|2|3,918,4,0,omitted_for_runtime,omitted_for_runtime,00003garden,,,1,
SHAM,0.1,00003garden|941|2|3,940,4,1,,,00003garden,,10,1,1
SHAM,0.09090909090909091,00003garden|941|2|3,940,4,2,,,00003garden,,11,1,1
SHAM,0.0,00003garden|941|2|3,940,4,3,,,00003garden,,10,1,0
SHAM,0.09090909090909091,00003garden|941|2|3,940,4,4,,,00003garden,,11,1,1
SHAM,0.09090909090909091,00003garden|941|2|3,940,4,5,,,00003garden,,11,1,1
SHAM,0.09090909090909091,00003garden|941|2|3,940,4,6,,,00003garden,,11,1,1
SHAM,0.0,00003garden|941|2|3,940,4,7,,,00003garden,,11,1,0
SHAM,0.09090909090909091,00003garden|941|2|3,940,4,8,,,00003garden,,11,1,1
SHAM,0.0,00003garden|941|2|3,940,4,9,,,00003garden,,10,1,0
SHAM,0.0,00003garden|941|2|3,940,4,10,,,00003garden,,10,1,0
SHAM,0.0,00003garden|941|2|3,940,4,11,,,00003garden,,11,1,0
SHAM,0.0,00003garden|941|2|3,940,4,12,,,00003garden,,11,1,0
SHAM,0.0,00003garden|941|2|3,940,4,13,,,00003garden,,11,1,0
SHAM,0.0,00003garden|941|2|3,940,4,14,,,00003garden,,11,1,0
SHAM,0.0,00003garden|941|2|3,940,4,15,,,00003garden,,10,1,0
SHAM,0.0,00003garden|941|2|3,940,4,16,,,00003garden,,11,1,0
SHAM,0.0,00003garden|941|2|3,940,4,17,,,00003garden,,11,1,0
SHAM,0.0,00003garden|941|2|3,940,4,18,,,00003garden,,11,1,0
SHAM,0.0,00003garden|941|2|3,940,4,19,,,00003garden,,11,1,0
SHAM,0.0,00003garden|941|2|3,940,4,20,,,00003garden,,11,1,0
C1b-A,0.1,00003garden|941|2|3,940,4,1,,,00003garden,,10,1,1
C1b-A,0.09090909090909091,00003garden|941|2|3,940,4,2,,,00003garden,,11,1,1
C1b-A,0.0,00003garden|941|2|3,940,4,3,,,00003garden,,10,1,0
C1b-A,0.0,00003garden|941|2|3,940,4,4,,,00003garden,,10,1,0
C1b-A,0.0,00003garden|941|2|3,940,4,5,,,00003garden,,11,1,0
C1b-A,0.0,00003garden|941|2|3,940,4,6,,,00003garden,,11,1,0
C1b-A,0.0,00003garden|941|2|3,940,4,7,,,00003garden,,11,1,0
C1b-A,0.09090909090909091,00003garden|941|2|3,940,4,8,,,00003garden,,11,1,1
C1b-A,0.0,00003garden|941|2|3,940,4,9,,,00003garden,,10,1,0
C1b-A,0.0,00003garden|941|2|3,940,4,10,,,00003garden,,10,1,0
C1b-A,0.0,00003garden|941|2|3,940,4,11,,,00003garden,,11,1,0
C1b-A,0.0,00003garden|941|2|3,940,4,12,,,00003garden,,11,1,0
C1b-A,0.0,00003garden|941|2|3,940,4,13,,,00003garden,,11,1,0
C1b-A,0.0,00003garden|941|2|3,940,4,14,,,00003garden,,11,1,0
C1b-A,0.0,00003garden|941|2|3,940,4,15,,,00003garden,,11,1,0
C1b-A,0.0,00003garden|941|2|3,940,4,16,,,00003garden,,11,1,0
C1b-A,0.0,00003garden|941|2|3,940,4,17,,,00003garden,,11,1,0
C1b-A,0.0,00003garden|941|2|3,940,4,18,,,00003garden,,11,1,0
C1b-A,0.0,00003garden|941|2|3,940,4,19,,,00003garden,,11,1,0
C1b-A,0.0,00003garden|941|2|3,940,4,20,,,00003garden,,11,1,0
C1b-B,0.1,00003garden|941|2|3,940,4,1,,,00003garden,,10,1,1
C1b-B,0.09090909090909091,00003garden|941|2|3,940,4,2,,,00003garden,,11,1,1
C1b-B,0.0,00003garden|941|2|3,940,4,3,,,00003garden,,10,1,0
C1b-B,0.09090909090909091,00003garden|941|2|3,940,4,4,,,00003garden,,11,1,1
C1b-B,0.09090909090909091,00003garden|941|2|3,940,4,5,,,00003garden,,11,1,1
C1b-B,0.09090909090909091,00003garden|941|2|3,940,4,6,,,00003garden,,11,1,1
C1b-B,0.0,00003garden|941|2|3,940,4,7,,,00003garden,,11,1,0
C1b-B,0.09090909090909091,00003garden|941|2|3,940,4,8,,,00003garden,,11,1,1
C1b-B,0.0,00003garden|941|2|3,940,4,9,,,00003garden,,10,1,0
C1b-B,0.0,00003garden|941|2|3,940,4,10,,,00003garden,,10,1,0
C1b-B,0.0,00003garden|941|2|3,940,4,11,,,00003garden,,11,1,0
C1b-B,0.0,00003garden|941|2|3,940,4,12,,,00003garden,,11,1,0
C1b-B,0.0,00003garden|941|2|3,940,4,13,,,00003garden,,11,1,0
C1b-B,0.0,00003garden|941|2|3,940,4,14,,,00003garden,,11,1,0
C1b-B,0.0,00003garden|941|2|3,940,4,15,,,00003garden,,10,1,0
C1b-B,0.0,00003garden|941|2|3,940,4,16,,,00003garden,,11,1,0
C1b-B,0.0,00003garden|941|2|3,940,4,17,,,00003garden,,11,1,0
C1b-B,0.0,00003garden|941|2|3,940,4,18,,,00003garden,,11,1,0
C1b-B,0.0,00003garden|941|2|3,940,4,19,,,00003garden,,11,1,0
C1b-B,0.0,00003garden|941|2|3,940,4,20,,,00003garden,,11,1,0
C1b-C,0.1,00003garden|941|2|3,940,4,1,,,00003garden,,10,1,1
C1b-C,0.09090909090909091,00003garden|941|2|3,940,4,2,,,00003garden,,11,1,1
C1b-C,0.0,00003garden|941|2|3,940,4,3,,,00003garden,,10,1,0
C1b-C,0.0,00003garden|941|2|3,940,4,4,,,00003garden,,10,1,0
C1b-C,0.0,00003garden|941|2|3,940,4,5,,,00003garden,,11,1,0
C1b-C,0.0,00003garden|941|2|3,940,4,6,,,00003garden,,11,1,0
C1b-C,0.0,00003garden|941|2|3,940,4,7,,,00003garden,,11,1,0
C1b-C,0.09090909090909091,00003garden|941|2|3,940,4,8,,,00003garden,,11,1,1
C1b-C,0.0,00003garden|941|2|3,940,4,9,,,00003garden,,10,1,0
C1b-C,0.0,00003garden|941|2|3,940,4,10,,,00003garden,,10,1,0
C1b-C,0.0,00003garden|941|2|3,940,4,11,,,00003garden,,11,1,0
C1b-C,0.0,00003garden|941|2|3,940,4,12,,,00003garden,,11,1,0
C1b-C,0.0,00003garden|941|2|3,940,4,13,,,00003garden,,11,1,0
C1b-C,0.0,00003garden|941|2|3,940,4,14,,,00003garden,,11,1,0
C1b-C,0.0,00003garden|941|2|3,940,4,15,,,00003garden,,11,1,0
C1b-C,0.0,00003garden|941|2|3,940,4,16,,,00003garden,,11,1,0
C1b-C,0.0,00003garden|941|2|3,940,4,17,,,00003garden,,11,1,0
C1b-C,0.0,00003garden|941|2|3,940,4,18,,,00003garden,,11,1,0
C1b-C,0.0,00003garden|941|2|3,940,4,19,,,00003garden,,11,1,0
C1b-C,0.0,00003garden|941|2|3,940,4,20,,,00003garden,,11,1,0
_META,,00003garden|941|2|3,940,4,0,omitted_for_runtime,omitted_for_runtime,00003garden,,,1,
SHAM,0.0,00003garden|1076|2|1,1075,4,1,,,00003garden,,9,1,0
SHAM,0.0,00003garden|1076|2|1,1075,4,2,,,00003garden,,9,1,0
SHAM,0.1111111111111111,00003garden|1076|2|1,1075,4,3,,,00003garden,,9,1,1
SHAM,0.0,00003garden|1076|2|1,1075,4,4,,,00003garden,,9,1,0
SHAM,0.0,00003garden|1076|2|1,1075,4,5,,,00003garden,,9,1,0
SHAM,0.0,00003garden|1076|2|1,1075,4,6,,,00003garden,,8,1,0
SHAM,0.0,00003garden|1076|2|1,1075,4,7,,,00003garden,,9,1,0
SHAM,0.0,00003garden|1076|2|1,1075,4,8,,,00003garden,,9,1,0
SHAM,0.0,00003garden|1076|2|1,1075,4,9,,,00003garden,,7,1,0
SHAM,0.0,00003garden|1076|2|1,1075,4,10,,,00003garden,,8,1,0
SHAM,0.0,00003garden|1076|2|1,1075,4,11,,,00003garden,,8,1,0
SHAM,0.0,00003garden|1076|2|1,1075,4,12,,,00003garden,,8,1,0
SHAM,0.0,00003garden|1076|2|1,1075,4,13,,,00003garden,,7,1,0
SHAM,0.0,00003garden|1076|2|1,1075,4,14,,,00003garden,,8,1,0
SHAM,0.0,00003garden|1076|2|1,1075,4,15,,,00003garden,,8,1,0
SHAM,0.0,00003garden|1076|2|1,1075,4,16,,,00003garden,,8,1,0
SHAM,0.0,00003garden|1076|2|1,1075,4,17,,,00003garden,,8,1,0
SHAM,0.0,00003garden|1076|2|1,1075,4,18,,,00003garden,,8,1,0
SHAM,0.0,00003garden|1076|2|1,1075,4,19,,,00003garden,,8,1,0
SHAM,0.0,00003garden|1076|2|1,1075,4,20,,,00003garden,,8,1,0
C1b-A,0.0,00003garden|1076|2|1,1075,4,1,,,00003garden,,9,1,0
C1b-A,0.0,00003garden|1076|2|1,1075,4,2,,,00003garden,,9,1,0
C1b-A,0.1111111111111111,00003garden|1076|2|1,1075,4,3,,,00003garden,,9,1,1
C1b-A,0.0,00003garden|1076|2|1,1075,4,4,,,00003garden,,9,1,0
C1b-A,0.1111111111111111,00003garden|1076|2|1,1075,4,5,,,00003garden,,9,1,1
C1b-A,0.0,00003garden|1076|2|1,1075,4,6,,,00003garden,,8,1,0
C1b-A,0.0,00003garden|1076|2|1,1075,4,7,,,00003garden,,9,1,0
C1b-A,0.0,00003garden|1076|2|1,1075,4,8,,,00003garden,,9,1,0
C1b-A,0.0,00003garden|1076|2|1,1075,4,9,,,00003garden,,7,1,0
C1b-A,0.0,00003garden|1076|2|1,1075,4,10,,,00003garden,,8,1,0
C1b-A,0.0,00003garden|1076|2|1,1075,4,11,,,00003garden,,8,1,0
C1b-A,0.0,00003garden|1076|2|1,1075,4,12,,,00003garden,,8,1,0
C1b-A,0.0,00003garden|1076|2|1,1075,4,13,,,00003garden,,8,1,0
C1b-A,0.0,00003garden|1076|2|1,1075,4,14,,,00003garden,,8,1,0
C1b-A,0.0,00003garden|1076|2|1,1075,4,15,,,00003garden,,8,1,0
C1b-A,0.0,00003garden|1076|2|1,1075,4,16,,,00003garden,,8,1,0
C1b-A,0.0,00003garden|1076|2|1,1075,4,17,,,00003garden,,8,1,0
C1b-A,0.0,00003garden|1076|2|1,1075,4,18,,,00003garden,,8,1,0
C1b-A,0.0,00003garden|1076|2|1,1075,4,19,,,00003garden,,8,1,0
C1b-A,0.0,00003garden|1076|2|1,1075,4,20,,,00003garden,,8,1,0
C1b-B,0.0,00003garden|1076|2|1,1075,4,1,,,00003garden,,9,1,0
C1b-B,0.0,00003garden|1076|2|1,1075,4,2,,,00003garden,,9,1,0
C1b-B,0.1111111111111111,00003garden|1076|2|1,1075,4,3,,,00003garden,,9,1,1
C1b-B,0.0,00003garden|1076|2|1,1075,4,4,,,00003garden,,9,1,0
C1b-B,0.0,00003garden|1076|2|1,1075,4,5,,,00003garden,,9,1,0
C1b-B,0.0,00003garden|1076|2|1,1075,4,6,,,00003garden,,8,1,0
C1b-B,0.0,00003garden|1076|2|1,1075,4,7,,,00003garden,,9,1,0
C1b-B,0.0,00003garden|1076|2|1,1075,4,8,,,00003garden,,9,1,0
C1b-B,0.0,00003garden|1076|2|1,1075,4,9,,,00003garden,,7,1,0
C1b-B,0.0,00003garden|1076|2|1,1075,4,10,,,00003garden,,8,1,0
C1b-B,0.0,00003garden|1076|2|1,1075,4,11,,,00003garden,,8,1,0
C1b-B,0.0,00003garden|1076|2|1,1075,4,12,,,00003garden,,8,1,0
C1b-B,0.0,00003garden|1076|2|1,1075,4,13,,,00003garden,,7,1,0
C1b-B,0.0,00003garden|1076|2|1,1075,4,14,,,00003garden,,8,1,0
C1b-B,0.0,00003garden|1076|2|1,1075,4,15,,,00003garden,,8,1,0
C1b-B,0.0,00003garden|1076|2|1,1075,4,16,,,00003garden,,8,1,0
C1b-B,0.0,00003garden|1076|2|1,1075,4,17,,,00003garden,,8,1,0
C1b-B,0.0,00003garden|1076|2|1,1075,4,18,,,00003garden,,8,1,0
C1b-B,0.0,00003garden|1076|2|1,1075,4,19,,,00003garden,,8,1,0
C1b-B,0.0,00003garden|1076|2|1,1075,4,20,,,00003garden,,8,1,0
C1b-C,0.0,00003garden|1076|2|1,1075,4,1,,,00003garden,,9,1,0
C1b-C,0.0,00003garden|1076|2|1,1075,4,2,,,00003garden,,9,1,0
C1b-C,0.1111111111111111,00003garden|1076|2|1,1075,4,3,,,00003garden,,9,1,1
C1b-C,0.0,00003garden|1076|2|1,1075,4,4,,,00003garden,,9,1,0
C1b-C,0.1111111111111111,00003garden|1076|2|1,1075,4,5,,,00003garden,,9,1,1
C1b-C,0.0,00003garden|1076|2|1,1075,4,6,,,00003garden,,8,1,0
C1b-C,0.0,00003garden|1076|2|1,1075,4,7,,,00003garden,,9,1,0
C1b-C,0.0,00003garden|1076|2|1,1075,4,8,,,00003garden,,9,1,0
C1b-C,0.0,00003garden|1076|2|1,1075,4,9,,,00003garden,,7,1,0
C1b-C,0.0,00003garden|1076|2|1,1075,4,10,,,00003garden,,8,1,0
C1b-C,0.0,00003garden|1076|2|1,1075,4,11,,,00003garden,,8,1,0
C1b-C,0.0,00003garden|1076|2|1,1075,4,12,,,00003garden,,8,1,0
C1b-C,0.0,00003garden|1076|2|1,1075,4,13,,,00003garden,,8,1,0
C1b-C,0.0,00003garden|1076|2|1,1075,4,14,,,00003garden,,8,1,0
C1b-C,0.0,00003garden|1076|2|1,1075,4,15,,,00003garden,,8,1,0
C1b-C,0.0,00003garden|1076|2|1,1075,4,16,,,00003garden,,8,1,0
C1b-C,0.0,00003garden|1076|2|1,1075,4,17,,,00003garden,,8,1,0
C1b-C,0.0,00003garden|1076|2|1,1075,4,18,,,00003garden,,8,1,0
C1b-C,0.0,00003garden|1076|2|1,1075,4,19,,,00003garden,,8,1,0
C1b-C,0.0,00003garden|1076|2|1,1075,4,20,,,00003garden,,8,1,0
_META,,00003garden|1076|2|1,1075,4,0,omitted_for_runtime,omitted_for_runtime,00003garden,,,1,
SHAM,0.16666666666666666,00003garden|1252|1|3,1251,4,1,,,00003garden,,6,0,1
SHAM,0.0,00003garden|1252|1|3,1251,4,2,,,00003garden,,6,0,0
SHAM,0.16666666666666666,00003garden|1252|1|3,1251,4,3,,,00003garden,,6,0,1
SHAM,0.0,00003garden|1252|1|3,1251,4,4,,,00003garden,,6,0,0
SHAM,0.0,00003garden|1252|1|3,1251,4,5,,,00003garden,,6,0,0
SHAM,0.0,00003garden|1252|1|3,1251,4,6,,,00003garden,,6,0,0
SHAM,0.16666666666666666,00003garden|1252|1|3,1251,4,7,,,00003garden,,6,0,1
SHAM,0.16666666666666666,00003garden|1252|1|3,1251,4,8,,,00003garden,,6,0,1
SHAM,0.0,00003garden|1252|1|3,1251,4,9,,,00003garden,,6,0,0
SHAM,0.0,00003garden|1252|1|3,1251,4,10,,,00003garden,,6,0,0
SHAM,0.0,00003garden|1252|1|3,1251,4,11,,,00003garden,,6,0,0
SHAM,0.0,00003garden|1252|1|3,1251,4,12,,,00003garden,,7,0,0
SHAM,0.0,00003garden|1252|1|3,1251,4,13,,,00003garden,,7,0,0
SHAM,0.0,00003garden|1252|1|3,1251,4,14,,,00003garden,,7,0,0
SHAM,0.0,00003garden|1252|1|3,1251,4,15,,,00003garden,,7,0,0
SHAM,0.0,00003garden|1252|1|3,1251,4,16,,,00003garden,,7,0,0
SHAM,0.0,00003garden|1252|1|3,1251,4,17,,,00003garden,,7,0,0
SHAM,0.0,00003garden|1252|1|3,1251,4,18,,,00003garden,,7,0,0
SHAM,0.0,00003garden|1252|1|3,1251,4,19,,,00003garden,,7,0,0
SHAM,0.0,00003garden|1252|1|3,1251,4,20,,,00003garden,,6,0,0
C1b-A,0.16666666666666666,00003garden|1252|1|3,1251,4,1,,,00003garden,,6,0,1
C1b-A,0.0,00003garden|1252|1|3,1251,4,2,,,00003garden,,6,0,0
C1b-A,0.0,00003garden|1252|1|3,1251,4,3,,,00003garden,,6,0,0
C1b-A,0.0,00003garden|1252|1|3,1251,4,4,,,00003garden,,6,0,0
C1b-A,0.0,00003garden|1252|1|3,1251,4,5,,,00003garden,,6,0,0
C1b-A,0.0,00003garden|1252|1|3,1251,4,6,,,00003garden,,6,0,0
C1b-A,0.0,00003garden|1252|1|3,1251,4,7,,,00003garden,,6,0,0
C1b-A,0.16666666666666666,00003garden|1252|1|3,1251,4,8,,,00003garden,,6,0,1
C1b-A,0.0,00003garden|1252|1|3,1251,4,9,,,00003garden,,6,0,0
C1b-A,0.0,00003garden|1252|1|3,1251,4,10,,,00003garden,,6,0,0
C1b-A,0.14285714285714285,00003garden|1252|1|3,1251,4,11,,,00003garden,,7,0,1
C1b-A,0.0,00003garden|1252|1|3,1251,4,12,,,00003garden,,7,0,0
C1b-A,0.14285714285714285,00003garden|1252|1|3,1251,4,13,,,00003garden,,7,0,1
C1b-A,0.0,00003garden|1252|1|3,1251,4,14,,,00003garden,,7,0,0
C1b-A,0.0,00003garden|1252|1|3,1251,4,15,,,00003garden,,7,0,0
C1b-A,0.0,00003garden|1252|1|3,1251,4,16,,,00003garden,,7,0,0
C1b-A,0.0,00003garden|1252|1|3,1251,4,17,,,00003garden,,7,0,0
C1b-A,0.0,00003garden|1252|1|3,1251,4,18,,,00003garden,,7,0,0
C1b-A,0.0,00003garden|1252|1|3,1251,4,19,,,00003garden,,7,0,0
C1b-A,0.0,00003garden|1252|1|3,1251,4,20,,,00003garden,,6,0,0
C1b-B,0.16666666666666666,00003garden|1252|1|3,1251,4,1,,,00003garden,,6,0,1
C1b-B,0.0,00003garden|1252|1|3,1251,4,2,,,00003garden,,6,0,0
C1b-B,0.16666666666666666,00003garden|1252|1|3,1251,4,3,,,00003garden,,6,0,1
C1b-B,0.0,00003garden|1252|1|3,1251,4,4,,,00003garden,,6,0,0
C1b-B,0.0,00003garden|1252|1|3,1251,4,5,,,00003garden,,6,0,0
C1b-B,0.0,00003garden|1252|1|3,1251,4,6,,,00003garden,,6,0,0
C1b-B,0.16666666666666666,00003garden|1252|1|3,1251,4,7,,,00003garden,,6,0,1
C1b-B,0.16666666666666666,00003garden|1252|1|3,1251,4,8,,,00003garden,,6,0,1
C1b-B,0.0,00003garden|1252|1|3,1251,4,9,,,00003garden,,6,0,0
C1b-B,0.0,00003garden|1252|1|3,1251,4,10,,,00003garden,,6,0,0
C1b-B,0.0,00003garden|1252|1|3,1251,4,11,,,00003garden,,6,0,0
C1b-B,0.0,00003garden|1252|1|3,1251,4,12,,,00003garden,,7,0,0
C1b-B,0.0,00003garden|1252|1|3,1251,4,13,,,00003garden,,7,0,0
C1b-B,0.0,00003garden|1252|1|3,1251,4,14,,,00003garden,,7,0,0
C1b-B,0.0,00003garden|1252|1|3,1251,4,15,,,00003garden,,7,0,0
C1b-B,0.0,00003garden|1252|1|3,1251,4,16,,,00003garden,,7,0,0
C1b-B,0.0,00003garden|1252|1|3,1251,4,17,,,00003garden,,7,0,0
C1b-B,0.0,00003garden|1252|1|3,1251,4,18,,,00003garden,,7,0,0
C1b-B,0.0,00003garden|1252|1|3,1251,4,19,,,00003garden,,7,0,0
C1b-B,0.0,00003garden|1252|1|3,1251,4,20,,,00003garden,,6,0,0
C1b-C,0.16666666666666666,00003garden|1252|1|3,1251,4,1,,,00003garden,,6,0,1
C1b-C,0.0,00003garden|1252|1|3,1251,4,2,,,00003garden,,6,0,0
C1b-C,0.0,00003garden|1252|1|3,1251,4,3,,,00003garden,,6,0,0
C1b-C,0.0,00003garden|1252|1|3,1251,4,4,,,00003garden,,6,0,0
C1b-C,0.0,00003garden|1252|1|3,1251,4,5,,,00003garden,,6,0,0
C1b-C,0.0,00003garden|1252|1|3,1251,4,6,,,00003garden,,6,0,0
C1b-C,0.0,00003garden|1252|1|3,1251,4,7,,,00003garden,,6,0,0
C1b-C,0.16666666666666666,00003garden|1252|1|3,1251,4,8,,,00003garden,,6,0,1
C1b-C,0.0,00003garden|1252|1|3,1251,4,9,,,00003garden,,6,0,0
C1b-C,0.0,00003garden|1252|1|3,1251,4,10,,,00003garden,,6,0,0
C1b-C,0.14285714285714285,00003garden|1252|1|3,1251,4,11,,,00003garden,,7,0,1
C1b-C,0.0,00003garden|1252|1|3,1251,4,12,,,00003garden,,7,0,0
C1b-C,0.14285714285714285,00003garden|1252|1|3,1251,4,13,,,00003garden,,7,0,1
C1b-C,0.0,00003garden|1252|1|3,1251,4,14,,,00003garden,,7,0,0
C1b-C,0.0,00003garden|1252|1|3,1251,4,15,,,00003garden,,7,0,0
C1b-C,0.0,00003garden|1252|1|3,1251,4,16,,,00003garden,,7,0,0
C1b-C,0.0,00003garden|1252|1|3,1251,4,17,,,00003garden,,7,0,0
C1b-C,0.0,00003garden|1252|1|3,1251,4,18,,,00003garden,,7,0,0
C1b-C,0.0,00003garden|1252|1|3,1251,4,19,,,00003garden,,7,0,0
C1b-C,0.0,00003garden|1252|1|3,1251,4,20,,,00003garden,,6,0,0
_META,,00003garden|1252|1|3,1251,4,0,omitted_for_runtime,omitted_for_runtime,00003garden,,,0,
SHAM,0.0,00003garden|1260|1|3,1259,6,1,,,00003garden,,6,0,0
SHAM,0.0,00003garden|1260|1|3,1259,6,2,,,00003garden,,6,0,0
SHAM,0.0,00003garden|1260|1|3,1259,6,3,,,00003garden,,6,0,0
SHAM,0.0,00003garden|1260|1|3,1259,6,4,,,00003garden,,7,0,0
SHAM,0.0,00003garden|1260|1|3,1259,6,5,,,00003garden,,7,0,0
SHAM,0.0,00003garden|1260|1|3,1259,6,6,,,00003garden,,7,0,0
SHAM,0.0,00003garden|1260|1|3,1259,6,7,,,00003garden,,7,0,0
SHAM,0.0,00003garden|1260|1|3,1259,6,8,,,00003garden,,7,0,0
SHAM,0.0,00003garden|1260|1|3,1259,6,9,,,00003garden,,7,0,0
SHAM,0.0,00003garden|1260|1|3,1259,6,10,,,00003garden,,7,0,0
SHAM,0.0,00003garden|1260|1|3,1259,6,11,,,00003garden,,7,0,0
SHAM,0.0,00003garden|1260|1|3,1259,6,12,,,00003garden,,6,0,0
SHAM,0.0,00003garden|1260|1|3,1259,6,13,,,00003garden,,6,0,0
SHAM,0.0,00003garden|1260|1|3,1259,6,14,,,00003garden,,7,0,0
SHAM,0.0,00003garden|1260|1|3,1259,6,15,,,00003garden,,7,0,0
SHAM,0.0,00003garden|1260|1|3,1259,6,16,,,00003garden,,6,0,0
SHAM,0.0,00003garden|1260|1|3,1259,6,17,,,00003garden,,7,0,0
SHAM,0.0,00003garden|1260|1|3,1259,6,18,,,00003garden,,6,0,0
SHAM,0.0,00003garden|1260|1|3,1259,6,19,,,00003garden,,6,0,0
SHAM,0.0,00003garden|1260|1|3,1259,6,20,,,00003garden,,6,0,0
C1b-A,0.0,00003garden|1260|1|3,1259,6,1,,,00003garden,,6,0,0
C1b-A,0.0,00003garden|1260|1|3,1259,6,2,,,00003garden,,6,0,0
C1b-A,0.0,00003garden|1260|1|3,1259,6,3,,,00003garden,,6,0,0
C1b-A,0.0,00003garden|1260|1|3,1259,6,4,,,00003garden,,7,0,0
C1b-A,0.0,00003garden|1260|1|3,1259,6,5,,,00003garden,,7,0,0
C1b-A,0.0,00003garden|1260|1|3,1259,6,6,,,00003garden,,7,0,0
C1b-A,0.0,00003garden|1260|1|3,1259,6,7,,,00003garden,,7,0,0
C1b-A,0.0,00003garden|1260|1|3,1259,6,8,,,00003garden,,7,0,0
C1b-A,0.0,00003garden|1260|1|3,1259,6,9,,,00003garden,,7,0,0
C1b-A,0.0,00003garden|1260|1|3,1259,6,10,,,00003garden,,7,0,0
C1b-A,0.0,00003garden|1260|1|3,1259,6,11,,,00003garden,,7,0,0
C1b-A,0.0,00003garden|1260|1|3,1259,6,12,,,00003garden,,6,0,0
C1b-A,0.0,00003garden|1260|1|3,1259,6,13,,,00003garden,,6,0,0
C1b-A,0.0,00003garden|1260|1|3,1259,6,14,,,00003garden,,7,0,0
C1b-A,0.0,00003garden|1260|1|3,1259,6,15,,,00003garden,,7,0,0
C1b-A,0.0,00003garden|1260|1|3,1259,6,16,,,00003garden,,6,0,0
C1b-A,0.0,00003garden|1260|1|3,1259,6,17,,,00003garden,,7,0,0
C1b-A,0.0,00003garden|1260|1|3,1259,6,18,,,00003garden,,6,0,0
C1b-A,0.0,00003garden|1260|1|3,1259,6,19,,,00003garden,,6,0,0
C1b-A,0.0,00003garden|1260|1|3,1259,6,20,,,00003garden,,6,0,0
C1b-B,0.0,00003garden|1260|1|3,1259,6,1,,,00003garden,,6,0,0
C1b-B,0.0,00003garden|1260|1|3,1259,6,2,,,00003garden,,6,0,0
C1b-B,0.0,00003garden|1260|1|3,1259,6,3,,,00003garden,,6,0,0
C1b-B,0.0,00003garden|1260|1|3,1259,6,4,,,00003garden,,7,0,0
C1b-B,0.0,00003garden|1260|1|3,1259,6,5,,,00003garden,,7,0,0
C1b-B,0.0,00003garden|1260|1|3,1259,6,6,,,00003garden,,7,0,0
C1b-B,0.0,00003garden|1260|1|3,1259,6,7,,,00003garden,,7,0,0
C1b-B,0.0,00003garden|1260|1|3,1259,6,8,,,00003garden,,7,0,0
C1b-B,0.0,00003garden|1260|1|3,1259,6,9,,,00003garden,,7,0,0
C1b-B,0.0,00003garden|1260|1|3,1259,6,10,,,00003garden,,7,0,0
C1b-B,0.0,00003garden|1260|1|3,1259,6,11,,,00003garden,,7,0,0
C1b-B,0.0,00003garden|1260|1|3,1259,6,12,,,00003garden,,6,0,0
C1b-B,0.0,00003garden|1260|1|3,1259,6,13,,,00003garden,,6,0,0
C1b-B,0.0,00003garden|1260|1|3,1259,6,14,,,00003garden,,7,0,0
C1b-B,0.0,00003garden|1260|1|3,1259,6,15,,,00003garden,,7,0,0
C1b-B,0.0,00003garden|1260|1|3,1259,6,16,,,00003garden,,6,0,0
C1b-B,0.0,00003garden|1260|1|3,1259,6,17,,,00003garden,,7,0,0
C1b-B,0.0,00003garden|1260|1|3,1259,6,18,,,00003garden,,6,0,0
C1b-B,0.0,00003garden|1260|1|3,1259,6,19,,,00003garden,,6,0,0
C1b-B,0.0,00003garden|1260|1|3,1259,6,20,,,00003garden,,6,0,0
C1b-C,0.0,00003garden|1260|1|3,1259,6,1,,,00003garden,,6,0,0
C1b-C,0.0,00003garden|1260|1|3,1259,6,2,,,00003garden,,6,0,0
C1b-C,0.0,00003garden|1260|1|3,1259,6,3,,,00003garden,,6,0,0
C1b-C,0.0,00003garden|1260|1|3,1259,6,4,,,00003garden,,7,0,0
C1b-C,0.0,00003garden|1260|1|3,1259,6,5,,,00003garden,,7,0,0
C1b-C,0.0,00003garden|1260|1|3,1259,6,6,,,00003garden,,7,0,0
C1b-C,0.0,00003garden|1260|1|3,1259,6,7,,,00003garden,,7,0,0
C1b-C,0.0,00003garden|1260|1|3,1259,6,8,,,00003garden,,7,0,0
C1b-C,0.0,00003garden|1260|1|3,1259,6,9,,,00003garden,,7,0,0
C1b-C,0.0,00003garden|1260|1|3,1259,6,10,,,00003garden,,7,0,0
C1b-C,0.0,00003garden|1260|1|3,1259,6,11,,,00003garden,,7,0,0
C1b-C,0.0,00003garden|1260|1|3,1259,6,12,,,00003garden,,6,0,0
C1b-C,0.0,00003garden|1260|1|3,1259,6,13,,,00003garden,,6,0,0
C1b-C,0.0,00003garden|1260|1|3,1259,6,14,,,00003garden,,7,0,0
C1b-C,0.0,00003garden|1260|1|3,1259,6,15,,,00003garden,,7,0,0
C1b-C,0.0,00003garden|1260|1|3,1259,6,16,,,00003garden,,6,0,0
C1b-C,0.0,00003garden|1260|1|3,1259,6,17,,,00003garden,,7,0,0
C1b-C,0.0,00003garden|1260|1|3,1259,6,18,,,00003garden,,6,0,0
C1b-C,0.0,00003garden|1260|1|3,1259,6,19,,,00003garden,,6,0,0
C1b-C,0.0,00003garden|1260|1|3,1259,6,20,,,00003garden,,6,0,0
_META,,00003garden|1260|1|3,1259,6,0,omitted_for_runtime,omitted_for_runtime,00003garden,,,0,
SHAM,0.125,00003garden|1289|1|2,1288,10,1,,,00003garden,,8,0,1
SHAM,0.14285714285714285,00003garden|1289|1|2,1288,10,2,,,00003garden,,7,0,1
SHAM,0.14285714285714285,00003garden|1289|1|2,1288,10,3,,,00003garden,,7,0,1
SHAM,0.125,00003garden|1289|1|2,1288,10,4,,,00003garden,,8,0,1
SHAM,0.125,00003garden|1289|1|2,1288,10,5,,,00003garden,,8,0,1
SHAM,0.125,00003garden|1289|1|2,1288,10,6,,,00003garden,,8,0,1
SHAM,0.125,00003garden|1289|1|2,1288,10,7,,,00003garden,,8,0,1
SHAM,0.125,00003garden|1289|1|2,1288,10,8,,,00003garden,,8,0,1
SHAM,0.125,00003garden|1289|1|2,1288,10,9,,,00003garden,,8,0,1
SHAM,0.125,00003garden|1289|1|2,1288,10,10,,,00003garden,,8,0,1
SHAM,0.125,00003garden|1289|1|2,1288,10,11,,,00003garden,,8,0,1
SHAM,0.125,00003garden|1289|1|2,1288,10,12,,,00003garden,,8,0,1
SHAM,0.0,00003garden|1289|1|2,1288,10,13,,,00003garden,,8,0,0
SHAM,0.0,00003garden|1289|1|2,1288,10,14,,,00003garden,,8,0,0
SHAM,0.0,00003garden|1289|1|2,1288,10,15,,,00003garden,,8,0,0
SHAM,0.0,00003garden|1289|1|2,1288,10,16,,,00003garden,,8,0,0
SHAM,0.0,00003garden|1289|1|2,1288,10,17,,,00003garden,,8,0,0
SHAM,0.0,00003garden|1289|1|2,1288,10,18,,,00003garden,,8,0,0
SHAM,0.0,00003garden|1289|1|2,1288,10,19,,,00003garden,,8,0,0
SHAM,0.0,00003garden|1289|1|2,1288,10,20,,,00003garden,,8,0,0
C1b-A,0.125,00003garden|1289|1|2,1288,10,1,,,00003garden,,8,0,1
C1b-A,0.14285714285714285,00003garden|1289|1|2,1288,10,2,,,00003garden,,7,0,1
C1b-A,0.14285714285714285,00003garden|1289|1|2,1288,10,3,,,00003garden,,7,0,1
C1b-A,0.125,00003garden|1289|1|2,1288,10,4,,,00003garden,,8,0,1
C1b-A,0.125,00003garden|1289|1|2,1288,10,5,,,00003garden,,8,0,1
C1b-A,0.125,00003garden|1289|1|2,1288,10,6,,,00003garden,,8,0,1
C1b-A,0.125,00003garden|1289|1|2,1288,10,7,,,00003garden,,8,0,1
C1b-A,0.125,00003garden|1289|1|2,1288,10,8,,,00003garden,,8,0,1
C1b-A,0.125,00003garden|1289|1|2,1288,10,9,,,00003garden,,8,0,1
C1b-A,0.125,00003garden|1289|1|2,1288,10,10,,,00003garden,,8,0,1
C1b-A,0.125,00003garden|1289|1|2,1288,10,11,,,00003garden,,8,0,1
C1b-A,0.125,00003garden|1289|1|2,1288,10,12,,,00003garden,,8,0,1
C1b-A,0.0,00003garden|1289|1|2,1288,10,13,,,00003garden,,8,0,0
C1b-A,0.0,00003garden|1289|1|2,1288,10,14,,,00003garden,,8,0,0
C1b-A,0.0,00003garden|1289|1|2,1288,10,15,,,00003garden,,8,0,0
C1b-A,0.0,00003garden|1289|1|2,1288,10,16,,,00003garden,,8,0,0
C1b-A,0.0,00003garden|1289|1|2,1288,10,17,,,00003garden,,8,0,0
C1b-A,0.0,00003garden|1289|1|2,1288,10,18,,,00003garden,,8,0,0
C1b-A,0.0,00003garden|1289|1|2,1288,10,19,,,00003garden,,8,0,0
C1b-A,0.0,00003garden|1289|1|2,1288,10,20,,,00003garden,,8,0,0
C1b-B,0.125,00003garden|1289|1|2,1288,10,1,,,00003garden,,8,0,1
C1b-B,0.14285714285714285,00003garden|1289|1|2,1288,10,2,,,00003garden,,7,0,1
C1b-B,0.14285714285714285,00003garden|1289|1|2,1288,10,3,,,00003garden,,7,0,1
C1b-B,0.125,00003garden|1289|1|2,1288,10,4,,,00003garden,,8,0,1
C1b-B,0.125,00003garden|1289|1|2,1288,10,5,,,00003garden,,8,0,1
C1b-B,0.125,00003garden|1289|1|2,1288,10,6,,,00003garden,,8,0,1
C1b-B,0.125,00003garden|1289|1|2,1288,10,7,,,00003garden,,8,0,1
C1b-B,0.125,00003garden|1289|1|2,1288,10,8,,,00003garden,,8,0,1
C1b-B,0.125,00003garden|1289|1|2,1288,10,9,,,00003garden,,8,0,1
C1b-B,0.125,00003garden|1289|1|2,1288,10,10,,,00003garden,,8,0,1
C1b-B,0.125,00003garden|1289|1|2,1288,10,11,,,00003garden,,8,0,1
C1b-B,0.125,00003garden|1289|1|2,1288,10,12,,,00003garden,,8,0,1
C1b-B,0.0,00003garden|1289|1|2,1288,10,13,,,00003garden,,8,0,0
C1b-B,0.0,00003garden|1289|1|2,1288,10,14,,,00003garden,,8,0,0
C1b-B,0.0,00003garden|1289|1|2,1288,10,15,,,00003garden,,8,0,0
C1b-B,0.0,00003garden|1289|1|2,1288,10,16,,,00003garden,,8,0,0
C1b-B,0.0,00003garden|1289|1|2,1288,10,17,,,00003garden,,8,0,0
C1b-B,0.0,00003garden|1289|1|2,1288,10,18,,,00003garden,,8,0,0
C1b-B,0.0,00003garden|1289|1|2,1288,10,19,,,00003garden,,8,0,0
C1b-B,0.0,00003garden|1289|1|2,1288,10,20,,,00003garden,,8,0,0
C1b-C,0.125,00003garden|1289|1|2,1288,10,1,,,00003garden,,8,0,1
C1b-C,0.14285714285714285,00003garden|1289|1|2,1288,10,2,,,00003garden,,7,0,1
C1b-C,0.14285714285714285,00003garden|1289|1|2,1288,10,3,,,00003garden,,7,0,1
C1b-C,0.125,00003garden|1289|1|2,1288,10,4,,,00003garden,,8,0,1
C1b-C,0.125,00003garden|1289|1|2,1288,10,5,,,00003garden,,8,0,1
C1b-C,0.125,00003garden|1289|1|2,1288,10,6,,,00003garden,,8,0,1
C1b-C,0.125,00003garden|1289|1|2,1288,10,7,,,00003garden,,8,0,1
C1b-C,0.125,00003garden|1289|1|2,1288,10,8,,,00003garden,,8,0,1
C1b-C,0.125,00003garden|1289|1|2,1288,10,9,,,00003garden,,8,0,1
C1b-C,0.125,00003garden|1289|1|2,1288,10,10,,,00003garden,,8,0,1
C1b-C,0.125,00003garden|1289|1|2,1288,10,11,,,00003garden,,8,0,1
C1b-C,0.125,00003garden|1289|1|2,1288,10,12,,,00003garden,,8,0,1
C1b-C,0.0,00003garden|1289|1|2,1288,10,13,,,00003garden,,8,0,0
C1b-C,0.0,00003garden|1289|1|2,1288,10,14,,,00003garden,,8,0,0
C1b-C,0.0,00003garden|1289|1|2,1288,10,15,,,00003garden,,8,0,0
C1b-C,0.0,00003garden|1289|1|2,1288,10,16,,,00003garden,,8,0,0
C1b-C,0.0,00003garden|1289|1|2,1288,10,17,,,00003garden,,8,0,0
C1b-C,0.0,00003garden|1289|1|2,1288,10,18,,,00003garden,,8,0,0
C1b-C,0.0,00003garden|1289|1|2,1288,10,19,,,00003garden,,8,0,0
C1b-C,0.0,00003garden|1289|1|2,1288,10,20,,,00003garden,,8,0,0
_META,,00003garden|1289|1|2,1288,10,0,omitted_for_runtime,omitted_for_runtime,00003garden,,,0,
SHAM,0.1111111111111111,00003garden|1567|2|1,1566,10,1,,,00003garden,,9,1,1
SHAM,0.1111111111111111,00003garden|1567|2|1,1566,10,2,,,00003garden,,9,1,1
SHAM,0.1111111111111111,00003garden|1567|2|1,1566,10,3,,,00003garden,,9,1,1
SHAM,0.1111111111111111,00003garden|1567|2|1,1566,10,4,,,00003garden,,9,1,1
SHAM,0.1111111111111111,00003garden|1567|2|1,1566,10,5,,,00003garden,,9,1,1
SHAM,0.1111111111111111,00003garden|1567|2|1,1566,10,6,,,00003garden,,9,1,1
SHAM,0.1111111111111111,00003garden|1567|2|1,1566,10,7,,,00003garden,,9,1,1
SHAM,0.1111111111111111,00003garden|1567|2|1,1566,10,8,,,00003garden,,9,1,1
SHAM,0.1111111111111111,00003garden|1567|2|1,1566,10,9,,,00003garden,,9,1,1
SHAM,0.1111111111111111,00003garden|1567|2|1,1566,10,10,,,00003garden,,9,1,1
SHAM,0.1111111111111111,00003garden|1567|2|1,1566,10,11,,,00003garden,,9,1,1
SHAM,0.1111111111111111,00003garden|1567|2|1,1566,10,12,,,00003garden,,9,1,1
SHAM,0.1111111111111111,00003garden|1567|2|1,1566,10,13,,,00003garden,,9,1,1
SHAM,0.1111111111111111,00003garden|1567|2|1,1566,10,14,,,00003garden,,9,1,1
SHAM,0.1111111111111111,00003garden|1567|2|1,1566,10,15,,,00003garden,,9,1,1
SHAM,0.1111111111111111,00003garden|1567|2|1,1566,10,16,,,00003garden,,9,1,1
SHAM,0.1111111111111111,00003garden|1567|2|1,1566,10,17,,,00003garden,,9,1,1
SHAM,0.1111111111111111,00003garden|1567|2|1,1566,10,18,,,00003garden,,9,1,1
SHAM,0.1111111111111111,00003garden|1567|2|1,1566,10,19,,,00003garden,,9,1,1
SHAM,0.1111111111111111,00003garden|1567|2|1,1566,10,20,,,00003garden,,9,1,1
C1b-A,0.1111111111111111,00003garden|1567|2|1,1566,10,1,,,00003garden,,9,1,1
C1b-A,0.1111111111111111,00003garden|1567|2|1,1566,10,2,,,00003garden,,9,1,1
C1b-A,0.1111111111111111,00003garden|1567|2|1,1566,10,3,,,00003garden,,9,1,1
C1b-A,0.1111111111111111,00003garden|1567|2|1,1566,10,4,,,00003garden,,9,1,1
C1b-A,0.1111111111111111,00003garden|1567|2|1,1566,10,5,,,00003garden,,9,1,1
C1b-A,0.1111111111111111,00003garden|1567|2|1,1566,10,6,,,00003garden,,9,1,1
C1b-A,0.1111111111111111,00003garden|1567|2|1,1566,10,7,,,00003garden,,9,1,1
C1b-A,0.1111111111111111,00003garden|1567|2|1,1566,10,8,,,00003garden,,9,1,1
C1b-A,0.1111111111111111,00003garden|1567|2|1,1566,10,9,,,00003garden,,9,1,1
C1b-A,0.1111111111111111,00003garden|1567|2|1,1566,10,10,,,00003garden,,9,1,1
C1b-A,0.1111111111111111,00003garden|1567|2|1,1566,10,11,,,00003garden,,9,1,1
C1b-A,0.1111111111111111,00003garden|1567|2|1,1566,10,12,,,00003garden,,9,1,1
C1b-A,0.1111111111111111,00003garden|1567|2|1,1566,10,13,,,00003garden,,9,1,1
C1b-A,0.1111111111111111,00003garden|1567|2|1,1566,10,14,,,00003garden,,9,1,1
C1b-A,0.1111111111111111,00003garden|1567|2|1,1566,10,15,,,00003garden,,9,1,1
C1b-A,0.1111111111111111,00003garden|1567|2|1,1566,10,16,,,00003garden,,9,1,1
C1b-A,0.1111111111111111,00003garden|1567|2|1,1566,10,17,,,00003garden,,9,1,1
C1b-A,0.1111111111111111,00003garden|1567|2|1,1566,10,18,,,00003garden,,9,1,1
C1b-A,0.1111111111111111,00003garden|1567|2|1,1566,10,19,,,00003garden,,9,1,1
C1b-A,0.1111111111111111,00003garden|1567|2|1,1566,10,20,,,00003garden,,9,1,1
C1b-B,0.1111111111111111,00003garden|1567|2|1,1566,10,1,,,00003garden,,9,1,1
C1b-B,0.1111111111111111,00003garden|1567|2|1,1566,10,2,,,00003garden,,9,1,1
C1b-B,0.1111111111111111,00003garden|1567|2|1,1566,10,3,,,00003garden,,9,1,1
C1b-B,0.1111111111111111,00003garden|1567|2|1,1566,10,4,,,00003garden,,9,1,1
C1b-B,0.1111111111111111,00003garden|1567|2|1,1566,10,5,,,00003garden,,9,1,1
C1b-B,0.1111111111111111,00003garden|1567|2|1,1566,10,6,,,00003garden,,9,1,1
C1b-B,0.1111111111111111,00003garden|1567|2|1,1566,10,7,,,00003garden,,9,1,1
C1b-B,0.1111111111111111,00003garden|1567|2|1,1566,10,8,,,00003garden,,9,1,1
C1b-B,0.1111111111111111,00003garden|1567|2|1,1566,10,9,,,00003garden,,9,1,1
C1b-B,0.1111111111111111,00003garden|1567|2|1,1566,10,10,,,00003garden,,9,1,1
C1b-B,0.1111111111111111,00003garden|1567|2|1,1566,10,11,,,00003garden,,9,1,1
C1b-B,0.1111111111111111,00003garden|1567|2|1,1566,10,12,,,00003garden,,9,1,1
C1b-B,0.1111111111111111,00003garden|1567|2|1,1566,10,13,,,00003garden,,9,1,1
C1b-B,0.1111111111111111,00003garden|1567|2|1,1566,10,14,,,00003garden,,9,1,1
C1b-B,0.1111111111111111,00003garden|1567|2|1,1566,10,15,,,00003garden,,9,1,1
C1b-B,0.1111111111111111,00003garden|1567|2|1,1566,10,16,,,00003garden,,9,1,1
C1b-B,0.1111111111111111,00003garden|1567|2|1,1566,10,17,,,00003garden,,9,1,1
C1b-B,0.1111111111111111,00003garden|1567|2|1,1566,10,18,,,00003garden,,9,1,1
C1b-B,0.1111111111111111,00003garden|1567|2|1,1566,10,19,,,00003garden,,9,1,1
C1b-B,0.1111111111111111,00003garden|1567|2|1,1566,10,20,,,00003garden,,9,1,1
C1b-C,0.1111111111111111,00003garden|1567|2|1,1566,10,1,,,00003garden,,9,1,1
C1b-C,0.1111111111111111,00003garden|1567|2|1,1566,10,2,,,00003garden,,9,1,1
C1b-C,0.1111111111111111,00003garden|1567|2|1,1566,10,3,,,00003garden,,9,1,1
C1b-C,0.1111111111111111,00003garden|1567|2|1,1566,10,4,,,00003garden,,9,1,1
C1b-C,0.1111111111111111,00003garden|1567|2|1,1566,10,5,,,00003garden,,9,1,1
C1b-C,0.1111111111111111,00003garden|1567|2|1,1566,10,6,,,00003garden,,9,1,1
C1b-C,0.1111111111111111,00003garden|1567|2|1,1566,10,7,,,00003garden,,9,1,1
C1b-C,0.1111111111111111,00003garden|1567|2|1,1566,10,8,,,00003garden,,9,1,1
C1b-C,0.1111111111111111,00003garden|1567|2|1,1566,10,9,,,00003garden,,9,1,1
C1b-C,0.1111111111111111,00003garden|1567|2|1,1566,10,10,,,00003garden,,9,1,1
C1b-C,0.1111111111111111,00003garden|1567|2|1,1566,10,11,,,00003garden,,9,1,1
C1b-C,0.1111111111111111,00003garden|1567|2|1,1566,10,12,,,00003garden,,9,1,1
C1b-C,0.1111111111111111,00003garden|1567|2|1,1566,10,13,,,00003garden,,9,1,1
C1b-C,0.1111111111111111,00003garden|1567|2|1,1566,10,14,,,00003garden,,9,1,1
C1b-C,0.1111111111111111,00003garden|1567|2|1,1566,10,15,,,00003garden,,9,1,1
C1b-C,0.1111111111111111,00003garden|1567|2|1,1566,10,16,,,00003garden,,9,1,1
C1b-C,0.1111111111111111,00003garden|1567|2|1,1566,10,17,,,00003garden,,9,1,1
C1b-C,0.1111111111111111,00003garden|1567|2|1,1566,10,18,,,00003garden,,9,1,1
C1b-C,0.1111111111111111,00003garden|1567|2|1,1566,10,19,,,00003garden,,9,1,1
C1b-C,0.1111111111111111,00003garden|1567|2|1,1566,10,20,,,00003garden,,9,1,1
_META,,00003garden|1567|2|1,1566,10,0,omitted_for_runtime,omitted_for_runtime,00003garden,,,1,
SHAM,0.1111111111111111,00003garden|1588|2|1,1587,10,1,,,00003garden,,9,1,1
SHAM,0.1111111111111111,00003garden|1588|2|1,1587,10,2,,,00003garden,,9,1,1
SHAM,0.1111111111111111,00003garden|1588|2|1,1587,10,3,,,00003garden,,9,1,1
SHAM,0.1111111111111111,00003garden|1588|2|1,1587,10,4,,,00003garden,,9,1,1
SHAM,0.1111111111111111,00003garden|1588|2|1,1587,10,5,,,00003garden,,9,1,1
SHAM,0.1111111111111111,00003garden|1588|2|1,1587,10,6,,,00003garden,,9,1,1
SHAM,0.1111111111111111,00003garden|1588|2|1,1587,10,7,,,00003garden,,9,1,1
SHAM,0.0,00003garden|1588|2|1,1587,10,8,,,00003garden,,8,1,0
SHAM,0.1111111111111111,00003garden|1588|2|1,1587,10,9,,,00003garden,,9,1,1
SHAM,0.0,00003garden|1588|2|1,1587,10,10,,,00003garden,,9,1,0
SHAM,0.1111111111111111,00003garden|1588|2|1,1587,10,11,,,00003garden,,9,1,1
SHAM,0.1111111111111111,00003garden|1588|2|1,1587,10,12,,,00003garden,,9,1,1
SHAM,0.1111111111111111,00003garden|1588|2|1,1587,10,13,,,00003garden,,9,1,1
SHAM,0.1111111111111111,00003garden|1588|2|1,1587,10,14,,,00003garden,,9,1,1
SHAM,0.1111111111111111,00003garden|1588|2|1,1587,10,15,,,00003garden,,9,1,1
SHAM,0.1111111111111111,00003garden|1588|2|1,1587,10,16,,,00003garden,,9,1,1
SHAM,0.1111111111111111,00003garden|1588|2|1,1587,10,17,,,00003garden,,9,1,1
SHAM,0.1,00003garden|1588|2|1,1587,10,18,,,00003garden,,10,1,1
SHAM,0.1,00003garden|1588|2|1,1587,10,19,,,00003garden,,10,1,1
SHAM,0.1,00003garden|1588|2|1,1587,10,20,,,00003garden,,10,1,1
C1b-A,0.1111111111111111,00003garden|1588|2|1,1587,10,1,,,00003garden,,9,1,1
C1b-A,0.1111111111111111,00003garden|1588|2|1,1587,10,2,,,00003garden,,9,1,1
C1b-A,0.1111111111111111,00003garden|1588|2|1,1587,10,3,,,00003garden,,9,1,1
C1b-A,0.1111111111111111,00003garden|1588|2|1,1587,10,4,,,00003garden,,9,1,1
C1b-A,0.1111111111111111,00003garden|1588|2|1,1587,10,5,,,00003garden,,9,1,1
C1b-A,0.1111111111111111,00003garden|1588|2|1,1587,10,6,,,00003garden,,9,1,1
C1b-A,0.1111111111111111,00003garden|1588|2|1,1587,10,7,,,00003garden,,9,1,1
C1b-A,0.0,00003garden|1588|2|1,1587,10,8,,,00003garden,,8,1,0
C1b-A,0.1111111111111111,00003garden|1588|2|1,1587,10,9,,,00003garden,,9,1,1
C1b-A,0.1111111111111111,00003garden|1588|2|1,1587,10,10,,,00003garden,,9,1,1
C1b-A,0.1111111111111111,00003garden|1588|2|1,1587,10,11,,,00003garden,,9,1,1
C1b-A,0.1111111111111111,00003garden|1588|2|1,1587,10,12,,,00003garden,,9,1,1
C1b-A,0.1111111111111111,00003garden|1588|2|1,1587,10,13,,,00003garden,,9,1,1
C1b-A,0.1111111111111111,00003garden|1588|2|1,1587,10,14,,,00003garden,,9,1,1
C1b-A,0.1111111111111111,00003garden|1588|2|1,1587,10,15,,,00003garden,,9,1,1
C1b-A,0.1111111111111111,00003garden|1588|2|1,1587,10,16,,,00003garden,,9,1,1
C1b-A,0.1111111111111111,00003garden|1588|2|1,1587,10,17,,,00003garden,,9,1,1
C1b-A,0.1,00003garden|1588|2|1,1587,10,18,,,00003garden,,10,1,1
C1b-A,0.1,00003garden|1588|2|1,1587,10,19,,,00003garden,,10,1,1
C1b-A,0.1,00003garden|1588|2|1,1587,10,20,,,00003garden,,10,1,1
C1b-B,0.1111111111111111,00003garden|1588|2|1,1587,10,1,,,00003garden,,9,1,1
C1b-B,0.1111111111111111,00003garden|1588|2|1,1587,10,2,,,00003garden,,9,1,1
C1b-B,0.1111111111111111,00003garden|1588|2|1,1587,10,3,,,00003garden,,9,1,1
C1b-B,0.1111111111111111,00003garden|1588|2|1,1587,10,4,,,00003garden,,9,1,1
C1b-B,0.1111111111111111,00003garden|1588|2|1,1587,10,5,,,00003garden,,9,1,1
C1b-B,0.1111111111111111,00003garden|1588|2|1,1587,10,6,,,00003garden,,9,1,1
C1b-B,0.1111111111111111,00003garden|1588|2|1,1587,10,7,,,00003garden,,9,1,1
C1b-B,0.0,00003garden|1588|2|1,1587,10,8,,,00003garden,,8,1,0
C1b-B,0.1111111111111111,00003garden|1588|2|1,1587,10,9,,,00003garden,,9,1,1
C1b-B,0.0,00003garden|1588|2|1,1587,10,10,,,00003garden,,9,1,0
C1b-B,0.1111111111111111,00003garden|1588|2|1,1587,10,11,,,00003garden,,9,1,1
C1b-B,0.1111111111111111,00003garden|1588|2|1,1587,10,12,,,00003garden,,9,1,1
C1b-B,0.1111111111111111,00003garden|1588|2|1,1587,10,13,,,00003garden,,9,1,1
C1b-B,0.1111111111111111,00003garden|1588|2|1,1587,10,14,,,00003garden,,9,1,1
C1b-B,0.1111111111111111,00003garden|1588|2|1,1587,10,15,,,00003garden,,9,1,1
C1b-B,0.1111111111111111,00003garden|1588|2|1,1587,10,16,,,00003garden,,9,1,1
C1b-B,0.1111111111111111,00003garden|1588|2|1,1587,10,17,,,00003garden,,9,1,1
C1b-B,0.1,00003garden|1588|2|1,1587,10,18,,,00003garden,,10,1,1
C1b-B,0.1,00003garden|1588|2|1,1587,10,19,,,00003garden,,10,1,1
C1b-B,0.1,00003garden|1588|2|1,1587,10,20,,,00003garden,,10,1,1
C1b-C,0.1111111111111111,00003garden|1588|2|1,1587,10,1,,,00003garden,,9,1,1
C1b-C,0.1111111111111111,00003garden|1588|2|1,1587,10,2,,,00003garden,,9,1,1
C1b-C,0.1111111111111111,00003garden|1588|2|1,1587,10,3,,,00003garden,,9,1,1
C1b-C,0.1111111111111111,00003garden|1588|2|1,1587,10,4,,,00003garden,,9,1,1
C1b-C,0.1111111111111111,00003garden|1588|2|1,1587,10,5,,,00003garden,,9,1,1
C1b-C,0.1111111111111111,00003garden|1588|2|1,1587,10,6,,,00003garden,,9,1,1
C1b-C,0.1111111111111111,00003garden|1588|2|1,1587,10,7,,,00003garden,,9,1,1
C1b-C,0.0,00003garden|1588|2|1,1587,10,8,,,00003garden,,8,1,0
C1b-C,0.1111111111111111,00003garden|1588|2|1,1587,10,9,,,00003garden,,9,1,1
C1b-C,0.1111111111111111,00003garden|1588|2|1,1587,10,10,,,00003garden,,9,1,1
C1b-C,0.1111111111111111,00003garden|1588|2|1,1587,10,11,,,00003garden,,9,1,1
C1b-C,0.1111111111111111,00003garden|1588|2|1,1587,10,12,,,00003garden,,9,1,1
C1b-C,0.1111111111111111,00003garden|1588|2|1,1587,10,13,,,00003garden,,9,1,1
C1b-C,0.1111111111111111,00003garden|1588|2|1,1587,10,14,,,00003garden,,9,1,1
C1b-C,0.1111111111111111,00003garden|1588|2|1,1587,10,15,,,00003garden,,9,1,1
C1b-C,0.1111111111111111,00003garden|1588|2|1,1587,10,16,,,00003garden,,9,1,1
C1b-C,0.1111111111111111,00003garden|1588|2|1,1587,10,17,,,00003garden,,9,1,1
C1b-C,0.1,00003garden|1588|2|1,1587,10,18,,,00003garden,,10,1,1
C1b-C,0.1,00003garden|1588|2|1,1587,10,19,,,00003garden,,10,1,1
C1b-C,0.1,00003garden|1588|2|1,1587,10,20,,,00003garden,,10,1,1
_META,,00003garden|1588|2|1,1587,10,0,omitted_for_runtime,omitted_for_runtime,00003garden,,,1,
SHAM,0.1,00003garden|1609|2|1,1608,10,1,,,00003garden,,10,1,1
SHAM,0.1,00003garden|1609|2|1,1608,10,2,,,00003garden,,10,1,1
SHAM,0.1,00003garden|1609|2|1,1608,10,3,,,00003garden,,10,1,1
SHAM,0.1,00003garden|1609|2|1,1608,10,4,,,00003garden,,10,1,1
SHAM,0.1,00003garden|1609|2|1,1608,10,5,,,00003garden,,10,1,1
SHAM,0.1,00003garden|1609|2|1,1608,10,6,,,00003garden,,10,1,1
SHAM,0.1,00003garden|1609|2|1,1608,10,7,,,00003garden,,10,1,1
SHAM,0.1,00003garden|1609|2|1,1608,10,8,,,00003garden,,10,1,1
SHAM,0.1,00003garden|1609|2|1,1608,10,9,,,00003garden,,10,1,1
SHAM,0.1,00003garden|1609|2|1,1608,10,10,,,00003garden,,10,1,1
SHAM,0.1,00003garden|1609|2|1,1608,10,11,,,00003garden,,10,1,1
SHAM,0.1,00003garden|1609|2|1,1608,10,12,,,00003garden,,10,1,1
SHAM,0.1,00003garden|1609|2|1,1608,10,13,,,00003garden,,10,1,1
SHAM,0.1,00003garden|1609|2|1,1608,10,14,,,00003garden,,10,1,1
SHAM,0.1,00003garden|1609|2|1,1608,10,15,,,00003garden,,10,1,1
SHAM,0.1,00003garden|1609|2|1,1608,10,16,,,00003garden,,10,1,1
SHAM,0.1,00003garden|1609|2|1,1608,10,17,,,00003garden,,10,1,1
SHAM,0.1,00003garden|1609|2|1,1608,10,18,,,00003garden,,10,1,1
SHAM,0.1,00003garden|1609|2|1,1608,10,19,,,00003garden,,10,1,1
SHAM,0.1,00003garden|1609|2|1,1608,10,20,,,00003garden,,10,1,1
C1b-A,0.1,00003garden|1609|2|1,1608,10,1,,,00003garden,,10,1,1
C1b-A,0.1,00003garden|1609|2|1,1608,10,2,,,00003garden,,10,1,1
C1b-A,0.1,00003garden|1609|2|1,1608,10,3,,,00003garden,,10,1,1
C1b-A,0.1,00003garden|1609|2|1,1608,10,4,,,00003garden,,10,1,1
C1b-A,0.1,00003garden|1609|2|1,1608,10,5,,,00003garden,,10,1,1
C1b-A,0.1,00003garden|1609|2|1,1608,10,6,,,00003garden,,10,1,1
C1b-A,0.1,00003garden|1609|2|1,1608,10,7,,,00003garden,,10,1,1
C1b-A,0.1,00003garden|1609|2|1,1608,10,8,,,00003garden,,10,1,1
C1b-A,0.1,00003garden|1609|2|1,1608,10,9,,,00003garden,,10,1,1
C1b-A,0.1,00003garden|1609|2|1,1608,10,10,,,00003garden,,10,1,1
C1b-A,0.1,00003garden|1609|2|1,1608,10,11,,,00003garden,,10,1,1
C1b-A,0.1,00003garden|1609|2|1,1608,10,12,,,00003garden,,10,1,1
C1b-A,0.1,00003garden|1609|2|1,1608,10,13,,,00003garden,,10,1,1
C1b-A,0.1,00003garden|1609|2|1,1608,10,14,,,00003garden,,10,1,1
C1b-A,0.1,00003garden|1609|2|1,1608,10,15,,,00003garden,,10,1,1
C1b-A,0.1,00003garden|1609|2|1,1608,10,16,,,00003garden,,10,1,1
C1b-A,0.1,00003garden|1609|2|1,1608,10,17,,,00003garden,,10,1,1
C1b-A,0.1,00003garden|1609|2|1,1608,10,18,,,00003garden,,10,1,1
C1b-A,0.1,00003garden|1609|2|1,1608,10,19,,,00003garden,,10,1,1
C1b-A,0.1,00003garden|1609|2|1,1608,10,20,,,00003garden,,10,1,1
C1b-B,0.1,00003garden|1609|2|1,1608,10,1,,,00003garden,,10,1,1
C1b-B,0.1,00003garden|1609|2|1,1608,10,2,,,00003garden,,10,1,1
C1b-B,0.1,00003garden|1609|2|1,1608,10,3,,,00003garden,,10,1,1
C1b-B,0.1,00003garden|1609|2|1,1608,10,4,,,00003garden,,10,1,1
C1b-B,0.1,00003garden|1609|2|1,1608,10,5,,,00003garden,,10,1,1
C1b-B,0.1,00003garden|1609|2|1,1608,10,6,,,00003garden,,10,1,1
C1b-B,0.1,00003garden|1609|2|1,1608,10,7,,,00003garden,,10,1,1
C1b-B,0.1,00003garden|1609|2|1,1608,10,8,,,00003garden,,10,1,1
C1b-B,0.1,00003garden|1609|2|1,1608,10,9,,,00003garden,,10,1,1
C1b-B,0.1,00003garden|1609|2|1,1608,10,10,,,00003garden,,10,1,1
C1b-B,0.1,00003garden|1609|2|1,1608,10,11,,,00003garden,,10,1,1
C1b-B,0.1,00003garden|1609|2|1,1608,10,12,,,00003garden,,10,1,1
C1b-B,0.1,00003garden|1609|2|1,1608,10,13,,,00003garden,,10,1,1
C1b-B,0.1,00003garden|1609|2|1,1608,10,14,,,00003garden,,10,1,1
C1b-B,0.1,00003garden|1609|2|1,1608,10,15,,,00003garden,,10,1,1
C1b-B,0.1,00003garden|1609|2|1,1608,10,16,,,00003garden,,10,1,1
C1b-B,0.1,00003garden|1609|2|1,1608,10,17,,,00003garden,,10,1,1
C1b-B,0.1,00003garden|1609|2|1,1608,10,18,,,00003garden,,10,1,1
C1b-B,0.1,00003garden|1609|2|1,1608,10,19,,,00003garden,,10,1,1
C1b-B,0.1,00003garden|1609|2|1,1608,10,20,,,00003garden,,10,1,1
C1b-C,0.1,00003garden|1609|2|1,1608,10,1,,,00003garden,,10,1,1
C1b-C,0.1,00003garden|1609|2|1,1608,10,2,,,00003garden,,10,1,1
C1b-C,0.1,00003garden|1609|2|1,1608,10,3,,,00003garden,,10,1,1
C1b-C,0.1,00003garden|1609|2|1,1608,10,4,,,00003garden,,10,1,1
C1b-C,0.1,00003garden|1609|2|1,1608,10,5,,,00003garden,,10,1,1
C1b-C,0.1,00003garden|1609|2|1,1608,10,6,,,00003garden,,10,1,1
C1b-C,0.1,00003garden|1609|2|1,1608,10,7,,,00003garden,,10,1,1
C1b-C,0.1,00003garden|1609|2|1,1608,10,8,,,00003garden,,10,1,1
C1b-C,0.1,00003garden|1609|2|1,1608,10,9,,,00003garden,,10,1,1
C1b-C,0.1,00003garden|1609|2|1,1608,10,10,,,00003garden,,10,1,1
C1b-C,0.1,00003garden|1609|2|1,1608,10,11,,,00003garden,,10,1,1
C1b-C,0.1,00003garden|1609|2|1,1608,10,12,,,00003garden,,10,1,1
C1b-C,0.1,00003garden|1609|2|1,1608,10,13,,,00003garden,,10,1,1
C1b-C,0.1,00003garden|1609|2|1,1608,10,14,,,00003garden,,10,1,1
C1b-C,0.1,00003garden|1609|2|1,1608,10,15,,,00003garden,,10,1,1
C1b-C,0.1,00003garden|1609|2|1,1608,10,16,,,00003garden,,10,1,1
C1b-C,0.1,00003garden|1609|2|1,1608,10,17,,,00003garden,,10,1,1
C1b-C,0.1,00003garden|1609|2|1,1608,10,18,,,00003garden,,10,1,1
C1b-C,0.1,00003garden|1609|2|1,1608,10,19,,,00003garden,,10,1,1
C1b-C,0.1,00003garden|1609|2|1,1608,10,20,,,00003garden,,10,1,1
_META,,00003garden|1609|2|1,1608,10,0,omitted_for_runtime,omitted_for_runtime,00003garden,,,1,
SHAM,0.08,00005garden|6|2|1,5,4,1,,,00005garden,,25,1,2
SHAM,0.07692307692307693,00005garden|6|2|1,5,4,2,,,00005garden,,26,1,2
SHAM,0.08333333333333333,00005garden|6|2|1,5,4,3,,,00005garden,,24,1,2
SHAM,0.08,00005garden|6|2|1,5,4,4,,,00005garden,,25,1,2
SHAM,0.08,00005garden|6|2|1,5,4,5,,,00005garden,,25,1,2
SHAM,0.041666666666666664,00005garden|6|2|1,5,4,6,,,00005garden,,24,1,1
SHAM,0.043478260869565216,00005garden|6|2|1,5,4,7,,,00005garden,,23,1,1
SHAM,0.043478260869565216,00005garden|6|2|1,5,4,8,,,00005garden,,23,1,1
SHAM,0.043478260869565216,00005garden|6|2|1,5,4,9,,,00005garden,,23,1,1
SHAM,0.045454545454545456,00005garden|6|2|1,5,4,10,,,00005garden,,22,1,1
SHAM,0.045454545454545456,00005garden|6|2|1,5,4,11,,,00005garden,,22,1,1
SHAM,0.043478260869565216,00005garden|6|2|1,5,4,12,,,00005garden,,23,1,1
SHAM,0.043478260869565216,00005garden|6|2|1,5,4,13,,,00005garden,,23,1,1
SHAM,0.043478260869565216,00005garden|6|2|1,5,4,14,,,00005garden,,23,1,1
SHAM,0.043478260869565216,00005garden|6|2|1,5,4,15,,,00005garden,,23,1,1
SHAM,0.0,00005garden|6|2|1,5,4,16,,,00005garden,,25,1,0
SHAM,0.04,00005garden|6|2|1,5,4,17,,,00005garden,,25,1,1
SHAM,0.07692307692307693,00005garden|6|2|1,5,4,18,,,00005garden,,26,1,2
SHAM,0.07692307692307693,00005garden|6|2|1,5,4,19,,,00005garden,,26,1,2
SHAM,0.04,00005garden|6|2|1,5,4,20,,,00005garden,,25,1,1
C1b-A,0.08,00005garden|6|2|1,5,4,1,,,00005garden,,25,1,2
C1b-A,0.07692307692307693,00005garden|6|2|1,5,4,2,,,00005garden,,26,1,2
C1b-A,0.08333333333333333,00005garden|6|2|1,5,4,3,,,00005garden,,24,1,2
C1b-A,0.04,00005garden|6|2|1,5,4,4,,,00005garden,,25,1,1
C1b-A,0.08,00005garden|6|2|1,5,4,5,,,00005garden,,25,1,2
C1b-A,0.08333333333333333,00005garden|6|2|1,5,4,6,,,00005garden,,24,1,2
C1b-A,0.043478260869565216,00005garden|6|2|1,5,4,7,,,00005garden,,23,1,1
C1b-A,0.043478260869565216,00005garden|6|2|1,5,4,8,,,00005garden,,23,1,1
C1b-A,0.0,00005garden|6|2|1,5,4,9,,,00005garden,,22,1,0
C1b-A,0.045454545454545456,00005garden|6|2|1,5,4,10,,,00005garden,,22,1,1
C1b-A,0.043478260869565216,00005garden|6|2|1,5,4,11,,,00005garden,,23,1,1
C1b-A,0.043478260869565216,00005garden|6|2|1,5,4,12,,,00005garden,,23,1,1
C1b-A,0.043478260869565216,00005garden|6|2|1,5,4,13,,,00005garden,,23,1,1
C1b-A,0.043478260869565216,00005garden|6|2|1,5,4,14,,,00005garden,,23,1,1
C1b-A,0.043478260869565216,00005garden|6|2|1,5,4,15,,,00005garden,,23,1,1
C1b-A,0.0,00005garden|6|2|1,5,4,16,,,00005garden,,25,1,0
C1b-A,0.04,00005garden|6|2|1,5,4,17,,,00005garden,,25,1,1
C1b-A,0.07692307692307693,00005garden|6|2|1,5,4,18,,,00005garden,,26,1,2
C1b-A,0.08,00005garden|6|2|1,5,4,19,,,00005garden,,25,1,2
C1b-A,0.04,00005garden|6|2|1,5,4,20,,,00005garden,,25,1,1
C1b-B,0.08,00005garden|6|2|1,5,4,1,,,00005garden,,25,1,2
C1b-B,0.07692307692307693,00005garden|6|2|1,5,4,2,,,00005garden,,26,1,2
C1b-B,0.08333333333333333,00005garden|6|2|1,5,4,3,,,00005garden,,24,1,2
C1b-B,0.04,00005garden|6|2|1,5,4,4,,,00005garden,,25,1,1
C1b-B,0.08,00005garden|6|2|1,5,4,5,,,00005garden,,25,1,2
C1b-B,0.041666666666666664,00005garden|6|2|1,5,4,6,,,00005garden,,24,1,1
C1b-B,0.043478260869565216,00005garden|6|2|1,5,4,7,,,00005garden,,23,1,1
C1b-B,0.043478260869565216,00005garden|6|2|1,5,4,8,,,00005garden,,23,1,1
C1b-B,0.0,00005garden|6|2|1,5,4,9,,,00005garden,,22,1,0
C1b-B,0.045454545454545456,00005garden|6|2|1,5,4,10,,,00005garden,,22,1,1
C1b-B,0.043478260869565216,00005garden|6|2|1,5,4,11,,,00005garden,,23,1,1
C1b-B,0.043478260869565216,00005garden|6|2|1,5,4,12,,,00005garden,,23,1,1
C1b-B,0.043478260869565216,00005garden|6|2|1,5,4,13,,,00005garden,,23,1,1
C1b-B,0.043478260869565216,00005garden|6|2|1,5,4,14,,,00005garden,,23,1,1
C1b-B,0.043478260869565216,00005garden|6|2|1,5,4,15,,,00005garden,,23,1,1
C1b-B,0.0,00005garden|6|2|1,5,4,16,,,00005garden,,25,1,0
C1b-B,0.04,00005garden|6|2|1,5,4,17,,,00005garden,,25,1,1
C1b-B,0.07692307692307693,00005garden|6|2|1,5,4,18,,,00005garden,,26,1,2
C1b-B,0.08,00005garden|6|2|1,5,4,19,,,00005garden,,25,1,2
C1b-B,0.04,00005garden|6|2|1,5,4,20,,,00005garden,,25,1,1
C1b-C,,00005garden|6|2|1,5,4,1,,,00005garden,repair_conflict,0,1,0
C1b-C,,00005garden|6|2|1,5,4,2,,,00005garden,repair_conflict,0,1,0
C1b-C,,00005garden|6|2|1,5,4,3,,,00005garden,repair_conflict,0,1,0
C1b-C,,00005garden|6|2|1,5,4,4,,,00005garden,repair_conflict,0,1,0
C1b-C,,00005garden|6|2|1,5,4,5,,,00005garden,repair_conflict,0,1,0
C1b-C,,00005garden|6|2|1,5,4,6,,,00005garden,repair_conflict,0,1,0
C1b-C,,00005garden|6|2|1,5,4,7,,,00005garden,repair_conflict,0,1,0
C1b-C,,00005garden|6|2|1,5,4,8,,,00005garden,repair_conflict,0,1,0
C1b-C,,00005garden|6|2|1,5,4,9,,,00005garden,repair_conflict,0,1,0
C1b-C,,00005garden|6|2|1,5,4,10,,,00005garden,repair_conflict,0,1,0
C1b-C,,00005garden|6|2|1,5,4,11,,,00005garden,repair_conflict,0,1,0
C1b-C,,00005garden|6|2|1,5,4,12,,,00005garden,repair_conflict,0,1,0
C1b-C,,00005garden|6|2|1,5,4,13,,,00005garden,repair_conflict,0,1,0
C1b-C,,00005garden|6|2|1,5,4,14,,,00005garden,repair_conflict,0,1,0
C1b-C,,00005garden|6|2|1,5,4,15,,,00005garden,repair_conflict,0,1,0
C1b-C,,00005garden|6|2|1,5,4,16,,,00005garden,repair_conflict,0,1,0
C1b-C,,00005garden|6|2|1,5,4,17,,,00005garden,repair_conflict,0,1,0
C1b-C,,00005garden|6|2|1,5,4,18,,,00005garden,repair_conflict,0,1,0
C1b-C,,00005garden|6|2|1,5,4,19,,,00005garden,repair_conflict,0,1,0
C1b-C,,00005garden|6|2|1,5,4,20,,,00005garden,repair_conflict,0,1,0
_META,,00005garden|6|2|1,5,4,0,48109da4178273f42340b6b720c01ea42dfe8674201354d2e433d90cd350ee10,55048f8583306caf175fdb29a5e73b7b4b75d86d9bbfd8ed0bf2cd05d61f3637,00005garden,,,1,
SHAM,0.08,00005garden|10|2|2,9,5,1,,,00005garden,,25,1,2
SHAM,0.041666666666666664,00005garden|10|2|2,9,5,2,,,00005garden,,24,1,1
SHAM,0.043478260869565216,00005garden|10|2|2,9,5,3,,,00005garden,,23,1,1
SHAM,0.043478260869565216,00005garden|10|2|2,9,5,4,,,00005garden,,23,1,1
SHAM,0.043478260869565216,00005garden|10|2|2,9,5,5,,,00005garden,,23,1,1
SHAM,0.045454545454545456,00005garden|10|2|2,9,5,6,,,00005garden,,22,1,1
SHAM,0.045454545454545456,00005garden|10|2|2,9,5,7,,,00005garden,,22,1,1
SHAM,0.043478260869565216,00005garden|10|2|2,9,5,8,,,00005garden,,23,1,1
SHAM,0.043478260869565216,00005garden|10|2|2,9,5,9,,,00005garden,,23,1,1
SHAM,0.043478260869565216,00005garden|10|2|2,9,5,10,,,00005garden,,23,1,1
SHAM,0.043478260869565216,00005garden|10|2|2,9,5,11,,,00005garden,,23,1,1
SHAM,0.0,00005garden|10|2|2,9,5,12,,,00005garden,,25,1,0
SHAM,0.04,00005garden|10|2|2,9,5,13,,,00005garden,,25,1,1
SHAM,0.07692307692307693,00005garden|10|2|2,9,5,14,,,00005garden,,26,1,2
SHAM,0.07692307692307693,00005garden|10|2|2,9,5,15,,,00005garden,,26,1,2
SHAM,0.04,00005garden|10|2|2,9,5,16,,,00005garden,,25,1,1
SHAM,0.08,00005garden|10|2|2,9,5,17,,,00005garden,,25,1,2
SHAM,0.04,00005garden|10|2|2,9,5,18,,,00005garden,,25,1,1
SHAM,0.08,00005garden|10|2|2,9,5,19,,,00005garden,,25,1,2
SHAM,0.04,00005garden|10|2|2,9,5,20,,,00005garden,,25,1,1
C1b-A,0.08,00005garden|10|2|2,9,5,1,,,00005garden,,25,1,2
C1b-A,0.08333333333333333,00005garden|10|2|2,9,5,2,,,00005garden,,24,1,2
C1b-A,0.043478260869565216,00005garden|10|2|2,9,5,3,,,00005garden,,23,1,1
C1b-A,0.043478260869565216,00005garden|10|2|2,9,5,4,,,00005garden,,23,1,1
C1b-A,0.0,00005garden|10|2|2,9,5,5,,,00005garden,,22,1,0
C1b-A,0.045454545454545456,00005garden|10|2|2,9,5,6,,,00005garden,,22,1,1
C1b-A,0.043478260869565216,00005garden|10|2|2,9,5,7,,,00005garden,,23,1,1
C1b-A,0.043478260869565216,00005garden|10|2|2,9,5,8,,,00005garden,,23,1,1
C1b-A,0.043478260869565216,00005garden|10|2|2,9,5,9,,,00005garden,,23,1,1
C1b-A,0.043478260869565216,00005garden|10|2|2,9,5,10,,,00005garden,,23,1,1
C1b-A,0.043478260869565216,00005garden|10|2|2,9,5,11,,,00005garden,,23,1,1
C1b-A,0.0,00005garden|10|2|2,9,5,12,,,00005garden,,25,1,0
C1b-A,0.04,00005garden|10|2|2,9,5,13,,,00005garden,,25,1,1
C1b-A,0.07692307692307693,00005garden|10|2|2,9,5,14,,,00005garden,,26,1,2
C1b-A,0.08,00005garden|10|2|2,9,5,15,,,00005garden,,25,1,2
C1b-A,0.04,00005garden|10|2|2,9,5,16,,,00005garden,,25,1,1
C1b-A,0.041666666666666664,00005garden|10|2|2,9,5,17,,,00005garden,,24,1,1
C1b-A,0.04,00005garden|10|2|2,9,5,18,,,00005garden,,25,1,1
C1b-A,0.08,00005garden|10|2|2,9,5,19,,,00005garden,,25,1,2
C1b-A,0.04,00005garden|10|2|2,9,5,20,,,00005garden,,25,1,1
C1b-B,0.08,00005garden|10|2|2,9,5,1,,,00005garden,,25,1,2
C1b-B,0.08333333333333333,00005garden|10|2|2,9,5,2,,,00005garden,,24,1,2
C1b-B,0.043478260869565216,00005garden|10|2|2,9,5,3,,,00005garden,,23,1,1
C1b-B,0.043478260869565216,00005garden|10|2|2,9,5,4,,,00005garden,,23,1,1
C1b-B,0.043478260869565216,00005garden|10|2|2,9,5,5,,,00005garden,,23,1,1
C1b-B,0.045454545454545456,00005garden|10|2|2,9,5,6,,,00005garden,,22,1,1
C1b-B,0.045454545454545456,00005garden|10|2|2,9,5,7,,,00005garden,,22,1,1
C1b-B,0.043478260869565216,00005garden|10|2|2,9,5,8,,,00005garden,,23,1,1
C1b-B,0.043478260869565216,00005garden|10|2|2,9,5,9,,,00005garden,,23,1,1
C1b-B,0.043478260869565216,00005garden|10|2|2,9,5,10,,,00005garden,,23,1,1
C1b-B,0.043478260869565216,00005garden|10|2|2,9,5,11,,,00005garden,,23,1,1
C1b-B,0.0,00005garden|10|2|2,9,5,12,,,00005garden,,25,1,0
C1b-B,0.04,00005garden|10|2|2,9,5,13,,,00005garden,,25,1,1
C1b-B,0.07692307692307693,00005garden|10|2|2,9,5,14,,,00005garden,,26,1,2
C1b-B,0.07692307692307693,00005garden|10|2|2,9,5,15,,,00005garden,,26,1,2
C1b-B,0.04,00005garden|10|2|2,9,5,16,,,00005garden,,25,1,1
C1b-B,0.08,00005garden|10|2|2,9,5,17,,,00005garden,,25,1,2
C1b-B,0.04,00005garden|10|2|2,9,5,18,,,00005garden,,25,1,1
C1b-B,0.08,00005garden|10|2|2,9,5,19,,,00005garden,,25,1,2
C1b-B,0.04,00005garden|10|2|2,9,5,20,,,00005garden,,25,1,1
C1b-C,,00005garden|10|2|2,9,5,1,,,00005garden,repair_conflict,0,1,0
C1b-C,,00005garden|10|2|2,9,5,2,,,00005garden,repair_conflict,0,1,0
C1b-C,,00005garden|10|2|2,9,5,3,,,00005garden,repair_conflict,0,1,0
C1b-C,,00005garden|10|2|2,9,5,4,,,00005garden,repair_conflict,0,1,0
C1b-C,,00005garden|10|2|2,9,5,5,,,00005garden,repair_conflict,0,1,0
C1b-C,,00005garden|10|2|2,9,5,6,,,00005garden,repair_conflict,0,1,0
C1b-C,,00005garden|10|2|2,9,5,7,,,00005garden,repair_conflict,0,1,0
C1b-C,,00005garden|10|2|2,9,5,8,,,00005garden,repair_conflict,0,1,0
C1b-C,,00005garden|10|2|2,9,5,9,,,00005garden,repair_conflict,0,1,0
C1b-C,,00005garden|10|2|2,9,5,10,,,00005garden,repair_conflict,0,1,0
C1b-C,,00005garden|10|2|2,9,5,11,,,00005garden,repair_conflict,0,1,0
C1b-C,,00005garden|10|2|2,9,5,12,,,00005garden,repair_conflict,0,1,0
C1b-C,,00005garden|10|2|2,9,5,13,,,00005garden,repair_conflict,0,1,0
C1b-C,,00005garden|10|2|2,9,5,14,,,00005garden,repair_conflict,0,1,0
C1b-C,,00005garden|10|2|2,9,5,15,,,00005garden,repair_conflict,0,1,0
C1b-C,,00005garden|10|2|2,9,5,16,,,00005garden,repair_conflict,0,1,0
C1b-C,,00005garden|10|2|2,9,5,17,,,00005garden,repair_conflict,0,1,0
C1b-C,,00005garden|10|2|2,9,5,18,,,00005garden,repair_conflict,0,1,0
C1b-C,,00005garden|10|2|2,9,5,19,,,00005garden,repair_conflict,0,1,0
C1b-C,,00005garden|10|2|2,9,5,20,,,00005garden,repair_conflict,0,1,0
_META,,00005garden|10|2|2,9,5,0,omitted_for_runtime,omitted_for_runtime,00005garden,,,1,
SHAM,0.04,00005garden|27|1|18,26,15,1,,,00005garden,,25,0,1
SHAM,0.08,00005garden|27|1|18,26,15,2,,,00005garden,,25,0,2
SHAM,0.04,00005garden|27|1|18,26,15,3,,,00005garden,,25,0,1
SHAM,0.041666666666666664,00005garden|27|1|18,26,15,4,,,00005garden,,24,0,1
SHAM,0.041666666666666664,00005garden|27|1|18,26,15,5,,,00005garden,,24,0,1
SHAM,0.07407407407407407,00005garden|27|1|18,26,15,6,,,00005garden,,27,0,2
SHAM,0.038461538461538464,00005garden|27|1|18,26,15,7,,,00005garden,,26,0,1
SHAM,0.037037037037037035,00005garden|27|1|18,26,15,8,,,00005garden,,27,0,1
SHAM,0.037037037037037035,00005garden|27|1|18,26,15,9,,,00005garden,,27,0,1
SHAM,0.038461538461538464,00005garden|27|1|18,26,15,10,,,00005garden,,26,0,1
SHAM,0.038461538461538464,00005garden|27|1|18,26,15,11,,,00005garden,,26,0,1
SHAM,0.037037037037037035,00005garden|27|1|18,26,15,12,,,00005garden,,27,0,1
SHAM,0.04,00005garden|27|1|18,26,15,13,,,00005garden,,25,0,1
SHAM,0.08333333333333333,00005garden|27|1|18,26,15,14,,,00005garden,,24,0,2
SHAM,0.07692307692307693,00005garden|27|1|18,26,15,15,,,00005garden,,26,0,2
SHAM,0.04,00005garden|27|1|18,26,15,16,,,00005garden,,25,0,1
SHAM,0.07407407407407407,00005garden|27|1|18,26,15,17,,,00005garden,,27,0,2
SHAM,0.07692307692307693,00005garden|27|1|18,26,15,18,,,00005garden,,26,0,2
SHAM,0.07692307692307693,00005garden|27|1|18,26,15,19,,,00005garden,,26,0,2
SHAM,0.04,00005garden|27|1|18,26,15,20,,,00005garden,,25,0,1
C1b-A,0.04,00005garden|27|1|18,26,15,1,,,00005garden,,25,0,1
C1b-A,0.08,00005garden|27|1|18,26,15,2,,,00005garden,,25,0,2
C1b-A,0.04,00005garden|27|1|18,26,15,3,,,00005garden,,25,0,1
C1b-A,0.041666666666666664,00005garden|27|1|18,26,15,4,,,00005garden,,24,0,1
C1b-A,0.041666666666666664,00005garden|27|1|18,26,15,5,,,00005garden,,24,0,1
C1b-A,0.07407407407407407,00005garden|27|1|18,26,15,6,,,00005garden,,27,0,2
C1b-A,0.038461538461538464,00005garden|27|1|18,26,15,7,,,00005garden,,26,0,1
C1b-A,0.037037037037037035,00005garden|27|1|18,26,15,8,,,00005garden,,27,0,1
C1b-A,0.037037037037037035,00005garden|27|1|18,26,15,9,,,00005garden,,27,0,1
C1b-A,0.038461538461538464,00005garden|27|1|18,26,15,10,,,00005garden,,26,0,1
C1b-A,0.038461538461538464,00005garden|27|1|18,26,15,11,,,00005garden,,26,0,1
C1b-A,0.037037037037037035,00005garden|27|1|18,26,15,12,,,00005garden,,27,0,1
C1b-A,0.04,00005garden|27|1|18,26,15,13,,,00005garden,,25,0,1
C1b-A,0.08333333333333333,00005garden|27|1|18,26,15,14,,,00005garden,,24,0,2
C1b-A,0.07692307692307693,00005garden|27|1|18,26,15,15,,,00005garden,,26,0,2
C1b-A,0.04,00005garden|27|1|18,26,15,16,,,00005garden,,25,0,1
C1b-A,0.07407407407407407,00005garden|27|1|18,26,15,17,,,00005garden,,27,0,2
C1b-A,0.07692307692307693,00005garden|27|1|18,26,15,18,,,00005garden,,26,0,2
C1b-A,0.07692307692307693,00005garden|27|1|18,26,15,19,,,00005garden,,26,0,2
C1b-A,0.04,00005garden|27|1|18,26,15,20,,,00005garden,,25,0,1
C1b-B,0.04,00005garden|27|1|18,26,15,1,,,00005garden,,25,0,1
C1b-B,0.08,00005garden|27|1|18,26,15,2,,,00005garden,,25,0,2
C1b-B,0.04,00005garden|27|1|18,26,15,3,,,00005garden,,25,0,1
C1b-B,0.041666666666666664,00005garden|27|1|18,26,15,4,,,00005garden,,24,0,1
C1b-B,0.041666666666666664,00005garden|27|1|18,26,15,5,,,00005garden,,24,0,1
C1b-B,0.07407407407407407,00005garden|27|1|18,26,15,6,,,00005garden,,27,0,2
C1b-B,0.038461538461538464,00005garden|27|1|18,26,15,7,,,00005garden,,26,0,1
C1b-B,0.037037037037037035,00005garden|27|1|18,26,15,8,,,00005garden,,27,0,1
C1b-B,0.037037037037037035,00005garden|27|1|18,26,15,9,,,00005garden,,27,0,1
C1b-B,0.038461538461538464,00005garden|27|1|18,26,15,10,,,00005garden,,26,0,1
C1b-B,0.038461538461538464,00005garden|27|1|18,26,15,11,,,00005garden,,26,0,1
C1b-B,0.037037037037037035,00005garden|27|1|18,26,15,12,,,00005garden,,27,0,1
C1b-B,0.04,00005garden|27|1|18,26,15,13,,,00005garden,,25,0,1
C1b-B,0.08333333333333333,00005garden|27|1|18,26,15,14,,,00005garden,,24,0,2
C1b-B,0.07692307692307693,00005garden|27|1|18,26,15,15,,,00005garden,,26,0,2
C1b-B,0.04,00005garden|27|1|18,26,15,16,,,00005garden,,25,0,1
C1b-B,0.07407407407407407,00005garden|27|1|18,26,15,17,,,00005garden,,27,0,2
C1b-B,0.07692307692307693,00005garden|27|1|18,26,15,18,,,00005garden,,26,0,2
C1b-B,0.07692307692307693,00005garden|27|1|18,26,15,19,,,00005garden,,26,0,2
C1b-B,0.04,00005garden|27|1|18,26,15,20,,,00005garden,,25,0,1
C1b-C,0.04,00005garden|27|1|18,26,15,1,,,00005garden,,25,0,1
C1b-C,0.08,00005garden|27|1|18,26,15,2,,,00005garden,,25,0,2
C1b-C,0.04,00005garden|27|1|18,26,15,3,,,00005garden,,25,0,1
C1b-C,0.041666666666666664,00005garden|27|1|18,26,15,4,,,00005garden,,24,0,1
C1b-C,0.041666666666666664,00005garden|27|1|18,26,15,5,,,00005garden,,24,0,1
C1b-C,0.07407407407407407,00005garden|27|1|18,26,15,6,,,00005garden,,27,0,2
C1b-C,0.038461538461538464,00005garden|27|1|18,26,15,7,,,00005garden,,26,0,1
C1b-C,0.037037037037037035,00005garden|27|1|18,26,15,8,,,00005garden,,27,0,1
C1b-C,0.037037037037037035,00005garden|27|1|18,26,15,9,,,00005garden,,27,0,1
C1b-C,0.038461538461538464,00005garden|27|1|18,26,15,10,,,00005garden,,26,0,1
C1b-C,0.038461538461538464,00005garden|27|1|18,26,15,11,,,00005garden,,26,0,1
C1b-C,0.037037037037037035,00005garden|27|1|18,26,15,12,,,00005garden,,27,0,1
C1b-C,0.04,00005garden|27|1|18,26,15,13,,,00005garden,,25,0,1
C1b-C,0.08333333333333333,00005garden|27|1|18,26,15,14,,,00005garden,,24,0,2
C1b-C,0.07692307692307693,00005garden|27|1|18,26,15,15,,,00005garden,,26,0,2
C1b-C,0.04,00005garden|27|1|18,26,15,16,,,00005garden,,25,0,1
C1b-C,0.07407407407407407,00005garden|27|1|18,26,15,17,,,00005garden,,27,0,2
C1b-C,0.07692307692307693,00005garden|27|1|18,26,15,18,,,00005garden,,26,0,2
C1b-C,0.07692307692307693,00005garden|27|1|18,26,15,19,,,00005garden,,26,0,2
C1b-C,0.04,00005garden|27|1|18,26,15,20,,,00005garden,,25,0,1
_META,,00005garden|27|1|18,26,15,0,omitted_for_runtime,omitted_for_runtime,00005garden,,,0,
SHAM,0.08,00005garden|28|2|4,27,4,1,,,00005garden,,25,1,2
SHAM,0.04,00005garden|28|2|4,27,4,2,,,00005garden,,25,1,1
SHAM,0.041666666666666664,00005garden|28|2|4,27,4,3,,,00005garden,,24,1,1
SHAM,0.041666666666666664,00005garden|28|2|4,27,4,4,,,00005garden,,24,1,1
SHAM,0.07407407407407407,00005garden|28|2|4,27,4,5,,,00005garden,,27,1,2
SHAM,0.038461538461538464,00005garden|28|2|4,27,4,6,,,00005garden,,26,1,1
SHAM,0.037037037037037035,00005garden|28|2|4,27,4,7,,,00005garden,,27,1,1
SHAM,0.037037037037037035,00005garden|28|2|4,27,4,8,,,00005garden,,27,1,1
SHAM,0.038461538461538464,00005garden|28|2|4,27,4,9,,,00005garden,,26,1,1
SHAM,0.038461538461538464,00005garden|28|2|4,27,4,10,,,00005garden,,26,1,1
SHAM,0.037037037037037035,00005garden|28|2|4,27,4,11,,,00005garden,,27,1,1
SHAM,0.04,00005garden|28|2|4,27,4,12,,,00005garden,,25,1,1
SHAM,0.08333333333333333,00005garden|28|2|4,27,4,13,,,00005garden,,24,1,2
SHAM,0.07692307692307693,00005garden|28|2|4,27,4,14,,,00005garden,,26,1,2
SHAM,0.04,00005garden|28|2|4,27,4,15,,,00005garden,,25,1,1
SHAM,0.07407407407407407,00005garden|28|2|4,27,4,16,,,00005garden,,27,1,2
SHAM,0.07692307692307693,00005garden|28|2|4,27,4,17,,,00005garden,,26,1,2
SHAM,0.07692307692307693,00005garden|28|2|4,27,4,18,,,00005garden,,26,1,2
SHAM,0.04,00005garden|28|2|4,27,4,19,,,00005garden,,25,1,1
SHAM,0.041666666666666664,00005garden|28|2|4,27,4,20,,,00005garden,,24,1,1
C1b-A,0.08,00005garden|28|2|4,27,4,1,,,00005garden,,25,1,2
C1b-A,0.04,00005garden|28|2|4,27,4,2,,,00005garden,,25,1,1
C1b-A,0.041666666666666664,00005garden|28|2|4,27,4,3,,,00005garden,,24,1,1
C1b-A,0.041666666666666664,00005garden|28|2|4,27,4,4,,,00005garden,,24,1,1
C1b-A,0.07407407407407407,00005garden|28|2|4,27,4,5,,,00005garden,,27,1,2
C1b-A,0.038461538461538464,00005garden|28|2|4,27,4,6,,,00005garden,,26,1,1
C1b-A,0.037037037037037035,00005garden|28|2|4,27,4,7,,,00005garden,,27,1,1
C1b-A,0.037037037037037035,00005garden|28|2|4,27,4,8,,,00005garden,,27,1,1
C1b-A,0.038461538461538464,00005garden|28|2|4,27,4,9,,,00005garden,,26,1,1
C1b-A,0.038461538461538464,00005garden|28|2|4,27,4,10,,,00005garden,,26,1,1
C1b-A,0.037037037037037035,00005garden|28|2|4,27,4,11,,,00005garden,,27,1,1
C1b-A,0.04,00005garden|28|2|4,27,4,12,,,00005garden,,25,1,1
C1b-A,0.08333333333333333,00005garden|28|2|4,27,4,13,,,00005garden,,24,1,2
C1b-A,0.07692307692307693,00005garden|28|2|4,27,4,14,,,00005garden,,26,1,2
C1b-A,0.04,00005garden|28|2|4,27,4,15,,,00005garden,,25,1,1
C1b-A,0.07407407407407407,00005garden|28|2|4,27,4,16,,,00005garden,,27,1,2
C1b-A,0.07692307692307693,00005garden|28|2|4,27,4,17,,,00005garden,,26,1,2
C1b-A,0.07692307692307693,00005garden|28|2|4,27,4,18,,,00005garden,,26,1,2
C1b-A,0.04,00005garden|28|2|4,27,4,19,,,00005garden,,25,1,1
C1b-A,0.041666666666666664,00005garden|28|2|4,27,4,20,,,00005garden,,24,1,1
C1b-B,0.08,00005garden|28|2|4,27,4,1,,,00005garden,,25,1,2
C1b-B,0.04,00005garden|28|2|4,27,4,2,,,00005garden,,25,1,1
C1b-B,0.041666666666666664,00005garden|28|2|4,27,4,3,,,00005garden,,24,1,1
C1b-B,0.041666666666666664,00005garden|28|2|4,27,4,4,,,00005garden,,24,1,1
C1b-B,0.07407407407407407,00005garden|28|2|4,27,4,5,,,00005garden,,27,1,2
C1b-B,0.038461538461538464,00005garden|28|2|4,27,4,6,,,00005garden,,26,1,1
C1b-B,0.037037037037037035,00005garden|28|2|4,27,4,7,,,00005garden,,27,1,1
C1b-B,0.037037037037037035,00005garden|28|2|4,27,4,8,,,00005garden,,27,1,1
C1b-B,0.038461538461538464,00005garden|28|2|4,27,4,9,,,00005garden,,26,1,1
C1b-B,0.038461538461538464,00005garden|28|2|4,27,4,10,,,00005garden,,26,1,1
C1b-B,0.037037037037037035,00005garden|28|2|4,27,4,11,,,00005garden,,27,1,1
C1b-B,0.04,00005garden|28|2|4,27,4,12,,,00005garden,,25,1,1
C1b-B,0.08333333333333333,00005garden|28|2|4,27,4,13,,,00005garden,,24,1,2
C1b-B,0.07692307692307693,00005garden|28|2|4,27,4,14,,,00005garden,,26,1,2
C1b-B,0.04,00005garden|28|2|4,27,4,15,,,00005garden,,25,1,1
C1b-B,0.07407407407407407,00005garden|28|2|4,27,4,16,,,00005garden,,27,1,2
C1b-B,0.07692307692307693,00005garden|28|2|4,27,4,17,,,00005garden,,26,1,2
C1b-B,0.07692307692307693,00005garden|28|2|4,27,4,18,,,00005garden,,26,1,2
C1b-B,0.04,00005garden|28|2|4,27,4,19,,,00005garden,,25,1,1
C1b-B,0.041666666666666664,00005garden|28|2|4,27,4,20,,,00005garden,,24,1,1
C1b-C,0.08,00005garden|28|2|4,27,4,1,,,00005garden,,25,1,2
C1b-C,0.04,00005garden|28|2|4,27,4,2,,,00005garden,,25,1,1
C1b-C,0.041666666666666664,00005garden|28|2|4,27,4,3,,,00005garden,,24,1,1
C1b-C,0.041666666666666664,00005garden|28|2|4,27,4,4,,,00005garden,,24,1,1
C1b-C,0.07407407407407407,00005garden|28|2|4,27,4,5,,,00005garden,,27,1,2
C1b-C,0.038461538461538464,00005garden|28|2|4,27,4,6,,,00005garden,,26,1,1
C1b-C,0.037037037037037035,00005garden|28|2|4,27,4,7,,,00005garden,,27,1,1
C1b-C,0.037037037037037035,00005garden|28|2|4,27,4,8,,,00005garden,,27,1,1
C1b-C,0.038461538461538464,00005garden|28|2|4,27,4,9,,,00005garden,,26,1,1
C1b-C,0.038461538461538464,00005garden|28|2|4,27,4,10,,,00005garden,,26,1,1
C1b-C,0.037037037037037035,00005garden|28|2|4,27,4,11,,,00005garden,,27,1,1
C1b-C,0.04,00005garden|28|2|4,27,4,12,,,00005garden,,25,1,1
C1b-C,0.08333333333333333,00005garden|28|2|4,27,4,13,,,00005garden,,24,1,2
C1b-C,0.07692307692307693,00005garden|28|2|4,27,4,14,,,00005garden,,26,1,2
C1b-C,0.04,00005garden|28|2|4,27,4,15,,,00005garden,,25,1,1
C1b-C,0.07407407407407407,00005garden|28|2|4,27,4,16,,,00005garden,,27,1,2
C1b-C,0.07692307692307693,00005garden|28|2|4,27,4,17,,,00005garden,,26,1,2
C1b-C,0.07692307692307693,00005garden|28|2|4,27,4,18,,,00005garden,,26,1,2
C1b-C,0.04,00005garden|28|2|4,27,4,19,,,00005garden,,25,1,1
C1b-C,0.041666666666666664,00005garden|28|2|4,27,4,20,,,00005garden,,24,1,1
_META,,00005garden|28|2|4,27,4,0,omitted_for_runtime,omitted_for_runtime,00005garden,,,1,
SHAM,0.04,00005garden|49|2|2,48,4,1,,,00005garden,,25,1,1
SHAM,0.08,00005garden|49|2|2,48,4,2,,,00005garden,,25,1,2
SHAM,0.08,00005garden|49|2|2,48,4,3,,,00005garden,,25,1,2
SHAM,0.038461538461538464,00005garden|49|2|2,48,4,4,,,00005garden,,26,1,1
SHAM,0.07692307692307693,00005garden|49|2|2,48,4,5,,,00005garden,,26,1,2
SHAM,0.04,00005garden|49|2|2,48,4,6,,,00005garden,,25,1,1
SHAM,0.07692307692307693,00005garden|49|2|2,48,4,7,,,00005garden,,26,1,2
SHAM,0.041666666666666664,00005garden|49|2|2,48,4,8,,,00005garden,,24,1,1
SHAM,0.08333333333333333,00005garden|49|2|2,48,4,9,,,00005garden,,24,1,2
SHAM,0.041666666666666664,00005garden|49|2|2,48,4,10,,,00005garden,,24,1,1
SHAM,0.041666666666666664,00005garden|49|2|2,48,4,11,,,00005garden,,24,1,1
SHAM,0.0,00005garden|49|2|2,48,4,12,,,00005garden,,22,1,0
SHAM,0.041666666666666664,00005garden|49|2|2,48,4,13,,,00005garden,,24,1,1
SHAM,0.0,00005garden|49|2|2,48,4,14,,,00005garden,,23,1,0
SHAM,0.0,00005garden|49|2|2,48,4,15,,,00005garden,,22,1,0
SHAM,0.043478260869565216,00005garden|49|2|2,48,4,16,,,00005garden,,23,1,1
SHAM,0.08695652173913043,00005garden|49|2|2,48,4,17,,,00005garden,,23,1,2
SHAM,0.08333333333333333,00005garden|49|2|2,48,4,18,,,00005garden,,24,1,2
SHAM,0.043478260869565216,00005garden|49|2|2,48,4,19,,,00005garden,,23,1,1
SHAM,0.08695652173913043,00005garden|49|2|2,48,4,20,,,00005garden,,23,1,2
C1b-A,0.04,00005garden|49|2|2,48,4,1,,,00005garden,,25,1,1
C1b-A,0.08,00005garden|49|2|2,48,4,2,,,00005garden,,25,1,2
C1b-A,0.08,00005garden|49|2|2,48,4,3,,,00005garden,,25,1,2
C1b-A,0.038461538461538464,00005garden|49|2|2,48,4,4,,,00005garden,,26,1,1
C1b-A,0.07692307692307693,00005garden|49|2|2,48,4,5,,,00005garden,,26,1,2
C1b-A,0.04,00005garden|49|2|2,48,4,6,,,00005garden,,25,1,1
C1b-A,0.07692307692307693,00005garden|49|2|2,48,4,7,,,00005garden,,26,1,2
C1b-A,0.041666666666666664,00005garden|49|2|2,48,4,8,,,00005garden,,24,1,1
C1b-A,0.08333333333333333,00005garden|49|2|2,48,4,9,,,00005garden,,24,1,2
C1b-A,0.041666666666666664,00005garden|49|2|2,48,4,10,,,00005garden,,24,1,1
C1b-A,0.041666666666666664,00005garden|49|2|2,48,4,11,,,00005garden,,24,1,1
C1b-A,0.0,00005garden|49|2|2,48,4,12,,,00005garden,,22,1,0
C1b-A,0.041666666666666664,00005garden|49|2|2,48,4,13,,,00005garden,,24,1,1
C1b-A,0.0,00005garden|49|2|2,48,4,14,,,00005garden,,23,1,0
C1b-A,0.0,00005garden|49|2|2,48,4,15,,,00005garden,,22,1,0
C1b-A,0.043478260869565216,00005garden|49|2|2,48,4,16,,,00005garden,,23,1,1
C1b-A,0.08695652173913043,00005garden|49|2|2,48,4,17,,,00005garden,,23,1,2
C1b-A,0.08333333333333333,00005garden|49|2|2,48,4,18,,,00005garden,,24,1,2
C1b-A,0.043478260869565216,00005garden|49|2|2,48,4,19,,,00005garden,,23,1,1
C1b-A,0.08695652173913043,00005garden|49|2|2,48,4,20,,,00005garden,,23,1,2
C1b-B,0.04,00005garden|49|2|2,48,4,1,,,00005garden,,25,1,1
C1b-B,0.08,00005garden|49|2|2,48,4,2,,,00005garden,,25,1,2
C1b-B,0.08,00005garden|49|2|2,48,4,3,,,00005garden,,25,1,2
C1b-B,0.038461538461538464,00005garden|49|2|2,48,4,4,,,00005garden,,26,1,1
C1b-B,0.07692307692307693,00005garden|49|2|2,48,4,5,,,00005garden,,26,1,2
C1b-B,0.04,00005garden|49|2|2,48,4,6,,,00005garden,,25,1,1
C1b-B,0.07692307692307693,00005garden|49|2|2,48,4,7,,,00005garden,,26,1,2
C1b-B,0.041666666666666664,00005garden|49|2|2,48,4,8,,,00005garden,,24,1,1
C1b-B,0.08333333333333333,00005garden|49|2|2,48,4,9,,,00005garden,,24,1,2
C1b-B,0.041666666666666664,00005garden|49|2|2,48,4,10,,,00005garden,,24,1,1
C1b-B,0.041666666666666664,00005garden|49|2|2,48,4,11,,,00005garden,,24,1,1
C1b-B,0.0,00005garden|49|2|2,48,4,12,,,00005garden,,22,1,0
C1b-B,0.041666666666666664,00005garden|49|2|2,48,4,13,,,00005garden,,24,1,1
C1b-B,0.0,00005garden|49|2|2,48,4,14,,,00005garden,,23,1,0
C1b-B,0.0,00005garden|49|2|2,48,4,15,,,00005garden,,22,1,0
C1b-B,0.043478260869565216,00005garden|49|2|2,48,4,16,,,00005garden,,23,1,1
C1b-B,0.08695652173913043,00005garden|49|2|2,48,4,17,,,00005garden,,23,1,2
C1b-B,0.08333333333333333,00005garden|49|2|2,48,4,18,,,00005garden,,24,1,2
C1b-B,0.043478260869565216,00005garden|49|2|2,48,4,19,,,00005garden,,23,1,1
C1b-B,0.08695652173913043,00005garden|49|2|2,48,4,20,,,00005garden,,23,1,2
C1b-C,0.12,00005garden|49|2|2,48,4,1,,,00005garden,,25,1,3
C1b-C,0.08,00005garden|49|2|2,48,4,2,,,00005garden,,25,1,2
C1b-C,0.08,00005garden|49|2|2,48,4,3,,,00005garden,,25,1,2
C1b-C,0.11538461538461539,00005garden|49|2|2,48,4,4,,,00005garden,,26,1,3
C1b-C,0.07692307692307693,00005garden|49|2|2,48,4,5,,,00005garden,,26,1,2
C1b-C,0.12,00005garden|49|2|2,48,4,6,,,00005garden,,25,1,3
C1b-C,0.07692307692307693,00005garden|49|2|2,48,4,7,,,00005garden,,26,1,2
C1b-C,0.125,00005garden|49|2|2,48,4,8,,,00005garden,,24,1,3
C1b-C,0.08333333333333333,00005garden|49|2|2,48,4,9,,,00005garden,,24,1,2
C1b-C,0.125,00005garden|49|2|2,48,4,10,,,00005garden,,24,1,3
C1b-C,0.125,00005garden|49|2|2,48,4,11,,,00005garden,,24,1,3
C1b-C,0.045454545454545456,00005garden|49|2|2,48,4,12,,,00005garden,,22,1,1
C1b-C,0.125,00005garden|49|2|2,48,4,13,,,00005garden,,24,1,3
C1b-C,0.08695652173913043,00005garden|49|2|2,48,4,14,,,00005garden,,23,1,2
C1b-C,0.09090909090909091,00005garden|49|2|2,48,4,15,,,00005garden,,22,1,2
C1b-C,0.13043478260869565,00005garden|49|2|2,48,4,16,,,00005garden,,23,1,3
C1b-C,0.08695652173913043,00005garden|49|2|2,48,4,17,,,00005garden,,23,1,2
C1b-C,0.08333333333333333,00005garden|49|2|2,48,4,18,,,00005garden,,24,1,2
C1b-C,0.043478260869565216,00005garden|49|2|2,48,4,19,,,00005garden,,23,1,1
C1b-C,0.08695652173913043,00005garden|49|2|2,48,4,20,,,00005garden,,23,1,2
_META,,00005garden|49|2|2,48,4,0,omitted_for_runtime,omitted_for_runtime,00005garden,,,1,
SHAM,0.09090909090909091,00005garden|69|1|13,68,29,1,,,00005garden,,22,0,2
SHAM,0.125,00005garden|69|1|13,68,29,2,,,00005garden,,24,0,3
SHAM,0.15384615384615385,00005garden|69|1|13,68,29,3,,,00005garden,,26,0,4
SHAM,0.12,00005garden|69|1|13,68,29,4,,,00005garden,,25,0,3
SHAM,0.1111111111111111,00005garden|69|1|13,68,29,5,,,00005garden,,27,0,3
SHAM,0.07692307692307693,00005garden|69|1|13,68,29,6,,,00005garden,,26,0,2
SHAM,0.11538461538461539,00005garden|69|1|13,68,29,7,,,00005garden,,26,0,3
SHAM,0.125,00005garden|69|1|13,68,29,8,,,00005garden,,24,0,3
SHAM,0.12,00005garden|69|1|13,68,29,9,,,00005garden,,25,0,3
SHAM,0.17391304347826086,00005garden|69|1|13,68,29,10,,,00005garden,,23,0,4
SHAM,0.16666666666666666,00005garden|69|1|13,68,29,11,,,00005garden,,24,0,4
SHAM,0.125,00005garden|69|1|13,68,29,12,,,00005garden,,24,0,3
SHAM,0.125,00005garden|69|1|13,68,29,13,,,00005garden,,24,0,3
SHAM,0.08695652173913043,00005garden|69|1|13,68,29,14,,,00005garden,,23,0,2
SHAM,0.12,00005garden|69|1|13,68,29,15,,,00005garden,,25,0,3
SHAM,0.125,00005garden|69|1|13,68,29,16,,,00005garden,,24,0,3
SHAM,0.125,00005garden|69|1|13,68,29,17,,,00005garden,,24,0,3
SHAM,0.08695652173913043,00005garden|69|1|13,68,29,18,,,00005garden,,23,0,2
SHAM,0.08695652173913043,00005garden|69|1|13,68,29,19,,,00005garden,,23,0,2
SHAM,0.08333333333333333,00005garden|69|1|13,68,29,20,,,00005garden,,24,0,2
C1b-A,0.09090909090909091,00005garden|69|1|13,68,29,1,,,00005garden,,22,0,2
C1b-A,0.125,00005garden|69|1|13,68,29,2,,,00005garden,,24,0,3
C1b-A,0.15384615384615385,00005garden|69|1|13,68,29,3,,,00005garden,,26,0,4
C1b-A,0.08,00005garden|69|1|13,68,29,4,,,00005garden,,25,0,2
C1b-A,0.1111111111111111,00005garden|69|1|13,68,29,5,,,00005garden,,27,0,3
C1b-A,0.07692307692307693,00005garden|69|1|13,68,29,6,,,00005garden,,26,0,2
C1b-A,0.11538461538461539,00005garden|69|1|13,68,29,7,,,00005garden,,26,0,3
C1b-A,0.125,00005garden|69|1|13,68,29,8,,,00005garden,,24,0,3
C1b-A,0.12,00005garden|69|1|13,68,29,9,,,00005garden,,25,0,3
C1b-A,0.17391304347826086,00005garden|69|1|13,68,29,10,,,00005garden,,23,0,4
C1b-A,0.16666666666666666,00005garden|69|1|13,68,29,11,,,00005garden,,24,0,4
C1b-A,0.125,00005garden|69|1|13,68,29,12,,,00005garden,,24,0,3
C1b-A,0.125,00005garden|69|1|13,68,29,13,,,00005garden,,24,0,3
C1b-A,0.08695652173913043,00005garden|69|1|13,68,29,14,,,00005garden,,23,0,2
C1b-A,0.11538461538461539,00005garden|69|1|13,68,29,15,,,00005garden,,26,0,3
C1b-A,0.125,00005garden|69|1|13,68,29,16,,,00005garden,,24,0,3
C1b-A,0.125,00005garden|69|1|13,68,29,17,,,00005garden,,24,0,3
C1b-A,0.08695652173913043,00005garden|69|1|13,68,29,18,,,00005garden,,23,0,2
C1b-A,0.08695652173913043,00005garden|69|1|13,68,29,19,,,00005garden,,23,0,2
C1b-A,0.08333333333333333,00005garden|69|1|13,68,29,20,,,00005garden,,24,0,2
C1b-B,0.09090909090909091,00005garden|69|1|13,68,29,1,,,00005garden,,22,0,2
C1b-B,0.125,00005garden|69|1|13,68,29,2,,,00005garden,,24,0,3
C1b-B,0.15384615384615385,00005garden|69|1|13,68,29,3,,,00005garden,,26,0,4
C1b-B,0.12,00005garden|69|1|13,68,29,4,,,00005garden,,25,0,3
C1b-B,0.1111111111111111,00005garden|69|1|13,68,29,5,,,00005garden,,27,0,3
C1b-B,0.07692307692307693,00005garden|69|1|13,68,29,6,,,00005garden,,26,0,2
C1b-B,0.11538461538461539,00005garden|69|1|13,68,29,7,,,00005garden,,26,0,3
C1b-B,0.125,00005garden|69|1|13,68,29,8,,,00005garden,,24,0,3
C1b-B,0.12,00005garden|69|1|13,68,29,9,,,00005garden,,25,0,3
C1b-B,0.17391304347826086,00005garden|69|1|13,68,29,10,,,00005garden,,23,0,4
C1b-B,0.16666666666666666,00005garden|69|1|13,68,29,11,,,00005garden,,24,0,4
C1b-B,0.125,00005garden|69|1|13,68,29,12,,,00005garden,,24,0,3
C1b-B,0.125,00005garden|69|1|13,68,29,13,,,00005garden,,24,0,3
C1b-B,0.08695652173913043,00005garden|69|1|13,68,29,14,,,00005garden,,23,0,2
C1b-B,0.12,00005garden|69|1|13,68,29,15,,,00005garden,,25,0,3
C1b-B,0.125,00005garden|69|1|13,68,29,16,,,00005garden,,24,0,3
C1b-B,0.125,00005garden|69|1|13,68,29,17,,,00005garden,,24,0,3
C1b-B,0.08695652173913043,00005garden|69|1|13,68,29,18,,,00005garden,,23,0,2
C1b-B,0.08695652173913043,00005garden|69|1|13,68,29,19,,,00005garden,,23,0,2
C1b-B,0.08333333333333333,00005garden|69|1|13,68,29,20,,,00005garden,,24,0,2
C1b-C,0.09090909090909091,00005garden|69|1|13,68,29,1,,,00005garden,,22,0,2
C1b-C,0.125,00005garden|69|1|13,68,29,2,,,00005garden,,24,0,3
C1b-C,0.15384615384615385,00005garden|69|1|13,68,29,3,,,00005garden,,26,0,4
C1b-C,0.08,00005garden|69|1|13,68,29,4,,,00005garden,,25,0,2
C1b-C,0.1111111111111111,00005garden|69|1|13,68,29,5,,,00005garden,,27,0,3
C1b-C,0.07692307692307693,00005garden|69|1|13,68,29,6,,,00005garden,,26,0,2
C1b-C,0.11538461538461539,00005garden|69|1|13,68,29,7,,,00005garden,,26,0,3
C1b-C,0.125,00005garden|69|1|13,68,29,8,,,00005garden,,24,0,3
C1b-C,0.12,00005garden|69|1|13,68,29,9,,,00005garden,,25,0,3
C1b-C,0.17391304347826086,00005garden|69|1|13,68,29,10,,,00005garden,,23,0,4
C1b-C,0.16666666666666666,00005garden|69|1|13,68,29,11,,,00005garden,,24,0,4
C1b-C,0.125,00005garden|69|1|13,68,29,12,,,00005garden,,24,0,3
C1b-C,0.125,00005garden|69|1|13,68,29,13,,,00005garden,,24,0,3
C1b-C,0.08695652173913043,00005garden|69|1|13,68,29,14,,,00005garden,,23,0,2
C1b-C,0.11538461538461539,00005garden|69|1|13,68,29,15,,,00005garden,,26,0,3
C1b-C,0.125,00005garden|69|1|13,68,29,16,,,00005garden,,24,0,3
C1b-C,0.125,00005garden|69|1|13,68,29,17,,,00005garden,,24,0,3
C1b-C,0.08695652173913043,00005garden|69|1|13,68,29,18,,,00005garden,,23,0,2
C1b-C,0.08695652173913043,00005garden|69|1|13,68,29,19,,,00005garden,,23,0,2
C1b-C,0.08333333333333333,00005garden|69|1|13,68,29,20,,,00005garden,,24,0,2
_META,,00005garden|69|1|13,68,29,0,omitted_for_runtime,omitted_for_runtime,00005garden,,,0,
SHAM,0.125,00005garden|70|1|0,69,4,1,,,00005garden,,24,0,3
SHAM,0.15384615384615385,00005garden|70|1|0,69,4,2,,,00005garden,,26,0,4
SHAM,0.12,00005garden|70|1|0,69,4,3,,,00005garden,,25,0,3
SHAM,0.1111111111111111,00005garden|70|1|0,69,4,4,,,00005garden,,27,0,3
SHAM,0.07692307692307693,00005garden|70|1|0,69,4,5,,,00005garden,,26,0,2
SHAM,0.11538461538461539,00005garden|70|1|0,69,4,6,,,00005garden,,26,0,3
SHAM,0.125,00005garden|70|1|0,69,4,7,,,00005garden,,24,0,3
SHAM,0.12,00005garden|70|1|0,69,4,8,,,00005garden,,25,0,3
SHAM,0.17391304347826086,00005garden|70|1|0,69,4,9,,,00005garden,,23,0,4
SHAM,0.16666666666666666,00005garden|70|1|0,69,4,10,,,00005garden,,24,0,4
SHAM,0.125,00005garden|70|1|0,69,4,11,,,00005garden,,24,0,3
SHAM,0.125,00005garden|70|1|0,69,4,12,,,00005garden,,24,0,3
SHAM,0.08695652173913043,00005garden|70|1|0,69,4,13,,,00005garden,,23,0,2
SHAM,0.12,00005garden|70|1|0,69,4,14,,,00005garden,,25,0,3
SHAM,0.125,00005garden|70|1|0,69,4,15,,,00005garden,,24,0,3
SHAM,0.125,00005garden|70|1|0,69,4,16,,,00005garden,,24,0,3
SHAM,0.08695652173913043,00005garden|70|1|0,69,4,17,,,00005garden,,23,0,2
SHAM,0.08695652173913043,00005garden|70|1|0,69,4,18,,,00005garden,,23,0,2
SHAM,0.08333333333333333,00005garden|70|1|0,69,4,19,,,00005garden,,24,0,2
SHAM,0.08,00005garden|70|1|0,69,4,20,,,00005garden,,25,0,2
C1b-A,0.125,00005garden|70|1|0,69,4,1,,,00005garden,,24,0,3
C1b-A,0.15384615384615385,00005garden|70|1|0,69,4,2,,,00005garden,,26,0,4
C1b-A,0.12,00005garden|70|1|0,69,4,3,,,00005garden,,25,0,3
C1b-A,0.1111111111111111,00005garden|70|1|0,69,4,4,,,00005garden,,27,0,3
C1b-A,0.07692307692307693,00005garden|70|1|0,69,4,5,,,00005garden,,26,0,2
C1b-A,0.11538461538461539,00005garden|70|1|0,69,4,6,,,00005garden,,26,0,3
C1b-A,0.125,00005garden|70|1|0,69,4,7,,,00005garden,,24,0,3
C1b-A,0.12,00005garden|70|1|0,69,4,8,,,00005garden,,25,0,3
C1b-A,0.17391304347826086,00005garden|70|1|0,69,4,9,,,00005garden,,23,0,4
C1b-A,0.16666666666666666,00005garden|70|1|0,69,4,10,,,00005garden,,24,0,4
C1b-A,0.125,00005garden|70|1|0,69,4,11,,,00005garden,,24,0,3
C1b-A,0.125,00005garden|70|1|0,69,4,12,,,00005garden,,24,0,3
C1b-A,0.08695652173913043,00005garden|70|1|0,69,4,13,,,00005garden,,23,0,2
C1b-A,0.15384615384615385,00005garden|70|1|0,69,4,14,,,00005garden,,26,0,4
C1b-A,0.125,00005garden|70|1|0,69,4,15,,,00005garden,,24,0,3
C1b-A,0.125,00005garden|70|1|0,69,4,16,,,00005garden,,24,0,3
C1b-A,0.08695652173913043,00005garden|70|1|0,69,4,17,,,00005garden,,23,0,2
C1b-A,0.08695652173913043,00005garden|70|1|0,69,4,18,,,00005garden,,23,0,2
C1b-A,0.08333333333333333,00005garden|70|1|0,69,4,19,,,00005garden,,24,0,2
C1b-A,0.08333333333333333,00005garden|70|1|0,69,4,20,,,00005garden,,24,0,2
C1b-B,0.125,00005garden|70|1|0,69,4,1,,,00005garden,,24,0,3
C1b-B,0.15384615384615385,00005garden|70|1|0,69,4,2,,,00005garden,,26,0,4
C1b-B,0.12,00005garden|70|1|0,69,4,3,,,00005garden,,25,0,3
C1b-B,0.1111111111111111,00005garden|70|1|0,69,4,4,,,00005garden,,27,0,3
C1b-B,0.07692307692307693,00005garden|70|1|0,69,4,5,,,00005garden,,26,0,2
C1b-B,0.11538461538461539,00005garden|70|1|0,69,4,6,,,00005garden,,26,0,3
C1b-B,0.125,00005garden|70|1|0,69,4,7,,,00005garden,,24,0,3
C1b-B,0.12,00005garden|70|1|0,69,4,8,,,00005garden,,25,0,3
C1b-B,0.17391304347826086,00005garden|70|1|0,69,4,9,,,00005garden,,23,0,4
C1b-B,0.16666666666666666,00005garden|70|1|0,69,4,10,,,00005garden,,24,0,4
C1b-B,0.125,00005garden|70|1|0,69,4,11,,,00005garden,,24,0,3
C1b-B,0.125,00005garden|70|1|0,69,4,12,,,00005garden,,24,0,3
C1b-B,0.08695652173913043,00005garden|70|1|0,69,4,13,,,00005garden,,23,0,2
C1b-B,0.12,00005garden|70|1|0,69,4,14,,,00005garden,,25,0,3
C1b-B,0.125,00005garden|70|1|0,69,4,15,,,00005garden,,24,0,3
C1b-B,0.125,00005garden|70|1|0,69,4,16,,,00005garden,,24,0,3
C1b-B,0.08695652173913043,00005garden|70|1|0,69,4,17,,,00005garden,,23,0,2
C1b-B,0.08695652173913043,00005garden|70|1|0,69,4,18,,,00005garden,,23,0,2
C1b-B,0.08333333333333333,00005garden|70|1|0,69,4,19,,,00005garden,,24,0,2
C1b-B,0.08,00005garden|70|1|0,69,4,20,,,00005garden,,25,0,2
C1b-C,0.125,00005garden|70|1|0,69,4,1,,,00005garden,,24,0,3
C1b-C,0.15384615384615385,00005garden|70|1|0,69,4,2,,,00005garden,,26,0,4
C1b-C,0.12,00005garden|70|1|0,69,4,3,,,00005garden,,25,0,3
C1b-C,0.1111111111111111,00005garden|70|1|0,69,4,4,,,00005garden,,27,0,3
C1b-C,0.07692307692307693,00005garden|70|1|0,69,4,5,,,00005garden,,26,0,2
C1b-C,0.11538461538461539,00005garden|70|1|0,69,4,6,,,00005garden,,26,0,3
C1b-C,0.125,00005garden|70|1|0,69,4,7,,,00005garden,,24,0,3
C1b-C,0.12,00005garden|70|1|0,69,4,8,,,00005garden,,25,0,3
C1b-C,0.17391304347826086,00005garden|70|1|0,69,4,9,,,00005garden,,23,0,4
C1b-C,0.16666666666666666,00005garden|70|1|0,69,4,10,,,00005garden,,24,0,4
C1b-C,0.125,00005garden|70|1|0,69,4,11,,,00005garden,,24,0,3
C1b-C,0.125,00005garden|70|1|0,69,4,12,,,00005garden,,24,0,3
C1b-C,0.08695652173913043,00005garden|70|1|0,69,4,13,,,00005garden,,23,0,2
C1b-C,0.15384615384615385,00005garden|70|1|0,69,4,14,,,00005garden,,26,0,4
C1b-C,0.125,00005garden|70|1|0,69,4,15,,,00005garden,,24,0,3
C1b-C,0.125,00005garden|70|1|0,69,4,16,,,00005garden,,24,0,3
C1b-C,0.08695652173913043,00005garden|70|1|0,69,4,17,,,00005garden,,23,0,2
C1b-C,0.08695652173913043,00005garden|70|1|0,69,4,18,,,00005garden,,23,0,2
C1b-C,0.08333333333333333,00005garden|70|1|0,69,4,19,,,00005garden,,24,0,2
C1b-C,0.08333333333333333,00005garden|70|1|0,69,4,20,,,00005garden,,24,0,2
_META,,00005garden|70|1|0,69,4,0,omitted_for_runtime,omitted_for_runtime,00005garden,,,0,
SHAM,0.17391304347826086,00005garden|78|1|17,77,21,1,,,00005garden,,23,0,4
SHAM,0.16666666666666666,00005garden|78|1|17,77,21,2,,,00005garden,,24,0,4
SHAM,0.125,00005garden|78|1|17,77,21,3,,,00005garden,,24,0,3
SHAM,0.125,00005garden|78|1|17,77,21,4,,,00005garden,,24,0,3
SHAM,0.08695652173913043,00005garden|78|1|17,77,21,5,,,00005garden,,23,0,2
SHAM,0.12,00005garden|78|1|17,77,21,6,,,00005garden,,25,0,3
SHAM,0.125,00005garden|78|1|17,77,21,7,,,00005garden,,24,0,3
SHAM,0.125,00005garden|78|1|17,77,21,8,,,00005garden,,24,0,3
SHAM,0.08695652173913043,00005garden|78|1|17,77,21,9,,,00005garden,,23,0,2
SHAM,0.08695652173913043,00005garden|78|1|17,77,21,10,,,00005garden,,23,0,2
SHAM,0.08333333333333333,00005garden|78|1|17,77,21,11,,,00005garden,,24,0,2
SHAM,0.08,00005garden|78|1|17,77,21,12,,,00005garden,,25,0,2
SHAM,0.08333333333333333,00005garden|78|1|17,77,21,13,,,00005garden,,24,0,2
SHAM,0.07692307692307693,00005garden|78|1|17,77,21,14,,,00005garden,,26,0,2
SHAM,0.08,00005garden|78|1|17,77,21,15,,,00005garden,,25,0,2
SHAM,0.08,00005garden|78|1|17,77,21,16,,,00005garden,,25,0,2
SHAM,0.11538461538461539,00005garden|78|1|17,77,21,17,,,00005garden,,26,0,3
SHAM,0.11538461538461539,00005garden|78|1|17,77,21,18,,,00005garden,,26,0,3
SHAM,0.08,00005garden|78|1|17,77,21,19,,,00005garden,,25,0,2
SHAM,0.08,00005garden|78|1|17,77,21,20,,,00005garden,,25,0,2
C1b-A,0.17391304347826086,00005garden|78|1|17,77,21,1,,,00005garden,,23,0,4
C1b-A,0.16666666666666666,00005garden|78|1|17,77,21,2,,,00005garden,,24,0,4
C1b-A,0.125,00005garden|78|1|17,77,21,3,,,00005garden,,24,0,3
C1b-A,0.125,00005garden|78|1|17,77,21,4,,,00005garden,,24,0,3
C1b-A,0.08695652173913043,00005garden|78|1|17,77,21,5,,,00005garden,,23,0,2
C1b-A,0.12,00005garden|78|1|17,77,21,6,,,00005garden,,25,0,3
C1b-A,0.125,00005garden|78|1|17,77,21,7,,,00005garden,,24,0,3
C1b-A,0.125,00005garden|78|1|17,77,21,8,,,00005garden,,24,0,3
C1b-A,0.08695652173913043,00005garden|78|1|17,77,21,9,,,00005garden,,23,0,2
C1b-A,0.08695652173913043,00005garden|78|1|17,77,21,10,,,00005garden,,23,0,2
C1b-A,0.08333333333333333,00005garden|78|1|17,77,21,11,,,00005garden,,24,0,2
C1b-A,0.08,00005garden|78|1|17,77,21,12,,,00005garden,,25,0,2
C1b-A,0.08333333333333333,00005garden|78|1|17,77,21,13,,,00005garden,,24,0,2
C1b-A,0.07692307692307693,00005garden|78|1|17,77,21,14,,,00005garden,,26,0,2
C1b-A,0.08,00005garden|78|1|17,77,21,15,,,00005garden,,25,0,2
C1b-A,0.08,00005garden|78|1|17,77,21,16,,,00005garden,,25,0,2
C1b-A,0.11538461538461539,00005garden|78|1|17,77,21,17,,,00005garden,,26,0,3
C1b-A,0.11538461538461539,00005garden|78|1|17,77,21,18,,,00005garden,,26,0,3
C1b-A,0.08,00005garden|78|1|17,77,21,19,,,00005garden,,25,0,2
C1b-A,0.08,00005garden|78|1|17,77,21,20,,,00005garden,,25,0,2
C1b-B,0.17391304347826086,00005garden|78|1|17,77,21,1,,,00005garden,,23,0,4
C1b-B,0.16666666666666666,00005garden|78|1|17,77,21,2,,,00005garden,,24,0,4
C1b-B,0.125,00005garden|78|1|17,77,21,3,,,00005garden,,24,0,3
C1b-B,0.125,00005garden|78|1|17,77,21,4,,,00005garden,,24,0,3
C1b-B,0.08695652173913043,00005garden|78|1|17,77,21,5,,,00005garden,,23,0,2
C1b-B,0.12,00005garden|78|1|17,77,21,6,,,00005garden,,25,0,3
C1b-B,0.125,00005garden|78|1|17,77,21,7,,,00005garden,,24,0,3
C1b-B,0.125,00005garden|78|1|17,77,21,8,,,00005garden,,24,0,3
C1b-B,0.08695652173913043,00005garden|78|1|17,77,21,9,,,00005garden,,23,0,2
C1b-B,0.08695652173913043,00005garden|78|1|17,77,21,10,,,00005garden,,23,0,2
C1b-B,0.08333333333333333,00005garden|78|1|17,77,21,11,,,00005garden,,24,0,2
C1b-B,0.08,00005garden|78|1|17,77,21,12,,,00005garden,,25,0,2
C1b-B,0.08333333333333333,00005garden|78|1|17,77,21,13,,,00005garden,,24,0,2
C1b-B,0.07692307692307693,00005garden|78|1|17,77,21,14,,,00005garden,,26,0,2
C1b-B,0.08,00005garden|78|1|17,77,21,15,,,00005garden,,25,0,2
C1b-B,0.08,00005garden|78|1|17,77,21,16,,,00005garden,,25,0,2
C1b-B,0.11538461538461539,00005garden|78|1|17,77,21,17,,,00005garden,,26,0,3
C1b-B,0.11538461538461539,00005garden|78|1|17,77,21,18,,,00005garden,,26,0,3
C1b-B,0.08,00005garden|78|1|17,77,21,19,,,00005garden,,25,0,2
C1b-B,0.08,00005garden|78|1|17,77,21,20,,,00005garden,,25,0,2
C1b-C,0.17391304347826086,00005garden|78|1|17,77,21,1,,,00005garden,,23,0,4
C1b-C,0.16666666666666666,00005garden|78|1|17,77,21,2,,,00005garden,,24,0,4
C1b-C,0.125,00005garden|78|1|17,77,21,3,,,00005garden,,24,0,3
C1b-C,0.125,00005garden|78|1|17,77,21,4,,,00005garden,,24,0,3
C1b-C,0.08695652173913043,00005garden|78|1|17,77,21,5,,,00005garden,,23,0,2
C1b-C,0.12,00005garden|78|1|17,77,21,6,,,00005garden,,25,0,3
C1b-C,0.125,00005garden|78|1|17,77,21,7,,,00005garden,,24,0,3
C1b-C,0.125,00005garden|78|1|17,77,21,8,,,00005garden,,24,0,3
C1b-C,0.08695652173913043,00005garden|78|1|17,77,21,9,,,00005garden,,23,0,2
C1b-C,0.08695652173913043,00005garden|78|1|17,77,21,10,,,00005garden,,23,0,2
C1b-C,0.08333333333333333,00005garden|78|1|17,77,21,11,,,00005garden,,24,0,2
C1b-C,0.08,00005garden|78|1|17,77,21,12,,,00005garden,,25,0,2
C1b-C,0.08333333333333333,00005garden|78|1|17,77,21,13,,,00005garden,,24,0,2
C1b-C,0.07692307692307693,00005garden|78|1|17,77,21,14,,,00005garden,,26,0,2
C1b-C,0.08,00005garden|78|1|17,77,21,15,,,00005garden,,25,0,2
C1b-C,0.08,00005garden|78|1|17,77,21,16,,,00005garden,,25,0,2
C1b-C,0.11538461538461539,00005garden|78|1|17,77,21,17,,,00005garden,,26,0,3
C1b-C,0.11538461538461539,00005garden|78|1|17,77,21,18,,,00005garden,,26,0,3
C1b-C,0.08,00005garden|78|1|17,77,21,19,,,00005garden,,25,0,2
C1b-C,0.08,00005garden|78|1|17,77,21,20,,,00005garden,,25,0,2
_META,,00005garden|78|1|17,77,21,0,omitted_for_runtime,omitted_for_runtime,00005garden,,,0,
SHAM,0.11538461538461539,00005garden|98|1|0,97,4,1,,,00005garden,,26,0,3
SHAM,0.08,00005garden|98|1|0,97,4,2,,,00005garden,,25,0,2
SHAM,0.12,00005garden|98|1|0,97,4,3,,,00005garden,,25,0,3
SHAM,0.1111111111111111,00005garden|98|1|0,97,4,4,,,00005garden,,27,0,3
SHAM,0.11538461538461539,00005garden|98|1|0,97,4,5,,,00005garden,,26,0,3
SHAM,0.19230769230769232,00005garden|98|1|0,97,4,6,,,00005garden,,26,0,5
SHAM,0.11538461538461539,00005garden|98|1|0,97,4,7,,,00005garden,,26,0,3
SHAM,0.12,00005garden|98|1|0,97,4,8,,,00005garden,,25,0,3
SHAM,0.16666666666666666,00005garden|98|1|0,97,4,9,,,00005garden,,24,0,4
SHAM,0.125,00005garden|98|1|0,97,4,10,,,00005garden,,24,0,3
SHAM,0.16,00005garden|98|1|0,97,4,11,,,00005garden,,25,0,4
SHAM,0.16,00005garden|98|1|0,97,4,12,,,00005garden,,25,0,4
SHAM,0.08,00005garden|98|1|0,97,4,13,,,00005garden,,25,0,2
SHAM,0.12,00005garden|98|1|0,97,4,14,,,00005garden,,25,0,3
SHAM,0.08,00005garden|98|1|0,97,4,15,,,00005garden,,25,0,2
SHAM,0.08,00005garden|98|1|0,97,4,16,,,00005garden,,25,0,2
SHAM,0.08,00005garden|98|1|0,97,4,17,,,00005garden,,25,0,2
SHAM,0.11538461538461539,00005garden|98|1|0,97,4,18,,,00005garden,,26,0,3
SHAM,0.11538461538461539,00005garden|98|1|0,97,4,19,,,00005garden,,26,0,3
SHAM,0.11538461538461539,00005garden|98|1|0,97,4,20,,,00005garden,,26,0,3
C1b-A,0.11538461538461539,00005garden|98|1|0,97,4,1,,,00005garden,,26,0,3
C1b-A,0.08,00005garden|98|1|0,97,4,2,,,00005garden,,25,0,2
C1b-A,0.12,00005garden|98|1|0,97,4,3,,,00005garden,,25,0,3
C1b-A,0.1111111111111111,00005garden|98|1|0,97,4,4,,,00005garden,,27,0,3
C1b-A,0.11538461538461539,00005garden|98|1|0,97,4,5,,,00005garden,,26,0,3
C1b-A,0.19230769230769232,00005garden|98|1|0,97,4,6,,,00005garden,,26,0,5
C1b-A,0.11538461538461539,00005garden|98|1|0,97,4,7,,,00005garden,,26,0,3
C1b-A,0.12,00005garden|98|1|0,97,4,8,,,00005garden,,25,0,3
C1b-A,0.16666666666666666,00005garden|98|1|0,97,4,9,,,00005garden,,24,0,4
C1b-A,0.125,00005garden|98|1|0,97,4,10,,,00005garden,,24,0,3
C1b-A,0.16,00005garden|98|1|0,97,4,11,,,00005garden,,25,0,4
C1b-A,0.16,00005garden|98|1|0,97,4,12,,,00005garden,,25,0,4
C1b-A,0.08,00005garden|98|1|0,97,4,13,,,00005garden,,25,0,2
C1b-A,0.12,00005garden|98|1|0,97,4,14,,,00005garden,,25,0,3
C1b-A,0.08,00005garden|98|1|0,97,4,15,,,00005garden,,25,0,2
C1b-A,0.08,00005garden|98|1|0,97,4,16,,,00005garden,,25,0,2
C1b-A,0.08,00005garden|98|1|0,97,4,17,,,00005garden,,25,0,2
C1b-A,0.11538461538461539,00005garden|98|1|0,97,4,18,,,00005garden,,26,0,3
C1b-A,0.11538461538461539,00005garden|98|1|0,97,4,19,,,00005garden,,26,0,3
C1b-A,0.11538461538461539,00005garden|98|1|0,97,4,20,,,00005garden,,26,0,3
C1b-B,0.11538461538461539,00005garden|98|1|0,97,4,1,,,00005garden,,26,0,3
C1b-B,0.08,00005garden|98|1|0,97,4,2,,,00005garden,,25,0,2
C1b-B,0.12,00005garden|98|1|0,97,4,3,,,00005garden,,25,0,3
C1b-B,0.1111111111111111,00005garden|98|1|0,97,4,4,,,00005garden,,27,0,3
C1b-B,0.11538461538461539,00005garden|98|1|0,97,4,5,,,00005garden,,26,0,3
C1b-B,0.19230769230769232,00005garden|98|1|0,97,4,6,,,00005garden,,26,0,5
C1b-B,0.11538461538461539,00005garden|98|1|0,97,4,7,,,00005garden,,26,0,3
C1b-B,0.12,00005garden|98|1|0,97,4,8,,,00005garden,,25,0,3
C1b-B,0.16666666666666666,00005garden|98|1|0,97,4,9,,,00005garden,,24,0,4
C1b-B,0.125,00005garden|98|1|0,97,4,10,,,00005garden,,24,0,3
C1b-B,0.16,00005garden|98|1|0,97,4,11,,,00005garden,,25,0,4
C1b-B,0.16,00005garden|98|1|0,97,4,12,,,00005garden,,25,0,4
C1b-B,0.08,00005garden|98|1|0,97,4,13,,,00005garden,,25,0,2
C1b-B,0.12,00005garden|98|1|0,97,4,14,,,00005garden,,25,0,3
C1b-B,0.08,00005garden|98|1|0,97,4,15,,,00005garden,,25,0,2
C1b-B,0.08,00005garden|98|1|0,97,4,16,,,00005garden,,25,0,2
C1b-B,0.08,00005garden|98|1|0,97,4,17,,,00005garden,,25,0,2
C1b-B,0.11538461538461539,00005garden|98|1|0,97,4,18,,,00005garden,,26,0,3
C1b-B,0.11538461538461539,00005garden|98|1|0,97,4,19,,,00005garden,,26,0,3
C1b-B,0.11538461538461539,00005garden|98|1|0,97,4,20,,,00005garden,,26,0,3
C1b-C,0.11538461538461539,00005garden|98|1|0,97,4,1,,,00005garden,,26,0,3
C1b-C,0.08,00005garden|98|1|0,97,4,2,,,00005garden,,25,0,2
C1b-C,0.12,00005garden|98|1|0,97,4,3,,,00005garden,,25,0,3
C1b-C,0.1111111111111111,00005garden|98|1|0,97,4,4,,,00005garden,,27,0,3
C1b-C,0.11538461538461539,00005garden|98|1|0,97,4,5,,,00005garden,,26,0,3
C1b-C,0.19230769230769232,00005garden|98|1|0,97,4,6,,,00005garden,,26,0,5
C1b-C,0.11538461538461539,00005garden|98|1|0,97,4,7,,,00005garden,,26,0,3
C1b-C,0.12,00005garden|98|1|0,97,4,8,,,00005garden,,25,0,3
C1b-C,0.16666666666666666,00005garden|98|1|0,97,4,9,,,00005garden,,24,0,4
C1b-C,0.125,00005garden|98|1|0,97,4,10,,,00005garden,,24,0,3
C1b-C,0.16,00005garden|98|1|0,97,4,11,,,00005garden,,25,0,4
C1b-C,0.16,00005garden|98|1|0,97,4,12,,,00005garden,,25,0,4
C1b-C,0.08,00005garden|98|1|0,97,4,13,,,00005garden,,25,0,2
C1b-C,0.12,00005garden|98|1|0,97,4,14,,,00005garden,,25,0,3
C1b-C,0.08,00005garden|98|1|0,97,4,15,,,00005garden,,25,0,2
C1b-C,0.08,00005garden|98|1|0,97,4,16,,,00005garden,,25,0,2
C1b-C,0.08,00005garden|98|1|0,97,4,17,,,00005garden,,25,0,2
C1b-C,0.11538461538461539,00005garden|98|1|0,97,4,18,,,00005garden,,26,0,3
C1b-C,0.11538461538461539,00005garden|98|1|0,97,4,19,,,00005garden,,26,0,3
C1b-C,0.11538461538461539,00005garden|98|1|0,97,4,20,,,00005garden,,26,0,3
_META,,00005garden|98|1|0,97,4,0,omitted_for_runtime,omitted_for_runtime,00005garden,,,0,
SHAM,0.1111111111111111,00005garden|101|1|12,100,21,1,,,00005garden,,27,0,3
SHAM,0.11538461538461539,00005garden|101|1|12,100,21,2,,,00005garden,,26,0,3
SHAM,0.19230769230769232,00005garden|101|1|12,100,21,3,,,00005garden,,26,0,5
SHAM,0.11538461538461539,00005garden|101|1|12,100,21,4,,,00005garden,,26,0,3
SHAM,0.12,00005garden|101|1|12,100,21,5,,,00005garden,,25,0,3
SHAM,0.16666666666666666,00005garden|101|1|12,100,21,6,,,00005garden,,24,0,4
SHAM,0.125,00005garden|101|1|12,100,21,7,,,00005garden,,24,0,3
SHAM,0.16,00005garden|101|1|12,100,21,8,,,00005garden,,25,0,4
SHAM,0.16,00005garden|101|1|12,100,21,9,,,00005garden,,25,0,4
SHAM,0.08,00005garden|101|1|12,100,21,10,,,00005garden,,25,0,2
SHAM,0.12,00005garden|101|1|12,100,21,11,,,00005garden,,25,0,3
SHAM,0.08,00005garden|101|1|12,100,21,12,,,00005garden,,25,0,2
SHAM,0.08,00005garden|101|1|12,100,21,13,,,00005garden,,25,0,2
SHAM,0.08,00005garden|101|1|12,100,21,14,,,00005garden,,25,0,2
SHAM,0.11538461538461539,00005garden|101|1|12,100,21,15,,,00005garden,,26,0,3
SHAM,0.11538461538461539,00005garden|101|1|12,100,21,16,,,00005garden,,26,0,3
SHAM,0.11538461538461539,00005garden|101|1|12,100,21,17,,,00005garden,,26,0,3
SHAM,0.19230769230769232,00005garden|101|1|12,100,21,18,,,00005garden,,26,0,5
SHAM,0.11538461538461539,00005garden|101|1|12,100,21,19,,,00005garden,,26,0,3
SHAM,0.1111111111111111,00005garden|101|1|12,100,21,20,,,00005garden,,27,0,3
C1b-A,0.1111111111111111,00005garden|101|1|12,100,21,1,,,00005garden,,27,0,3
C1b-A,0.08,00005garden|101|1|12,100,21,2,,,00005garden,,25,0,2
C1b-A,0.11538461538461539,00005garden|101|1|12,100,21,3,,,00005garden,,26,0,3
C1b-A,0.11538461538461539,00005garden|101|1|12,100,21,4,,,00005garden,,26,0,3
C1b-A,0.12,00005garden|101|1|12,100,21,5,,,00005garden,,25,0,3
C1b-A,0.16666666666666666,00005garden|101|1|12,100,21,6,,,00005garden,,24,0,4
C1b-A,0.125,00005garden|101|1|12,100,21,7,,,00005garden,,24,0,3
C1b-A,0.16,00005garden|101|1|12,100,21,8,,,00005garden,,25,0,4
C1b-A,0.16,00005garden|101|1|12,100,21,9,,,00005garden,,25,0,4
C1b-A,0.04,00005garden|101|1|12,100,21,10,,,00005garden,,25,0,1
C1b-A,0.08,00005garden|101|1|12,100,21,11,,,00005garden,,25,0,2
C1b-A,0.12,00005garden|101|1|12,100,21,12,,,00005garden,,25,0,3
C1b-A,0.08,00005garden|101|1|12,100,21,13,,,00005garden,,25,0,2
C1b-A,0.08,00005garden|101|1|12,100,21,14,,,00005garden,,25,0,2
C1b-A,0.11538461538461539,00005garden|101|1|12,100,21,15,,,00005garden,,26,0,3
C1b-A,0.11538461538461539,00005garden|101|1|12,100,21,16,,,00005garden,,26,0,3
C1b-A,0.11538461538461539,00005garden|101|1|12,100,21,17,,,00005garden,,26,0,3
C1b-A,0.11538461538461539,00005garden|101|1|12,100,21,18,,,00005garden,,26,0,3
C1b-A,0.11538461538461539,00005garden|101|1|12,100,21,19,,,00005garden,,26,0,3
C1b-A,0.1111111111111111,00005garden|101|1|12,100,21,20,,,00005garden,,27,0,3
C1b-B,0.1111111111111111,00005garden|101|1|12,100,21,1,,,00005garden,,27,0,3
C1b-B,0.11538461538461539,00005garden|101|1|12,100,21,2,,,00005garden,,26,0,3
C1b-B,0.19230769230769232,00005garden|101|1|12,100,21,3,,,00005garden,,26,0,5
C1b-B,0.11538461538461539,00005garden|101|1|12,100,21,4,,,00005garden,,26,0,3
C1b-B,0.12,00005garden|101|1|12,100,21,5,,,00005garden,,25,0,3
C1b-B,0.16666666666666666,00005garden|101|1|12,100,21,6,,,00005garden,,24,0,4
C1b-B,0.125,00005garden|101|1|12,100,21,7,,,00005garden,,24,0,3
C1b-B,0.16,00005garden|101|1|12,100,21,8,,,00005garden,,25,0,4
C1b-B,0.16,00005garden|101|1|12,100,21,9,,,00005garden,,25,0,4
C1b-B,0.08,00005garden|101|1|12,100,21,10,,,00005garden,,25,0,2
C1b-B,0.08,00005garden|101|1|12,100,21,11,,,00005garden,,25,0,2
C1b-B,0.12,00005garden|101|1|12,100,21,12,,,00005garden,,25,0,3
C1b-B,0.08,00005garden|101|1|12,100,21,13,,,00005garden,,25,0,2
C1b-B,0.08,00005garden|101|1|12,100,21,14,,,00005garden,,25,0,2
C1b-B,0.11538461538461539,00005garden|101|1|12,100,21,15,,,00005garden,,26,0,3
C1b-B,0.11538461538461539,00005garden|101|1|12,100,21,16,,,00005garden,,26,0,3
C1b-B,0.11538461538461539,00005garden|101|1|12,100,21,17,,,00005garden,,26,0,3
C1b-B,0.19230769230769232,00005garden|101|1|12,100,21,18,,,00005garden,,26,0,5
C1b-B,0.11538461538461539,00005garden|101|1|12,100,21,19,,,00005garden,,26,0,3
C1b-B,0.1111111111111111,00005garden|101|1|12,100,21,20,,,00005garden,,27,0,3
C1b-C,0.1111111111111111,00005garden|101|1|12,100,21,1,,,00005garden,,27,0,3
C1b-C,0.08,00005garden|101|1|12,100,21,2,,,00005garden,,25,0,2
C1b-C,0.11538461538461539,00005garden|101|1|12,100,21,3,,,00005garden,,26,0,3
C1b-C,0.11538461538461539,00005garden|101|1|12,100,21,4,,,00005garden,,26,0,3
C1b-C,0.12,00005garden|101|1|12,100,21,5,,,00005garden,,25,0,3
C1b-C,0.16666666666666666,00005garden|101|1|12,100,21,6,,,00005garden,,24,0,4
C1b-C,0.125,00005garden|101|1|12,100,21,7,,,00005garden,,24,0,3
C1b-C,0.16,00005garden|101|1|12,100,21,8,,,00005garden,,25,0,4
C1b-C,0.16,00005garden|101|1|12,100,21,9,,,00005garden,,25,0,4
C1b-C,0.04,00005garden|101|1|12,100,21,10,,,00005garden,,25,0,1
C1b-C,0.08,00005garden|101|1|12,100,21,11,,,00005garden,,25,0,2
C1b-C,0.12,00005garden|101|1|12,100,21,12,,,00005garden,,25,0,3
C1b-C,0.08,00005garden|101|1|12,100,21,13,,,00005garden,,25,0,2
C1b-C,0.08,00005garden|101|1|12,100,21,14,,,00005garden,,25,0,2
C1b-C,0.11538461538461539,00005garden|101|1|12,100,21,15,,,00005garden,,26,0,3
C1b-C,0.11538461538461539,00005garden|101|1|12,100,21,16,,,00005garden,,26,0,3
C1b-C,0.11538461538461539,00005garden|101|1|12,100,21,17,,,00005garden,,26,0,3
C1b-C,0.11538461538461539,00005garden|101|1|12,100,21,18,,,00005garden,,26,0,3
C1b-C,0.11538461538461539,00005garden|101|1|12,100,21,19,,,00005garden,,26,0,3
C1b-C,0.1111111111111111,00005garden|101|1|12,100,21,20,,,00005garden,,27,0,3
_META,,00005garden|101|1|12,100,21,0,omitted_for_runtime,omitted_for_runtime,00005garden,,,0,
SHAM,0.11538461538461539,00005garden|122|1|11,121,21,1,,,00005garden,,26,0,3
SHAM,0.11538461538461539,00005garden|122|1|11,121,21,2,,,00005garden,,26,0,3
SHAM,0.08,00005garden|122|1|11,121,21,3,,,00005garden,,25,0,2
SHAM,0.11538461538461539,00005garden|122|1|11,121,21,4,,,00005garden,,26,0,3
SHAM,0.08,00005garden|122|1|11,121,21,5,,,00005garden,,25,0,2
SHAM,0.12,00005garden|122|1|11,121,21,6,,,00005garden,,25,0,3
SHAM,0.11538461538461539,00005garden|122|1|11,121,21,7,,,00005garden,,26,0,3
SHAM,0.11538461538461539,00005garden|122|1|11,121,21,8,,,00005garden,,26,0,3
SHAM,0.17391304347826086,00005garden|122|1|11,121,21,9,,,00005garden,,23,0,4
SHAM,0.043478260869565216,00005garden|122|1|11,121,21,10,,,00005garden,,23,0,1
SHAM,0.12,00005garden|122|1|11,121,21,11,,,00005garden,,25,0,3
SHAM,0.12,00005garden|122|1|11,121,21,12,,,00005garden,,25,0,3
SHAM,0.125,00005garden|122|1|11,121,21,13,,,00005garden,,24,0,3
SHAM,0.125,00005garden|122|1|11,121,21,14,,,00005garden,,24,0,3
SHAM,0.2,00005garden|122|1|11,121,21,15,,,00005garden,,25,0,5
SHAM,0.125,00005garden|122|1|11,121,21,16,,,00005garden,,24,0,3
SHAM,0.16666666666666666,00005garden|122|1|11,121,21,17,,,00005garden,,24,0,4
SHAM,0.125,00005garden|122|1|11,121,21,18,,,00005garden,,24,0,3
SHAM,0.15384615384615385,00005garden|122|1|11,121,21,19,,,00005garden,,26,0,4
SHAM,0.14814814814814814,00005garden|122|1|11,121,21,20,,,00005garden,,27,0,4
C1b-A,0.11538461538461539,00005garden|122|1|11,121,21,1,,,00005garden,,26,0,3
C1b-A,0.11538461538461539,00005garden|122|1|11,121,21,2,,,00005garden,,26,0,3
C1b-A,0.08,00005garden|122|1|11,121,21,3,,,00005garden,,25,0,2
C1b-A,0.12,00005garden|122|1|11,121,21,4,,,00005garden,,25,0,3
C1b-A,0.08,00005garden|122|1|11,121,21,5,,,00005garden,,25,0,2
C1b-A,0.12,00005garden|122|1|11,121,21,6,,,00005garden,,25,0,3
C1b-A,0.11538461538461539,00005garden|122|1|11,121,21,7,,,00005garden,,26,0,3
C1b-A,0.11538461538461539,00005garden|122|1|11,121,21,8,,,00005garden,,26,0,3
C1b-A,0.125,00005garden|122|1|11,121,21,9,,,00005garden,,24,0,3
C1b-A,0.043478260869565216,00005garden|122|1|11,121,21,10,,,00005garden,,23,0,1
C1b-A,0.12,00005garden|122|1|11,121,21,11,,,00005garden,,25,0,3
C1b-A,0.12,00005garden|122|1|11,121,21,12,,,00005garden,,25,0,3
C1b-A,0.125,00005garden|122|1|11,121,21,13,,,00005garden,,24,0,3
C1b-A,0.125,00005garden|122|1|11,121,21,14,,,00005garden,,24,0,3
C1b-A,0.12,00005garden|122|1|11,121,21,15,,,00005garden,,25,0,3
C1b-A,0.125,00005garden|122|1|11,121,21,16,,,00005garden,,24,0,3
C1b-A,0.08333333333333333,00005garden|122|1|11,121,21,17,,,00005garden,,24,0,2
C1b-A,0.125,00005garden|122|1|11,121,21,18,,,00005garden,,24,0,3
C1b-A,0.15384615384615385,00005garden|122|1|11,121,21,19,,,00005garden,,26,0,4
C1b-A,0.14814814814814814,00005garden|122|1|11,121,21,20,,,00005garden,,27,0,4
C1b-B,0.11538461538461539,00005garden|122|1|11,121,21,1,,,00005garden,,26,0,3
C1b-B,0.11538461538461539,00005garden|122|1|11,121,21,2,,,00005garden,,26,0,3
C1b-B,0.08,00005garden|122|1|11,121,21,3,,,00005garden,,25,0,2
C1b-B,0.11538461538461539,00005garden|122|1|11,121,21,4,,,00005garden,,26,0,3
C1b-B,0.08,00005garden|122|1|11,121,21,5,,,00005garden,,25,0,2
C1b-B,0.12,00005garden|122|1|11,121,21,6,,,00005garden,,25,0,3
C1b-B,0.11538461538461539,00005garden|122|1|11,121,21,7,,,00005garden,,26,0,3
C1b-B,0.11538461538461539,00005garden|122|1|11,121,21,8,,,00005garden,,26,0,3
C1b-B,0.17391304347826086,00005garden|122|1|11,121,21,9,,,00005garden,,23,0,4
C1b-B,0.043478260869565216,00005garden|122|1|11,121,21,10,,,00005garden,,23,0,1
C1b-B,0.12,00005garden|122|1|11,121,21,11,,,00005garden,,25,0,3
C1b-B,0.12,00005garden|122|1|11,121,21,12,,,00005garden,,25,0,3
C1b-B,0.125,00005garden|122|1|11,121,21,13,,,00005garden,,24,0,3
C1b-B,0.125,00005garden|122|1|11,121,21,14,,,00005garden,,24,0,3
C1b-B,0.2,00005garden|122|1|11,121,21,15,,,00005garden,,25,0,5
C1b-B,0.125,00005garden|122|1|11,121,21,16,,,00005garden,,24,0,3
C1b-B,0.16666666666666666,00005garden|122|1|11,121,21,17,,,00005garden,,24,0,4
C1b-B,0.125,00005garden|122|1|11,121,21,18,,,00005garden,,24,0,3
C1b-B,0.15384615384615385,00005garden|122|1|11,121,21,19,,,00005garden,,26,0,4
C1b-B,0.14814814814814814,00005garden|122|1|11,121,21,20,,,00005garden,,27,0,4
C1b-C,0.11538461538461539,00005garden|122|1|11,121,21,1,,,00005garden,,26,0,3
C1b-C,0.11538461538461539,00005garden|122|1|11,121,21,2,,,00005garden,,26,0,3
C1b-C,0.08,00005garden|122|1|11,121,21,3,,,00005garden,,25,0,2
C1b-C,0.12,00005garden|122|1|11,121,21,4,,,00005garden,,25,0,3
C1b-C,0.08,00005garden|122|1|11,121,21,5,,,00005garden,,25,0,2
C1b-C,0.12,00005garden|122|1|11,121,21,6,,,00005garden,,25,0,3
C1b-C,0.11538461538461539,00005garden|122|1|11,121,21,7,,,00005garden,,26,0,3
C1b-C,0.11538461538461539,00005garden|122|1|11,121,21,8,,,00005garden,,26,0,3
C1b-C,0.125,00005garden|122|1|11,121,21,9,,,00005garden,,24,0,3
C1b-C,0.043478260869565216,00005garden|122|1|11,121,21,10,,,00005garden,,23,0,1
C1b-C,0.12,00005garden|122|1|11,121,21,11,,,00005garden,,25,0,3
C1b-C,0.12,00005garden|122|1|11,121,21,12,,,00005garden,,25,0,3
C1b-C,0.125,00005garden|122|1|11,121,21,13,,,00005garden,,24,0,3
C1b-C,0.125,00005garden|122|1|11,121,21,14,,,00005garden,,24,0,3
C1b-C,0.12,00005garden|122|1|11,121,21,15,,,00005garden,,25,0,3
C1b-C,0.125,00005garden|122|1|11,121,21,16,,,00005garden,,24,0,3
C1b-C,0.08333333333333333,00005garden|122|1|11,121,21,17,,,00005garden,,24,0,2
C1b-C,0.125,00005garden|122|1|11,121,21,18,,,00005garden,,24,0,3
C1b-C,0.15384615384615385,00005garden|122|1|11,121,21,19,,,00005garden,,26,0,4
C1b-C,0.14814814814814814,00005garden|122|1|11,121,21,20,,,00005garden,,27,0,4
_META,,00005garden|122|1|11,121,21,0,omitted_for_runtime,omitted_for_runtime,00005garden,,,0,
SHAM,0.14814814814814814,00005garden|141|1|18,140,15,1,,,00005garden,,27,0,4
SHAM,0.2222222222222222,00005garden|141|1|18,140,15,2,,,00005garden,,27,0,6
SHAM,0.14814814814814814,00005garden|141|1|18,140,15,3,,,00005garden,,27,0,4
SHAM,0.16,00005garden|141|1|18,140,15,4,,,00005garden,,25,0,4
SHAM,0.08333333333333333,00005garden|141|1|18,140,15,5,,,00005garden,,24,0,2
SHAM,0.11538461538461539,00005garden|141|1|18,140,15,6,,,00005garden,,26,0,3
SHAM,0.14814814814814814,00005garden|141|1|18,140,15,7,,,00005garden,,27,0,4
SHAM,0.1111111111111111,00005garden|141|1|18,140,15,8,,,00005garden,,27,0,3
SHAM,0.12,00005garden|141|1|18,140,15,9,,,00005garden,,25,0,3
SHAM,0.11538461538461539,00005garden|141|1|18,140,15,10,,,00005garden,,26,0,3
SHAM,0.08,00005garden|141|1|18,140,15,11,,,00005garden,,25,0,2
SHAM,0.07692307692307693,00005garden|141|1|18,140,15,12,,,00005garden,,26,0,2
SHAM,0.11538461538461539,00005garden|141|1|18,140,15,13,,,00005garden,,26,0,3
SHAM,0.07692307692307693,00005garden|141|1|18,140,15,14,,,00005garden,,26,0,2
SHAM,0.08,00005garden|141|1|18,140,15,15,,,00005garden,,25,0,2
SHAM,0.11538461538461539,00005garden|141|1|18,140,15,16,,,00005garden,,26,0,3
SHAM,0.1111111111111111,00005garden|141|1|18,140,15,17,,,00005garden,,27,0,3
SHAM,0.08,00005garden|141|1|18,140,15,18,,,00005garden,,25,0,2
SHAM,0.043478260869565216,00005garden|141|1|18,140,15,19,,,00005garden,,23,0,1
SHAM,0.041666666666666664,00005garden|141|1|18,140,15,20,,,00005garden,,24,0,1
C1b-A,0.14814814814814814,00005garden|141|1|18,140,15,1,,,00005garden,,27,0,4
C1b-A,0.2222222222222222,00005garden|141|1|18,140,15,2,,,00005garden,,27,0,6
C1b-A,0.14814814814814814,00005garden|141|1|18,140,15,3,,,00005garden,,27,0,4
C1b-A,0.16,00005garden|141|1|18,140,15,4,,,00005garden,,25,0,4
C1b-A,0.08333333333333333,00005garden|141|1|18,140,15,5,,,00005garden,,24,0,2
C1b-A,0.11538461538461539,00005garden|141|1|18,140,15,6,,,00005garden,,26,0,3
C1b-A,0.1111111111111111,00005garden|141|1|18,140,15,7,,,00005garden,,27,0,3
C1b-A,0.1111111111111111,00005garden|141|1|18,140,15,8,,,00005garden,,27,0,3
C1b-A,0.12,00005garden|141|1|18,140,15,9,,,00005garden,,25,0,3
C1b-A,0.11538461538461539,00005garden|141|1|18,140,15,10,,,00005garden,,26,0,3
C1b-A,0.08,00005garden|141|1|18,140,15,11,,,00005garden,,25,0,2
C1b-A,0.07692307692307693,00005garden|141|1|18,140,15,12,,,00005garden,,26,0,2
C1b-A,0.11538461538461539,00005garden|141|1|18,140,15,13,,,00005garden,,26,0,3
C1b-A,0.07692307692307693,00005garden|141|1|18,140,15,14,,,00005garden,,26,0,2
C1b-A,0.08,00005garden|141|1|18,140,15,15,,,00005garden,,25,0,2
C1b-A,0.11538461538461539,00005garden|141|1|18,140,15,16,,,00005garden,,26,0,3
C1b-A,0.1111111111111111,00005garden|141|1|18,140,15,17,,,00005garden,,27,0,3
C1b-A,0.08,00005garden|141|1|18,140,15,18,,,00005garden,,25,0,2
C1b-A,0.043478260869565216,00005garden|141|1|18,140,15,19,,,00005garden,,23,0,1
C1b-A,0.041666666666666664,00005garden|141|1|18,140,15,20,,,00005garden,,24,0,1
C1b-B,0.14814814814814814,00005garden|141|1|18,140,15,1,,,00005garden,,27,0,4
C1b-B,0.2222222222222222,00005garden|141|1|18,140,15,2,,,00005garden,,27,0,6
C1b-B,0.14814814814814814,00005garden|141|1|18,140,15,3,,,00005garden,,27,0,4
C1b-B,0.16,00005garden|141|1|18,140,15,4,,,00005garden,,25,0,4
C1b-B,0.08333333333333333,00005garden|141|1|18,140,15,5,,,00005garden,,24,0,2
C1b-B,0.11538461538461539,00005garden|141|1|18,140,15,6,,,00005garden,,26,0,3
C1b-B,0.14814814814814814,00005garden|141|1|18,140,15,7,,,00005garden,,27,0,4
C1b-B,0.1111111111111111,00005garden|141|1|18,140,15,8,,,00005garden,,27,0,3
C1b-B,0.12,00005garden|141|1|18,140,15,9,,,00005garden,,25,0,3
C1b-B,0.11538461538461539,00005garden|141|1|18,140,15,10,,,00005garden,,26,0,3
C1b-B,0.08,00005garden|141|1|18,140,15,11,,,00005garden,,25,0,2
C1b-B,0.07692307692307693,00005garden|141|1|18,140,15,12,,,00005garden,,26,0,2
C1b-B,0.11538461538461539,00005garden|141|1|18,140,15,13,,,00005garden,,26,0,3
C1b-B,0.07692307692307693,00005garden|141|1|18,140,15,14,,,00005garden,,26,0,2
C1b-B,0.08,00005garden|141|1|18,140,15,15,,,00005garden,,25,0,2
C1b-B,0.11538461538461539,00005garden|141|1|18,140,15,16,,,00005garden,,26,0,3
C1b-B,0.1111111111111111,00005garden|141|1|18,140,15,17,,,00005garden,,27,0,3
C1b-B,0.08,00005garden|141|1|18,140,15,18,,,00005garden,,25,0,2
C1b-B,0.043478260869565216,00005garden|141|1|18,140,15,19,,,00005garden,,23,0,1
C1b-B,0.041666666666666664,00005garden|141|1|18,140,15,20,,,00005garden,,24,0,1
C1b-C,0.14814814814814814,00005garden|141|1|18,140,15,1,,,00005garden,,27,0,4
C1b-C,0.2222222222222222,00005garden|141|1|18,140,15,2,,,00005garden,,27,0,6
C1b-C,0.14814814814814814,00005garden|141|1|18,140,15,3,,,00005garden,,27,0,4
C1b-C,0.16,00005garden|141|1|18,140,15,4,,,00005garden,,25,0,4
C1b-C,0.08333333333333333,00005garden|141|1|18,140,15,5,,,00005garden,,24,0,2
C1b-C,0.11538461538461539,00005garden|141|1|18,140,15,6,,,00005garden,,26,0,3
C1b-C,0.1111111111111111,00005garden|141|1|18,140,15,7,,,00005garden,,27,0,3
C1b-C,0.1111111111111111,00005garden|141|1|18,140,15,8,,,00005garden,,27,0,3
C1b-C,0.12,00005garden|141|1|18,140,15,9,,,00005garden,,25,0,3
C1b-C,0.11538461538461539,00005garden|141|1|18,140,15,10,,,00005garden,,26,0,3
C1b-C,0.08,00005garden|141|1|18,140,15,11,,,00005garden,,25,0,2
C1b-C,0.07692307692307693,00005garden|141|1|18,140,15,12,,,00005garden,,26,0,2
C1b-C,0.11538461538461539,00005garden|141|1|18,140,15,13,,,00005garden,,26,0,3
C1b-C,0.07692307692307693,00005garden|141|1|18,140,15,14,,,00005garden,,26,0,2
C1b-C,0.08,00005garden|141|1|18,140,15,15,,,00005garden,,25,0,2
C1b-C,0.11538461538461539,00005garden|141|1|18,140,15,16,,,00005garden,,26,0,3
C1b-C,0.1111111111111111,00005garden|141|1|18,140,15,17,,,00005garden,,27,0,3
C1b-C,0.08,00005garden|141|1|18,140,15,18,,,00005garden,,25,0,2
C1b-C,0.043478260869565216,00005garden|141|1|18,140,15,19,,,00005garden,,23,0,1
C1b-C,0.041666666666666664,00005garden|141|1|18,140,15,20,,,00005garden,,24,0,1
_META,,00005garden|141|1|18,140,15,0,omitted_for_runtime,omitted_for_runtime,00005garden,,,0,
SHAM,0.14814814814814814,00005garden|143|1|9,142,21,1,,,00005garden,,27,0,4
SHAM,0.16,00005garden|143|1|9,142,21,2,,,00005garden,,25,0,4
SHAM,0.08333333333333333,00005garden|143|1|9,142,21,3,,,00005garden,,24,0,2
SHAM,0.11538461538461539,00005garden|143|1|9,142,21,4,,,00005garden,,26,0,3
SHAM,0.14814814814814814,00005garden|143|1|9,142,21,5,,,00005garden,,27,0,4
SHAM,0.1111111111111111,00005garden|143|1|9,142,21,6,,,00005garden,,27,0,3
SHAM,0.12,00005garden|143|1|9,142,21,7,,,00005garden,,25,0,3
SHAM,0.11538461538461539,00005garden|143|1|9,142,21,8,,,00005garden,,26,0,3
SHAM,0.08,00005garden|143|1|9,142,21,9,,,00005garden,,25,0,2
SHAM,0.07692307692307693,00005garden|143|1|9,142,21,10,,,00005garden,,26,0,2
SHAM,0.11538461538461539,00005garden|143|1|9,142,21,11,,,00005garden,,26,0,3
SHAM,0.07692307692307693,00005garden|143|1|9,142,21,12,,,00005garden,,26,0,2
SHAM,0.08,00005garden|143|1|9,142,21,13,,,00005garden,,25,0,2
SHAM,0.11538461538461539,00005garden|143|1|9,142,21,14,,,00005garden,,26,0,3
SHAM,0.1111111111111111,00005garden|143|1|9,142,21,15,,,00005garden,,27,0,3
SHAM,0.08,00005garden|143|1|9,142,21,16,,,00005garden,,25,0,2
SHAM,0.043478260869565216,00005garden|143|1|9,142,21,17,,,00005garden,,23,0,1
SHAM,0.041666666666666664,00005garden|143|1|9,142,21,18,,,00005garden,,24,0,1
SHAM,0.08,00005garden|143|1|9,142,21,19,,,00005garden,,25,0,2
SHAM,0.041666666666666664,00005garden|143|1|9,142,21,20,,,00005garden,,24,0,1
C1b-A,0.14814814814814814,00005garden|143|1|9,142,21,1,,,00005garden,,27,0,4
C1b-A,0.16,00005garden|143|1|9,142,21,2,,,00005garden,,25,0,4
C1b-A,0.08333333333333333,00005garden|143|1|9,142,21,3,,,00005garden,,24,0,2
C1b-A,0.11538461538461539,00005garden|143|1|9,142,21,4,,,00005garden,,26,0,3
C1b-A,0.14814814814814814,00005garden|143|1|9,142,21,5,,,00005garden,,27,0,4
C1b-A,0.1111111111111111,00005garden|143|1|9,142,21,6,,,00005garden,,27,0,3
C1b-A,0.12,00005garden|143|1|9,142,21,7,,,00005garden,,25,0,3
C1b-A,0.11538461538461539,00005garden|143|1|9,142,21,8,,,00005garden,,26,0,3
C1b-A,0.07692307692307693,00005garden|143|1|9,142,21,9,,,00005garden,,26,0,2
C1b-A,0.07692307692307693,00005garden|143|1|9,142,21,10,,,00005garden,,26,0,2
C1b-A,0.11538461538461539,00005garden|143|1|9,142,21,11,,,00005garden,,26,0,3
C1b-A,0.07692307692307693,00005garden|143|1|9,142,21,12,,,00005garden,,26,0,2
C1b-A,0.07692307692307693,00005garden|143|1|9,142,21,13,,,00005garden,,26,0,2
C1b-A,0.11538461538461539,00005garden|143|1|9,142,21,14,,,00005garden,,26,0,3
C1b-A,0.1111111111111111,00005garden|143|1|9,142,21,15,,,00005garden,,27,0,3
C1b-A,0.08,00005garden|143|1|9,142,21,16,,,00005garden,,25,0,2
C1b-A,0.043478260869565216,00005garden|143|1|9,142,21,17,,,00005garden,,23,0,1
C1b-A,0.041666666666666664,00005garden|143|1|9,142,21,18,,,00005garden,,24,0,1
C1b-A,0.08,00005garden|143|1|9,142,21,19,,,00005garden,,25,0,2
C1b-A,0.041666666666666664,00005garden|143|1|9,142,21,20,,,00005garden,,24,0,1
C1b-B,0.14814814814814814,00005garden|143|1|9,142,21,1,,,00005garden,,27,0,4
C1b-B,0.16,00005garden|143|1|9,142,21,2,,,00005garden,,25,0,4
C1b-B,0.08333333333333333,00005garden|143|1|9,142,21,3,,,00005garden,,24,0,2
C1b-B,0.11538461538461539,00005garden|143|1|9,142,21,4,,,00005garden,,26,0,3
C1b-B,0.14814814814814814,00005garden|143|1|9,142,21,5,,,00005garden,,27,0,4
C1b-B,0.1111111111111111,00005garden|143|1|9,142,21,6,,,00005garden,,27,0,3
C1b-B,0.12,00005garden|143|1|9,142,21,7,,,00005garden,,25,0,3
C1b-B,0.11538461538461539,00005garden|143|1|9,142,21,8,,,00005garden,,26,0,3
C1b-B,0.08,00005garden|143|1|9,142,21,9,,,00005garden,,25,0,2
C1b-B,0.07692307692307693,00005garden|143|1|9,142,21,10,,,00005garden,,26,0,2
C1b-B,0.11538461538461539,00005garden|143|1|9,142,21,11,,,00005garden,,26,0,3
C1b-B,0.07692307692307693,00005garden|143|1|9,142,21,12,,,00005garden,,26,0,2
C1b-B,0.08,00005garden|143|1|9,142,21,13,,,00005garden,,25,0,2
C1b-B,0.11538461538461539,00005garden|143|1|9,142,21,14,,,00005garden,,26,0,3
C1b-B,0.1111111111111111,00005garden|143|1|9,142,21,15,,,00005garden,,27,0,3
C1b-B,0.08,00005garden|143|1|9,142,21,16,,,00005garden,,25,0,2
C1b-B,0.043478260869565216,00005garden|143|1|9,142,21,17,,,00005garden,,23,0,1
C1b-B,0.041666666666666664,00005garden|143|1|9,142,21,18,,,00005garden,,24,0,1
C1b-B,0.08,00005garden|143|1|9,142,21,19,,,00005garden,,25,0,2
C1b-B,0.041666666666666664,00005garden|143|1|9,142,21,20,,,00005garden,,24,0,1
C1b-C,0.14814814814814814,00005garden|143|1|9,142,21,1,,,00005garden,,27,0,4
C1b-C,0.16,00005garden|143|1|9,142,21,2,,,00005garden,,25,0,4
C1b-C,0.08333333333333333,00005garden|143|1|9,142,21,3,,,00005garden,,24,0,2
C1b-C,0.11538461538461539,00005garden|143|1|9,142,21,4,,,00005garden,,26,0,3
C1b-C,0.14814814814814814,00005garden|143|1|9,142,21,5,,,00005garden,,27,0,4
C1b-C,0.1111111111111111,00005garden|143|1|9,142,21,6,,,00005garden,,27,0,3
C1b-C,0.12,00005garden|143|1|9,142,21,7,,,00005garden,,25,0,3
C1b-C,0.11538461538461539,00005garden|143|1|9,142,21,8,,,00005garden,,26,0,3
C1b-C,0.07692307692307693,00005garden|143|1|9,142,21,9,,,00005garden,,26,0,2
C1b-C,0.07692307692307693,00005garden|143|1|9,142,21,10,,,00005garden,,26,0,2
C1b-C,0.11538461538461539,00005garden|143|1|9,142,21,11,,,00005garden,,26,0,3
C1b-C,0.07692307692307693,00005garden|143|1|9,142,21,12,,,00005garden,,26,0,2
C1b-C,0.07692307692307693,00005garden|143|1|9,142,21,13,,,00005garden,,26,0,2
C1b-C,0.11538461538461539,00005garden|143|1|9,142,21,14,,,00005garden,,26,0,3
C1b-C,0.1111111111111111,00005garden|143|1|9,142,21,15,,,00005garden,,27,0,3
C1b-C,0.08,00005garden|143|1|9,142,21,16,,,00005garden,,25,0,2
C1b-C,0.043478260869565216,00005garden|143|1|9,142,21,17,,,00005garden,,23,0,1
C1b-C,0.041666666666666664,00005garden|143|1|9,142,21,18,,,00005garden,,24,0,1
C1b-C,0.08,00005garden|143|1|9,142,21,19,,,00005garden,,25,0,2
C1b-C,0.041666666666666664,00005garden|143|1|9,142,21,20,,,00005garden,,24,0,1
_META,,00005garden|143|1|9,142,21,0,omitted_for_runtime,omitted_for_runtime,00005garden,,,0,
SHAM,0.07407407407407407,00005garden|176|1|18,175,15,1,,,00005garden,,27,0,2
SHAM,0.043478260869565216,00005garden|176|1|18,175,15,2,,,00005garden,,23,0,1
SHAM,0.08,00005garden|176|1|18,175,15,3,,,00005garden,,25,0,2
SHAM,0.041666666666666664,00005garden|176|1|18,175,15,4,,,00005garden,,24,0,1
SHAM,0.04,00005garden|176|1|18,175,15,5,,,00005garden,,25,0,1
SHAM,0.04,00005garden|176|1|18,175,15,6,,,00005garden,,25,0,1
SHAM,0.04,00005garden|176|1|18,175,15,7,,,00005garden,,25,0,1
SHAM,0.04,00005garden|176|1|18,175,15,8,,,00005garden,,25,0,1
SHAM,0.038461538461538464,00005garden|176|1|18,175,15,9,,,00005garden,,26,0,1
SHAM,0.08,00005garden|176|1|18,175,15,10,,,00005garden,,25,0,2
SHAM,0.038461538461538464,00005garden|176|1|18,175,15,11,,,00005garden,,26,0,1
SHAM,0.038461538461538464,00005garden|176|1|18,175,15,12,,,00005garden,,26,0,1
SHAM,0.1111111111111111,00005garden|176|1|18,175,15,13,,,00005garden,,27,0,3
SHAM,0.10714285714285714,00005garden|176|1|18,175,15,14,,,00005garden,,28,0,3
SHAM,0.10714285714285714,00005garden|176|1|18,175,15,15,,,00005garden,,28,0,3
SHAM,0.10714285714285714,00005garden|176|1|18,175,15,16,,,00005garden,,28,0,3
SHAM,0.1111111111111111,00005garden|176|1|18,175,15,17,,,00005garden,,27,0,3
SHAM,0.04,00005garden|176|1|18,175,15,18,,,00005garden,,25,0,1
SHAM,0.08,00005garden|176|1|18,175,15,19,,,00005garden,,25,0,2
SHAM,0.07407407407407407,00005garden|176|1|18,175,15,20,,,00005garden,,27,0,2
C1b-A,0.07407407407407407,00005garden|176|1|18,175,15,1,,,00005garden,,27,0,2
C1b-A,0.043478260869565216,00005garden|176|1|18,175,15,2,,,00005garden,,23,0,1
C1b-A,0.08,00005garden|176|1|18,175,15,3,,,00005garden,,25,0,2
C1b-A,0.041666666666666664,00005garden|176|1|18,175,15,4,,,00005garden,,24,0,1
C1b-A,0.04,00005garden|176|1|18,175,15,5,,,00005garden,,25,0,1
C1b-A,0.04,00005garden|176|1|18,175,15,6,,,00005garden,,25,0,1
C1b-A,0.04,00005garden|176|1|18,175,15,7,,,00005garden,,25,0,1
C1b-A,0.04,00005garden|176|1|18,175,15,8,,,00005garden,,25,0,1
C1b-A,0.038461538461538464,00005garden|176|1|18,175,15,9,,,00005garden,,26,0,1
C1b-A,0.08,00005garden|176|1|18,175,15,10,,,00005garden,,25,0,2
C1b-A,0.038461538461538464,00005garden|176|1|18,175,15,11,,,00005garden,,26,0,1
C1b-A,0.038461538461538464,00005garden|176|1|18,175,15,12,,,00005garden,,26,0,1
C1b-A,0.1111111111111111,00005garden|176|1|18,175,15,13,,,00005garden,,27,0,3
C1b-A,0.10714285714285714,00005garden|176|1|18,175,15,14,,,00005garden,,28,0,3
C1b-A,0.10714285714285714,00005garden|176|1|18,175,15,15,,,00005garden,,28,0,3
C1b-A,0.10714285714285714,00005garden|176|1|18,175,15,16,,,00005garden,,28,0,3
C1b-A,0.1111111111111111,00005garden|176|1|18,175,15,17,,,00005garden,,27,0,3
C1b-A,0.04,00005garden|176|1|18,175,15,18,,,00005garden,,25,0,1
C1b-A,0.08,00005garden|176|1|18,175,15,19,,,00005garden,,25,0,2
C1b-A,0.07407407407407407,00005garden|176|1|18,175,15,20,,,00005garden,,27,0,2
C1b-B,0.07407407407407407,00005garden|176|1|18,175,15,1,,,00005garden,,27,0,2
C1b-B,0.043478260869565216,00005garden|176|1|18,175,15,2,,,00005garden,,23,0,1
C1b-B,0.08,00005garden|176|1|18,175,15,3,,,00005garden,,25,0,2
C1b-B,0.041666666666666664,00005garden|176|1|18,175,15,4,,,00005garden,,24,0,1
C1b-B,0.04,00005garden|176|1|18,175,15,5,,,00005garden,,25,0,1
C1b-B,0.04,00005garden|176|1|18,175,15,6,,,00005garden,,25,0,1
C1b-B,0.04,00005garden|176|1|18,175,15,7,,,00005garden,,25,0,1
C1b-B,0.04,00005garden|176|1|18,175,15,8,,,00005garden,,25,0,1
C1b-B,0.038461538461538464,00005garden|176|1|18,175,15,9,,,00005garden,,26,0,1
C1b-B,0.08,00005garden|176|1|18,175,15,10,,,00005garden,,25,0,2
C1b-B,0.038461538461538464,00005garden|176|1|18,175,15,11,,,00005garden,,26,0,1
C1b-B,0.038461538461538464,00005garden|176|1|18,175,15,12,,,00005garden,,26,0,1
C1b-B,0.1111111111111111,00005garden|176|1|18,175,15,13,,,00005garden,,27,0,3
C1b-B,0.10714285714285714,00005garden|176|1|18,175,15,14,,,00005garden,,28,0,3
C1b-B,0.10714285714285714,00005garden|176|1|18,175,15,15,,,00005garden,,28,0,3
C1b-B,0.10714285714285714,00005garden|176|1|18,175,15,16,,,00005garden,,28,0,3
C1b-B,0.1111111111111111,00005garden|176|1|18,175,15,17,,,00005garden,,27,0,3
C1b-B,0.04,00005garden|176|1|18,175,15,18,,,00005garden,,25,0,1
C1b-B,0.08,00005garden|176|1|18,175,15,19,,,00005garden,,25,0,2
C1b-B,0.07407407407407407,00005garden|176|1|18,175,15,20,,,00005garden,,27,0,2
C1b-C,0.07407407407407407,00005garden|176|1|18,175,15,1,,,00005garden,,27,0,2
C1b-C,0.043478260869565216,00005garden|176|1|18,175,15,2,,,00005garden,,23,0,1
C1b-C,0.08,00005garden|176|1|18,175,15,3,,,00005garden,,25,0,2
C1b-C,0.041666666666666664,00005garden|176|1|18,175,15,4,,,00005garden,,24,0,1
C1b-C,0.04,00005garden|176|1|18,175,15,5,,,00005garden,,25,0,1
C1b-C,0.04,00005garden|176|1|18,175,15,6,,,00005garden,,25,0,1
C1b-C,0.04,00005garden|176|1|18,175,15,7,,,00005garden,,25,0,1
C1b-C,0.04,00005garden|176|1|18,175,15,8,,,00005garden,,25,0,1
C1b-C,0.038461538461538464,00005garden|176|1|18,175,15,9,,,00005garden,,26,0,1
C1b-C,0.08,00005garden|176|1|18,175,15,10,,,00005garden,,25,0,2
C1b-C,0.038461538461538464,00005garden|176|1|18,175,15,11,,,00005garden,,26,0,1
C1b-C,0.038461538461538464,00005garden|176|1|18,175,15,12,,,00005garden,,26,0,1
C1b-C,0.1111111111111111,00005garden|176|1|18,175,15,13,,,00005garden,,27,0,3
C1b-C,0.10714285714285714,00005garden|176|1|18,175,15,14,,,00005garden,,28,0,3
C1b-C,0.10714285714285714,00005garden|176|1|18,175,15,15,,,00005garden,,28,0,3
C1b-C,0.10714285714285714,00005garden|176|1|18,175,15,16,,,00005garden,,28,0,3
C1b-C,0.1111111111111111,00005garden|176|1|18,175,15,17,,,00005garden,,27,0,3
C1b-C,0.04,00005garden|176|1|18,175,15,18,,,00005garden,,25,0,1
C1b-C,0.08,00005garden|176|1|18,175,15,19,,,00005garden,,25,0,2
C1b-C,0.07407407407407407,00005garden|176|1|18,175,15,20,,,00005garden,,27,0,2
_META,,00005garden|176|1|18,175,15,0,omitted_for_runtime,omitted_for_runtime,00005garden,,,0,
SHAM,0.08695652173913043,00005garden|211|1|19,210,15,1,,,00005garden,,23,0,2
SHAM,0.08695652173913043,00005garden|211|1|19,210,15,2,,,00005garden,,23,0,2
SHAM,0.08695652173913043,00005garden|211|1|19,210,15,3,,,00005garden,,23,0,2
SHAM,0.08695652173913043,00005garden|211|1|19,210,15,4,,,00005garden,,23,0,2
SHAM,0.13043478260869565,00005garden|211|1|19,210,15,5,,,00005garden,,23,0,3
SHAM,0.08333333333333333,00005garden|211|1|19,210,15,6,,,00005garden,,24,0,2
SHAM,0.16,00005garden|211|1|19,210,15,7,,,00005garden,,25,0,4
SHAM,0.08333333333333333,00005garden|211|1|19,210,15,8,,,00005garden,,24,0,2
SHAM,0.08333333333333333,00005garden|211|1|19,210,15,9,,,00005garden,,24,0,2
SHAM,0.08333333333333333,00005garden|211|1|19,210,15,10,,,00005garden,,24,0,2
SHAM,0.08333333333333333,00005garden|211|1|19,210,15,11,,,00005garden,,24,0,2
SHAM,0.08333333333333333,00005garden|211|1|19,210,15,12,,,00005garden,,24,0,2
SHAM,0.12,00005garden|211|1|19,210,15,13,,,00005garden,,25,0,3
SHAM,0.12,00005garden|211|1|19,210,15,14,,,00005garden,,25,0,3
SHAM,0.12,00005garden|211|1|19,210,15,15,,,00005garden,,25,0,3
SHAM,0.12,00005garden|211|1|19,210,15,16,,,00005garden,,25,0,3
SHAM,0.12,00005garden|211|1|19,210,15,17,,,00005garden,,25,0,3
SHAM,0.125,00005garden|211|1|19,210,15,18,,,00005garden,,24,0,3
SHAM,0.12,00005garden|211|1|19,210,15,19,,,00005garden,,25,0,3
SHAM,0.13043478260869565,00005garden|211|1|19,210,15,20,,,00005garden,,23,0,3
C1b-A,0.08695652173913043,00005garden|211|1|19,210,15,1,,,00005garden,,23,0,2
C1b-A,0.08695652173913043,00005garden|211|1|19,210,15,2,,,00005garden,,23,0,2
C1b-A,0.08695652173913043,00005garden|211|1|19,210,15,3,,,00005garden,,23,0,2
C1b-A,0.08695652173913043,00005garden|211|1|19,210,15,4,,,00005garden,,23,0,2
C1b-A,0.13043478260869565,00005garden|211|1|19,210,15,5,,,00005garden,,23,0,3
C1b-A,0.08333333333333333,00005garden|211|1|19,210,15,6,,,00005garden,,24,0,2
C1b-A,0.16,00005garden|211|1|19,210,15,7,,,00005garden,,25,0,4
C1b-A,0.08333333333333333,00005garden|211|1|19,210,15,8,,,00005garden,,24,0,2
C1b-A,0.08333333333333333,00005garden|211|1|19,210,15,9,,,00005garden,,24,0,2
C1b-A,0.08333333333333333,00005garden|211|1|19,210,15,10,,,00005garden,,24,0,2
C1b-A,0.08333333333333333,00005garden|211|1|19,210,15,11,,,00005garden,,24,0,2
C1b-A,0.08333333333333333,00005garden|211|1|19,210,15,12,,,00005garden,,24,0,2
C1b-A,0.12,00005garden|211|1|19,210,15,13,,,00005garden,,25,0,3
C1b-A,0.12,00005garden|211|1|19,210,15,14,,,00005garden,,25,0,3
C1b-A,0.12,00005garden|211|1|19,210,15,15,,,00005garden,,25,0,3
C1b-A,0.12,00005garden|211|1|19,210,15,16,,,00005garden,,25,0,3
C1b-A,0.12,00005garden|211|1|19,210,15,17,,,00005garden,,25,0,3
C1b-A,0.125,00005garden|211|1|19,210,15,18,,,00005garden,,24,0,3
C1b-A,0.12,00005garden|211|1|19,210,15,19,,,00005garden,,25,0,3
C1b-A,0.13043478260869565,00005garden|211|1|19,210,15,20,,,00005garden,,23,0,3
C1b-B,0.08695652173913043,00005garden|211|1|19,210,15,1,,,00005garden,,23,0,2
C1b-B,0.08695652173913043,00005garden|211|1|19,210,15,2,,,00005garden,,23,0,2
C1b-B,0.08695652173913043,00005garden|211|1|19,210,15,3,,,00005garden,,23,0,2
C1b-B,0.08695652173913043,00005garden|211|1|19,210,15,4,,,00005garden,,23,0,2
C1b-B,0.13043478260869565,00005garden|211|1|19,210,15,5,,,00005garden,,23,0,3
C1b-B,0.08333333333333333,00005garden|211|1|19,210,15,6,,,00005garden,,24,0,2
C1b-B,0.16,00005garden|211|1|19,210,15,7,,,00005garden,,25,0,4
C1b-B,0.08333333333333333,00005garden|211|1|19,210,15,8,,,00005garden,,24,0,2
C1b-B,0.08333333333333333,00005garden|211|1|19,210,15,9,,,00005garden,,24,0,2
C1b-B,0.08333333333333333,00005garden|211|1|19,210,15,10,,,00005garden,,24,0,2
C1b-B,0.08333333333333333,00005garden|211|1|19,210,15,11,,,00005garden,,24,0,2
C1b-B,0.08333333333333333,00005garden|211|1|19,210,15,12,,,00005garden,,24,0,2
C1b-B,0.12,00005garden|211|1|19,210,15,13,,,00005garden,,25,0,3
C1b-B,0.12,00005garden|211|1|19,210,15,14,,,00005garden,,25,0,3
C1b-B,0.12,00005garden|211|1|19,210,15,15,,,00005garden,,25,0,3
C1b-B,0.12,00005garden|211|1|19,210,15,16,,,00005garden,,25,0,3
C1b-B,0.12,00005garden|211|1|19,210,15,17,,,00005garden,,25,0,3
C1b-B,0.125,00005garden|211|1|19,210,15,18,,,00005garden,,24,0,3
C1b-B,0.12,00005garden|211|1|19,210,15,19,,,00005garden,,25,0,3
C1b-B,0.13043478260869565,00005garden|211|1|19,210,15,20,,,00005garden,,23,0,3
C1b-C,0.08695652173913043,00005garden|211|1|19,210,15,1,,,00005garden,,23,0,2
C1b-C,0.08695652173913043,00005garden|211|1|19,210,15,2,,,00005garden,,23,0,2
C1b-C,0.08695652173913043,00005garden|211|1|19,210,15,3,,,00005garden,,23,0,2
C1b-C,0.08695652173913043,00005garden|211|1|19,210,15,4,,,00005garden,,23,0,2
C1b-C,0.13043478260869565,00005garden|211|1|19,210,15,5,,,00005garden,,23,0,3
C1b-C,0.08333333333333333,00005garden|211|1|19,210,15,6,,,00005garden,,24,0,2
C1b-C,0.16,00005garden|211|1|19,210,15,7,,,00005garden,,25,0,4
C1b-C,0.08333333333333333,00005garden|211|1|19,210,15,8,,,00005garden,,24,0,2
C1b-C,0.08333333333333333,00005garden|211|1|19,210,15,9,,,00005garden,,24,0,2
C1b-C,0.08333333333333333,00005garden|211|1|19,210,15,10,,,00005garden,,24,0,2
C1b-C,0.08333333333333333,00005garden|211|1|19,210,15,11,,,00005garden,,24,0,2
C1b-C,0.08333333333333333,00005garden|211|1|19,210,15,12,,,00005garden,,24,0,2
C1b-C,0.12,00005garden|211|1|19,210,15,13,,,00005garden,,25,0,3
C1b-C,0.12,00005garden|211|1|19,210,15,14,,,00005garden,,25,0,3
C1b-C,0.12,00005garden|211|1|19,210,15,15,,,00005garden,,25,0,3
C1b-C,0.12,00005garden|211|1|19,210,15,16,,,00005garden,,25,0,3
C1b-C,0.12,00005garden|211|1|19,210,15,17,,,00005garden,,25,0,3
C1b-C,0.125,00005garden|211|1|19,210,15,18,,,00005garden,,24,0,3
C1b-C,0.12,00005garden|211|1|19,210,15,19,,,00005garden,,25,0,3
C1b-C,0.13043478260869565,00005garden|211|1|19,210,15,20,,,00005garden,,23,0,3
_META,,00005garden|211|1|19,210,15,0,omitted_for_runtime,omitted_for_runtime,00005garden,,,0,
SHAM,0.08333333333333333,00005garden|216|1|18,215,11,1,,,00005garden,,24,0,2
SHAM,0.16,00005garden|216|1|18,215,11,2,,,00005garden,,25,0,4
SHAM,0.08333333333333333,00005garden|216|1|18,215,11,3,,,00005garden,,24,0,2
SHAM,0.08333333333333333,00005garden|216|1|18,215,11,4,,,00005garden,,24,0,2
SHAM,0.08333333333333333,00005garden|216|1|18,215,11,5,,,00005garden,,24,0,2
SHAM,0.08333333333333333,00005garden|216|1|18,215,11,6,,,00005garden,,24,0,2
SHAM,0.08333333333333333,00005garden|216|1|18,215,11,7,,,00005garden,,24,0,2
SHAM,0.12,00005garden|216|1|18,215,11,8,,,00005garden,,25,0,3
SHAM,0.12,00005garden|216|1|18,215,11,9,,,00005garden,,25,0,3
SHAM,0.12,00005garden|216|1|18,215,11,10,,,00005garden,,25,0,3
SHAM,0.12,00005garden|216|1|18,215,11,11,,,00005garden,,25,0,3
SHAM,0.12,00005garden|216|1|18,215,11,12,,,00005garden,,25,0,3
SHAM,0.125,00005garden|216|1|18,215,11,13,,,00005garden,,24,0,3
SHAM,0.12,00005garden|216|1|18,215,11,14,,,00005garden,,25,0,3
SHAM,0.13043478260869565,00005garden|216|1|18,215,11,15,,,00005garden,,23,0,3
SHAM,0.12,00005garden|216|1|18,215,11,16,,,00005garden,,25,0,3
SHAM,0.125,00005garden|216|1|18,215,11,17,,,00005garden,,24,0,3
SHAM,0.125,00005garden|216|1|18,215,11,18,,,00005garden,,24,0,3
SHAM,0.12,00005garden|216|1|18,215,11,19,,,00005garden,,25,0,3
SHAM,0.12,00005garden|216|1|18,215,11,20,,,00005garden,,25,0,3
C1b-A,0.08333333333333333,00005garden|216|1|18,215,11,1,,,00005garden,,24,0,2
C1b-A,0.16,00005garden|216|1|18,215,11,2,,,00005garden,,25,0,4
C1b-A,0.08333333333333333,00005garden|216|1|18,215,11,3,,,00005garden,,24,0,2
C1b-A,0.08333333333333333,00005garden|216|1|18,215,11,4,,,00005garden,,24,0,2
C1b-A,0.08333333333333333,00005garden|216|1|18,215,11,5,,,00005garden,,24,0,2
C1b-A,0.08333333333333333,00005garden|216|1|18,215,11,6,,,00005garden,,24,0,2
C1b-A,0.08333333333333333,00005garden|216|1|18,215,11,7,,,00005garden,,24,0,2
C1b-A,0.12,00005garden|216|1|18,215,11,8,,,00005garden,,25,0,3
C1b-A,0.12,00005garden|216|1|18,215,11,9,,,00005garden,,25,0,3
C1b-A,0.12,00005garden|216|1|18,215,11,10,,,00005garden,,25,0,3
C1b-A,0.12,00005garden|216|1|18,215,11,11,,,00005garden,,25,0,3
C1b-A,0.12,00005garden|216|1|18,215,11,12,,,00005garden,,25,0,3
C1b-A,0.125,00005garden|216|1|18,215,11,13,,,00005garden,,24,0,3
C1b-A,0.12,00005garden|216|1|18,215,11,14,,,00005garden,,25,0,3
C1b-A,0.13043478260869565,00005garden|216|1|18,215,11,15,,,00005garden,,23,0,3
C1b-A,0.12,00005garden|216|1|18,215,11,16,,,00005garden,,25,0,3
C1b-A,0.125,00005garden|216|1|18,215,11,17,,,00005garden,,24,0,3
C1b-A,0.125,00005garden|216|1|18,215,11,18,,,00005garden,,24,0,3
C1b-A,0.12,00005garden|216|1|18,215,11,19,,,00005garden,,25,0,3
C1b-A,0.12,00005garden|216|1|18,215,11,20,,,00005garden,,25,0,3
C1b-B,0.08333333333333333,00005garden|216|1|18,215,11,1,,,00005garden,,24,0,2
C1b-B,0.16,00005garden|216|1|18,215,11,2,,,00005garden,,25,0,4
C1b-B,0.08333333333333333,00005garden|216|1|18,215,11,3,,,00005garden,,24,0,2
C1b-B,0.08333333333333333,00005garden|216|1|18,215,11,4,,,00005garden,,24,0,2
C1b-B,0.08333333333333333,00005garden|216|1|18,215,11,5,,,00005garden,,24,0,2
C1b-B,0.08333333333333333,00005garden|216|1|18,215,11,6,,,00005garden,,24,0,2
C1b-B,0.08333333333333333,00005garden|216|1|18,215,11,7,,,00005garden,,24,0,2
C1b-B,0.12,00005garden|216|1|18,215,11,8,,,00005garden,,25,0,3
C1b-B,0.12,00005garden|216|1|18,215,11,9,,,00005garden,,25,0,3
C1b-B,0.12,00005garden|216|1|18,215,11,10,,,00005garden,,25,0,3
C1b-B,0.12,00005garden|216|1|18,215,11,11,,,00005garden,,25,0,3
C1b-B,0.12,00005garden|216|1|18,215,11,12,,,00005garden,,25,0,3
C1b-B,0.125,00005garden|216|1|18,215,11,13,,,00005garden,,24,0,3
C1b-B,0.12,00005garden|216|1|18,215,11,14,,,00005garden,,25,0,3
C1b-B,0.13043478260869565,00005garden|216|1|18,215,11,15,,,00005garden,,23,0,3
C1b-B,0.12,00005garden|216|1|18,215,11,16,,,00005garden,,25,0,3
C1b-B,0.125,00005garden|216|1|18,215,11,17,,,00005garden,,24,0,3
C1b-B,0.125,00005garden|216|1|18,215,11,18,,,00005garden,,24,0,3
C1b-B,0.12,00005garden|216|1|18,215,11,19,,,00005garden,,25,0,3
C1b-B,0.12,00005garden|216|1|18,215,11,20,,,00005garden,,25,0,3
C1b-C,0.08333333333333333,00005garden|216|1|18,215,11,1,,,00005garden,,24,0,2
C1b-C,0.16,00005garden|216|1|18,215,11,2,,,00005garden,,25,0,4
C1b-C,0.08333333333333333,00005garden|216|1|18,215,11,3,,,00005garden,,24,0,2
C1b-C,0.08333333333333333,00005garden|216|1|18,215,11,4,,,00005garden,,24,0,2
C1b-C,0.08333333333333333,00005garden|216|1|18,215,11,5,,,00005garden,,24,0,2
C1b-C,0.08333333333333333,00005garden|216|1|18,215,11,6,,,00005garden,,24,0,2
C1b-C,0.08333333333333333,00005garden|216|1|18,215,11,7,,,00005garden,,24,0,2
C1b-C,0.12,00005garden|216|1|18,215,11,8,,,00005garden,,25,0,3
C1b-C,0.12,00005garden|216|1|18,215,11,9,,,00005garden,,25,0,3
C1b-C,0.12,00005garden|216|1|18,215,11,10,,,00005garden,,25,0,3
C1b-C,0.12,00005garden|216|1|18,215,11,11,,,00005garden,,25,0,3
C1b-C,0.12,00005garden|216|1|18,215,11,12,,,00005garden,,25,0,3
C1b-C,0.125,00005garden|216|1|18,215,11,13,,,00005garden,,24,0,3
C1b-C,0.12,00005garden|216|1|18,215,11,14,,,00005garden,,25,0,3
C1b-C,0.13043478260869565,00005garden|216|1|18,215,11,15,,,00005garden,,23,0,3
C1b-C,0.12,00005garden|216|1|18,215,11,16,,,00005garden,,25,0,3
C1b-C,0.125,00005garden|216|1|18,215,11,17,,,00005garden,,24,0,3
C1b-C,0.125,00005garden|216|1|18,215,11,18,,,00005garden,,24,0,3
C1b-C,0.12,00005garden|216|1|18,215,11,19,,,00005garden,,25,0,3
C1b-C,0.12,00005garden|216|1|18,215,11,20,,,00005garden,,25,0,3
_META,,00005garden|216|1|18,215,11,0,omitted_for_runtime,omitted_for_runtime,00005garden,,,0,
SHAM,0.08333333333333333,00005garden|253|1|15,252,15,1,,,00005garden,,24,0,2
SHAM,0.08333333333333333,00005garden|253|1|15,252,15,2,,,00005garden,,24,0,2
SHAM,0.08333333333333333,00005garden|253|1|15,252,15,3,,,00005garden,,24,0,2
SHAM,0.08,00005garden|253|1|15,252,15,4,,,00005garden,,25,0,2
SHAM,0.11538461538461539,00005garden|253|1|15,252,15,5,,,00005garden,,26,0,3
SHAM,0.07407407407407407,00005garden|253|1|15,252,15,6,,,00005garden,,27,0,2
SHAM,0.038461538461538464,00005garden|253|1|15,252,15,7,,,00005garden,,26,0,1
SHAM,0.038461538461538464,00005garden|253|1|15,252,15,8,,,00005garden,,26,0,1
SHAM,0.038461538461538464,00005garden|253|1|15,252,15,9,,,00005garden,,26,0,1
SHAM,0.038461538461538464,00005garden|253|1|15,252,15,10,,,00005garden,,26,0,1
SHAM,0.07407407407407407,00005garden|253|1|15,252,15,11,,,00005garden,,27,0,2
SHAM,0.037037037037037035,00005garden|253|1|15,252,15,12,,,00005garden,,27,0,1
SHAM,0.038461538461538464,00005garden|253|1|15,252,15,13,,,00005garden,,26,0,1
SHAM,0.038461538461538464,00005garden|253|1|15,252,15,14,,,00005garden,,26,0,1
SHAM,0.037037037037037035,00005garden|253|1|15,252,15,15,,,00005garden,,27,0,1
SHAM,0.04,00005garden|253|1|15,252,15,16,,,00005garden,,25,0,1
SHAM,0.04,00005garden|253|1|15,252,15,17,,,00005garden,,25,0,1
SHAM,0.08,00005garden|253|1|15,252,15,18,,,00005garden,,25,0,2
SHAM,0.10714285714285714,00005garden|253|1|15,252,15,19,,,00005garden,,28,0,3
SHAM,0.11538461538461539,00005garden|253|1|15,252,15,20,,,00005garden,,26,0,3
C1b-A,0.041666666666666664,00005garden|253|1|15,252,15,1,,,00005garden,,24,0,1
C1b-A,0.08333333333333333,00005garden|253|1|15,252,15,2,,,00005garden,,24,0,2
C1b-A,0.08333333333333333,00005garden|253|1|15,252,15,3,,,00005garden,,24,0,2
C1b-A,0.08,00005garden|253|1|15,252,15,4,,,00005garden,,25,0,2
C1b-A,0.11538461538461539,00005garden|253|1|15,252,15,5,,,00005garden,,26,0,3
C1b-A,0.07407407407407407,00005garden|253|1|15,252,15,6,,,00005garden,,27,0,2
C1b-A,0.038461538461538464,00005garden|253|1|15,252,15,7,,,00005garden,,26,0,1
C1b-A,0.038461538461538464,00005garden|253|1|15,252,15,8,,,00005garden,,26,0,1
C1b-A,0.038461538461538464,00005garden|253|1|15,252,15,9,,,00005garden,,26,0,1
C1b-A,0.038461538461538464,00005garden|253|1|15,252,15,10,,,00005garden,,26,0,1
C1b-A,0.07407407407407407,00005garden|253|1|15,252,15,11,,,00005garden,,27,0,2
C1b-A,0.037037037037037035,00005garden|253|1|15,252,15,12,,,00005garden,,27,0,1
C1b-A,0.038461538461538464,00005garden|253|1|15,252,15,13,,,00005garden,,26,0,1
C1b-A,0.038461538461538464,00005garden|253|1|15,252,15,14,,,00005garden,,26,0,1
C1b-A,0.037037037037037035,00005garden|253|1|15,252,15,15,,,00005garden,,27,0,1
C1b-A,0.04,00005garden|253|1|15,252,15,16,,,00005garden,,25,0,1
C1b-A,0.04,00005garden|253|1|15,252,15,17,,,00005garden,,25,0,1
C1b-A,0.08,00005garden|253|1|15,252,15,18,,,00005garden,,25,0,2
C1b-A,0.10714285714285714,00005garden|253|1|15,252,15,19,,,00005garden,,28,0,3
C1b-A,0.11538461538461539,00005garden|253|1|15,252,15,20,,,00005garden,,26,0,3
C1b-B,0.041666666666666664,00005garden|253|1|15,252,15,1,,,00005garden,,24,0,1
C1b-B,0.08333333333333333,00005garden|253|1|15,252,15,2,,,00005garden,,24,0,2
C1b-B,0.08333333333333333,00005garden|253|1|15,252,15,3,,,00005garden,,24,0,2
C1b-B,0.08,00005garden|253|1|15,252,15,4,,,00005garden,,25,0,2
C1b-B,0.11538461538461539,00005garden|253|1|15,252,15,5,,,00005garden,,26,0,3
C1b-B,0.07407407407407407,00005garden|253|1|15,252,15,6,,,00005garden,,27,0,2
C1b-B,0.038461538461538464,00005garden|253|1|15,252,15,7,,,00005garden,,26,0,1
C1b-B,0.038461538461538464,00005garden|253|1|15,252,15,8,,,00005garden,,26,0,1
C1b-B,0.038461538461538464,00005garden|253|1|15,252,15,9,,,00005garden,,26,0,1
C1b-B,0.038461538461538464,00005garden|253|1|15,252,15,10,,,00005garden,,26,0,1
C1b-B,0.07407407407407407,00005garden|253|1|15,252,15,11,,,00005garden,,27,0,2
C1b-B,0.037037037037037035,00005garden|253|1|15,252,15,12,,,00005garden,,27,0,1
C1b-B,0.038461538461538464,00005garden|253|1|15,252,15,13,,,00005garden,,26,0,1
C1b-B,0.038461538461538464,00005garden|253|1|15,252,15,14,,,00005garden,,26,0,1
C1b-B,0.037037037037037035,00005garden|253|1|15,252,15,15,,,00005garden,,27,0,1
C1b-B,0.04,00005garden|253|1|15,252,15,16,,,00005garden,,25,0,1
C1b-B,0.04,00005garden|253|1|15,252,15,17,,,00005garden,,25,0,1
C1b-B,0.08,00005garden|253|1|15,252,15,18,,,00005garden,,25,0,2
C1b-B,0.10714285714285714,00005garden|253|1|15,252,15,19,,,00005garden,,28,0,3
C1b-B,0.11538461538461539,00005garden|253|1|15,252,15,20,,,00005garden,,26,0,3
C1b-C,0.041666666666666664,00005garden|253|1|15,252,15,1,,,00005garden,,24,0,1
C1b-C,0.08333333333333333,00005garden|253|1|15,252,15,2,,,00005garden,,24,0,2
C1b-C,0.08333333333333333,00005garden|253|1|15,252,15,3,,,00005garden,,24,0,2
C1b-C,0.08,00005garden|253|1|15,252,15,4,,,00005garden,,25,0,2
C1b-C,0.11538461538461539,00005garden|253|1|15,252,15,5,,,00005garden,,26,0,3
C1b-C,0.07407407407407407,00005garden|253|1|15,252,15,6,,,00005garden,,27,0,2
C1b-C,0.038461538461538464,00005garden|253|1|15,252,15,7,,,00005garden,,26,0,1
C1b-C,0.038461538461538464,00005garden|253|1|15,252,15,8,,,00005garden,,26,0,1
C1b-C,0.038461538461538464,00005garden|253|1|15,252,15,9,,,00005garden,,26,0,1
C1b-C,0.038461538461538464,00005garden|253|1|15,252,15,10,,,00005garden,,26,0,1
C1b-C,0.07407407407407407,00005garden|253|1|15,252,15,11,,,00005garden,,27,0,2
C1b-C,0.037037037037037035,00005garden|253|1|15,252,15,12,,,00005garden,,27,0,1
C1b-C,0.038461538461538464,00005garden|253|1|15,252,15,13,,,00005garden,,26,0,1
C1b-C,0.038461538461538464,00005garden|253|1|15,252,15,14,,,00005garden,,26,0,1
C1b-C,0.037037037037037035,00005garden|253|1|15,252,15,15,,,00005garden,,27,0,1
C1b-C,0.04,00005garden|253|1|15,252,15,16,,,00005garden,,25,0,1
C1b-C,0.04,00005garden|253|1|15,252,15,17,,,00005garden,,25,0,1
C1b-C,0.08,00005garden|253|1|15,252,15,18,,,00005garden,,25,0,2
C1b-C,0.10714285714285714,00005garden|253|1|15,252,15,19,,,00005garden,,28,0,3
C1b-C,0.11538461538461539,00005garden|253|1|15,252,15,20,,,00005garden,,26,0,3
_META,,00005garden|253|1|15,252,15,0,omitted_for_runtime,omitted_for_runtime,00005garden,,,0,
SHAM,0.11538461538461539,00005garden|272|1|23,271,27,1,,,00005garden,,26,0,3
SHAM,0.07692307692307693,00005garden|272|1|23,271,27,2,,,00005garden,,26,0,2
SHAM,0.07407407407407407,00005garden|272|1|23,271,27,3,,,00005garden,,27,0,2
SHAM,0.07692307692307693,00005garden|272|1|23,271,27,4,,,00005garden,,26,0,2
SHAM,0.07692307692307693,00005garden|272|1|23,271,27,5,,,00005garden,,26,0,2
SHAM,0.07692307692307693,00005garden|272|1|23,271,27,6,,,00005garden,,26,0,2
SHAM,0.07142857142857142,00005garden|272|1|23,271,27,7,,,00005garden,,28,0,2
SHAM,0.07692307692307693,00005garden|272|1|23,271,27,8,,,00005garden,,26,0,2
SHAM,0.07692307692307693,00005garden|272|1|23,271,27,9,,,00005garden,,26,0,2
SHAM,0.07142857142857142,00005garden|272|1|23,271,27,10,,,00005garden,,28,0,2
SHAM,0.038461538461538464,00005garden|272|1|23,271,27,11,,,00005garden,,26,0,1
SHAM,0.07407407407407407,00005garden|272|1|23,271,27,12,,,00005garden,,27,0,2
SHAM,0.037037037037037035,00005garden|272|1|23,271,27,13,,,00005garden,,27,0,1
SHAM,0.043478260869565216,00005garden|272|1|23,271,27,14,,,00005garden,,23,0,1
SHAM,0.04,00005garden|272|1|23,271,27,15,,,00005garden,,25,0,1
SHAM,0.04,00005garden|272|1|23,271,27,16,,,00005garden,,25,0,1
SHAM,0.038461538461538464,00005garden|272|1|23,271,27,17,,,00005garden,,26,0,1
SHAM,0.038461538461538464,00005garden|272|1|23,271,27,18,,,00005garden,,26,0,1
SHAM,0.038461538461538464,00005garden|272|1|23,271,27,19,,,00005garden,,26,0,1
SHAM,0.038461538461538464,00005garden|272|1|23,271,27,20,,,00005garden,,26,0,1
C1b-A,0.11538461538461539,00005garden|272|1|23,271,27,1,,,00005garden,,26,0,3
C1b-A,0.11538461538461539,00005garden|272|1|23,271,27,2,,,00005garden,,26,0,3
C1b-A,0.07407407407407407,00005garden|272|1|23,271,27,3,,,00005garden,,27,0,2
C1b-A,0.07692307692307693,00005garden|272|1|23,271,27,4,,,00005garden,,26,0,2
C1b-A,0.07692307692307693,00005garden|272|1|23,271,27,5,,,00005garden,,26,0,2
C1b-A,0.07692307692307693,00005garden|272|1|23,271,27,6,,,00005garden,,26,0,2
C1b-A,0.07142857142857142,00005garden|272|1|23,271,27,7,,,00005garden,,28,0,2
C1b-A,0.07692307692307693,00005garden|272|1|23,271,27,8,,,00005garden,,26,0,2
C1b-A,0.07692307692307693,00005garden|272|1|23,271,27,9,,,00005garden,,26,0,2
C1b-A,0.07142857142857142,00005garden|272|1|23,271,27,10,,,00005garden,,28,0,2
C1b-A,0.038461538461538464,00005garden|272|1|23,271,27,11,,,00005garden,,26,0,1
C1b-A,0.07407407407407407,00005garden|272|1|23,271,27,12,,,00005garden,,27,0,2
C1b-A,0.037037037037037035,00005garden|272|1|23,271,27,13,,,00005garden,,27,0,1
C1b-A,0.043478260869565216,00005garden|272|1|23,271,27,14,,,00005garden,,23,0,1
C1b-A,0.04,00005garden|272|1|23,271,27,15,,,00005garden,,25,0,1
C1b-A,0.04,00005garden|272|1|23,271,27,16,,,00005garden,,25,0,1
C1b-A,0.038461538461538464,00005garden|272|1|23,271,27,17,,,00005garden,,26,0,1
C1b-A,0.038461538461538464,00005garden|272|1|23,271,27,18,,,00005garden,,26,0,1
C1b-A,0.038461538461538464,00005garden|272|1|23,271,27,19,,,00005garden,,26,0,1
C1b-A,0.038461538461538464,00005garden|272|1|23,271,27,20,,,00005garden,,26,0,1
C1b-B,0.11538461538461539,00005garden|272|1|23,271,27,1,,,00005garden,,26,0,3
C1b-B,0.11538461538461539,00005garden|272|1|23,271,27,2,,,00005garden,,26,0,3
C1b-B,0.07407407407407407,00005garden|272|1|23,271,27,3,,,00005garden,,27,0,2
C1b-B,0.07692307692307693,00005garden|272|1|23,271,27,4,,,00005garden,,26,0,2
C1b-B,0.07692307692307693,00005garden|272|1|23,271,27,5,,,00005garden,,26,0,2
C1b-B,0.07692307692307693,00005garden|272|1|23,271,27,6,,,00005garden,,26,0,2
C1b-B,0.07142857142857142,00005garden|272|1|23,271,27,7,,,00005garden,,28,0,2
C1b-B,0.07692307692307693,00005garden|272|1|23,271,27,8,,,00005garden,,26,0,2
C1b-B,0.07692307692307693,00005garden|272|1|23,271,27,9,,,00005garden,,26,0,2
C1b-B,0.07142857142857142,00005garden|272|1|23,271,27,10,,,00005garden,,28,0,2
C1b-B,0.038461538461538464,00005garden|272|1|23,271,27,11,,,00005garden,,26,0,1
C1b-B,0.07407407407407407,00005garden|272|1|23,271,27,12,,,00005garden,,27,0,2
C1b-B,0.037037037037037035,00005garden|272|1|23,271,27,13,,,00005garden,,27,0,1
C1b-B,0.043478260869565216,00005garden|272|1|23,271,27,14,,,00005garden,,23,0,1
C1b-B,0.04,00005garden|272|1|23,271,27,15,,,00005garden,,25,0,1
C1b-B,0.04,00005garden|272|1|23,271,27,16,,,00005garden,,25,0,1
C1b-B,0.038461538461538464,00005garden|272|1|23,271,27,17,,,00005garden,,26,0,1
C1b-B,0.038461538461538464,00005garden|272|1|23,271,27,18,,,00005garden,,26,0,1
C1b-B,0.038461538461538464,00005garden|272|1|23,271,27,19,,,00005garden,,26,0,1
C1b-B,0.038461538461538464,00005garden|272|1|23,271,27,20,,,00005garden,,26,0,1
C1b-C,0.11538461538461539,00005garden|272|1|23,271,27,1,,,00005garden,,26,0,3
C1b-C,0.11538461538461539,00005garden|272|1|23,271,27,2,,,00005garden,,26,0,3
C1b-C,0.07407407407407407,00005garden|272|1|23,271,27,3,,,00005garden,,27,0,2
C1b-C,0.07692307692307693,00005garden|272|1|23,271,27,4,,,00005garden,,26,0,2
C1b-C,0.07692307692307693,00005garden|272|1|23,271,27,5,,,00005garden,,26,0,2
C1b-C,0.07692307692307693,00005garden|272|1|23,271,27,6,,,00005garden,,26,0,2
C1b-C,0.07142857142857142,00005garden|272|1|23,271,27,7,,,00005garden,,28,0,2
C1b-C,0.07692307692307693,00005garden|272|1|23,271,27,8,,,00005garden,,26,0,2
C1b-C,0.07692307692307693,00005garden|272|1|23,271,27,9,,,00005garden,,26,0,2
C1b-C,0.07142857142857142,00005garden|272|1|23,271,27,10,,,00005garden,,28,0,2
C1b-C,0.038461538461538464,00005garden|272|1|23,271,27,11,,,00005garden,,26,0,1
C1b-C,0.07407407407407407,00005garden|272|1|23,271,27,12,,,00005garden,,27,0,2
C1b-C,0.037037037037037035,00005garden|272|1|23,271,27,13,,,00005garden,,27,0,1
C1b-C,0.043478260869565216,00005garden|272|1|23,271,27,14,,,00005garden,,23,0,1
C1b-C,0.04,00005garden|272|1|23,271,27,15,,,00005garden,,25,0,1
C1b-C,0.04,00005garden|272|1|23,271,27,16,,,00005garden,,25,0,1
C1b-C,0.038461538461538464,00005garden|272|1|23,271,27,17,,,00005garden,,26,0,1
C1b-C,0.038461538461538464,00005garden|272|1|23,271,27,18,,,00005garden,,26,0,1
C1b-C,0.038461538461538464,00005garden|272|1|23,271,27,19,,,00005garden,,26,0,1
C1b-C,0.038461538461538464,00005garden|272|1|23,271,27,20,,,00005garden,,26,0,1
_META,,00005garden|272|1|23,271,27,0,omitted_for_runtime,omitted_for_runtime,00005garden,,,0,
SHAM,0.07142857142857142,00005garden|293|1|23,292,28,1,,,00005garden,,28,0,2
SHAM,0.07407407407407407,00005garden|293|1|23,292,28,2,,,00005garden,,27,0,2
SHAM,0.03571428571428571,00005garden|293|1|23,292,28,3,,,00005garden,,28,0,1
SHAM,0.038461538461538464,00005garden|293|1|23,292,28,4,,,00005garden,,26,0,1
SHAM,0.043478260869565216,00005garden|293|1|23,292,28,5,,,00005garden,,23,0,1
SHAM,0.038461538461538464,00005garden|293|1|23,292,28,6,,,00005garden,,26,0,1
SHAM,0.038461538461538464,00005garden|293|1|23,292,28,7,,,00005garden,,26,0,1
SHAM,0.037037037037037035,00005garden|293|1|23,292,28,8,,,00005garden,,27,0,1
SHAM,0.037037037037037035,00005garden|293|1|23,292,28,9,,,00005garden,,27,0,1
SHAM,0.03571428571428571,00005garden|293|1|23,292,28,10,,,00005garden,,28,0,1
SHAM,0.041666666666666664,00005garden|293|1|23,292,28,11,,,00005garden,,24,0,1
SHAM,0.04,00005garden|293|1|23,292,28,12,,,00005garden,,25,0,1
SHAM,0.038461538461538464,00005garden|293|1|23,292,28,13,,,00005garden,,26,0,1
SHAM,0.038461538461538464,00005garden|293|1|23,292,28,14,,,00005garden,,26,0,1
SHAM,0.04,00005garden|293|1|23,292,28,15,,,00005garden,,25,0,1
SHAM,0.04,00005garden|293|1|23,292,28,16,,,00005garden,,25,0,1
SHAM,0.08,00005garden|293|1|23,292,28,17,,,00005garden,,25,0,2
SHAM,0.08333333333333333,00005garden|293|1|23,292,28,18,,,00005garden,,24,0,2
SHAM,0.08,00005garden|293|1|23,292,28,19,,,00005garden,,25,0,2
SHAM,0.08333333333333333,00005garden|293|1|23,292,28,20,,,00005garden,,24,0,2
C1b-A,0.07142857142857142,00005garden|293|1|23,292,28,1,,,00005garden,,28,0,2
C1b-A,0.07407407407407407,00005garden|293|1|23,292,28,2,,,00005garden,,27,0,2
C1b-A,0.03571428571428571,00005garden|293|1|23,292,28,3,,,00005garden,,28,0,1
C1b-A,0.038461538461538464,00005garden|293|1|23,292,28,4,,,00005garden,,26,0,1
C1b-A,0.043478260869565216,00005garden|293|1|23,292,28,5,,,00005garden,,23,0,1
C1b-A,0.038461538461538464,00005garden|293|1|23,292,28,6,,,00005garden,,26,0,1
C1b-A,0.038461538461538464,00005garden|293|1|23,292,28,7,,,00005garden,,26,0,1
C1b-A,0.037037037037037035,00005garden|293|1|23,292,28,8,,,00005garden,,27,0,1
C1b-A,0.037037037037037035,00005garden|293|1|23,292,28,9,,,00005garden,,27,0,1
C1b-A,0.03571428571428571,00005garden|293|1|23,292,28,10,,,00005garden,,28,0,1
C1b-A,0.041666666666666664,00005garden|293|1|23,292,28,11,,,00005garden,,24,0,1
C1b-A,0.04,00005garden|293|1|23,292,28,12,,,00005garden,,25,0,1
C1b-A,0.04,00005garden|293|1|23,292,28,13,,,00005garden,,25,0,1
C1b-A,0.038461538461538464,00005garden|293|1|23,292,28,14,,,00005garden,,26,0,1
C1b-A,0.04,00005garden|293|1|23,292,28,15,,,00005garden,,25,0,1
C1b-A,0.04,00005garden|293|1|23,292,28,16,,,00005garden,,25,0,1
C1b-A,0.08,00005garden|293|1|23,292,28,17,,,00005garden,,25,0,2
C1b-A,0.08333333333333333,00005garden|293|1|23,292,28,18,,,00005garden,,24,0,2
C1b-A,0.08,00005garden|293|1|23,292,28,19,,,00005garden,,25,0,2
C1b-A,0.08333333333333333,00005garden|293|1|23,292,28,20,,,00005garden,,24,0,2
C1b-B,0.07142857142857142,00005garden|293|1|23,292,28,1,,,00005garden,,28,0,2
C1b-B,0.07407407407407407,00005garden|293|1|23,292,28,2,,,00005garden,,27,0,2
C1b-B,0.03571428571428571,00005garden|293|1|23,292,28,3,,,00005garden,,28,0,1
C1b-B,0.038461538461538464,00005garden|293|1|23,292,28,4,,,00005garden,,26,0,1
C1b-B,0.043478260869565216,00005garden|293|1|23,292,28,5,,,00005garden,,23,0,1
C1b-B,0.038461538461538464,00005garden|293|1|23,292,28,6,,,00005garden,,26,0,1
C1b-B,0.038461538461538464,00005garden|293|1|23,292,28,7,,,00005garden,,26,0,1
C1b-B,0.037037037037037035,00005garden|293|1|23,292,28,8,,,00005garden,,27,0,1
C1b-B,0.037037037037037035,00005garden|293|1|23,292,28,9,,,00005garden,,27,0,1
C1b-B,0.03571428571428571,00005garden|293|1|23,292,28,10,,,00005garden,,28,0,1
C1b-B,0.041666666666666664,00005garden|293|1|23,292,28,11,,,00005garden,,24,0,1
C1b-B,0.04,00005garden|293|1|23,292,28,12,,,00005garden,,25,0,1
C1b-B,0.038461538461538464,00005garden|293|1|23,292,28,13,,,00005garden,,26,0,1
C1b-B,0.038461538461538464,00005garden|293|1|23,292,28,14,,,00005garden,,26,0,1
C1b-B,0.04,00005garden|293|1|23,292,28,15,,,00005garden,,25,0,1
C1b-B,0.04,00005garden|293|1|23,292,28,16,,,00005garden,,25,0,1
C1b-B,0.08,00005garden|293|1|23,292,28,17,,,00005garden,,25,0,2
C1b-B,0.08333333333333333,00005garden|293|1|23,292,28,18,,,00005garden,,24,0,2
C1b-B,0.08,00005garden|293|1|23,292,28,19,,,00005garden,,25,0,2
C1b-B,0.08333333333333333,00005garden|293|1|23,292,28,20,,,00005garden,,24,0,2
C1b-C,0.07142857142857142,00005garden|293|1|23,292,28,1,,,00005garden,,28,0,2
C1b-C,0.07407407407407407,00005garden|293|1|23,292,28,2,,,00005garden,,27,0,2
C1b-C,0.03571428571428571,00005garden|293|1|23,292,28,3,,,00005garden,,28,0,1
C1b-C,0.038461538461538464,00005garden|293|1|23,292,28,4,,,00005garden,,26,0,1
C1b-C,0.043478260869565216,00005garden|293|1|23,292,28,5,,,00005garden,,23,0,1
C1b-C,0.038461538461538464,00005garden|293|1|23,292,28,6,,,00005garden,,26,0,1
C1b-C,0.038461538461538464,00005garden|293|1|23,292,28,7,,,00005garden,,26,0,1
C1b-C,0.037037037037037035,00005garden|293|1|23,292,28,8,,,00005garden,,27,0,1
C1b-C,0.037037037037037035,00005garden|293|1|23,292,28,9,,,00005garden,,27,0,1
C1b-C,0.03571428571428571,00005garden|293|1|23,292,28,10,,,00005garden,,28,0,1
C1b-C,0.041666666666666664,00005garden|293|1|23,292,28,11,,,00005garden,,24,0,1
C1b-C,0.04,00005garden|293|1|23,292,28,12,,,00005garden,,25,0,1
C1b-C,0.04,00005garden|293|1|23,292,28,13,,,00005garden,,25,0,1
C1b-C,0.038461538461538464,00005garden|293|1|23,292,28,14,,,00005garden,,26,0,1
C1b-C,0.04,00005garden|293|1|23,292,28,15,,,00005garden,,25,0,1
C1b-C,0.04,00005garden|293|1|23,292,28,16,,,00005garden,,25,0,1
C1b-C,0.08,00005garden|293|1|23,292,28,17,,,00005garden,,25,0,2
C1b-C,0.08333333333333333,00005garden|293|1|23,292,28,18,,,00005garden,,24,0,2
C1b-C,0.08,00005garden|293|1|23,292,28,19,,,00005garden,,25,0,2
C1b-C,0.08333333333333333,00005garden|293|1|23,292,28,20,,,00005garden,,24,0,2
_META,,00005garden|293|1|23,292,28,0,omitted_for_runtime,omitted_for_runtime,00005garden,,,0,
SHAM,0.038461538461538464,00005garden|322|1|15,321,28,1,,,00005garden,,26,0,1
SHAM,0.07692307692307693,00005garden|322|1|15,321,28,2,,,00005garden,,26,0,2
SHAM,0.07692307692307693,00005garden|322|1|15,321,28,3,,,00005garden,,26,0,2
SHAM,0.037037037037037035,00005garden|322|1|15,321,28,4,,,00005garden,,27,0,1
SHAM,0.07407407407407407,00005garden|322|1|15,321,28,5,,,00005garden,,27,0,2
SHAM,0.038461538461538464,00005garden|322|1|15,321,28,6,,,00005garden,,26,0,1
SHAM,0.038461538461538464,00005garden|322|1|15,321,28,7,,,00005garden,,26,0,1
SHAM,0.038461538461538464,00005garden|322|1|15,321,28,8,,,00005garden,,26,0,1
SHAM,0.038461538461538464,00005garden|322|1|15,321,28,9,,,00005garden,,26,0,1
SHAM,0.038461538461538464,00005garden|322|1|15,321,28,10,,,00005garden,,26,0,1
SHAM,0.04,00005garden|322|1|15,321,28,11,,,00005garden,,25,0,1
SHAM,0.038461538461538464,00005garden|322|1|15,321,28,12,,,00005garden,,26,0,1
SHAM,0.08333333333333333,00005garden|322|1|15,321,28,13,,,00005garden,,24,0,2
SHAM,0.038461538461538464,00005garden|322|1|15,321,28,14,,,00005garden,,26,0,1
SHAM,0.07692307692307693,00005garden|322|1|15,321,28,15,,,00005garden,,26,0,2
SHAM,0.07692307692307693,00005garden|322|1|15,321,28,16,,,00005garden,,26,0,2
SHAM,0.07692307692307693,00005garden|322|1|15,321,28,17,,,00005garden,,26,0,2
SHAM,0.07692307692307693,00005garden|322|1|15,321,28,18,,,00005garden,,26,0,2
SHAM,0.07692307692307693,00005garden|322|1|15,321,28,19,,,00005garden,,26,0,2
SHAM,0.07692307692307693,00005garden|322|1|15,321,28,20,,,00005garden,,26,0,2
C1b-A,0.038461538461538464,00005garden|322|1|15,321,28,1,,,00005garden,,26,0,1
C1b-A,0.07692307692307693,00005garden|322|1|15,321,28,2,,,00005garden,,26,0,2
C1b-A,0.037037037037037035,00005garden|322|1|15,321,28,3,,,00005garden,,27,0,1
C1b-A,0.037037037037037035,00005garden|322|1|15,321,28,4,,,00005garden,,27,0,1
C1b-A,0.037037037037037035,00005garden|322|1|15,321,28,5,,,00005garden,,27,0,1
C1b-A,0.038461538461538464,00005garden|322|1|15,321,28,6,,,00005garden,,26,0,1
C1b-A,0.038461538461538464,00005garden|322|1|15,321,28,7,,,00005garden,,26,0,1
C1b-A,0.038461538461538464,00005garden|322|1|15,321,28,8,,,00005garden,,26,0,1
C1b-A,0.038461538461538464,00005garden|322|1|15,321,28,9,,,00005garden,,26,0,1
C1b-A,0.038461538461538464,00005garden|322|1|15,321,28,10,,,00005garden,,26,0,1
C1b-A,0.04,00005garden|322|1|15,321,28,11,,,00005garden,,25,0,1
C1b-A,0.038461538461538464,00005garden|322|1|15,321,28,12,,,00005garden,,26,0,1
C1b-A,0.08333333333333333,00005garden|322|1|15,321,28,13,,,00005garden,,24,0,2
C1b-A,0.038461538461538464,00005garden|322|1|15,321,28,14,,,00005garden,,26,0,1
C1b-A,0.07692307692307693,00005garden|322|1|15,321,28,15,,,00005garden,,26,0,2
C1b-A,0.07692307692307693,00005garden|322|1|15,321,28,16,,,00005garden,,26,0,2
C1b-A,0.07692307692307693,00005garden|322|1|15,321,28,17,,,00005garden,,26,0,2
C1b-A,0.07692307692307693,00005garden|322|1|15,321,28,18,,,00005garden,,26,0,2
C1b-A,0.07692307692307693,00005garden|322|1|15,321,28,19,,,00005garden,,26,0,2
C1b-A,0.07692307692307693,00005garden|322|1|15,321,28,20,,,00005garden,,26,0,2
C1b-B,0.038461538461538464,00005garden|322|1|15,321,28,1,,,00005garden,,26,0,1
C1b-B,0.07692307692307693,00005garden|322|1|15,321,28,2,,,00005garden,,26,0,2
C1b-B,0.037037037037037035,00005garden|322|1|15,321,28,3,,,00005garden,,27,0,1
C1b-B,0.037037037037037035,00005garden|322|1|15,321,28,4,,,00005garden,,27,0,1
C1b-B,0.037037037037037035,00005garden|322|1|15,321,28,5,,,00005garden,,27,0,1
C1b-B,0.038461538461538464,00005garden|322|1|15,321,28,6,,,00005garden,,26,0,1
C1b-B,0.038461538461538464,00005garden|322|1|15,321,28,7,,,00005garden,,26,0,1
C1b-B,0.038461538461538464,00005garden|322|1|15,321,28,8,,,00005garden,,26,0,1
C1b-B,0.038461538461538464,00005garden|322|1|15,321,28,9,,,00005garden,,26,0,1
C1b-B,0.038461538461538464,00005garden|322|1|15,321,28,10,,,00005garden,,26,0,1
C1b-B,0.04,00005garden|322|1|15,321,28,11,,,00005garden,,25,0,1
C1b-B,0.038461538461538464,00005garden|322|1|15,321,28,12,,,00005garden,,26,0,1
C1b-B,0.08333333333333333,00005garden|322|1|15,321,28,13,,,00005garden,,24,0,2
C1b-B,0.038461538461538464,00005garden|322|1|15,321,28,14,,,00005garden,,26,0,1
C1b-B,0.07692307692307693,00005garden|322|1|15,321,28,15,,,00005garden,,26,0,2
C1b-B,0.07692307692307693,00005garden|322|1|15,321,28,16,,,00005garden,,26,0,2
C1b-B,0.07692307692307693,00005garden|322|1|15,321,28,17,,,00005garden,,26,0,2
C1b-B,0.07692307692307693,00005garden|322|1|15,321,28,18,,,00005garden,,26,0,2
C1b-B,0.07692307692307693,00005garden|322|1|15,321,28,19,,,00005garden,,26,0,2
C1b-B,0.07692307692307693,00005garden|322|1|15,321,28,20,,,00005garden,,26,0,2
C1b-C,0.038461538461538464,00005garden|322|1|15,321,28,1,,,00005garden,,26,0,1
C1b-C,0.07692307692307693,00005garden|322|1|15,321,28,2,,,00005garden,,26,0,2
C1b-C,0.037037037037037035,00005garden|322|1|15,321,28,3,,,00005garden,,27,0,1
C1b-C,0.037037037037037035,00005garden|322|1|15,321,28,4,,,00005garden,,27,0,1
C1b-C,0.037037037037037035,00005garden|322|1|15,321,28,5,,,00005garden,,27,0,1
C1b-C,0.038461538461538464,00005garden|322|1|15,321,28,6,,,00005garden,,26,0,1
C1b-C,0.038461538461538464,00005garden|322|1|15,321,28,7,,,00005garden,,26,0,1
C1b-C,0.038461538461538464,00005garden|322|1|15,321,28,8,,,00005garden,,26,0,1
C1b-C,0.038461538461538464,00005garden|322|1|15,321,28,9,,,00005garden,,26,0,1
C1b-C,0.038461538461538464,00005garden|322|1|15,321,28,10,,,00005garden,,26,0,1
C1b-C,0.04,00005garden|322|1|15,321,28,11,,,00005garden,,25,0,1
C1b-C,0.038461538461538464,00005garden|322|1|15,321,28,12,,,00005garden,,26,0,1
C1b-C,0.08333333333333333,00005garden|322|1|15,321,28,13,,,00005garden,,24,0,2
C1b-C,0.038461538461538464,00005garden|322|1|15,321,28,14,,,00005garden,,26,0,1
C1b-C,0.07692307692307693,00005garden|322|1|15,321,28,15,,,00005garden,,26,0,2
C1b-C,0.07692307692307693,00005garden|322|1|15,321,28,16,,,00005garden,,26,0,2
C1b-C,0.07692307692307693,00005garden|322|1|15,321,28,17,,,00005garden,,26,0,2
C1b-C,0.07692307692307693,00005garden|322|1|15,321,28,18,,,00005garden,,26,0,2
C1b-C,0.07692307692307693,00005garden|322|1|15,321,28,19,,,00005garden,,26,0,2
C1b-C,0.07692307692307693,00005garden|322|1|15,321,28,20,,,00005garden,,26,0,2
_META,,00005garden|322|1|15,321,28,0,omitted_for_runtime,omitted_for_runtime,00005garden,,,0,
SHAM,0.08,00005garden|357|1|11,356,7,1,,,00005garden,,25,0,2
SHAM,0.12,00005garden|357|1|11,356,7,2,,,00005garden,,25,0,3
SHAM,0.08333333333333333,00005garden|357|1|11,356,7,3,,,00005garden,,24,0,2
SHAM,0.04,00005garden|357|1|11,356,7,4,,,00005garden,,25,0,1
SHAM,0.04,00005garden|357|1|11,356,7,5,,,00005garden,,25,0,1
SHAM,0.04,00005garden|357|1|11,356,7,6,,,00005garden,,25,0,1
SHAM,0.04,00005garden|357|1|11,356,7,7,,,00005garden,,25,0,1
SHAM,0.038461538461538464,00005garden|357|1|11,356,7,8,,,00005garden,,26,0,1
SHAM,0.038461538461538464,00005garden|357|1|11,356,7,9,,,00005garden,,26,0,1
SHAM,0.11538461538461539,00005garden|357|1|11,356,7,10,,,00005garden,,26,0,3
SHAM,0.04,00005garden|357|1|11,356,7,11,,,00005garden,,25,0,1
SHAM,0.11538461538461539,00005garden|357|1|11,356,7,12,,,00005garden,,26,0,3
SHAM,0.11538461538461539,00005garden|357|1|11,356,7,13,,,00005garden,,26,0,3
SHAM,0.08,00005garden|357|1|11,356,7,14,,,00005garden,,25,0,2
SHAM,0.15384615384615385,00005garden|357|1|11,356,7,15,,,00005garden,,26,0,4
SHAM,0.08,00005garden|357|1|11,356,7,16,,,00005garden,,25,0,2
SHAM,0.08,00005garden|357|1|11,356,7,17,,,00005garden,,25,0,2
SHAM,0.08,00005garden|357|1|11,356,7,18,,,00005garden,,25,0,2
SHAM,0.07407407407407407,00005garden|357|1|11,356,7,19,,,00005garden,,27,0,2
SHAM,0.07692307692307693,00005garden|357|1|11,356,7,20,,,00005garden,,26,0,2
C1b-A,0.08,00005garden|357|1|11,356,7,1,,,00005garden,,25,0,2
C1b-A,0.16,00005garden|357|1|11,356,7,2,,,00005garden,,25,0,4
C1b-A,0.08333333333333333,00005garden|357|1|11,356,7,3,,,00005garden,,24,0,2
C1b-A,0.04,00005garden|357|1|11,356,7,4,,,00005garden,,25,0,1
C1b-A,0.04,00005garden|357|1|11,356,7,5,,,00005garden,,25,0,1
C1b-A,0.04,00005garden|357|1|11,356,7,6,,,00005garden,,25,0,1
C1b-A,0.04,00005garden|357|1|11,356,7,7,,,00005garden,,25,0,1
C1b-A,0.038461538461538464,00005garden|357|1|11,356,7,8,,,00005garden,,26,0,1
C1b-A,0.038461538461538464,00005garden|357|1|11,356,7,9,,,00005garden,,26,0,1
C1b-A,0.11538461538461539,00005garden|357|1|11,356,7,10,,,00005garden,,26,0,3
C1b-A,0.04,00005garden|357|1|11,356,7,11,,,00005garden,,25,0,1
C1b-A,0.11538461538461539,00005garden|357|1|11,356,7,12,,,00005garden,,26,0,3
C1b-A,0.11538461538461539,00005garden|357|1|11,356,7,13,,,00005garden,,26,0,3
C1b-A,0.08,00005garden|357|1|11,356,7,14,,,00005garden,,25,0,2
C1b-A,0.15384615384615385,00005garden|357|1|11,356,7,15,,,00005garden,,26,0,4
C1b-A,0.08,00005garden|357|1|11,356,7,16,,,00005garden,,25,0,2
C1b-A,0.08,00005garden|357|1|11,356,7,17,,,00005garden,,25,0,2
C1b-A,0.08,00005garden|357|1|11,356,7,18,,,00005garden,,25,0,2
C1b-A,0.07407407407407407,00005garden|357|1|11,356,7,19,,,00005garden,,27,0,2
C1b-A,0.07692307692307693,00005garden|357|1|11,356,7,20,,,00005garden,,26,0,2
C1b-B,0.08,00005garden|357|1|11,356,7,1,,,00005garden,,25,0,2
C1b-B,0.16,00005garden|357|1|11,356,7,2,,,00005garden,,25,0,4
C1b-B,0.08333333333333333,00005garden|357|1|11,356,7,3,,,00005garden,,24,0,2
C1b-B,0.04,00005garden|357|1|11,356,7,4,,,00005garden,,25,0,1
C1b-B,0.04,00005garden|357|1|11,356,7,5,,,00005garden,,25,0,1
C1b-B,0.04,00005garden|357|1|11,356,7,6,,,00005garden,,25,0,1
C1b-B,0.04,00005garden|357|1|11,356,7,7,,,00005garden,,25,0,1
C1b-B,0.038461538461538464,00005garden|357|1|11,356,7,8,,,00005garden,,26,0,1
C1b-B,0.038461538461538464,00005garden|357|1|11,356,7,9,,,00005garden,,26,0,1
C1b-B,0.11538461538461539,00005garden|357|1|11,356,7,10,,,00005garden,,26,0,3
C1b-B,0.04,00005garden|357|1|11,356,7,11,,,00005garden,,25,0,1
C1b-B,0.11538461538461539,00005garden|357|1|11,356,7,12,,,00005garden,,26,0,3
C1b-B,0.11538461538461539,00005garden|357|1|11,356,7,13,,,00005garden,,26,0,3
C1b-B,0.08,00005garden|357|1|11,356,7,14,,,00005garden,,25,0,2
C1b-B,0.15384615384615385,00005garden|357|1|11,356,7,15,,,00005garden,,26,0,4
C1b-B,0.08,00005garden|357|1|11,356,7,16,,,00005garden,,25,0,2
C1b-B,0.08,00005garden|357|1|11,356,7,17,,,00005garden,,25,0,2
C1b-B,0.08,00005garden|357|1|11,356,7,18,,,00005garden,,25,0,2
C1b-B,0.07407407407407407,00005garden|357|1|11,356,7,19,,,00005garden,,27,0,2
C1b-B,0.07692307692307693,00005garden|357|1|11,356,7,20,,,00005garden,,26,0,2
C1b-C,0.08,00005garden|357|1|11,356,7,1,,,00005garden,,25,0,2
C1b-C,0.16,00005garden|357|1|11,356,7,2,,,00005garden,,25,0,4
C1b-C,0.08333333333333333,00005garden|357|1|11,356,7,3,,,00005garden,,24,0,2
C1b-C,0.04,00005garden|357|1|11,356,7,4,,,00005garden,,25,0,1
C1b-C,0.04,00005garden|357|1|11,356,7,5,,,00005garden,,25,0,1
C1b-C,0.04,00005garden|357|1|11,356,7,6,,,00005garden,,25,0,1
C1b-C,0.04,00005garden|357|1|11,356,7,7,,,00005garden,,25,0,1
C1b-C,0.038461538461538464,00005garden|357|1|11,356,7,8,,,00005garden,,26,0,1
C1b-C,0.038461538461538464,00005garden|357|1|11,356,7,9,,,00005garden,,26,0,1
C1b-C,0.11538461538461539,00005garden|357|1|11,356,7,10,,,00005garden,,26,0,3
C1b-C,0.04,00005garden|357|1|11,356,7,11,,,00005garden,,25,0,1
C1b-C,0.11538461538461539,00005garden|357|1|11,356,7,12,,,00005garden,,26,0,3
C1b-C,0.11538461538461539,00005garden|357|1|11,356,7,13,,,00005garden,,26,0,3
C1b-C,0.08,00005garden|357|1|11,356,7,14,,,00005garden,,25,0,2
C1b-C,0.15384615384615385,00005garden|357|1|11,356,7,15,,,00005garden,,26,0,4
C1b-C,0.08,00005garden|357|1|11,356,7,16,,,00005garden,,25,0,2
C1b-C,0.08,00005garden|357|1|11,356,7,17,,,00005garden,,25,0,2
C1b-C,0.08,00005garden|357|1|11,356,7,18,,,00005garden,,25,0,2
C1b-C,0.07407407407407407,00005garden|357|1|11,356,7,19,,,00005garden,,27,0,2
C1b-C,0.07692307692307693,00005garden|357|1|11,356,7,20,,,00005garden,,26,0,2
_META,,00005garden|357|1|11,356,7,0,omitted_for_runtime,omitted_for_runtime,00005garden,,,0,
SHAM,0.04,00005garden|363|1|10,362,5,1,,,00005garden,,25,0,1
SHAM,0.038461538461538464,00005garden|363|1|10,362,5,2,,,00005garden,,26,0,1
SHAM,0.038461538461538464,00005garden|363|1|10,362,5,3,,,00005garden,,26,0,1
SHAM,0.11538461538461539,00005garden|363|1|10,362,5,4,,,00005garden,,26,0,3
SHAM,0.04,00005garden|363|1|10,362,5,5,,,00005garden,,25,0,1
SHAM,0.11538461538461539,00005garden|363|1|10,362,5,6,,,00005garden,,26,0,3
SHAM,0.11538461538461539,00005garden|363|1|10,362,5,7,,,00005garden,,26,0,3
SHAM,0.08,00005garden|363|1|10,362,5,8,,,00005garden,,25,0,2
SHAM,0.15384615384615385,00005garden|363|1|10,362,5,9,,,00005garden,,26,0,4
SHAM,0.08,00005garden|363|1|10,362,5,10,,,00005garden,,25,0,2
SHAM,0.08,00005garden|363|1|10,362,5,11,,,00005garden,,25,0,2
SHAM,0.08,00005garden|363|1|10,362,5,12,,,00005garden,,25,0,2
SHAM,0.07407407407407407,00005garden|363|1|10,362,5,13,,,00005garden,,27,0,2
SHAM,0.07692307692307693,00005garden|363|1|10,362,5,14,,,00005garden,,26,0,2
SHAM,0.041666666666666664,00005garden|363|1|10,362,5,15,,,00005garden,,24,0,1
SHAM,0.04,00005garden|363|1|10,362,5,16,,,00005garden,,25,0,1
SHAM,0.07692307692307693,00005garden|363|1|10,362,5,17,,,00005garden,,26,0,2
SHAM,0.07692307692307693,00005garden|363|1|10,362,5,18,,,00005garden,,26,0,2
SHAM,0.038461538461538464,00005garden|363|1|10,362,5,19,,,00005garden,,26,0,1
SHAM,0.07142857142857142,00005garden|363|1|10,362,5,20,,,00005garden,,28,0,2
C1b-A,0.04,00005garden|363|1|10,362,5,1,,,00005garden,,25,0,1
C1b-A,0.038461538461538464,00005garden|363|1|10,362,5,2,,,00005garden,,26,0,1
C1b-A,0.038461538461538464,00005garden|363|1|10,362,5,3,,,00005garden,,26,0,1
C1b-A,0.11538461538461539,00005garden|363|1|10,362,5,4,,,00005garden,,26,0,3
C1b-A,0.04,00005garden|363|1|10,362,5,5,,,00005garden,,25,0,1
C1b-A,0.11538461538461539,00005garden|363|1|10,362,5,6,,,00005garden,,26,0,3
C1b-A,0.11538461538461539,00005garden|363|1|10,362,5,7,,,00005garden,,26,0,3
C1b-A,0.08,00005garden|363|1|10,362,5,8,,,00005garden,,25,0,2
C1b-A,0.15384615384615385,00005garden|363|1|10,362,5,9,,,00005garden,,26,0,4
C1b-A,0.08,00005garden|363|1|10,362,5,10,,,00005garden,,25,0,2
C1b-A,0.08,00005garden|363|1|10,362,5,11,,,00005garden,,25,0,2
C1b-A,0.08,00005garden|363|1|10,362,5,12,,,00005garden,,25,0,2
C1b-A,0.07407407407407407,00005garden|363|1|10,362,5,13,,,00005garden,,27,0,2
C1b-A,0.07692307692307693,00005garden|363|1|10,362,5,14,,,00005garden,,26,0,2
C1b-A,0.041666666666666664,00005garden|363|1|10,362,5,15,,,00005garden,,24,0,1
C1b-A,0.04,00005garden|363|1|10,362,5,16,,,00005garden,,25,0,1
C1b-A,0.07692307692307693,00005garden|363|1|10,362,5,17,,,00005garden,,26,0,2
C1b-A,0.07692307692307693,00005garden|363|1|10,362,5,18,,,00005garden,,26,0,2
C1b-A,0.038461538461538464,00005garden|363|1|10,362,5,19,,,00005garden,,26,0,1
C1b-A,0.07142857142857142,00005garden|363|1|10,362,5,20,,,00005garden,,28,0,2
C1b-B,0.04,00005garden|363|1|10,362,5,1,,,00005garden,,25,0,1
C1b-B,0.038461538461538464,00005garden|363|1|10,362,5,2,,,00005garden,,26,0,1
C1b-B,0.038461538461538464,00005garden|363|1|10,362,5,3,,,00005garden,,26,0,1
C1b-B,0.11538461538461539,00005garden|363|1|10,362,5,4,,,00005garden,,26,0,3
C1b-B,0.04,00005garden|363|1|10,362,5,5,,,00005garden,,25,0,1
C1b-B,0.11538461538461539,00005garden|363|1|10,362,5,6,,,00005garden,,26,0,3
C1b-B,0.11538461538461539,00005garden|363|1|10,362,5,7,,,00005garden,,26,0,3
C1b-B,0.08,00005garden|363|1|10,362,5,8,,,00005garden,,25,0,2
C1b-B,0.15384615384615385,00005garden|363|1|10,362,5,9,,,00005garden,,26,0,4
C1b-B,0.08,00005garden|363|1|10,362,5,10,,,00005garden,,25,0,2
C1b-B,0.08,00005garden|363|1|10,362,5,11,,,00005garden,,25,0,2
C1b-B,0.08,00005garden|363|1|10,362,5,12,,,00005garden,,25,0,2
C1b-B,0.07407407407407407,00005garden|363|1|10,362,5,13,,,00005garden,,27,0,2
C1b-B,0.07692307692307693,00005garden|363|1|10,362,5,14,,,00005garden,,26,0,2
C1b-B,0.041666666666666664,00005garden|363|1|10,362,5,15,,,00005garden,,24,0,1
C1b-B,0.04,00005garden|363|1|10,362,5,16,,,00005garden,,25,0,1
C1b-B,0.07692307692307693,00005garden|363|1|10,362,5,17,,,00005garden,,26,0,2
C1b-B,0.07692307692307693,00005garden|363|1|10,362,5,18,,,00005garden,,26,0,2
C1b-B,0.038461538461538464,00005garden|363|1|10,362,5,19,,,00005garden,,26,0,1
C1b-B,0.07142857142857142,00005garden|363|1|10,362,5,20,,,00005garden,,28,0,2
C1b-C,0.04,00005garden|363|1|10,362,5,1,,,00005garden,,25,0,1
C1b-C,0.038461538461538464,00005garden|363|1|10,362,5,2,,,00005garden,,26,0,1
C1b-C,0.038461538461538464,00005garden|363|1|10,362,5,3,,,00005garden,,26,0,1
C1b-C,0.11538461538461539,00005garden|363|1|10,362,5,4,,,00005garden,,26,0,3
C1b-C,0.04,00005garden|363|1|10,362,5,5,,,00005garden,,25,0,1
C1b-C,0.11538461538461539,00005garden|363|1|10,362,5,6,,,00005garden,,26,0,3
C1b-C,0.11538461538461539,00005garden|363|1|10,362,5,7,,,00005garden,,26,0,3
C1b-C,0.08,00005garden|363|1|10,362,5,8,,,00005garden,,25,0,2
C1b-C,0.15384615384615385,00005garden|363|1|10,362,5,9,,,00005garden,,26,0,4
C1b-C,0.08,00005garden|363|1|10,362,5,10,,,00005garden,,25,0,2
C1b-C,0.08,00005garden|363|1|10,362,5,11,,,00005garden,,25,0,2
C1b-C,0.08,00005garden|363|1|10,362,5,12,,,00005garden,,25,0,2
C1b-C,0.07407407407407407,00005garden|363|1|10,362,5,13,,,00005garden,,27,0,2
C1b-C,0.07692307692307693,00005garden|363|1|10,362,5,14,,,00005garden,,26,0,2
C1b-C,0.041666666666666664,00005garden|363|1|10,362,5,15,,,00005garden,,24,0,1
C1b-C,0.04,00005garden|363|1|10,362,5,16,,,00005garden,,25,0,1
C1b-C,0.07692307692307693,00005garden|363|1|10,362,5,17,,,00005garden,,26,0,2
C1b-C,0.07692307692307693,00005garden|363|1|10,362,5,18,,,00005garden,,26,0,2
C1b-C,0.038461538461538464,00005garden|363|1|10,362,5,19,,,00005garden,,26,0,1
C1b-C,0.07142857142857142,00005garden|363|1|10,362,5,20,,,00005garden,,28,0,2
_META,,00005garden|363|1|10,362,5,0,omitted_for_runtime,omitted_for_runtime,00005garden,,,0,
SHAM,0.15384615384615385,00005garden|371|2|2,370,1,1,,,00005garden,,26,1,4
SHAM,0.08,00005garden|371|2|2,370,1,2,,,00005garden,,25,1,2
SHAM,0.08,00005garden|371|2|2,370,1,3,,,00005garden,,25,1,2
SHAM,0.08,00005garden|371|2|2,370,1,4,,,00005garden,,25,1,2
SHAM,0.07407407407407407,00005garden|371|2|2,370,1,5,,,00005garden,,27,1,2
SHAM,0.07692307692307693,00005garden|371|2|2,370,1,6,,,00005garden,,26,1,2
SHAM,0.041666666666666664,00005garden|371|2|2,370,1,7,,,00005garden,,24,1,1
SHAM,0.04,00005garden|371|2|2,370,1,8,,,00005garden,,25,1,1
SHAM,0.07692307692307693,00005garden|371|2|2,370,1,9,,,00005garden,,26,1,2
SHAM,0.07692307692307693,00005garden|371|2|2,370,1,10,,,00005garden,,26,1,2
SHAM,0.038461538461538464,00005garden|371|2|2,370,1,11,,,00005garden,,26,1,1
SHAM,0.07142857142857142,00005garden|371|2|2,370,1,12,,,00005garden,,28,1,2
SHAM,0.07142857142857142,00005garden|371|2|2,370,1,13,,,00005garden,,28,1,2
SHAM,0.038461538461538464,00005garden|371|2|2,370,1,14,,,00005garden,,26,1,1
SHAM,0.07142857142857142,00005garden|371|2|2,370,1,15,,,00005garden,,28,1,2
SHAM,0.07407407407407407,00005garden|371|2|2,370,1,16,,,00005garden,,27,1,2
SHAM,0.08,00005garden|371|2|2,370,1,17,,,00005garden,,25,1,2
SHAM,0.07692307692307693,00005garden|371|2|2,370,1,18,,,00005garden,,26,1,2
SHAM,0.037037037037037035,00005garden|371|2|2,370,1,19,,,00005garden,,27,1,1
SHAM,0.038461538461538464,00005garden|371|2|2,370,1,20,,,00005garden,,26,1,1
C1b-A,0.15384615384615385,00005garden|371|2|2,370,1,1,,,00005garden,,26,1,4
C1b-A,0.08,00005garden|371|2|2,370,1,2,,,00005garden,,25,1,2
C1b-A,0.08,00005garden|371|2|2,370,1,3,,,00005garden,,25,1,2
C1b-A,0.08333333333333333,00005garden|371|2|2,370,1,4,,,00005garden,,24,1,2
C1b-A,0.07407407407407407,00005garden|371|2|2,370,1,5,,,00005garden,,27,1,2
C1b-A,0.07692307692307693,00005garden|371|2|2,370,1,6,,,00005garden,,26,1,2
C1b-A,0.041666666666666664,00005garden|371|2|2,370,1,7,,,00005garden,,24,1,1
C1b-A,0.041666666666666664,00005garden|371|2|2,370,1,8,,,00005garden,,24,1,1
C1b-A,0.07692307692307693,00005garden|371|2|2,370,1,9,,,00005garden,,26,1,2
C1b-A,0.07692307692307693,00005garden|371|2|2,370,1,10,,,00005garden,,26,1,2
C1b-A,0.038461538461538464,00005garden|371|2|2,370,1,11,,,00005garden,,26,1,1
C1b-A,0.07407407407407407,00005garden|371|2|2,370,1,12,,,00005garden,,27,1,2
C1b-A,0.07407407407407407,00005garden|371|2|2,370,1,13,,,00005garden,,27,1,2
C1b-A,0.07692307692307693,00005garden|371|2|2,370,1,14,,,00005garden,,26,1,2
C1b-A,0.07407407407407407,00005garden|371|2|2,370,1,15,,,00005garden,,27,1,2
C1b-A,0.07407407407407407,00005garden|371|2|2,370,1,16,,,00005garden,,27,1,2
C1b-A,0.08333333333333333,00005garden|371|2|2,370,1,17,,,00005garden,,24,1,2
C1b-A,0.07692307692307693,00005garden|371|2|2,370,1,18,,,00005garden,,26,1,2
C1b-A,0.037037037037037035,00005garden|371|2|2,370,1,19,,,00005garden,,27,1,1
C1b-A,0.038461538461538464,00005garden|371|2|2,370,1,20,,,00005garden,,26,1,1
C1b-B,0.15384615384615385,00005garden|371|2|2,370,1,1,,,00005garden,,26,1,4
C1b-B,0.08,00005garden|371|2|2,370,1,2,,,00005garden,,25,1,2
C1b-B,0.08,00005garden|371|2|2,370,1,3,,,00005garden,,25,1,2
C1b-B,0.08,00005garden|371|2|2,370,1,4,,,00005garden,,25,1,2
C1b-B,0.07407407407407407,00005garden|371|2|2,370,1,5,,,00005garden,,27,1,2
C1b-B,0.07692307692307693,00005garden|371|2|2,370,1,6,,,00005garden,,26,1,2
C1b-B,0.041666666666666664,00005garden|371|2|2,370,1,7,,,00005garden,,24,1,1
C1b-B,0.04,00005garden|371|2|2,370,1,8,,,00005garden,,25,1,1
C1b-B,0.07692307692307693,00005garden|371|2|2,370,1,9,,,00005garden,,26,1,2
C1b-B,0.07692307692307693,00005garden|371|2|2,370,1,10,,,00005garden,,26,1,2
C1b-B,0.038461538461538464,00005garden|371|2|2,370,1,11,,,00005garden,,26,1,1
C1b-B,0.07142857142857142,00005garden|371|2|2,370,1,12,,,00005garden,,28,1,2
C1b-B,0.07142857142857142,00005garden|371|2|2,370,1,13,,,00005garden,,28,1,2
C1b-B,0.038461538461538464,00005garden|371|2|2,370,1,14,,,00005garden,,26,1,1
C1b-B,0.07142857142857142,00005garden|371|2|2,370,1,15,,,00005garden,,28,1,2
C1b-B,0.07407407407407407,00005garden|371|2|2,370,1,16,,,00005garden,,27,1,2
C1b-B,0.08,00005garden|371|2|2,370,1,17,,,00005garden,,25,1,2
C1b-B,0.07692307692307693,00005garden|371|2|2,370,1,18,,,00005garden,,26,1,2
C1b-B,0.037037037037037035,00005garden|371|2|2,370,1,19,,,00005garden,,27,1,1
C1b-B,0.038461538461538464,00005garden|371|2|2,370,1,20,,,00005garden,,26,1,1
C1b-C,,00005garden|371|2|2,370,1,1,,,00005garden,repair_conflict,0,1,0
C1b-C,,00005garden|371|2|2,370,1,2,,,00005garden,repair_conflict,0,1,0
C1b-C,,00005garden|371|2|2,370,1,3,,,00005garden,repair_conflict,0,1,0
C1b-C,,00005garden|371|2|2,370,1,4,,,00005garden,repair_conflict,0,1,0
C1b-C,,00005garden|371|2|2,370,1,5,,,00005garden,repair_conflict,0,1,0
C1b-C,,00005garden|371|2|2,370,1,6,,,00005garden,repair_conflict,0,1,0
C1b-C,,00005garden|371|2|2,370,1,7,,,00005garden,repair_conflict,0,1,0
C1b-C,,00005garden|371|2|2,370,1,8,,,00005garden,repair_conflict,0,1,0
C1b-C,,00005garden|371|2|2,370,1,9,,,00005garden,repair_conflict,0,1,0
C1b-C,,00005garden|371|2|2,370,1,10,,,00005garden,repair_conflict,0,1,0
C1b-C,,00005garden|371|2|2,370,1,11,,,00005garden,repair_conflict,0,1,0
C1b-C,,00005garden|371|2|2,370,1,12,,,00005garden,repair_conflict,0,1,0
C1b-C,,00005garden|371|2|2,370,1,13,,,00005garden,repair_conflict,0,1,0
C1b-C,,00005garden|371|2|2,370,1,14,,,00005garden,repair_conflict,0,1,0
C1b-C,,00005garden|371|2|2,370,1,15,,,00005garden,repair_conflict,0,1,0
C1b-C,,00005garden|371|2|2,370,1,16,,,00005garden,repair_conflict,0,1,0
C1b-C,,00005garden|371|2|2,370,1,17,,,00005garden,repair_conflict,0,1,0
C1b-C,,00005garden|371|2|2,370,1,18,,,00005garden,repair_conflict,0,1,0
C1b-C,,00005garden|371|2|2,370,1,19,,,00005garden,repair_conflict,0,1,0
C1b-C,,00005garden|371|2|2,370,1,20,,,00005garden,repair_conflict,0,1,0
_META,,00005garden|371|2|2,370,1,0,omitted_for_runtime,omitted_for_runtime,00005garden,,,1,
SHAM,0.08333333333333333,00005garden|405|1|8,404,5,1,,,00005garden,,24,0,2
SHAM,0.08,00005garden|405|1|8,404,5,2,,,00005garden,,25,0,2
SHAM,0.08,00005garden|405|1|8,404,5,3,,,00005garden,,25,0,2
SHAM,0.08333333333333333,00005garden|405|1|8,404,5,4,,,00005garden,,24,0,2
SHAM,0.04,00005garden|405|1|8,404,5,5,,,00005garden,,25,0,1
SHAM,0.08,00005garden|405|1|8,404,5,6,,,00005garden,,25,0,2
SHAM,0.043478260869565216,00005garden|405|1|8,404,5,7,,,00005garden,,23,0,1
SHAM,0.041666666666666664,00005garden|405|1|8,404,5,8,,,00005garden,,24,0,1
SHAM,0.08,00005garden|405|1|8,404,5,9,,,00005garden,,25,0,2
SHAM,0.08333333333333333,00005garden|405|1|8,404,5,10,,,00005garden,,24,0,2
SHAM,0.08333333333333333,00005garden|405|1|8,404,5,11,,,00005garden,,24,0,2
SHAM,0.08333333333333333,00005garden|405|1|8,404,5,12,,,00005garden,,24,0,2
SHAM,0.08333333333333333,00005garden|405|1|8,404,5,13,,,00005garden,,24,0,2
SHAM,0.08333333333333333,00005garden|405|1|8,404,5,14,,,00005garden,,24,0,2
SHAM,0.08695652173913043,00005garden|405|1|8,404,5,15,,,00005garden,,23,0,2
SHAM,0.08333333333333333,00005garden|405|1|8,404,5,16,,,00005garden,,24,0,2
SHAM,0.08,00005garden|405|1|8,404,5,17,,,00005garden,,25,0,2
SHAM,0.043478260869565216,00005garden|405|1|8,404,5,18,,,00005garden,,23,0,1
SHAM,0.041666666666666664,00005garden|405|1|8,404,5,19,,,00005garden,,24,0,1
SHAM,0.08333333333333333,00005garden|405|1|8,404,5,20,,,00005garden,,24,0,2
C1b-A,0.08333333333333333,00005garden|405|1|8,404,5,1,,,00005garden,,24,0,2
C1b-A,0.08,00005garden|405|1|8,404,5,2,,,00005garden,,25,0,2
C1b-A,0.08,00005garden|405|1|8,404,5,3,,,00005garden,,25,0,2
C1b-A,0.08333333333333333,00005garden|405|1|8,404,5,4,,,00005garden,,24,0,2
C1b-A,0.04,00005garden|405|1|8,404,5,5,,,00005garden,,25,0,1
C1b-A,0.08,00005garden|405|1|8,404,5,6,,,00005garden,,25,0,2
C1b-A,0.043478260869565216,00005garden|405|1|8,404,5,7,,,00005garden,,23,0,1
C1b-A,0.041666666666666664,00005garden|405|1|8,404,5,8,,,00005garden,,24,0,1
C1b-A,0.08,00005garden|405|1|8,404,5,9,,,00005garden,,25,0,2
C1b-A,0.08333333333333333,00005garden|405|1|8,404,5,10,,,00005garden,,24,0,2
C1b-A,0.08333333333333333,00005garden|405|1|8,404,5,11,,,00005garden,,24,0,2
C1b-A,0.08333333333333333,00005garden|405|1|8,404,5,12,,,00005garden,,24,0,2
C1b-A,0.08333333333333333,00005garden|405|1|8,404,5,13,,,00005garden,,24,0,2
C1b-A,0.08333333333333333,00005garden|405|1|8,404,5,14,,,00005garden,,24,0,2
C1b-A,0.08695652173913043,00005garden|405|1|8,404,5,15,,,00005garden,,23,0,2
C1b-A,0.08333333333333333,00005garden|405|1|8,404,5,16,,,00005garden,,24,0,2
C1b-A,0.04,00005garden|405|1|8,404,5,17,,,00005garden,,25,0,1
C1b-A,0.043478260869565216,00005garden|405|1|8,404,5,18,,,00005garden,,23,0,1
C1b-A,0.041666666666666664,00005garden|405|1|8,404,5,19,,,00005garden,,24,0,1
C1b-A,0.041666666666666664,00005garden|405|1|8,404,5,20,,,00005garden,,24,0,1
C1b-B,0.08333333333333333,00005garden|405|1|8,404,5,1,,,00005garden,,24,0,2
C1b-B,0.08,00005garden|405|1|8,404,5,2,,,00005garden,,25,0,2
C1b-B,0.08,00005garden|405|1|8,404,5,3,,,00005garden,,25,0,2
C1b-B,0.08333333333333333,00005garden|405|1|8,404,5,4,,,00005garden,,24,0,2
C1b-B,0.04,00005garden|405|1|8,404,5,5,,,00005garden,,25,0,1
C1b-B,0.08,00005garden|405|1|8,404,5,6,,,00005garden,,25,0,2
C1b-B,0.043478260869565216,00005garden|405|1|8,404,5,7,,,00005garden,,23,0,1
C1b-B,0.041666666666666664,00005garden|405|1|8,404,5,8,,,00005garden,,24,0,1
C1b-B,0.08,00005garden|405|1|8,404,5,9,,,00005garden,,25,0,2
C1b-B,0.08333333333333333,00005garden|405|1|8,404,5,10,,,00005garden,,24,0,2
C1b-B,0.08333333333333333,00005garden|405|1|8,404,5,11,,,00005garden,,24,0,2
C1b-B,0.08333333333333333,00005garden|405|1|8,404,5,12,,,00005garden,,24,0,2
C1b-B,0.08333333333333333,00005garden|405|1|8,404,5,13,,,00005garden,,24,0,2
C1b-B,0.08333333333333333,00005garden|405|1|8,404,5,14,,,00005garden,,24,0,2
C1b-B,0.08695652173913043,00005garden|405|1|8,404,5,15,,,00005garden,,23,0,2
C1b-B,0.08333333333333333,00005garden|405|1|8,404,5,16,,,00005garden,,24,0,2
C1b-B,0.04,00005garden|405|1|8,404,5,17,,,00005garden,,25,0,1
C1b-B,0.043478260869565216,00005garden|405|1|8,404,5,18,,,00005garden,,23,0,1
C1b-B,0.041666666666666664,00005garden|405|1|8,404,5,19,,,00005garden,,24,0,1
C1b-B,0.041666666666666664,00005garden|405|1|8,404,5,20,,,00005garden,,24,0,1
C1b-C,0.08333333333333333,00005garden|405|1|8,404,5,1,,,00005garden,,24,0,2
C1b-C,0.08,00005garden|405|1|8,404,5,2,,,00005garden,,25,0,2
C1b-C,0.08,00005garden|405|1|8,404,5,3,,,00005garden,,25,0,2
C1b-C,0.08333333333333333,00005garden|405|1|8,404,5,4,,,00005garden,,24,0,2
C1b-C,0.04,00005garden|405|1|8,404,5,5,,,00005garden,,25,0,1
C1b-C,0.08,00005garden|405|1|8,404,5,6,,,00005garden,,25,0,2
C1b-C,0.043478260869565216,00005garden|405|1|8,404,5,7,,,00005garden,,23,0,1
C1b-C,0.041666666666666664,00005garden|405|1|8,404,5,8,,,00005garden,,24,0,1
C1b-C,0.08,00005garden|405|1|8,404,5,9,,,00005garden,,25,0,2
C1b-C,0.08333333333333333,00005garden|405|1|8,404,5,10,,,00005garden,,24,0,2
C1b-C,0.08333333333333333,00005garden|405|1|8,404,5,11,,,00005garden,,24,0,2
C1b-C,0.08333333333333333,00005garden|405|1|8,404,5,12,,,00005garden,,24,0,2
C1b-C,0.08333333333333333,00005garden|405|1|8,404,5,13,,,00005garden,,24,0,2
C1b-C,0.08333333333333333,00005garden|405|1|8,404,5,14,,,00005garden,,24,0,2
C1b-C,0.08695652173913043,00005garden|405|1|8,404,5,15,,,00005garden,,23,0,2
C1b-C,0.08333333333333333,00005garden|405|1|8,404,5,16,,,00005garden,,24,0,2
C1b-C,0.04,00005garden|405|1|8,404,5,17,,,00005garden,,25,0,1
C1b-C,0.043478260869565216,00005garden|405|1|8,404,5,18,,,00005garden,,23,0,1
C1b-C,0.041666666666666664,00005garden|405|1|8,404,5,19,,,00005garden,,24,0,1
C1b-C,0.041666666666666664,00005garden|405|1|8,404,5,20,,,00005garden,,24,0,1
_META,,00005garden|405|1|8,404,5,0,omitted_for_runtime,omitted_for_runtime,00005garden,,,0,
SHAM,0.08,00005garden|406|1|10,405,4,1,,,00005garden,,25,0,2
SHAM,0.08,00005garden|406|1|10,405,4,2,,,00005garden,,25,0,2
SHAM,0.08333333333333333,00005garden|406|1|10,405,4,3,,,00005garden,,24,0,2
SHAM,0.04,00005garden|406|1|10,405,4,4,,,00005garden,,25,0,1
SHAM,0.08,00005garden|406|1|10,405,4,5,,,00005garden,,25,0,2
SHAM,0.043478260869565216,00005garden|406|1|10,405,4,6,,,00005garden,,23,0,1
SHAM,0.041666666666666664,00005garden|406|1|10,405,4,7,,,00005garden,,24,0,1
SHAM,0.08,00005garden|406|1|10,405,4,8,,,00005garden,,25,0,2
SHAM,0.08333333333333333,00005garden|406|1|10,405,4,9,,,00005garden,,24,0,2
SHAM,0.08333333333333333,00005garden|406|1|10,405,4,10,,,00005garden,,24,0,2
SHAM,0.08333333333333333,00005garden|406|1|10,405,4,11,,,00005garden,,24,0,2
SHAM,0.08333333333333333,00005garden|406|1|10,405,4,12,,,00005garden,,24,0,2
SHAM,0.08333333333333333,00005garden|406|1|10,405,4,13,,,00005garden,,24,0,2
SHAM,0.08695652173913043,00005garden|406|1|10,405,4,14,,,00005garden,,23,0,2
SHAM,0.08333333333333333,00005garden|406|1|10,405,4,15,,,00005garden,,24,0,2
SHAM,0.08,00005garden|406|1|10,405,4,16,,,00005garden,,25,0,2
SHAM,0.043478260869565216,00005garden|406|1|10,405,4,17,,,00005garden,,23,0,1
SHAM,0.041666666666666664,00005garden|406|1|10,405,4,18,,,00005garden,,24,0,1
SHAM,0.08333333333333333,00005garden|406|1|10,405,4,19,,,00005garden,,24,0,2
SHAM,0.08695652173913043,00005garden|406|1|10,405,4,20,,,00005garden,,23,0,2
C1b-A,0.08,00005garden|406|1|10,405,4,1,,,00005garden,,25,0,2
C1b-A,0.08,00005garden|406|1|10,405,4,2,,,00005garden,,25,0,2
C1b-A,0.08333333333333333,00005garden|406|1|10,405,4,3,,,00005garden,,24,0,2
C1b-A,0.04,00005garden|406|1|10,405,4,4,,,00005garden,,25,0,1
C1b-A,0.08,00005garden|406|1|10,405,4,5,,,00005garden,,25,0,2
C1b-A,0.043478260869565216,00005garden|406|1|10,405,4,6,,,00005garden,,23,0,1
C1b-A,0.041666666666666664,00005garden|406|1|10,405,4,7,,,00005garden,,24,0,1
C1b-A,0.08,00005garden|406|1|10,405,4,8,,,00005garden,,25,0,2
C1b-A,0.08333333333333333,00005garden|406|1|10,405,4,9,,,00005garden,,24,0,2
C1b-A,0.08333333333333333,00005garden|406|1|10,405,4,10,,,00005garden,,24,0,2
C1b-A,0.08333333333333333,00005garden|406|1|10,405,4,11,,,00005garden,,24,0,2
C1b-A,0.08333333333333333,00005garden|406|1|10,405,4,12,,,00005garden,,24,0,2
C1b-A,0.08333333333333333,00005garden|406|1|10,405,4,13,,,00005garden,,24,0,2
C1b-A,0.08695652173913043,00005garden|406|1|10,405,4,14,,,00005garden,,23,0,2
C1b-A,0.08333333333333333,00005garden|406|1|10,405,4,15,,,00005garden,,24,0,2
C1b-A,0.04,00005garden|406|1|10,405,4,16,,,00005garden,,25,0,1
C1b-A,0.043478260869565216,00005garden|406|1|10,405,4,17,,,00005garden,,23,0,1
C1b-A,0.041666666666666664,00005garden|406|1|10,405,4,18,,,00005garden,,24,0,1
C1b-A,0.08333333333333333,00005garden|406|1|10,405,4,19,,,00005garden,,24,0,2
C1b-A,0.08695652173913043,00005garden|406|1|10,405,4,20,,,00005garden,,23,0,2
C1b-B,0.04,00005garden|406|1|10,405,4,1,,,00005garden,,25,0,1
C1b-B,0.08,00005garden|406|1|10,405,4,2,,,00005garden,,25,0,2
C1b-B,0.08333333333333333,00005garden|406|1|10,405,4,3,,,00005garden,,24,0,2
C1b-B,0.04,00005garden|406|1|10,405,4,4,,,00005garden,,25,0,1
C1b-B,0.08,00005garden|406|1|10,405,4,5,,,00005garden,,25,0,2
C1b-B,0.043478260869565216,00005garden|406|1|10,405,4,6,,,00005garden,,23,0,1
C1b-B,0.041666666666666664,00005garden|406|1|10,405,4,7,,,00005garden,,24,0,1
C1b-B,0.08,00005garden|406|1|10,405,4,8,,,00005garden,,25,0,2
C1b-B,0.041666666666666664,00005garden|406|1|10,405,4,9,,,00005garden,,24,0,1
C1b-B,0.08333333333333333,00005garden|406|1|10,405,4,10,,,00005garden,,24,0,2
C1b-B,0.08333333333333333,00005garden|406|1|10,405,4,11,,,00005garden,,24,0,2
C1b-B,0.08333333333333333,00005garden|406|1|10,405,4,12,,,00005garden,,24,0,2
C1b-B,0.08333333333333333,00005garden|406|1|10,405,4,13,,,00005garden,,24,0,2
C1b-B,0.08695652173913043,00005garden|406|1|10,405,4,14,,,00005garden,,23,0,2
C1b-B,0.08333333333333333,00005garden|406|1|10,405,4,15,,,00005garden,,24,0,2
C1b-B,0.08,00005garden|406|1|10,405,4,16,,,00005garden,,25,0,2
C1b-B,0.043478260869565216,00005garden|406|1|10,405,4,17,,,00005garden,,23,0,1
C1b-B,0.041666666666666664,00005garden|406|1|10,405,4,18,,,00005garden,,24,0,1
C1b-B,0.08333333333333333,00005garden|406|1|10,405,4,19,,,00005garden,,24,0,2
C1b-B,0.08695652173913043,00005garden|406|1|10,405,4,20,,,00005garden,,23,0,2
C1b-C,0.08,00005garden|406|1|10,405,4,1,,,00005garden,,25,0,2
C1b-C,0.08,00005garden|406|1|10,405,4,2,,,00005garden,,25,0,2
C1b-C,0.08333333333333333,00005garden|406|1|10,405,4,3,,,00005garden,,24,0,2
C1b-C,0.04,00005garden|406|1|10,405,4,4,,,00005garden,,25,0,1
C1b-C,0.08,00005garden|406|1|10,405,4,5,,,00005garden,,25,0,2
C1b-C,0.043478260869565216,00005garden|406|1|10,405,4,6,,,00005garden,,23,0,1
C1b-C,0.041666666666666664,00005garden|406|1|10,405,4,7,,,00005garden,,24,0,1
C1b-C,0.08,00005garden|406|1|10,405,4,8,,,00005garden,,25,0,2
C1b-C,0.08333333333333333,00005garden|406|1|10,405,4,9,,,00005garden,,24,0,2
C1b-C,0.08333333333333333,00005garden|406|1|10,405,4,10,,,00005garden,,24,0,2
C1b-C,0.08333333333333333,00005garden|406|1|10,405,4,11,,,00005garden,,24,0,2
C1b-C,0.08333333333333333,00005garden|406|1|10,405,4,12,,,00005garden,,24,0,2
C1b-C,0.08333333333333333,00005garden|406|1|10,405,4,13,,,00005garden,,24,0,2
C1b-C,0.08695652173913043,00005garden|406|1|10,405,4,14,,,00005garden,,23,0,2
C1b-C,0.08333333333333333,00005garden|406|1|10,405,4,15,,,00005garden,,24,0,2
C1b-C,0.04,00005garden|406|1|10,405,4,16,,,00005garden,,25,0,1
C1b-C,0.043478260869565216,00005garden|406|1|10,405,4,17,,,00005garden,,23,0,1
C1b-C,0.041666666666666664,00005garden|406|1|10,405,4,18,,,00005garden,,24,0,1
C1b-C,0.08333333333333333,00005garden|406|1|10,405,4,19,,,00005garden,,24,0,2
C1b-C,0.08695652173913043,00005garden|406|1|10,405,4,20,,,00005garden,,23,0,2
_META,,00005garden|406|1|10,405,4,0,omitted_for_runtime,omitted_for_runtime,00005garden,,,0,
SHAM,0.045454545454545456,00005garden|426|1|11,425,5,1,,,00005garden,,22,0,1
SHAM,0.043478260869565216,00005garden|426|1|11,425,5,2,,,00005garden,,23,0,1
SHAM,0.09090909090909091,00005garden|426|1|11,425,5,3,,,00005garden,,22,0,2
SHAM,0.045454545454545456,00005garden|426|1|11,425,5,4,,,00005garden,,22,0,1
SHAM,0.13043478260869565,00005garden|426|1|11,425,5,5,,,00005garden,,23,0,3
SHAM,0.08333333333333333,00005garden|426|1|11,425,5,6,,,00005garden,,24,0,2
SHAM,0.043478260869565216,00005garden|426|1|11,425,5,7,,,00005garden,,23,0,1
SHAM,0.08333333333333333,00005garden|426|1|11,425,5,8,,,00005garden,,24,0,2
SHAM,0.13043478260869565,00005garden|426|1|11,425,5,9,,,00005garden,,23,0,3
SHAM,0.13043478260869565,00005garden|426|1|11,425,5,10,,,00005garden,,23,0,3
SHAM,0.125,00005garden|426|1|11,425,5,11,,,00005garden,,24,0,3
SHAM,0.125,00005garden|426|1|11,425,5,12,,,00005garden,,24,0,3
SHAM,0.09090909090909091,00005garden|426|1|11,425,5,13,,,00005garden,,22,0,2
SHAM,0.038461538461538464,00005garden|426|1|11,425,5,14,,,00005garden,,26,0,1
SHAM,0.08,00005garden|426|1|11,425,5,15,,,00005garden,,25,0,2
SHAM,0.041666666666666664,00005garden|426|1|11,425,5,16,,,00005garden,,24,0,1
SHAM,0.08,00005garden|426|1|11,425,5,17,,,00005garden,,25,0,2
SHAM,0.08,00005garden|426|1|11,425,5,18,,,00005garden,,25,0,2
SHAM,0.2,00005garden|426|1|11,425,5,19,,,00005garden,,25,0,5
SHAM,0.13636363636363635,00005garden|426|1|11,425,5,20,,,00005garden,,22,0,3
C1b-A,,00005garden|426|1|11,425,5,1,,,00005garden,current_target_occupied,0,0,0
C1b-A,,00005garden|426|1|11,425,5,2,,,00005garden,current_target_occupied,0,0,0
C1b-A,,00005garden|426|1|11,425,5,3,,,00005garden,current_target_occupied,0,0,0
C1b-A,,00005garden|426|1|11,425,5,4,,,00005garden,current_target_occupied,0,0,0
C1b-A,,00005garden|426|1|11,425,5,5,,,00005garden,current_target_occupied,0,0,0
C1b-A,,00005garden|426|1|11,425,5,6,,,00005garden,current_target_occupied,0,0,0
C1b-A,,00005garden|426|1|11,425,5,7,,,00005garden,current_target_occupied,0,0,0
C1b-A,,00005garden|426|1|11,425,5,8,,,00005garden,current_target_occupied,0,0,0
C1b-A,,00005garden|426|1|11,425,5,9,,,00005garden,current_target_occupied,0,0,0
C1b-A,,00005garden|426|1|11,425,5,10,,,00005garden,current_target_occupied,0,0,0
C1b-A,,00005garden|426|1|11,425,5,11,,,00005garden,current_target_occupied,0,0,0
C1b-A,,00005garden|426|1|11,425,5,12,,,00005garden,current_target_occupied,0,0,0
C1b-A,,00005garden|426|1|11,425,5,13,,,00005garden,current_target_occupied,0,0,0
C1b-A,,00005garden|426|1|11,425,5,14,,,00005garden,current_target_occupied,0,0,0
C1b-A,,00005garden|426|1|11,425,5,15,,,00005garden,current_target_occupied,0,0,0
C1b-A,,00005garden|426|1|11,425,5,16,,,00005garden,current_target_occupied,0,0,0
C1b-A,,00005garden|426|1|11,425,5,17,,,00005garden,current_target_occupied,0,0,0
C1b-A,,00005garden|426|1|11,425,5,18,,,00005garden,current_target_occupied,0,0,0
C1b-A,,00005garden|426|1|11,425,5,19,,,00005garden,current_target_occupied,0,0,0
C1b-A,,00005garden|426|1|11,425,5,20,,,00005garden,current_target_occupied,0,0,0
C1b-B,,00005garden|426|1|11,425,5,1,,,00005garden,current_target_occupied,0,0,0
C1b-B,,00005garden|426|1|11,425,5,2,,,00005garden,current_target_occupied,0,0,0
C1b-B,,00005garden|426|1|11,425,5,3,,,00005garden,current_target_occupied,0,0,0
C1b-B,,00005garden|426|1|11,425,5,4,,,00005garden,current_target_occupied,0,0,0
C1b-B,,00005garden|426|1|11,425,5,5,,,00005garden,current_target_occupied,0,0,0
C1b-B,,00005garden|426|1|11,425,5,6,,,00005garden,current_target_occupied,0,0,0
C1b-B,,00005garden|426|1|11,425,5,7,,,00005garden,current_target_occupied,0,0,0
C1b-B,,00005garden|426|1|11,425,5,8,,,00005garden,current_target_occupied,0,0,0
C1b-B,,00005garden|426|1|11,425,5,9,,,00005garden,current_target_occupied,0,0,0
C1b-B,,00005garden|426|1|11,425,5,10,,,00005garden,current_target_occupied,0,0,0
C1b-B,,00005garden|426|1|11,425,5,11,,,00005garden,current_target_occupied,0,0,0
C1b-B,,00005garden|426|1|11,425,5,12,,,00005garden,current_target_occupied,0,0,0
C1b-B,,00005garden|426|1|11,425,5,13,,,00005garden,current_target_occupied,0,0,0
C1b-B,,00005garden|426|1|11,425,5,14,,,00005garden,current_target_occupied,0,0,0
C1b-B,,00005garden|426|1|11,425,5,15,,,00005garden,current_target_occupied,0,0,0
C1b-B,,00005garden|426|1|11,425,5,16,,,00005garden,current_target_occupied,0,0,0
C1b-B,,00005garden|426|1|11,425,5,17,,,00005garden,current_target_occupied,0,0,0
C1b-B,,00005garden|426|1|11,425,5,18,,,00005garden,current_target_occupied,0,0,0
C1b-B,,00005garden|426|1|11,425,5,19,,,00005garden,current_target_occupied,0,0,0
C1b-B,,00005garden|426|1|11,425,5,20,,,00005garden,current_target_occupied,0,0,0
C1b-C,,00005garden|426|1|11,425,5,1,,,00005garden,repair_conflict,0,0,0
C1b-C,,00005garden|426|1|11,425,5,2,,,00005garden,repair_conflict,0,0,0
C1b-C,,00005garden|426|1|11,425,5,3,,,00005garden,repair_conflict,0,0,0
C1b-C,,00005garden|426|1|11,425,5,4,,,00005garden,repair_conflict,0,0,0
C1b-C,,00005garden|426|1|11,425,5,5,,,00005garden,repair_conflict,0,0,0
C1b-C,,00005garden|426|1|11,425,5,6,,,00005garden,repair_conflict,0,0,0
C1b-C,,00005garden|426|1|11,425,5,7,,,00005garden,repair_conflict,0,0,0
C1b-C,,00005garden|426|1|11,425,5,8,,,00005garden,repair_conflict,0,0,0
C1b-C,,00005garden|426|1|11,425,5,9,,,00005garden,repair_conflict,0,0,0
C1b-C,,00005garden|426|1|11,425,5,10,,,00005garden,repair_conflict,0,0,0
C1b-C,,00005garden|426|1|11,425,5,11,,,00005garden,repair_conflict,0,0,0
C1b-C,,00005garden|426|1|11,425,5,12,,,00005garden,repair_conflict,0,0,0
C1b-C,,00005garden|426|1|11,425,5,13,,,00005garden,repair_conflict,0,0,0
C1b-C,,00005garden|426|1|11,425,5,14,,,00005garden,repair_conflict,0,0,0
C1b-C,,00005garden|426|1|11,425,5,15,,,00005garden,repair_conflict,0,0,0
C1b-C,,00005garden|426|1|11,425,5,16,,,00005garden,repair_conflict,0,0,0
C1b-C,,00005garden|426|1|11,425,5,17,,,00005garden,repair_conflict,0,0,0
C1b-C,,00005garden|426|1|11,425,5,18,,,00005garden,repair_conflict,0,0,0
C1b-C,,00005garden|426|1|11,425,5,19,,,00005garden,repair_conflict,0,0,0
C1b-C,,00005garden|426|1|11,425,5,20,,,00005garden,repair_conflict,0,0,0
_META,,00005garden|426|1|11,425,5,0,omitted_for_runtime,omitted_for_runtime,00005garden,,,0,
SHAM,0.045454545454545456,00005garden|426|1|15,425,15,1,,,00005garden,,22,0,1
SHAM,0.043478260869565216,00005garden|426|1|15,425,15,2,,,00005garden,,23,0,1
SHAM,0.09090909090909091,00005garden|426|1|15,425,15,3,,,00005garden,,22,0,2
SHAM,0.045454545454545456,00005garden|426|1|15,425,15,4,,,00005garden,,22,0,1
SHAM,0.13043478260869565,00005garden|426|1|15,425,15,5,,,00005garden,,23,0,3
SHAM,0.08333333333333333,00005garden|426|1|15,425,15,6,,,00005garden,,24,0,2
SHAM,0.043478260869565216,00005garden|426|1|15,425,15,7,,,00005garden,,23,0,1
SHAM,0.08333333333333333,00005garden|426|1|15,425,15,8,,,00005garden,,24,0,2
SHAM,0.13043478260869565,00005garden|426|1|15,425,15,9,,,00005garden,,23,0,3
SHAM,0.13043478260869565,00005garden|426|1|15,425,15,10,,,00005garden,,23,0,3
SHAM,0.125,00005garden|426|1|15,425,15,11,,,00005garden,,24,0,3
SHAM,0.125,00005garden|426|1|15,425,15,12,,,00005garden,,24,0,3
SHAM,0.09090909090909091,00005garden|426|1|15,425,15,13,,,00005garden,,22,0,2
SHAM,0.038461538461538464,00005garden|426|1|15,425,15,14,,,00005garden,,26,0,1
SHAM,0.08,00005garden|426|1|15,425,15,15,,,00005garden,,25,0,2
SHAM,0.041666666666666664,00005garden|426|1|15,425,15,16,,,00005garden,,24,0,1
SHAM,0.08,00005garden|426|1|15,425,15,17,,,00005garden,,25,0,2
SHAM,0.08,00005garden|426|1|15,425,15,18,,,00005garden,,25,0,2
SHAM,0.2,00005garden|426|1|15,425,15,19,,,00005garden,,25,0,5
SHAM,0.13636363636363635,00005garden|426|1|15,425,15,20,,,00005garden,,22,0,3
C1b-A,0.045454545454545456,00005garden|426|1|15,425,15,1,,,00005garden,,22,0,1
C1b-A,0.043478260869565216,00005garden|426|1|15,425,15,2,,,00005garden,,23,0,1
C1b-A,0.09090909090909091,00005garden|426|1|15,425,15,3,,,00005garden,,22,0,2
C1b-A,0.045454545454545456,00005garden|426|1|15,425,15,4,,,00005garden,,22,0,1
C1b-A,0.13043478260869565,00005garden|426|1|15,425,15,5,,,00005garden,,23,0,3
C1b-A,0.08333333333333333,00005garden|426|1|15,425,15,6,,,00005garden,,24,0,2
C1b-A,0.043478260869565216,00005garden|426|1|15,425,15,7,,,00005garden,,23,0,1
C1b-A,0.08333333333333333,00005garden|426|1|15,425,15,8,,,00005garden,,24,0,2
C1b-A,0.13043478260869565,00005garden|426|1|15,425,15,9,,,00005garden,,23,0,3
C1b-A,0.13043478260869565,00005garden|426|1|15,425,15,10,,,00005garden,,23,0,3
C1b-A,0.125,00005garden|426|1|15,425,15,11,,,00005garden,,24,0,3
C1b-A,0.125,00005garden|426|1|15,425,15,12,,,00005garden,,24,0,3
C1b-A,0.09090909090909091,00005garden|426|1|15,425,15,13,,,00005garden,,22,0,2
C1b-A,0.038461538461538464,00005garden|426|1|15,425,15,14,,,00005garden,,26,0,1
C1b-A,0.08,00005garden|426|1|15,425,15,15,,,00005garden,,25,0,2
C1b-A,0.041666666666666664,00005garden|426|1|15,425,15,16,,,00005garden,,24,0,1
C1b-A,0.08,00005garden|426|1|15,425,15,17,,,00005garden,,25,0,2
C1b-A,0.08,00005garden|426|1|15,425,15,18,,,00005garden,,25,0,2
C1b-A,0.2,00005garden|426|1|15,425,15,19,,,00005garden,,25,0,5
C1b-A,0.13636363636363635,00005garden|426|1|15,425,15,20,,,00005garden,,22,0,3
C1b-B,0.045454545454545456,00005garden|426|1|15,425,15,1,,,00005garden,,22,0,1
C1b-B,0.043478260869565216,00005garden|426|1|15,425,15,2,,,00005garden,,23,0,1
C1b-B,0.09090909090909091,00005garden|426|1|15,425,15,3,,,00005garden,,22,0,2
C1b-B,0.045454545454545456,00005garden|426|1|15,425,15,4,,,00005garden,,22,0,1
C1b-B,0.13043478260869565,00005garden|426|1|15,425,15,5,,,00005garden,,23,0,3
C1b-B,0.08333333333333333,00005garden|426|1|15,425,15,6,,,00005garden,,24,0,2
C1b-B,0.043478260869565216,00005garden|426|1|15,425,15,7,,,00005garden,,23,0,1
C1b-B,0.08333333333333333,00005garden|426|1|15,425,15,8,,,00005garden,,24,0,2
C1b-B,0.13043478260869565,00005garden|426|1|15,425,15,9,,,00005garden,,23,0,3
C1b-B,0.13043478260869565,00005garden|426|1|15,425,15,10,,,00005garden,,23,0,3
C1b-B,0.125,00005garden|426|1|15,425,15,11,,,00005garden,,24,0,3
C1b-B,0.125,00005garden|426|1|15,425,15,12,,,00005garden,,24,0,3
C1b-B,0.09090909090909091,00005garden|426|1|15,425,15,13,,,00005garden,,22,0,2
C1b-B,0.038461538461538464,00005garden|426|1|15,425,15,14,,,00005garden,,26,0,1
C1b-B,0.08,00005garden|426|1|15,425,15,15,,,00005garden,,25,0,2
C1b-B,0.041666666666666664,00005garden|426|1|15,425,15,16,,,00005garden,,24,0,1
C1b-B,0.08,00005garden|426|1|15,425,15,17,,,00005garden,,25,0,2
C1b-B,0.08,00005garden|426|1|15,425,15,18,,,00005garden,,25,0,2
C1b-B,0.2,00005garden|426|1|15,425,15,19,,,00005garden,,25,0,5
C1b-B,0.13636363636363635,00005garden|426|1|15,425,15,20,,,00005garden,,22,0,3
C1b-C,0.045454545454545456,00005garden|426|1|15,425,15,1,,,00005garden,,22,0,1
C1b-C,0.043478260869565216,00005garden|426|1|15,425,15,2,,,00005garden,,23,0,1
C1b-C,0.09090909090909091,00005garden|426|1|15,425,15,3,,,00005garden,,22,0,2
C1b-C,0.045454545454545456,00005garden|426|1|15,425,15,4,,,00005garden,,22,0,1
C1b-C,0.13043478260869565,00005garden|426|1|15,425,15,5,,,00005garden,,23,0,3
C1b-C,0.08333333333333333,00005garden|426|1|15,425,15,6,,,00005garden,,24,0,2
C1b-C,0.043478260869565216,00005garden|426|1|15,425,15,7,,,00005garden,,23,0,1
C1b-C,0.08333333333333333,00005garden|426|1|15,425,15,8,,,00005garden,,24,0,2
C1b-C,0.13043478260869565,00005garden|426|1|15,425,15,9,,,00005garden,,23,0,3
C1b-C,0.13043478260869565,00005garden|426|1|15,425,15,10,,,00005garden,,23,0,3
C1b-C,0.125,00005garden|426|1|15,425,15,11,,,00005garden,,24,0,3
C1b-C,0.125,00005garden|426|1|15,425,15,12,,,00005garden,,24,0,3
C1b-C,0.09090909090909091,00005garden|426|1|15,425,15,13,,,00005garden,,22,0,2
C1b-C,0.038461538461538464,00005garden|426|1|15,425,15,14,,,00005garden,,26,0,1
C1b-C,0.08,00005garden|426|1|15,425,15,15,,,00005garden,,25,0,2
C1b-C,0.041666666666666664,00005garden|426|1|15,425,15,16,,,00005garden,,24,0,1
C1b-C,0.08,00005garden|426|1|15,425,15,17,,,00005garden,,25,0,2
C1b-C,0.08,00005garden|426|1|15,425,15,18,,,00005garden,,25,0,2
C1b-C,0.2,00005garden|426|1|15,425,15,19,,,00005garden,,25,0,5
C1b-C,0.13636363636363635,00005garden|426|1|15,425,15,20,,,00005garden,,22,0,3
_META,,00005garden|426|1|15,425,15,0,omitted_for_runtime,omitted_for_runtime,00005garden,,,0,
SHAM,0.045454545454545456,00005garden|429|1|17,428,4,1,,,00005garden,,22,0,1
SHAM,0.13043478260869565,00005garden|429|1|17,428,4,2,,,00005garden,,23,0,3
SHAM,0.08333333333333333,00005garden|429|1|17,428,4,3,,,00005garden,,24,0,2
SHAM,0.043478260869565216,00005garden|429|1|17,428,4,4,,,00005garden,,23,0,1
SHAM,0.08333333333333333,00005garden|429|1|17,428,4,5,,,00005garden,,24,0,2
SHAM,0.13043478260869565,00005garden|429|1|17,428,4,6,,,00005garden,,23,0,3
SHAM,0.13043478260869565,00005garden|429|1|17,428,4,7,,,00005garden,,23,0,3
SHAM,0.125,00005garden|429|1|17,428,4,8,,,00005garden,,24,0,3
SHAM,0.125,00005garden|429|1|17,428,4,9,,,00005garden,,24,0,3
SHAM,0.09090909090909091,00005garden|429|1|17,428,4,10,,,00005garden,,22,0,2
SHAM,0.038461538461538464,00005garden|429|1|17,428,4,11,,,00005garden,,26,0,1
SHAM,0.08,00005garden|429|1|17,428,4,12,,,00005garden,,25,0,2
SHAM,0.041666666666666664,00005garden|429|1|17,428,4,13,,,00005garden,,24,0,1
SHAM,0.08,00005garden|429|1|17,428,4,14,,,00005garden,,25,0,2
SHAM,0.08,00005garden|429|1|17,428,4,15,,,00005garden,,25,0,2
SHAM,0.2,00005garden|429|1|17,428,4,16,,,00005garden,,25,0,5
SHAM,0.13636363636363635,00005garden|429|1|17,428,4,17,,,00005garden,,22,0,3
SHAM,0.12,00005garden|429|1|17,428,4,18,,,00005garden,,25,0,3
SHAM,0.125,00005garden|429|1|17,428,4,19,,,00005garden,,24,0,3
SHAM,0.045454545454545456,00005garden|429|1|17,428,4,20,,,00005garden,,22,0,1
C1b-A,0.045454545454545456,00005garden|429|1|17,428,4,1,,,00005garden,,22,0,1
C1b-A,0.09090909090909091,00005garden|429|1|17,428,4,2,,,00005garden,,22,0,2
C1b-A,0.12,00005garden|429|1|17,428,4,3,,,00005garden,,25,0,3
C1b-A,0.043478260869565216,00005garden|429|1|17,428,4,4,,,00005garden,,23,0,1
C1b-A,0.08333333333333333,00005garden|429|1|17,428,4,5,,,00005garden,,24,0,2
C1b-A,0.13043478260869565,00005garden|429|1|17,428,4,6,,,00005garden,,23,0,3
C1b-A,0.13043478260869565,00005garden|429|1|17,428,4,7,,,00005garden,,23,0,3
C1b-A,0.13043478260869565,00005garden|429|1|17,428,4,8,,,00005garden,,23,0,3
C1b-A,0.125,00005garden|429|1|17,428,4,9,,,00005garden,,24,0,3
C1b-A,0.09090909090909091,00005garden|429|1|17,428,4,10,,,00005garden,,22,0,2
C1b-A,0.04,00005garden|429|1|17,428,4,11,,,00005garden,,25,0,1
C1b-A,0.08,00005garden|429|1|17,428,4,12,,,00005garden,,25,0,2
C1b-A,0.04,00005garden|429|1|17,428,4,13,,,00005garden,,25,0,1
C1b-A,0.08,00005garden|429|1|17,428,4,14,,,00005garden,,25,0,2
C1b-A,0.12,00005garden|429|1|17,428,4,15,,,00005garden,,25,0,3
C1b-A,0.2,00005garden|429|1|17,428,4,16,,,00005garden,,25,0,5
C1b-A,0.18181818181818182,00005garden|429|1|17,428,4,17,,,00005garden,,22,0,4
C1b-A,0.08333333333333333,00005garden|429|1|17,428,4,18,,,00005garden,,24,0,2
C1b-A,0.16666666666666666,00005garden|429|1|17,428,4,19,,,00005garden,,24,0,4
C1b-A,0.045454545454545456,00005garden|429|1|17,428,4,20,,,00005garden,,22,0,1
C1b-B,0.045454545454545456,00005garden|429|1|17,428,4,1,,,00005garden,,22,0,1
C1b-B,0.13043478260869565,00005garden|429|1|17,428,4,2,,,00005garden,,23,0,3
C1b-B,0.08333333333333333,00005garden|429|1|17,428,4,3,,,00005garden,,24,0,2
C1b-B,0.043478260869565216,00005garden|429|1|17,428,4,4,,,00005garden,,23,0,1
C1b-B,0.08333333333333333,00005garden|429|1|17,428,4,5,,,00005garden,,24,0,2
C1b-B,0.13043478260869565,00005garden|429|1|17,428,4,6,,,00005garden,,23,0,3
C1b-B,0.13043478260869565,00005garden|429|1|17,428,4,7,,,00005garden,,23,0,3
C1b-B,0.125,00005garden|429|1|17,428,4,8,,,00005garden,,24,0,3
C1b-B,0.125,00005garden|429|1|17,428,4,9,,,00005garden,,24,0,3
C1b-B,0.09090909090909091,00005garden|429|1|17,428,4,10,,,00005garden,,22,0,2
C1b-B,0.038461538461538464,00005garden|429|1|17,428,4,11,,,00005garden,,26,0,1
C1b-B,0.08,00005garden|429|1|17,428,4,12,,,00005garden,,25,0,2
C1b-B,0.041666666666666664,00005garden|429|1|17,428,4,13,,,00005garden,,24,0,1
C1b-B,0.08,00005garden|429|1|17,428,4,14,,,00005garden,,25,0,2
C1b-B,0.08,00005garden|429|1|17,428,4,15,,,00005garden,,25,0,2
C1b-B,0.2,00005garden|429|1|17,428,4,16,,,00005garden,,25,0,5
C1b-B,0.13636363636363635,00005garden|429|1|17,428,4,17,,,00005garden,,22,0,3
C1b-B,0.12,00005garden|429|1|17,428,4,18,,,00005garden,,25,0,3
C1b-B,0.125,00005garden|429|1|17,428,4,19,,,00005garden,,24,0,3
C1b-B,0.045454545454545456,00005garden|429|1|17,428,4,20,,,00005garden,,22,0,1
C1b-C,0.045454545454545456,00005garden|429|1|17,428,4,1,,,00005garden,,22,0,1
C1b-C,0.09090909090909091,00005garden|429|1|17,428,4,2,,,00005garden,,22,0,2
C1b-C,0.12,00005garden|429|1|17,428,4,3,,,00005garden,,25,0,3
C1b-C,0.043478260869565216,00005garden|429|1|17,428,4,4,,,00005garden,,23,0,1
C1b-C,0.08333333333333333,00005garden|429|1|17,428,4,5,,,00005garden,,24,0,2
C1b-C,0.13043478260869565,00005garden|429|1|17,428,4,6,,,00005garden,,23,0,3
C1b-C,0.13043478260869565,00005garden|429|1|17,428,4,7,,,00005garden,,23,0,3
C1b-C,0.13043478260869565,00005garden|429|1|17,428,4,8,,,00005garden,,23,0,3
C1b-C,0.125,00005garden|429|1|17,428,4,9,,,00005garden,,24,0,3
C1b-C,0.09090909090909091,00005garden|429|1|17,428,4,10,,,00005garden,,22,0,2
C1b-C,0.04,00005garden|429|1|17,428,4,11,,,00005garden,,25,0,1
C1b-C,0.08,00005garden|429|1|17,428,4,12,,,00005garden,,25,0,2
C1b-C,0.04,00005garden|429|1|17,428,4,13,,,00005garden,,25,0,1
C1b-C,0.08,00005garden|429|1|17,428,4,14,,,00005garden,,25,0,2
C1b-C,0.12,00005garden|429|1|17,428,4,15,,,00005garden,,25,0,3
C1b-C,0.2,00005garden|429|1|17,428,4,16,,,00005garden,,25,0,5
C1b-C,0.18181818181818182,00005garden|429|1|17,428,4,17,,,00005garden,,22,0,4
C1b-C,0.08333333333333333,00005garden|429|1|17,428,4,18,,,00005garden,,24,0,2
C1b-C,0.16666666666666666,00005garden|429|1|17,428,4,19,,,00005garden,,24,0,4
C1b-C,0.045454545454545456,00005garden|429|1|17,428,4,20,,,00005garden,,22,0,1
_META,,00005garden|429|1|17,428,4,0,omitted_for_runtime,omitted_for_runtime,00005garden,,,0,
SHAM,0.13636363636363635,00005garden|445|1|12,444,25,1,,,00005garden,,22,0,3
SHAM,0.12,00005garden|445|1|12,444,25,2,,,00005garden,,25,0,3
SHAM,0.125,00005garden|445|1|12,444,25,3,,,00005garden,,24,0,3
SHAM,0.045454545454545456,00005garden|445|1|12,444,25,4,,,00005garden,,22,0,1
SHAM,0.045454545454545456,00005garden|445|1|12,444,25,5,,,00005garden,,22,0,1
SHAM,0.1,00005garden|445|1|12,444,25,6,,,00005garden,,20,0,2
SHAM,0.05,00005garden|445|1|12,444,25,7,,,00005garden,,20,0,1
SHAM,0.09090909090909091,00005garden|445|1|12,444,25,8,,,00005garden,,22,0,2
SHAM,0.047619047619047616,00005garden|445|1|12,444,25,9,,,00005garden,,21,0,1
SHAM,0.09523809523809523,00005garden|445|1|12,444,25,10,,,00005garden,,21,0,2
SHAM,0.09090909090909091,00005garden|445|1|12,444,25,11,,,00005garden,,22,0,2
SHAM,0.1,00005garden|445|1|12,444,25,12,,,00005garden,,20,0,2
SHAM,0.1,00005garden|445|1|12,444,25,13,,,00005garden,,20,0,2
SHAM,0.15,00005garden|445|1|12,444,25,14,,,00005garden,,20,0,3
SHAM,0.09523809523809523,00005garden|445|1|12,444,25,15,,,00005garden,,21,0,2
SHAM,0.09523809523809523,00005garden|445|1|12,444,25,16,,,00005garden,,21,0,2
SHAM,0.1,00005garden|445|1|12,444,25,17,,,00005garden,,20,0,2
SHAM,0.05,00005garden|445|1|12,444,25,18,,,00005garden,,20,0,1
SHAM,0.05263157894736842,00005garden|445|1|12,444,25,19,,,00005garden,,19,0,1
SHAM,0.05,00005garden|445|1|12,444,25,20,,,00005garden,,20,0,1
C1b-A,0.13636363636363635,00005garden|445|1|12,444,25,1,,,00005garden,,22,0,3
C1b-A,0.12,00005garden|445|1|12,444,25,2,,,00005garden,,25,0,3
C1b-A,0.125,00005garden|445|1|12,444,25,3,,,00005garden,,24,0,3
C1b-A,0.045454545454545456,00005garden|445|1|12,444,25,4,,,00005garden,,22,0,1
C1b-A,0.045454545454545456,00005garden|445|1|12,444,25,5,,,00005garden,,22,0,1
C1b-A,0.1,00005garden|445|1|12,444,25,6,,,00005garden,,20,0,2
C1b-A,0.05,00005garden|445|1|12,444,25,7,,,00005garden,,20,0,1
C1b-A,0.09090909090909091,00005garden|445|1|12,444,25,8,,,00005garden,,22,0,2
C1b-A,0.047619047619047616,00005garden|445|1|12,444,25,9,,,00005garden,,21,0,1
C1b-A,0.09523809523809523,00005garden|445|1|12,444,25,10,,,00005garden,,21,0,2
C1b-A,0.09090909090909091,00005garden|445|1|12,444,25,11,,,00005garden,,22,0,2
C1b-A,0.1,00005garden|445|1|12,444,25,12,,,00005garden,,20,0,2
C1b-A,0.05,00005garden|445|1|12,444,25,13,,,00005garden,,20,0,1
C1b-A,0.15,00005garden|445|1|12,444,25,14,,,00005garden,,20,0,3
C1b-A,0.09523809523809523,00005garden|445|1|12,444,25,15,,,00005garden,,21,0,2
C1b-A,0.09523809523809523,00005garden|445|1|12,444,25,16,,,00005garden,,21,0,2
C1b-A,0.1,00005garden|445|1|12,444,25,17,,,00005garden,,20,0,2
C1b-A,0.05,00005garden|445|1|12,444,25,18,,,00005garden,,20,0,1
C1b-A,0.05263157894736842,00005garden|445|1|12,444,25,19,,,00005garden,,19,0,1
C1b-A,0.05,00005garden|445|1|12,444,25,20,,,00005garden,,20,0,1
C1b-B,0.13636363636363635,00005garden|445|1|12,444,25,1,,,00005garden,,22,0,3
C1b-B,0.12,00005garden|445|1|12,444,25,2,,,00005garden,,25,0,3
C1b-B,0.125,00005garden|445|1|12,444,25,3,,,00005garden,,24,0,3
C1b-B,0.045454545454545456,00005garden|445|1|12,444,25,4,,,00005garden,,22,0,1
C1b-B,0.045454545454545456,00005garden|445|1|12,444,25,5,,,00005garden,,22,0,1
C1b-B,0.1,00005garden|445|1|12,444,25,6,,,00005garden,,20,0,2
C1b-B,0.05,00005garden|445|1|12,444,25,7,,,00005garden,,20,0,1
C1b-B,0.09090909090909091,00005garden|445|1|12,444,25,8,,,00005garden,,22,0,2
C1b-B,0.047619047619047616,00005garden|445|1|12,444,25,9,,,00005garden,,21,0,1
C1b-B,0.09523809523809523,00005garden|445|1|12,444,25,10,,,00005garden,,21,0,2
C1b-B,0.09090909090909091,00005garden|445|1|12,444,25,11,,,00005garden,,22,0,2
C1b-B,0.1,00005garden|445|1|12,444,25,12,,,00005garden,,20,0,2
C1b-B,0.05,00005garden|445|1|12,444,25,13,,,00005garden,,20,0,1
C1b-B,0.15,00005garden|445|1|12,444,25,14,,,00005garden,,20,0,3
C1b-B,0.09523809523809523,00005garden|445|1|12,444,25,15,,,00005garden,,21,0,2
C1b-B,0.09523809523809523,00005garden|445|1|12,444,25,16,,,00005garden,,21,0,2
C1b-B,0.1,00005garden|445|1|12,444,25,17,,,00005garden,,20,0,2
C1b-B,0.05,00005garden|445|1|12,444,25,18,,,00005garden,,20,0,1
C1b-B,0.05263157894736842,00005garden|445|1|12,444,25,19,,,00005garden,,19,0,1
C1b-B,0.05,00005garden|445|1|12,444,25,20,,,00005garden,,20,0,1
C1b-C,0.13636363636363635,00005garden|445|1|12,444,25,1,,,00005garden,,22,0,3
C1b-C,0.12,00005garden|445|1|12,444,25,2,,,00005garden,,25,0,3
C1b-C,0.125,00005garden|445|1|12,444,25,3,,,00005garden,,24,0,3
C1b-C,0.045454545454545456,00005garden|445|1|12,444,25,4,,,00005garden,,22,0,1
C1b-C,0.045454545454545456,00005garden|445|1|12,444,25,5,,,00005garden,,22,0,1
C1b-C,0.1,00005garden|445|1|12,444,25,6,,,00005garden,,20,0,2
C1b-C,0.05,00005garden|445|1|12,444,25,7,,,00005garden,,20,0,1
C1b-C,0.09090909090909091,00005garden|445|1|12,444,25,8,,,00005garden,,22,0,2
C1b-C,0.047619047619047616,00005garden|445|1|12,444,25,9,,,00005garden,,21,0,1
C1b-C,0.09523809523809523,00005garden|445|1|12,444,25,10,,,00005garden,,21,0,2
C1b-C,0.09090909090909091,00005garden|445|1|12,444,25,11,,,00005garden,,22,0,2
C1b-C,0.1,00005garden|445|1|12,444,25,12,,,00005garden,,20,0,2
C1b-C,0.05,00005garden|445|1|12,444,25,13,,,00005garden,,20,0,1
C1b-C,0.15,00005garden|445|1|12,444,25,14,,,00005garden,,20,0,3
C1b-C,0.09523809523809523,00005garden|445|1|12,444,25,15,,,00005garden,,21,0,2
C1b-C,0.09523809523809523,00005garden|445|1|12,444,25,16,,,00005garden,,21,0,2
C1b-C,0.1,00005garden|445|1|12,444,25,17,,,00005garden,,20,0,2
C1b-C,0.05,00005garden|445|1|12,444,25,18,,,00005garden,,20,0,1
C1b-C,0.05263157894736842,00005garden|445|1|12,444,25,19,,,00005garden,,19,0,1
C1b-C,0.05,00005garden|445|1|12,444,25,20,,,00005garden,,20,0,1
_META,,00005garden|445|1|12,444,25,0,omitted_for_runtime,omitted_for_runtime,00005garden,,,0,
SHAM,0.13636363636363635,00005garden|445|1|20,444,11,1,,,00005garden,,22,0,3
SHAM,0.12,00005garden|445|1|20,444,11,2,,,00005garden,,25,0,3
SHAM,0.125,00005garden|445|1|20,444,11,3,,,00005garden,,24,0,3
SHAM,0.045454545454545456,00005garden|445|1|20,444,11,4,,,00005garden,,22,0,1
SHAM,0.045454545454545456,00005garden|445|1|20,444,11,5,,,00005garden,,22,0,1
SHAM,0.1,00005garden|445|1|20,444,11,6,,,00005garden,,20,0,2
SHAM,0.05,00005garden|445|1|20,444,11,7,,,00005garden,,20,0,1
SHAM,0.09090909090909091,00005garden|445|1|20,444,11,8,,,00005garden,,22,0,2
SHAM,0.047619047619047616,00005garden|445|1|20,444,11,9,,,00005garden,,21,0,1
SHAM,0.09523809523809523,00005garden|445|1|20,444,11,10,,,00005garden,,21,0,2
SHAM,0.09090909090909091,00005garden|445|1|20,444,11,11,,,00005garden,,22,0,2
SHAM,0.1,00005garden|445|1|20,444,11,12,,,00005garden,,20,0,2
SHAM,0.1,00005garden|445|1|20,444,11,13,,,00005garden,,20,0,2
SHAM,0.15,00005garden|445|1|20,444,11,14,,,00005garden,,20,0,3
SHAM,0.09523809523809523,00005garden|445|1|20,444,11,15,,,00005garden,,21,0,2
SHAM,0.09523809523809523,00005garden|445|1|20,444,11,16,,,00005garden,,21,0,2
SHAM,0.1,00005garden|445|1|20,444,11,17,,,00005garden,,20,0,2
SHAM,0.05,00005garden|445|1|20,444,11,18,,,00005garden,,20,0,1
SHAM,0.05263157894736842,00005garden|445|1|20,444,11,19,,,00005garden,,19,0,1
SHAM,0.05,00005garden|445|1|20,444,11,20,,,00005garden,,20,0,1
C1b-A,0.13636363636363635,00005garden|445|1|20,444,11,1,,,00005garden,,22,0,3
C1b-A,0.12,00005garden|445|1|20,444,11,2,,,00005garden,,25,0,3
C1b-A,0.125,00005garden|445|1|20,444,11,3,,,00005garden,,24,0,3
C1b-A,0.045454545454545456,00005garden|445|1|20,444,11,4,,,00005garden,,22,0,1
C1b-A,0.045454545454545456,00005garden|445|1|20,444,11,5,,,00005garden,,22,0,1
C1b-A,0.1,00005garden|445|1|20,444,11,6,,,00005garden,,20,0,2
C1b-A,0.05,00005garden|445|1|20,444,11,7,,,00005garden,,20,0,1
C1b-A,0.09090909090909091,00005garden|445|1|20,444,11,8,,,00005garden,,22,0,2
C1b-A,0.047619047619047616,00005garden|445|1|20,444,11,9,,,00005garden,,21,0,1
C1b-A,0.09523809523809523,00005garden|445|1|20,444,11,10,,,00005garden,,21,0,2
C1b-A,0.09090909090909091,00005garden|445|1|20,444,11,11,,,00005garden,,22,0,2
C1b-A,0.1,00005garden|445|1|20,444,11,12,,,00005garden,,20,0,2
C1b-A,0.1,00005garden|445|1|20,444,11,13,,,00005garden,,20,0,2
C1b-A,0.15,00005garden|445|1|20,444,11,14,,,00005garden,,20,0,3
C1b-A,0.09523809523809523,00005garden|445|1|20,444,11,15,,,00005garden,,21,0,2
C1b-A,0.09523809523809523,00005garden|445|1|20,444,11,16,,,00005garden,,21,0,2
C1b-A,0.1,00005garden|445|1|20,444,11,17,,,00005garden,,20,0,2
C1b-A,0.05,00005garden|445|1|20,444,11,18,,,00005garden,,20,0,1
C1b-A,0.05263157894736842,00005garden|445|1|20,444,11,19,,,00005garden,,19,0,1
C1b-A,0.05,00005garden|445|1|20,444,11,20,,,00005garden,,20,0,1
C1b-B,0.13636363636363635,00005garden|445|1|20,444,11,1,,,00005garden,,22,0,3
C1b-B,0.12,00005garden|445|1|20,444,11,2,,,00005garden,,25,0,3
C1b-B,0.125,00005garden|445|1|20,444,11,3,,,00005garden,,24,0,3
C1b-B,0.045454545454545456,00005garden|445|1|20,444,11,4,,,00005garden,,22,0,1
C1b-B,0.045454545454545456,00005garden|445|1|20,444,11,5,,,00005garden,,22,0,1
C1b-B,0.1,00005garden|445|1|20,444,11,6,,,00005garden,,20,0,2
C1b-B,0.05,00005garden|445|1|20,444,11,7,,,00005garden,,20,0,1
C1b-B,0.09090909090909091,00005garden|445|1|20,444,11,8,,,00005garden,,22,0,2
C1b-B,0.047619047619047616,00005garden|445|1|20,444,11,9,,,00005garden,,21,0,1
C1b-B,0.09523809523809523,00005garden|445|1|20,444,11,10,,,00005garden,,21,0,2
C1b-B,0.09090909090909091,00005garden|445|1|20,444,11,11,,,00005garden,,22,0,2
C1b-B,0.1,00005garden|445|1|20,444,11,12,,,00005garden,,20,0,2
C1b-B,0.1,00005garden|445|1|20,444,11,13,,,00005garden,,20,0,2
C1b-B,0.15,00005garden|445|1|20,444,11,14,,,00005garden,,20,0,3
C1b-B,0.09523809523809523,00005garden|445|1|20,444,11,15,,,00005garden,,21,0,2
C1b-B,0.09523809523809523,00005garden|445|1|20,444,11,16,,,00005garden,,21,0,2
C1b-B,0.1,00005garden|445|1|20,444,11,17,,,00005garden,,20,0,2
C1b-B,0.05,00005garden|445|1|20,444,11,18,,,00005garden,,20,0,1
C1b-B,0.05263157894736842,00005garden|445|1|20,444,11,19,,,00005garden,,19,0,1
C1b-B,0.05,00005garden|445|1|20,444,11,20,,,00005garden,,20,0,1
C1b-C,0.13636363636363635,00005garden|445|1|20,444,11,1,,,00005garden,,22,0,3
C1b-C,0.12,00005garden|445|1|20,444,11,2,,,00005garden,,25,0,3
C1b-C,0.125,00005garden|445|1|20,444,11,3,,,00005garden,,24,0,3
C1b-C,0.045454545454545456,00005garden|445|1|20,444,11,4,,,00005garden,,22,0,1
C1b-C,0.045454545454545456,00005garden|445|1|20,444,11,5,,,00005garden,,22,0,1
C1b-C,0.1,00005garden|445|1|20,444,11,6,,,00005garden,,20,0,2
C1b-C,0.05,00005garden|445|1|20,444,11,7,,,00005garden,,20,0,1
C1b-C,0.09090909090909091,00005garden|445|1|20,444,11,8,,,00005garden,,22,0,2
C1b-C,0.047619047619047616,00005garden|445|1|20,444,11,9,,,00005garden,,21,0,1
C1b-C,0.09523809523809523,00005garden|445|1|20,444,11,10,,,00005garden,,21,0,2
C1b-C,0.09090909090909091,00005garden|445|1|20,444,11,11,,,00005garden,,22,0,2
C1b-C,0.1,00005garden|445|1|20,444,11,12,,,00005garden,,20,0,2
C1b-C,0.1,00005garden|445|1|20,444,11,13,,,00005garden,,20,0,2
C1b-C,0.15,00005garden|445|1|20,444,11,14,,,00005garden,,20,0,3
C1b-C,0.09523809523809523,00005garden|445|1|20,444,11,15,,,00005garden,,21,0,2
C1b-C,0.09523809523809523,00005garden|445|1|20,444,11,16,,,00005garden,,21,0,2
C1b-C,0.1,00005garden|445|1|20,444,11,17,,,00005garden,,20,0,2
C1b-C,0.05,00005garden|445|1|20,444,11,18,,,00005garden,,20,0,1
C1b-C,0.05263157894736842,00005garden|445|1|20,444,11,19,,,00005garden,,19,0,1
C1b-C,0.05,00005garden|445|1|20,444,11,20,,,00005garden,,20,0,1
_META,,00005garden|445|1|20,444,11,0,omitted_for_runtime,omitted_for_runtime,00005garden,,,0,
SHAM,0.125,00005garden|447|1|4,446,5,1,,,00005garden,,24,0,3
SHAM,0.045454545454545456,00005garden|447|1|4,446,5,2,,,00005garden,,22,0,1
SHAM,0.045454545454545456,00005garden|447|1|4,446,5,3,,,00005garden,,22,0,1
SHAM,0.1,00005garden|447|1|4,446,5,4,,,00005garden,,20,0,2
SHAM,0.05,00005garden|447|1|4,446,5,5,,,00005garden,,20,0,1
SHAM,0.09090909090909091,00005garden|447|1|4,446,5,6,,,00005garden,,22,0,2
SHAM,0.047619047619047616,00005garden|447|1|4,446,5,7,,,00005garden,,21,0,1
SHAM,0.09523809523809523,00005garden|447|1|4,446,5,8,,,00005garden,,21,0,2
SHAM,0.09090909090909091,00005garden|447|1|4,446,5,9,,,00005garden,,22,0,2
SHAM,0.1,00005garden|447|1|4,446,5,10,,,00005garden,,20,0,2
SHAM,0.1,00005garden|447|1|4,446,5,11,,,00005garden,,20,0,2
SHAM,0.15,00005garden|447|1|4,446,5,12,,,00005garden,,20,0,3
SHAM,0.09523809523809523,00005garden|447|1|4,446,5,13,,,00005garden,,21,0,2
SHAM,0.09523809523809523,00005garden|447|1|4,446,5,14,,,00005garden,,21,0,2
SHAM,0.1,00005garden|447|1|4,446,5,15,,,00005garden,,20,0,2
SHAM,0.05,00005garden|447|1|4,446,5,16,,,00005garden,,20,0,1
SHAM,0.05263157894736842,00005garden|447|1|4,446,5,17,,,00005garden,,19,0,1
SHAM,0.05,00005garden|447|1|4,446,5,18,,,00005garden,,20,0,1
SHAM,0.10526315789473684,00005garden|447|1|4,446,5,19,,,00005garden,,19,0,2
SHAM,0.05,00005garden|447|1|4,446,5,20,,,00005garden,,20,0,1
C1b-A,,00005garden|447|1|4,446,5,1,,,00005garden,current_target_occupied,0,0,0
C1b-A,,00005garden|447|1|4,446,5,2,,,00005garden,current_target_occupied,0,0,0
C1b-A,,00005garden|447|1|4,446,5,3,,,00005garden,current_target_occupied,0,0,0
C1b-A,,00005garden|447|1|4,446,5,4,,,00005garden,current_target_occupied,0,0,0
C1b-A,,00005garden|447|1|4,446,5,5,,,00005garden,current_target_occupied,0,0,0
C1b-A,,00005garden|447|1|4,446,5,6,,,00005garden,current_target_occupied,0,0,0
C1b-A,,00005garden|447|1|4,446,5,7,,,00005garden,current_target_occupied,0,0,0
C1b-A,,00005garden|447|1|4,446,5,8,,,00005garden,current_target_occupied,0,0,0
C1b-A,,00005garden|447|1|4,446,5,9,,,00005garden,current_target_occupied,0,0,0
C1b-A,,00005garden|447|1|4,446,5,10,,,00005garden,current_target_occupied,0,0,0
C1b-A,,00005garden|447|1|4,446,5,11,,,00005garden,current_target_occupied,0,0,0
C1b-A,,00005garden|447|1|4,446,5,12,,,00005garden,current_target_occupied,0,0,0
C1b-A,,00005garden|447|1|4,446,5,13,,,00005garden,current_target_occupied,0,0,0
C1b-A,,00005garden|447|1|4,446,5,14,,,00005garden,current_target_occupied,0,0,0
C1b-A,,00005garden|447|1|4,446,5,15,,,00005garden,current_target_occupied,0,0,0
C1b-A,,00005garden|447|1|4,446,5,16,,,00005garden,current_target_occupied,0,0,0
C1b-A,,00005garden|447|1|4,446,5,17,,,00005garden,current_target_occupied,0,0,0
C1b-A,,00005garden|447|1|4,446,5,18,,,00005garden,current_target_occupied,0,0,0
C1b-A,,00005garden|447|1|4,446,5,19,,,00005garden,current_target_occupied,0,0,0
C1b-A,,00005garden|447|1|4,446,5,20,,,00005garden,current_target_occupied,0,0,0
C1b-B,,00005garden|447|1|4,446,5,1,,,00005garden,current_target_occupied,0,0,0
C1b-B,,00005garden|447|1|4,446,5,2,,,00005garden,current_target_occupied,0,0,0
C1b-B,,00005garden|447|1|4,446,5,3,,,00005garden,current_target_occupied,0,0,0
C1b-B,,00005garden|447|1|4,446,5,4,,,00005garden,current_target_occupied,0,0,0
C1b-B,,00005garden|447|1|4,446,5,5,,,00005garden,current_target_occupied,0,0,0
C1b-B,,00005garden|447|1|4,446,5,6,,,00005garden,current_target_occupied,0,0,0
C1b-B,,00005garden|447|1|4,446,5,7,,,00005garden,current_target_occupied,0,0,0
C1b-B,,00005garden|447|1|4,446,5,8,,,00005garden,current_target_occupied,0,0,0
C1b-B,,00005garden|447|1|4,446,5,9,,,00005garden,current_target_occupied,0,0,0
C1b-B,,00005garden|447|1|4,446,5,10,,,00005garden,current_target_occupied,0,0,0
C1b-B,,00005garden|447|1|4,446,5,11,,,00005garden,current_target_occupied,0,0,0
C1b-B,,00005garden|447|1|4,446,5,12,,,00005garden,current_target_occupied,0,0,0
C1b-B,,00005garden|447|1|4,446,5,13,,,00005garden,current_target_occupied,0,0,0
C1b-B,,00005garden|447|1|4,446,5,14,,,00005garden,current_target_occupied,0,0,0
C1b-B,,00005garden|447|1|4,446,5,15,,,00005garden,current_target_occupied,0,0,0
C1b-B,,00005garden|447|1|4,446,5,16,,,00005garden,current_target_occupied,0,0,0
C1b-B,,00005garden|447|1|4,446,5,17,,,00005garden,current_target_occupied,0,0,0
C1b-B,,00005garden|447|1|4,446,5,18,,,00005garden,current_target_occupied,0,0,0
C1b-B,,00005garden|447|1|4,446,5,19,,,00005garden,current_target_occupied,0,0,0
C1b-B,,00005garden|447|1|4,446,5,20,,,00005garden,current_target_occupied,0,0,0
C1b-C,,00005garden|447|1|4,446,5,1,,,00005garden,repair_conflict,0,0,0
C1b-C,,00005garden|447|1|4,446,5,2,,,00005garden,repair_conflict,0,0,0
C1b-C,,00005garden|447|1|4,446,5,3,,,00005garden,repair_conflict,0,0,0
C1b-C,,00005garden|447|1|4,446,5,4,,,00005garden,repair_conflict,0,0,0
C1b-C,,00005garden|447|1|4,446,5,5,,,00005garden,repair_conflict,0,0,0
C1b-C,,00005garden|447|1|4,446,5,6,,,00005garden,repair_conflict,0,0,0
C1b-C,,00005garden|447|1|4,446,5,7,,,00005garden,repair_conflict,0,0,0
C1b-C,,00005garden|447|1|4,446,5,8,,,00005garden,repair_conflict,0,0,0
C1b-C,,00005garden|447|1|4,446,5,9,,,00005garden,repair_conflict,0,0,0
C1b-C,,00005garden|447|1|4,446,5,10,,,00005garden,repair_conflict,0,0,0
C1b-C,,00005garden|447|1|4,446,5,11,,,00005garden,repair_conflict,0,0,0
C1b-C,,00005garden|447|1|4,446,5,12,,,00005garden,repair_conflict,0,0,0
C1b-C,,00005garden|447|1|4,446,5,13,,,00005garden,repair_conflict,0,0,0
C1b-C,,00005garden|447|1|4,446,5,14,,,00005garden,repair_conflict,0,0,0
C1b-C,,00005garden|447|1|4,446,5,15,,,00005garden,repair_conflict,0,0,0
C1b-C,,00005garden|447|1|4,446,5,16,,,00005garden,repair_conflict,0,0,0
C1b-C,,00005garden|447|1|4,446,5,17,,,00005garden,repair_conflict,0,0,0
C1b-C,,00005garden|447|1|4,446,5,18,,,00005garden,repair_conflict,0,0,0
C1b-C,,00005garden|447|1|4,446,5,19,,,00005garden,repair_conflict,0,0,0
C1b-C,,00005garden|447|1|4,446,5,20,,,00005garden,repair_conflict,0,0,0
_META,,00005garden|447|1|4,446,5,0,omitted_for_runtime,omitted_for_runtime,00005garden,,,0,
SHAM,0.05,00005garden|466|1|15,465,11,1,,,00005garden,,20,0,1
SHAM,0.05,00005garden|466|1|15,465,11,2,,,00005garden,,20,0,1
SHAM,0.05,00005garden|466|1|15,465,11,3,,,00005garden,,20,0,1
SHAM,0.09523809523809523,00005garden|466|1|15,465,11,4,,,00005garden,,21,0,2
SHAM,0.13636363636363635,00005garden|466|1|15,465,11,5,,,00005garden,,22,0,3
SHAM,0.047619047619047616,00005garden|466|1|15,465,11,6,,,00005garden,,21,0,1
SHAM,0.045454545454545456,00005garden|466|1|15,465,11,7,,,00005garden,,22,0,1
SHAM,0.047619047619047616,00005garden|466|1|15,465,11,8,,,00005garden,,21,0,1
SHAM,0.045454545454545456,00005garden|466|1|15,465,11,9,,,00005garden,,22,0,1
SHAM,0.047619047619047616,00005garden|466|1|15,465,11,10,,,00005garden,,21,0,1
SHAM,0.047619047619047616,00005garden|466|1|15,465,11,11,,,00005garden,,21,0,1
SHAM,0.047619047619047616,00005garden|466|1|15,465,11,12,,,00005garden,,21,0,1
SHAM,0.047619047619047616,00005garden|466|1|15,465,11,13,,,00005garden,,21,0,1
SHAM,0.09523809523809523,00005garden|466|1|15,465,11,14,,,00005garden,,21,0,2
SHAM,0.045454545454545456,00005garden|466|1|15,465,11,15,,,00005garden,,22,0,1
SHAM,0.043478260869565216,00005garden|466|1|15,465,11,16,,,00005garden,,23,0,1
SHAM,0.043478260869565216,00005garden|466|1|15,465,11,17,,,00005garden,,23,0,1
SHAM,0.045454545454545456,00005garden|466|1|15,465,11,18,,,00005garden,,22,0,1
SHAM,0.047619047619047616,00005garden|466|1|15,465,11,19,,,00005garden,,21,0,1
SHAM,0.043478260869565216,00005garden|466|1|15,465,11,20,,,00005garden,,23,0,1
C1b-A,0.05,00005garden|466|1|15,465,11,1,,,00005garden,,20,0,1
C1b-A,0.05,00005garden|466|1|15,465,11,2,,,00005garden,,20,0,1
C1b-A,0.05,00005garden|466|1|15,465,11,3,,,00005garden,,20,0,1
C1b-A,0.09523809523809523,00005garden|466|1|15,465,11,4,,,00005garden,,21,0,2
C1b-A,0.13636363636363635,00005garden|466|1|15,465,11,5,,,00005garden,,22,0,3
C1b-A,0.047619047619047616,00005garden|466|1|15,465,11,6,,,00005garden,,21,0,1
C1b-A,0.045454545454545456,00005garden|466|1|15,465,11,7,,,00005garden,,22,0,1
C1b-A,0.047619047619047616,00005garden|466|1|15,465,11,8,,,00005garden,,21,0,1
C1b-A,0.045454545454545456,00005garden|466|1|15,465,11,9,,,00005garden,,22,0,1
C1b-A,0.047619047619047616,00005garden|466|1|15,465,11,10,,,00005garden,,21,0,1
C1b-A,0.047619047619047616,00005garden|466|1|15,465,11,11,,,00005garden,,21,0,1
C1b-A,0.047619047619047616,00005garden|466|1|15,465,11,12,,,00005garden,,21,0,1
C1b-A,0.047619047619047616,00005garden|466|1|15,465,11,13,,,00005garden,,21,0,1
C1b-A,0.09523809523809523,00005garden|466|1|15,465,11,14,,,00005garden,,21,0,2
C1b-A,0.045454545454545456,00005garden|466|1|15,465,11,15,,,00005garden,,22,0,1
C1b-A,0.043478260869565216,00005garden|466|1|15,465,11,16,,,00005garden,,23,0,1
C1b-A,0.043478260869565216,00005garden|466|1|15,465,11,17,,,00005garden,,23,0,1
C1b-A,0.045454545454545456,00005garden|466|1|15,465,11,18,,,00005garden,,22,0,1
C1b-A,0.047619047619047616,00005garden|466|1|15,465,11,19,,,00005garden,,21,0,1
C1b-A,0.043478260869565216,00005garden|466|1|15,465,11,20,,,00005garden,,23,0,1
C1b-B,0.05,00005garden|466|1|15,465,11,1,,,00005garden,,20,0,1
C1b-B,0.05,00005garden|466|1|15,465,11,2,,,00005garden,,20,0,1
C1b-B,0.05,00005garden|466|1|15,465,11,3,,,00005garden,,20,0,1
C1b-B,0.09523809523809523,00005garden|466|1|15,465,11,4,,,00005garden,,21,0,2
C1b-B,0.13636363636363635,00005garden|466|1|15,465,11,5,,,00005garden,,22,0,3
C1b-B,0.047619047619047616,00005garden|466|1|15,465,11,6,,,00005garden,,21,0,1
C1b-B,0.045454545454545456,00005garden|466|1|15,465,11,7,,,00005garden,,22,0,1
C1b-B,0.047619047619047616,00005garden|466|1|15,465,11,8,,,00005garden,,21,0,1
C1b-B,0.045454545454545456,00005garden|466|1|15,465,11,9,,,00005garden,,22,0,1
C1b-B,0.047619047619047616,00005garden|466|1|15,465,11,10,,,00005garden,,21,0,1
C1b-B,0.047619047619047616,00005garden|466|1|15,465,11,11,,,00005garden,,21,0,1
C1b-B,0.047619047619047616,00005garden|466|1|15,465,11,12,,,00005garden,,21,0,1
C1b-B,0.047619047619047616,00005garden|466|1|15,465,11,13,,,00005garden,,21,0,1
C1b-B,0.09523809523809523,00005garden|466|1|15,465,11,14,,,00005garden,,21,0,2
C1b-B,0.045454545454545456,00005garden|466|1|15,465,11,15,,,00005garden,,22,0,1
C1b-B,0.043478260869565216,00005garden|466|1|15,465,11,16,,,00005garden,,23,0,1
C1b-B,0.043478260869565216,00005garden|466|1|15,465,11,17,,,00005garden,,23,0,1
C1b-B,0.045454545454545456,00005garden|466|1|15,465,11,18,,,00005garden,,22,0,1
C1b-B,0.047619047619047616,00005garden|466|1|15,465,11,19,,,00005garden,,21,0,1
C1b-B,0.043478260869565216,00005garden|466|1|15,465,11,20,,,00005garden,,23,0,1
C1b-C,,00005garden|466|1|15,465,11,1,,,00005garden,repair_conflict,0,0,0
C1b-C,,00005garden|466|1|15,465,11,2,,,00005garden,repair_conflict,0,0,0
C1b-C,,00005garden|466|1|15,465,11,3,,,00005garden,repair_conflict,0,0,0
C1b-C,,00005garden|466|1|15,465,11,4,,,00005garden,repair_conflict,0,0,0
C1b-C,,00005garden|466|1|15,465,11,5,,,00005garden,repair_conflict,0,0,0
C1b-C,,00005garden|466|1|15,465,11,6,,,00005garden,repair_conflict,0,0,0
C1b-C,,00005garden|466|1|15,465,11,7,,,00005garden,repair_conflict,0,0,0
C1b-C,,00005garden|466|1|15,465,11,8,,,00005garden,repair_conflict,0,0,0
C1b-C,,00005garden|466|1|15,465,11,9,,,00005garden,repair_conflict,0,0,0
C1b-C,,00005garden|466|1|15,465,11,10,,,00005garden,repair_conflict,0,0,0
C1b-C,,00005garden|466|1|15,465,11,11,,,00005garden,repair_conflict,0,0,0
C1b-C,,00005garden|466|1|15,465,11,12,,,00005garden,repair_conflict,0,0,0
C1b-C,,00005garden|466|1|15,465,11,13,,,00005garden,repair_conflict,0,0,0
C1b-C,,00005garden|466|1|15,465,11,14,,,00005garden,repair_conflict,0,0,0
C1b-C,,00005garden|466|1|15,465,11,15,,,00005garden,repair_conflict,0,0,0
C1b-C,,00005garden|466|1|15,465,11,16,,,00005garden,repair_conflict,0,0,0
C1b-C,,00005garden|466|1|15,465,11,17,,,00005garden,repair_conflict,0,0,0
C1b-C,,00005garden|466|1|15,465,11,18,,,00005garden,repair_conflict,0,0,0
C1b-C,,00005garden|466|1|15,465,11,19,,,00005garden,repair_conflict,0,0,0
C1b-C,,00005garden|466|1|15,465,11,20,,,00005garden,repair_conflict,0,0,0
_META,,00005garden|466|1|15,465,11,0,omitted_for_runtime,omitted_for_runtime,00005garden,,,0,
SHAM,0.05,00005garden|468|1|1,467,5,1,,,00005garden,,20,0,1
SHAM,0.09523809523809523,00005garden|468|1|1,467,5,2,,,00005garden,,21,0,2
SHAM,0.13636363636363635,00005garden|468|1|1,467,5,3,,,00005garden,,22,0,3
SHAM,0.047619047619047616,00005garden|468|1|1,467,5,4,,,00005garden,,21,0,1
SHAM,0.045454545454545456,00005garden|468|1|1,467,5,5,,,00005garden,,22,0,1
SHAM,0.047619047619047616,00005garden|468|1|1,467,5,6,,,00005garden,,21,0,1
SHAM,0.045454545454545456,00005garden|468|1|1,467,5,7,,,00005garden,,22,0,1
SHAM,0.047619047619047616,00005garden|468|1|1,467,5,8,,,00005garden,,21,0,1
SHAM,0.047619047619047616,00005garden|468|1|1,467,5,9,,,00005garden,,21,0,1
SHAM,0.047619047619047616,00005garden|468|1|1,467,5,10,,,00005garden,,21,0,1
SHAM,0.047619047619047616,00005garden|468|1|1,467,5,11,,,00005garden,,21,0,1
SHAM,0.09523809523809523,00005garden|468|1|1,467,5,12,,,00005garden,,21,0,2
SHAM,0.045454545454545456,00005garden|468|1|1,467,5,13,,,00005garden,,22,0,1
SHAM,0.043478260869565216,00005garden|468|1|1,467,5,14,,,00005garden,,23,0,1
SHAM,0.043478260869565216,00005garden|468|1|1,467,5,15,,,00005garden,,23,0,1
SHAM,0.045454545454545456,00005garden|468|1|1,467,5,16,,,00005garden,,22,0,1
SHAM,0.047619047619047616,00005garden|468|1|1,467,5,17,,,00005garden,,21,0,1
SHAM,0.043478260869565216,00005garden|468|1|1,467,5,18,,,00005garden,,23,0,1
SHAM,0.043478260869565216,00005garden|468|1|1,467,5,19,,,00005garden,,23,0,1
SHAM,0.045454545454545456,00005garden|468|1|1,467,5,20,,,00005garden,,22,0,1
C1b-A,0.05,00005garden|468|1|1,467,5,1,,,00005garden,,20,0,1
C1b-A,0.09523809523809523,00005garden|468|1|1,467,5,2,,,00005garden,,21,0,2
C1b-A,0.13636363636363635,00005garden|468|1|1,467,5,3,,,00005garden,,22,0,3
C1b-A,0.047619047619047616,00005garden|468|1|1,467,5,4,,,00005garden,,21,0,1
C1b-A,0.045454545454545456,00005garden|468|1|1,467,5,5,,,00005garden,,22,0,1
C1b-A,0.047619047619047616,00005garden|468|1|1,467,5,6,,,00005garden,,21,0,1
C1b-A,0.045454545454545456,00005garden|468|1|1,467,5,7,,,00005garden,,22,0,1
C1b-A,0.047619047619047616,00005garden|468|1|1,467,5,8,,,00005garden,,21,0,1
C1b-A,0.047619047619047616,00005garden|468|1|1,467,5,9,,,00005garden,,21,0,1
C1b-A,0.047619047619047616,00005garden|468|1|1,467,5,10,,,00005garden,,21,0,1
C1b-A,0.047619047619047616,00005garden|468|1|1,467,5,11,,,00005garden,,21,0,1
C1b-A,0.09523809523809523,00005garden|468|1|1,467,5,12,,,00005garden,,21,0,2
C1b-A,0.045454545454545456,00005garden|468|1|1,467,5,13,,,00005garden,,22,0,1
C1b-A,0.043478260869565216,00005garden|468|1|1,467,5,14,,,00005garden,,23,0,1
C1b-A,0.043478260869565216,00005garden|468|1|1,467,5,15,,,00005garden,,23,0,1
C1b-A,0.045454545454545456,00005garden|468|1|1,467,5,16,,,00005garden,,22,0,1
C1b-A,0.047619047619047616,00005garden|468|1|1,467,5,17,,,00005garden,,21,0,1
C1b-A,0.043478260869565216,00005garden|468|1|1,467,5,18,,,00005garden,,23,0,1
C1b-A,0.043478260869565216,00005garden|468|1|1,467,5,19,,,00005garden,,23,0,1
C1b-A,0.045454545454545456,00005garden|468|1|1,467,5,20,,,00005garden,,22,0,1
C1b-B,0.05,00005garden|468|1|1,467,5,1,,,00005garden,,20,0,1
C1b-B,0.09523809523809523,00005garden|468|1|1,467,5,2,,,00005garden,,21,0,2
C1b-B,0.13636363636363635,00005garden|468|1|1,467,5,3,,,00005garden,,22,0,3
C1b-B,0.047619047619047616,00005garden|468|1|1,467,5,4,,,00005garden,,21,0,1
C1b-B,0.045454545454545456,00005garden|468|1|1,467,5,5,,,00005garden,,22,0,1
C1b-B,0.047619047619047616,00005garden|468|1|1,467,5,6,,,00005garden,,21,0,1
C1b-B,0.045454545454545456,00005garden|468|1|1,467,5,7,,,00005garden,,22,0,1
C1b-B,0.047619047619047616,00005garden|468|1|1,467,5,8,,,00005garden,,21,0,1
C1b-B,0.047619047619047616,00005garden|468|1|1,467,5,9,,,00005garden,,21,0,1
C1b-B,0.047619047619047616,00005garden|468|1|1,467,5,10,,,00005garden,,21,0,1
C1b-B,0.047619047619047616,00005garden|468|1|1,467,5,11,,,00005garden,,21,0,1
C1b-B,0.09523809523809523,00005garden|468|1|1,467,5,12,,,00005garden,,21,0,2
C1b-B,0.045454545454545456,00005garden|468|1|1,467,5,13,,,00005garden,,22,0,1
C1b-B,0.043478260869565216,00005garden|468|1|1,467,5,14,,,00005garden,,23,0,1
C1b-B,0.043478260869565216,00005garden|468|1|1,467,5,15,,,00005garden,,23,0,1
C1b-B,0.045454545454545456,00005garden|468|1|1,467,5,16,,,00005garden,,22,0,1
C1b-B,0.047619047619047616,00005garden|468|1|1,467,5,17,,,00005garden,,21,0,1
C1b-B,0.043478260869565216,00005garden|468|1|1,467,5,18,,,00005garden,,23,0,1
C1b-B,0.043478260869565216,00005garden|468|1|1,467,5,19,,,00005garden,,23,0,1
C1b-B,0.045454545454545456,00005garden|468|1|1,467,5,20,,,00005garden,,22,0,1
C1b-C,,00005garden|468|1|1,467,5,1,,,00005garden,repair_conflict,0,0,0
C1b-C,,00005garden|468|1|1,467,5,2,,,00005garden,repair_conflict,0,0,0
C1b-C,,00005garden|468|1|1,467,5,3,,,00005garden,repair_conflict,0,0,0
C1b-C,,00005garden|468|1|1,467,5,4,,,00005garden,repair_conflict,0,0,0
C1b-C,,00005garden|468|1|1,467,5,5,,,00005garden,repair_conflict,0,0,0
C1b-C,,00005garden|468|1|1,467,5,6,,,00005garden,repair_conflict,0,0,0
C1b-C,,00005garden|468|1|1,467,5,7,,,00005garden,repair_conflict,0,0,0
C1b-C,,00005garden|468|1|1,467,5,8,,,00005garden,repair_conflict,0,0,0
C1b-C,,00005garden|468|1|1,467,5,9,,,00005garden,repair_conflict,0,0,0
C1b-C,,00005garden|468|1|1,467,5,10,,,00005garden,repair_conflict,0,0,0
C1b-C,,00005garden|468|1|1,467,5,11,,,00005garden,repair_conflict,0,0,0
C1b-C,,00005garden|468|1|1,467,5,12,,,00005garden,repair_conflict,0,0,0
C1b-C,,00005garden|468|1|1,467,5,13,,,00005garden,repair_conflict,0,0,0
C1b-C,,00005garden|468|1|1,467,5,14,,,00005garden,repair_conflict,0,0,0
C1b-C,,00005garden|468|1|1,467,5,15,,,00005garden,repair_conflict,0,0,0
C1b-C,,00005garden|468|1|1,467,5,16,,,00005garden,repair_conflict,0,0,0
C1b-C,,00005garden|468|1|1,467,5,17,,,00005garden,repair_conflict,0,0,0
C1b-C,,00005garden|468|1|1,467,5,18,,,00005garden,repair_conflict,0,0,0
C1b-C,,00005garden|468|1|1,467,5,19,,,00005garden,repair_conflict,0,0,0
C1b-C,,00005garden|468|1|1,467,5,20,,,00005garden,repair_conflict,0,0,0
_META,,00005garden|468|1|1,467,5,0,omitted_for_runtime,omitted_for_runtime,00005garden,,,0,
SHAM,0.15,00005garden|525|1|19,524,15,1,,,00005garden,,20,0,3
SHAM,0.05,00005garden|525|1|19,524,15,2,,,00005garden,,20,0,1
SHAM,0.047619047619047616,00005garden|525|1|19,524,15,3,,,00005garden,,21,0,1
SHAM,0.043478260869565216,00005garden|525|1|19,524,15,4,,,00005garden,,23,0,1
SHAM,0.045454545454545456,00005garden|525|1|19,524,15,5,,,00005garden,,22,0,1
SHAM,0.043478260869565216,00005garden|525|1|19,524,15,6,,,00005garden,,23,0,1
SHAM,0.043478260869565216,00005garden|525|1|19,524,15,7,,,00005garden,,23,0,1
SHAM,0.043478260869565216,00005garden|525|1|19,524,15,8,,,00005garden,,23,0,1
SHAM,0.043478260869565216,00005garden|525|1|19,524,15,9,,,00005garden,,23,0,1
SHAM,0.043478260869565216,00005garden|525|1|19,524,15,10,,,00005garden,,23,0,1
SHAM,0.043478260869565216,00005garden|525|1|19,524,15,11,,,00005garden,,23,0,1
SHAM,0.09090909090909091,00005garden|525|1|19,524,15,12,,,00005garden,,22,0,2
SHAM,0.045454545454545456,00005garden|525|1|19,524,15,13,,,00005garden,,22,0,1
SHAM,0.08695652173913043,00005garden|525|1|19,524,15,14,,,00005garden,,23,0,2
SHAM,0.045454545454545456,00005garden|525|1|19,524,15,15,,,00005garden,,22,0,1
SHAM,0.043478260869565216,00005garden|525|1|19,524,15,16,,,00005garden,,23,0,1
SHAM,0.043478260869565216,00005garden|525|1|19,524,15,17,,,00005garden,,23,0,1
SHAM,0.043478260869565216,00005garden|525|1|19,524,15,18,,,00005garden,,23,0,1
SHAM,0.043478260869565216,00005garden|525|1|19,524,15,19,,,00005garden,,23,0,1
SHAM,0.043478260869565216,00005garden|525|1|19,524,15,20,,,00005garden,,23,0,1
C1b-A,0.15,00005garden|525|1|19,524,15,1,,,00005garden,,20,0,3
C1b-A,0.05,00005garden|525|1|19,524,15,2,,,00005garden,,20,0,1
C1b-A,0.047619047619047616,00005garden|525|1|19,524,15,3,,,00005garden,,21,0,1
C1b-A,0.043478260869565216,00005garden|525|1|19,524,15,4,,,00005garden,,23,0,1
C1b-A,0.045454545454545456,00005garden|525|1|19,524,15,5,,,00005garden,,22,0,1
C1b-A,0.043478260869565216,00005garden|525|1|19,524,15,6,,,00005garden,,23,0,1
C1b-A,0.043478260869565216,00005garden|525|1|19,524,15,7,,,00005garden,,23,0,1
C1b-A,0.043478260869565216,00005garden|525|1|19,524,15,8,,,00005garden,,23,0,1
C1b-A,0.043478260869565216,00005garden|525|1|19,524,15,9,,,00005garden,,23,0,1
C1b-A,0.043478260869565216,00005garden|525|1|19,524,15,10,,,00005garden,,23,0,1
C1b-A,0.043478260869565216,00005garden|525|1|19,524,15,11,,,00005garden,,23,0,1
C1b-A,0.09090909090909091,00005garden|525|1|19,524,15,12,,,00005garden,,22,0,2
C1b-A,0.045454545454545456,00005garden|525|1|19,524,15,13,,,00005garden,,22,0,1
C1b-A,0.08695652173913043,00005garden|525|1|19,524,15,14,,,00005garden,,23,0,2
C1b-A,0.045454545454545456,00005garden|525|1|19,524,15,15,,,00005garden,,22,0,1
C1b-A,0.043478260869565216,00005garden|525|1|19,524,15,16,,,00005garden,,23,0,1
C1b-A,0.043478260869565216,00005garden|525|1|19,524,15,17,,,00005garden,,23,0,1
C1b-A,0.043478260869565216,00005garden|525|1|19,524,15,18,,,00005garden,,23,0,1
C1b-A,0.043478260869565216,00005garden|525|1|19,524,15,19,,,00005garden,,23,0,1
C1b-A,0.043478260869565216,00005garden|525|1|19,524,15,20,,,00005garden,,23,0,1
C1b-B,0.15,00005garden|525|1|19,524,15,1,,,00005garden,,20,0,3
C1b-B,0.05,00005garden|525|1|19,524,15,2,,,00005garden,,20,0,1
C1b-B,0.047619047619047616,00005garden|525|1|19,524,15,3,,,00005garden,,21,0,1
C1b-B,0.043478260869565216,00005garden|525|1|19,524,15,4,,,00005garden,,23,0,1
C1b-B,0.045454545454545456,00005garden|525|1|19,524,15,5,,,00005garden,,22,0,1
C1b-B,0.043478260869565216,00005garden|525|1|19,524,15,6,,,00005garden,,23,0,1
C1b-B,0.043478260869565216,00005garden|525|1|19,524,15,7,,,00005garden,,23,0,1
C1b-B,0.043478260869565216,00005garden|525|1|19,524,15,8,,,00005garden,,23,0,1
C1b-B,0.043478260869565216,00005garden|525|1|19,524,15,9,,,00005garden,,23,0,1
C1b-B,0.043478260869565216,00005garden|525|1|19,524,15,10,,,00005garden,,23,0,1
C1b-B,0.043478260869565216,00005garden|525|1|19,524,15,11,,,00005garden,,23,0,1
C1b-B,0.09090909090909091,00005garden|525|1|19,524,15,12,,,00005garden,,22,0,2
C1b-B,0.045454545454545456,00005garden|525|1|19,524,15,13,,,00005garden,,22,0,1
C1b-B,0.08695652173913043,00005garden|525|1|19,524,15,14,,,00005garden,,23,0,2
C1b-B,0.045454545454545456,00005garden|525|1|19,524,15,15,,,00005garden,,22,0,1
C1b-B,0.043478260869565216,00005garden|525|1|19,524,15,16,,,00005garden,,23,0,1
C1b-B,0.043478260869565216,00005garden|525|1|19,524,15,17,,,00005garden,,23,0,1
C1b-B,0.043478260869565216,00005garden|525|1|19,524,15,18,,,00005garden,,23,0,1
C1b-B,0.043478260869565216,00005garden|525|1|19,524,15,19,,,00005garden,,23,0,1
C1b-B,0.043478260869565216,00005garden|525|1|19,524,15,20,,,00005garden,,23,0,1
C1b-C,0.15,00005garden|525|1|19,524,15,1,,,00005garden,,20,0,3
C1b-C,0.05,00005garden|525|1|19,524,15,2,,,00005garden,,20,0,1
C1b-C,0.047619047619047616,00005garden|525|1|19,524,15,3,,,00005garden,,21,0,1
C1b-C,0.043478260869565216,00005garden|525|1|19,524,15,4,,,00005garden,,23,0,1
C1b-C,0.045454545454545456,00005garden|525|1|19,524,15,5,,,00005garden,,22,0,1
C1b-C,0.043478260869565216,00005garden|525|1|19,524,15,6,,,00005garden,,23,0,1
C1b-C,0.043478260869565216,00005garden|525|1|19,524,15,7,,,00005garden,,23,0,1
C1b-C,0.043478260869565216,00005garden|525|1|19,524,15,8,,,00005garden,,23,0,1
C1b-C,0.043478260869565216,00005garden|525|1|19,524,15,9,,,00005garden,,23,0,1
C1b-C,0.043478260869565216,00005garden|525|1|19,524,15,10,,,00005garden,,23,0,1
C1b-C,0.043478260869565216,00005garden|525|1|19,524,15,11,,,00005garden,,23,0,1
C1b-C,0.09090909090909091,00005garden|525|1|19,524,15,12,,,00005garden,,22,0,2
C1b-C,0.045454545454545456,00005garden|525|1|19,524,15,13,,,00005garden,,22,0,1
C1b-C,0.08695652173913043,00005garden|525|1|19,524,15,14,,,00005garden,,23,0,2
C1b-C,0.045454545454545456,00005garden|525|1|19,524,15,15,,,00005garden,,22,0,1
C1b-C,0.043478260869565216,00005garden|525|1|19,524,15,16,,,00005garden,,23,0,1
C1b-C,0.043478260869565216,00005garden|525|1|19,524,15,17,,,00005garden,,23,0,1
C1b-C,0.043478260869565216,00005garden|525|1|19,524,15,18,,,00005garden,,23,0,1
C1b-C,0.043478260869565216,00005garden|525|1|19,524,15,19,,,00005garden,,23,0,1
C1b-C,0.043478260869565216,00005garden|525|1|19,524,15,20,,,00005garden,,23,0,1
_META,,00005garden|525|1|19,524,15,0,omitted_for_runtime,omitted_for_runtime,00005garden,,,0,
SHAM,0.09090909090909091,00005garden|536|2|0,535,2,1,,,00005garden,,22,1,2
SHAM,0.045454545454545456,00005garden|536|2|0,535,2,2,,,00005garden,,22,1,1
SHAM,0.08695652173913043,00005garden|536|2|0,535,2,3,,,00005garden,,23,1,2
SHAM,0.045454545454545456,00005garden|536|2|0,535,2,4,,,00005garden,,22,1,1
SHAM,0.043478260869565216,00005garden|536|2|0,535,2,5,,,00005garden,,23,1,1
SHAM,0.043478260869565216,00005garden|536|2|0,535,2,6,,,00005garden,,23,1,1
SHAM,0.043478260869565216,00005garden|536|2|0,535,2,7,,,00005garden,,23,1,1
SHAM,0.043478260869565216,00005garden|536|2|0,535,2,8,,,00005garden,,23,1,1
SHAM,0.043478260869565216,00005garden|536|2|0,535,2,9,,,00005garden,,23,1,1
SHAM,0.045454545454545456,00005garden|536|2|0,535,2,10,,,00005garden,,22,1,1
SHAM,0.045454545454545456,00005garden|536|2|0,535,2,11,,,00005garden,,22,1,1
SHAM,0.043478260869565216,00005garden|536|2|0,535,2,12,,,00005garden,,23,1,1
SHAM,0.041666666666666664,00005garden|536|2|0,535,2,13,,,00005garden,,24,1,1
SHAM,0.045454545454545456,00005garden|536|2|0,535,2,14,,,00005garden,,22,1,1
SHAM,0.041666666666666664,00005garden|536|2|0,535,2,15,,,00005garden,,24,1,1
SHAM,0.041666666666666664,00005garden|536|2|0,535,2,16,,,00005garden,,24,1,1
SHAM,0.045454545454545456,00005garden|536|2|0,535,2,17,,,00005garden,,22,1,1
SHAM,0.045454545454545456,00005garden|536|2|0,535,2,18,,,00005garden,,22,1,1
SHAM,0.045454545454545456,00005garden|536|2|0,535,2,19,,,00005garden,,22,1,1
SHAM,0.047619047619047616,00005garden|536|2|0,535,2,20,,,00005garden,,21,1,1
C1b-A,0.09090909090909091,00005garden|536|2|0,535,2,1,,,00005garden,,22,1,2
C1b-A,0.045454545454545456,00005garden|536|2|0,535,2,2,,,00005garden,,22,1,1
C1b-A,0.08695652173913043,00005garden|536|2|0,535,2,3,,,00005garden,,23,1,2
C1b-A,0.045454545454545456,00005garden|536|2|0,535,2,4,,,00005garden,,22,1,1
C1b-A,0.043478260869565216,00005garden|536|2|0,535,2,5,,,00005garden,,23,1,1
C1b-A,0.043478260869565216,00005garden|536|2|0,535,2,6,,,00005garden,,23,1,1
C1b-A,0.043478260869565216,00005garden|536|2|0,535,2,7,,,00005garden,,23,1,1
C1b-A,0.043478260869565216,00005garden|536|2|0,535,2,8,,,00005garden,,23,1,1
C1b-A,0.043478260869565216,00005garden|536|2|0,535,2,9,,,00005garden,,23,1,1
C1b-A,0.045454545454545456,00005garden|536|2|0,535,2,10,,,00005garden,,22,1,1
C1b-A,0.045454545454545456,00005garden|536|2|0,535,2,11,,,00005garden,,22,1,1
C1b-A,0.043478260869565216,00005garden|536|2|0,535,2,12,,,00005garden,,23,1,1
C1b-A,0.041666666666666664,00005garden|536|2|0,535,2,13,,,00005garden,,24,1,1
C1b-A,0.045454545454545456,00005garden|536|2|0,535,2,14,,,00005garden,,22,1,1
C1b-A,0.041666666666666664,00005garden|536|2|0,535,2,15,,,00005garden,,24,1,1
C1b-A,0.041666666666666664,00005garden|536|2|0,535,2,16,,,00005garden,,24,1,1
C1b-A,0.045454545454545456,00005garden|536|2|0,535,2,17,,,00005garden,,22,1,1
C1b-A,0.045454545454545456,00005garden|536|2|0,535,2,18,,,00005garden,,22,1,1
C1b-A,0.045454545454545456,00005garden|536|2|0,535,2,19,,,00005garden,,22,1,1
C1b-A,0.047619047619047616,00005garden|536|2|0,535,2,20,,,00005garden,,21,1,1
C1b-B,0.09090909090909091,00005garden|536|2|0,535,2,1,,,00005garden,,22,1,2
C1b-B,0.045454545454545456,00005garden|536|2|0,535,2,2,,,00005garden,,22,1,1
C1b-B,0.08695652173913043,00005garden|536|2|0,535,2,3,,,00005garden,,23,1,2
C1b-B,0.045454545454545456,00005garden|536|2|0,535,2,4,,,00005garden,,22,1,1
C1b-B,0.043478260869565216,00005garden|536|2|0,535,2,5,,,00005garden,,23,1,1
C1b-B,0.043478260869565216,00005garden|536|2|0,535,2,6,,,00005garden,,23,1,1
C1b-B,0.043478260869565216,00005garden|536|2|0,535,2,7,,,00005garden,,23,1,1
C1b-B,0.043478260869565216,00005garden|536|2|0,535,2,8,,,00005garden,,23,1,1
C1b-B,0.043478260869565216,00005garden|536|2|0,535,2,9,,,00005garden,,23,1,1
C1b-B,0.045454545454545456,00005garden|536|2|0,535,2,10,,,00005garden,,22,1,1
C1b-B,0.045454545454545456,00005garden|536|2|0,535,2,11,,,00005garden,,22,1,1
C1b-B,0.043478260869565216,00005garden|536|2|0,535,2,12,,,00005garden,,23,1,1
C1b-B,0.041666666666666664,00005garden|536|2|0,535,2,13,,,00005garden,,24,1,1
C1b-B,0.045454545454545456,00005garden|536|2|0,535,2,14,,,00005garden,,22,1,1
C1b-B,0.041666666666666664,00005garden|536|2|0,535,2,15,,,00005garden,,24,1,1
C1b-B,0.041666666666666664,00005garden|536|2|0,535,2,16,,,00005garden,,24,1,1
C1b-B,0.045454545454545456,00005garden|536|2|0,535,2,17,,,00005garden,,22,1,1
C1b-B,0.045454545454545456,00005garden|536|2|0,535,2,18,,,00005garden,,22,1,1
C1b-B,0.045454545454545456,00005garden|536|2|0,535,2,19,,,00005garden,,22,1,1
C1b-B,0.047619047619047616,00005garden|536|2|0,535,2,20,,,00005garden,,21,1,1
C1b-C,0.09090909090909091,00005garden|536|2|0,535,2,1,,,00005garden,,22,1,2
C1b-C,0.045454545454545456,00005garden|536|2|0,535,2,2,,,00005garden,,22,1,1
C1b-C,0.08695652173913043,00005garden|536|2|0,535,2,3,,,00005garden,,23,1,2
C1b-C,0.045454545454545456,00005garden|536|2|0,535,2,4,,,00005garden,,22,1,1
C1b-C,0.043478260869565216,00005garden|536|2|0,535,2,5,,,00005garden,,23,1,1
C1b-C,0.043478260869565216,00005garden|536|2|0,535,2,6,,,00005garden,,23,1,1
C1b-C,0.043478260869565216,00005garden|536|2|0,535,2,7,,,00005garden,,23,1,1
C1b-C,0.043478260869565216,00005garden|536|2|0,535,2,8,,,00005garden,,23,1,1
C1b-C,0.043478260869565216,00005garden|536|2|0,535,2,9,,,00005garden,,23,1,1
C1b-C,0.045454545454545456,00005garden|536|2|0,535,2,10,,,00005garden,,22,1,1
C1b-C,0.045454545454545456,00005garden|536|2|0,535,2,11,,,00005garden,,22,1,1
C1b-C,0.043478260869565216,00005garden|536|2|0,535,2,12,,,00005garden,,23,1,1
C1b-C,0.041666666666666664,00005garden|536|2|0,535,2,13,,,00005garden,,24,1,1
C1b-C,0.045454545454545456,00005garden|536|2|0,535,2,14,,,00005garden,,22,1,1
C1b-C,0.041666666666666664,00005garden|536|2|0,535,2,15,,,00005garden,,24,1,1
C1b-C,0.041666666666666664,00005garden|536|2|0,535,2,16,,,00005garden,,24,1,1
C1b-C,0.045454545454545456,00005garden|536|2|0,535,2,17,,,00005garden,,22,1,1
C1b-C,0.045454545454545456,00005garden|536|2|0,535,2,18,,,00005garden,,22,1,1
C1b-C,0.045454545454545456,00005garden|536|2|0,535,2,19,,,00005garden,,22,1,1
C1b-C,0.047619047619047616,00005garden|536|2|0,535,2,20,,,00005garden,,21,1,1
_META,,00005garden|536|2|0,535,2,0,omitted_for_runtime,omitted_for_runtime,00005garden,,,1,
SHAM,0.045454545454545456,00005garden|537|1|19,536,11,1,,,00005garden,,22,0,1
SHAM,0.08695652173913043,00005garden|537|1|19,536,11,2,,,00005garden,,23,0,2
SHAM,0.045454545454545456,00005garden|537|1|19,536,11,3,,,00005garden,,22,0,1
SHAM,0.043478260869565216,00005garden|537|1|19,536,11,4,,,00005garden,,23,0,1
SHAM,0.043478260869565216,00005garden|537|1|19,536,11,5,,,00005garden,,23,0,1
SHAM,0.043478260869565216,00005garden|537|1|19,536,11,6,,,00005garden,,23,0,1
SHAM,0.043478260869565216,00005garden|537|1|19,536,11,7,,,00005garden,,23,0,1
SHAM,0.043478260869565216,00005garden|537|1|19,536,11,8,,,00005garden,,23,0,1
SHAM,0.045454545454545456,00005garden|537|1|19,536,11,9,,,00005garden,,22,0,1
SHAM,0.045454545454545456,00005garden|537|1|19,536,11,10,,,00005garden,,22,0,1
SHAM,0.043478260869565216,00005garden|537|1|19,536,11,11,,,00005garden,,23,0,1
SHAM,0.041666666666666664,00005garden|537|1|19,536,11,12,,,00005garden,,24,0,1
SHAM,0.045454545454545456,00005garden|537|1|19,536,11,13,,,00005garden,,22,0,1
SHAM,0.041666666666666664,00005garden|537|1|19,536,11,14,,,00005garden,,24,0,1
SHAM,0.041666666666666664,00005garden|537|1|19,536,11,15,,,00005garden,,24,0,1
SHAM,0.045454545454545456,00005garden|537|1|19,536,11,16,,,00005garden,,22,0,1
SHAM,0.045454545454545456,00005garden|537|1|19,536,11,17,,,00005garden,,22,0,1
SHAM,0.045454545454545456,00005garden|537|1|19,536,11,18,,,00005garden,,22,0,1
SHAM,0.047619047619047616,00005garden|537|1|19,536,11,19,,,00005garden,,21,0,1
SHAM,0.047619047619047616,00005garden|537|1|19,536,11,20,,,00005garden,,21,0,1
C1b-A,0.045454545454545456,00005garden|537|1|19,536,11,1,,,00005garden,,22,0,1
C1b-A,0.08695652173913043,00005garden|537|1|19,536,11,2,,,00005garden,,23,0,2
C1b-A,0.045454545454545456,00005garden|537|1|19,536,11,3,,,00005garden,,22,0,1
C1b-A,0.043478260869565216,00005garden|537|1|19,536,11,4,,,00005garden,,23,0,1
C1b-A,0.043478260869565216,00005garden|537|1|19,536,11,5,,,00005garden,,23,0,1
C1b-A,0.043478260869565216,00005garden|537|1|19,536,11,6,,,00005garden,,23,0,1
C1b-A,0.043478260869565216,00005garden|537|1|19,536,11,7,,,00005garden,,23,0,1
C1b-A,0.043478260869565216,00005garden|537|1|19,536,11,8,,,00005garden,,23,0,1
C1b-A,0.045454545454545456,00005garden|537|1|19,536,11,9,,,00005garden,,22,0,1
C1b-A,0.045454545454545456,00005garden|537|1|19,536,11,10,,,00005garden,,22,0,1
C1b-A,0.043478260869565216,00005garden|537|1|19,536,11,11,,,00005garden,,23,0,1
C1b-A,0.041666666666666664,00005garden|537|1|19,536,11,12,,,00005garden,,24,0,1
C1b-A,0.045454545454545456,00005garden|537|1|19,536,11,13,,,00005garden,,22,0,1
C1b-A,0.041666666666666664,00005garden|537|1|19,536,11,14,,,00005garden,,24,0,1
C1b-A,0.041666666666666664,00005garden|537|1|19,536,11,15,,,00005garden,,24,0,1
C1b-A,0.045454545454545456,00005garden|537|1|19,536,11,16,,,00005garden,,22,0,1
C1b-A,0.045454545454545456,00005garden|537|1|19,536,11,17,,,00005garden,,22,0,1
C1b-A,0.045454545454545456,00005garden|537|1|19,536,11,18,,,00005garden,,22,0,1
C1b-A,0.047619047619047616,00005garden|537|1|19,536,11,19,,,00005garden,,21,0,1
C1b-A,0.047619047619047616,00005garden|537|1|19,536,11,20,,,00005garden,,21,0,1
C1b-B,0.045454545454545456,00005garden|537|1|19,536,11,1,,,00005garden,,22,0,1
C1b-B,0.08695652173913043,00005garden|537|1|19,536,11,2,,,00005garden,,23,0,2
C1b-B,0.045454545454545456,00005garden|537|1|19,536,11,3,,,00005garden,,22,0,1
C1b-B,0.043478260869565216,00005garden|537|1|19,536,11,4,,,00005garden,,23,0,1
C1b-B,0.043478260869565216,00005garden|537|1|19,536,11,5,,,00005garden,,23,0,1
C1b-B,0.043478260869565216,00005garden|537|1|19,536,11,6,,,00005garden,,23,0,1
C1b-B,0.043478260869565216,00005garden|537|1|19,536,11,7,,,00005garden,,23,0,1
C1b-B,0.043478260869565216,00005garden|537|1|19,536,11,8,,,00005garden,,23,0,1
C1b-B,0.045454545454545456,00005garden|537|1|19,536,11,9,,,00005garden,,22,0,1
C1b-B,0.045454545454545456,00005garden|537|1|19,536,11,10,,,00005garden,,22,0,1
C1b-B,0.043478260869565216,00005garden|537|1|19,536,11,11,,,00005garden,,23,0,1
C1b-B,0.041666666666666664,00005garden|537|1|19,536,11,12,,,00005garden,,24,0,1
C1b-B,0.045454545454545456,00005garden|537|1|19,536,11,13,,,00005garden,,22,0,1
C1b-B,0.041666666666666664,00005garden|537|1|19,536,11,14,,,00005garden,,24,0,1
C1b-B,0.041666666666666664,00005garden|537|1|19,536,11,15,,,00005garden,,24,0,1
C1b-B,0.045454545454545456,00005garden|537|1|19,536,11,16,,,00005garden,,22,0,1
C1b-B,0.045454545454545456,00005garden|537|1|19,536,11,17,,,00005garden,,22,0,1
C1b-B,0.045454545454545456,00005garden|537|1|19,536,11,18,,,00005garden,,22,0,1
C1b-B,0.047619047619047616,00005garden|537|1|19,536,11,19,,,00005garden,,21,0,1
C1b-B,0.047619047619047616,00005garden|537|1|19,536,11,20,,,00005garden,,21,0,1
C1b-C,0.045454545454545456,00005garden|537|1|19,536,11,1,,,00005garden,,22,0,1
C1b-C,0.08695652173913043,00005garden|537|1|19,536,11,2,,,00005garden,,23,0,2
C1b-C,0.045454545454545456,00005garden|537|1|19,536,11,3,,,00005garden,,22,0,1
C1b-C,0.043478260869565216,00005garden|537|1|19,536,11,4,,,00005garden,,23,0,1
C1b-C,0.043478260869565216,00005garden|537|1|19,536,11,5,,,00005garden,,23,0,1
C1b-C,0.043478260869565216,00005garden|537|1|19,536,11,6,,,00005garden,,23,0,1
C1b-C,0.043478260869565216,00005garden|537|1|19,536,11,7,,,00005garden,,23,0,1
C1b-C,0.043478260869565216,00005garden|537|1|19,536,11,8,,,00005garden,,23,0,1
C1b-C,0.045454545454545456,00005garden|537|1|19,536,11,9,,,00005garden,,22,0,1
C1b-C,0.045454545454545456,00005garden|537|1|19,536,11,10,,,00005garden,,22,0,1
C1b-C,0.043478260869565216,00005garden|537|1|19,536,11,11,,,00005garden,,23,0,1
C1b-C,0.041666666666666664,00005garden|537|1|19,536,11,12,,,00005garden,,24,0,1
C1b-C,0.045454545454545456,00005garden|537|1|19,536,11,13,,,00005garden,,22,0,1
C1b-C,0.041666666666666664,00005garden|537|1|19,536,11,14,,,00005garden,,24,0,1
C1b-C,0.041666666666666664,00005garden|537|1|19,536,11,15,,,00005garden,,24,0,1
C1b-C,0.045454545454545456,00005garden|537|1|19,536,11,16,,,00005garden,,22,0,1
C1b-C,0.045454545454545456,00005garden|537|1|19,536,11,17,,,00005garden,,22,0,1
C1b-C,0.045454545454545456,00005garden|537|1|19,536,11,18,,,00005garden,,22,0,1
C1b-C,0.047619047619047616,00005garden|537|1|19,536,11,19,,,00005garden,,21,0,1
C1b-C,0.047619047619047616,00005garden|537|1|19,536,11,20,,,00005garden,,21,0,1
_META,,00005garden|537|1|19,536,11,0,omitted_for_runtime,omitted_for_runtime,00005garden,,,0,
SHAM,0.08333333333333333,00005garden|616|1|2,615,5,1,,,00005garden,,24,0,2
SHAM,0.08333333333333333,00005garden|616|1|2,615,5,2,,,00005garden,,24,0,2
SHAM,0.08333333333333333,00005garden|616|1|2,615,5,3,,,00005garden,,24,0,2
SHAM,0.08333333333333333,00005garden|616|1|2,615,5,4,,,00005garden,,24,0,2
SHAM,0.08333333333333333,00005garden|616|1|2,615,5,5,,,00005garden,,24,0,2
SHAM,0.08333333333333333,00005garden|616|1|2,615,5,6,,,00005garden,,24,0,2
SHAM,0.041666666666666664,00005garden|616|1|2,615,5,7,,,00005garden,,24,0,1
SHAM,0.041666666666666664,00005garden|616|1|2,615,5,8,,,00005garden,,24,0,1
SHAM,0.043478260869565216,00005garden|616|1|2,615,5,9,,,00005garden,,23,0,1
SHAM,0.041666666666666664,00005garden|616|1|2,615,5,10,,,00005garden,,24,0,1
SHAM,0.043478260869565216,00005garden|616|1|2,615,5,11,,,00005garden,,23,0,1
SHAM,0.041666666666666664,00005garden|616|1|2,615,5,12,,,00005garden,,24,0,1
SHAM,0.041666666666666664,00005garden|616|1|2,615,5,13,,,00005garden,,24,0,1
SHAM,0.041666666666666664,00005garden|616|1|2,615,5,14,,,00005garden,,24,0,1
SHAM,0.043478260869565216,00005garden|616|1|2,615,5,15,,,00005garden,,23,0,1
SHAM,0.041666666666666664,00005garden|616|1|2,615,5,16,,,00005garden,,24,0,1
SHAM,0.041666666666666664,00005garden|616|1|2,615,5,17,,,00005garden,,24,0,1
SHAM,0.08333333333333333,00005garden|616|1|2,615,5,18,,,00005garden,,24,0,2
SHAM,0.041666666666666664,00005garden|616|1|2,615,5,19,,,00005garden,,24,0,1
SHAM,0.045454545454545456,00005garden|616|1|2,615,5,20,,,00005garden,,22,0,1
C1b-A,,00005garden|616|1|2,615,5,1,,,00005garden,current_target_occupied,0,0,0
C1b-A,,00005garden|616|1|2,615,5,2,,,00005garden,current_target_occupied,0,0,0
C1b-A,,00005garden|616|1|2,615,5,3,,,00005garden,current_target_occupied,0,0,0
C1b-A,,00005garden|616|1|2,615,5,4,,,00005garden,current_target_occupied,0,0,0
C1b-A,,00005garden|616|1|2,615,5,5,,,00005garden,current_target_occupied,0,0,0
C1b-A,,00005garden|616|1|2,615,5,6,,,00005garden,current_target_occupied,0,0,0
C1b-A,,00005garden|616|1|2,615,5,7,,,00005garden,current_target_occupied,0,0,0
C1b-A,,00005garden|616|1|2,615,5,8,,,00005garden,current_target_occupied,0,0,0
C1b-A,,00005garden|616|1|2,615,5,9,,,00005garden,current_target_occupied,0,0,0
C1b-A,,00005garden|616|1|2,615,5,10,,,00005garden,current_target_occupied,0,0,0
C1b-A,,00005garden|616|1|2,615,5,11,,,00005garden,current_target_occupied,0,0,0
C1b-A,,00005garden|616|1|2,615,5,12,,,00005garden,current_target_occupied,0,0,0
C1b-A,,00005garden|616|1|2,615,5,13,,,00005garden,current_target_occupied,0,0,0
C1b-A,,00005garden|616|1|2,615,5,14,,,00005garden,current_target_occupied,0,0,0
C1b-A,,00005garden|616|1|2,615,5,15,,,00005garden,current_target_occupied,0,0,0
C1b-A,,00005garden|616|1|2,615,5,16,,,00005garden,current_target_occupied,0,0,0
C1b-A,,00005garden|616|1|2,615,5,17,,,00005garden,current_target_occupied,0,0,0
C1b-A,,00005garden|616|1|2,615,5,18,,,00005garden,current_target_occupied,0,0,0
C1b-A,,00005garden|616|1|2,615,5,19,,,00005garden,current_target_occupied,0,0,0
C1b-A,,00005garden|616|1|2,615,5,20,,,00005garden,current_target_occupied,0,0,0
C1b-B,,00005garden|616|1|2,615,5,1,,,00005garden,current_target_occupied,0,0,0
C1b-B,,00005garden|616|1|2,615,5,2,,,00005garden,current_target_occupied,0,0,0
C1b-B,,00005garden|616|1|2,615,5,3,,,00005garden,current_target_occupied,0,0,0
C1b-B,,00005garden|616|1|2,615,5,4,,,00005garden,current_target_occupied,0,0,0
C1b-B,,00005garden|616|1|2,615,5,5,,,00005garden,current_target_occupied,0,0,0
C1b-B,,00005garden|616|1|2,615,5,6,,,00005garden,current_target_occupied,0,0,0
C1b-B,,00005garden|616|1|2,615,5,7,,,00005garden,current_target_occupied,0,0,0
C1b-B,,00005garden|616|1|2,615,5,8,,,00005garden,current_target_occupied,0,0,0
C1b-B,,00005garden|616|1|2,615,5,9,,,00005garden,current_target_occupied,0,0,0
C1b-B,,00005garden|616|1|2,615,5,10,,,00005garden,current_target_occupied,0,0,0
C1b-B,,00005garden|616|1|2,615,5,11,,,00005garden,current_target_occupied,0,0,0
C1b-B,,00005garden|616|1|2,615,5,12,,,00005garden,current_target_occupied,0,0,0
C1b-B,,00005garden|616|1|2,615,5,13,,,00005garden,current_target_occupied,0,0,0
C1b-B,,00005garden|616|1|2,615,5,14,,,00005garden,current_target_occupied,0,0,0
C1b-B,,00005garden|616|1|2,615,5,15,,,00005garden,current_target_occupied,0,0,0
C1b-B,,00005garden|616|1|2,615,5,16,,,00005garden,current_target_occupied,0,0,0
C1b-B,,00005garden|616|1|2,615,5,17,,,00005garden,current_target_occupied,0,0,0
C1b-B,,00005garden|616|1|2,615,5,18,,,00005garden,current_target_occupied,0,0,0
C1b-B,,00005garden|616|1|2,615,5,19,,,00005garden,current_target_occupied,0,0,0
C1b-B,,00005garden|616|1|2,615,5,20,,,00005garden,current_target_occupied,0,0,0
C1b-C,,00005garden|616|1|2,615,5,1,,,00005garden,repair_conflict,0,0,0
C1b-C,,00005garden|616|1|2,615,5,2,,,00005garden,repair_conflict,0,0,0
C1b-C,,00005garden|616|1|2,615,5,3,,,00005garden,repair_conflict,0,0,0
C1b-C,,00005garden|616|1|2,615,5,4,,,00005garden,repair_conflict,0,0,0
C1b-C,,00005garden|616|1|2,615,5,5,,,00005garden,repair_conflict,0,0,0
C1b-C,,00005garden|616|1|2,615,5,6,,,00005garden,repair_conflict,0,0,0
C1b-C,,00005garden|616|1|2,615,5,7,,,00005garden,repair_conflict,0,0,0
C1b-C,,00005garden|616|1|2,615,5,8,,,00005garden,repair_conflict,0,0,0
C1b-C,,00005garden|616|1|2,615,5,9,,,00005garden,repair_conflict,0,0,0
C1b-C,,00005garden|616|1|2,615,5,10,,,00005garden,repair_conflict,0,0,0
C1b-C,,00005garden|616|1|2,615,5,11,,,00005garden,repair_conflict,0,0,0
C1b-C,,00005garden|616|1|2,615,5,12,,,00005garden,repair_conflict,0,0,0
C1b-C,,00005garden|616|1|2,615,5,13,,,00005garden,repair_conflict,0,0,0
C1b-C,,00005garden|616|1|2,615,5,14,,,00005garden,repair_conflict,0,0,0
C1b-C,,00005garden|616|1|2,615,5,15,,,00005garden,repair_conflict,0,0,0
C1b-C,,00005garden|616|1|2,615,5,16,,,00005garden,repair_conflict,0,0,0
C1b-C,,00005garden|616|1|2,615,5,17,,,00005garden,repair_conflict,0,0,0
C1b-C,,00005garden|616|1|2,615,5,18,,,00005garden,repair_conflict,0,0,0
C1b-C,,00005garden|616|1|2,615,5,19,,,00005garden,repair_conflict,0,0,0
C1b-C,,00005garden|616|1|2,615,5,20,,,00005garden,repair_conflict,0,0,0
_META,,00005garden|616|1|2,615,5,0,omitted_for_runtime,omitted_for_runtime,00005garden,,,0,
SHAM,0.09090909090909091,00005garden|656|1|7,655,5,1,,,00005garden,,22,0,2
SHAM,0.08695652173913043,00005garden|656|1|7,655,5,2,,,00005garden,,23,0,2
SHAM,0.08695652173913043,00005garden|656|1|7,655,5,3,,,00005garden,,23,0,2
SHAM,0.08695652173913043,00005garden|656|1|7,655,5,4,,,00005garden,,23,0,2
SHAM,0.05,00005garden|656|1|7,655,5,5,,,00005garden,,20,0,1
SHAM,0.09523809523809523,00005garden|656|1|7,655,5,6,,,00005garden,,21,0,2
SHAM,0.08695652173913043,00005garden|656|1|7,655,5,7,,,00005garden,,23,0,2
SHAM,0.2,00005garden|656|1|7,655,5,8,,,00005garden,,20,0,4
SHAM,0.043478260869565216,00005garden|656|1|7,655,5,9,,,00005garden,,23,0,1
SHAM,0.043478260869565216,00005garden|656|1|7,655,5,10,,,00005garden,,23,0,1
SHAM,0.045454545454545456,00005garden|656|1|7,655,5,11,,,00005garden,,22,0,1
SHAM,0.043478260869565216,00005garden|656|1|7,655,5,12,,,00005garden,,23,0,1
SHAM,0.043478260869565216,00005garden|656|1|7,655,5,13,,,00005garden,,23,0,1
SHAM,0.0,00005garden|656|1|7,655,5,14,,,00005garden,,22,0,0
SHAM,0.0,00005garden|656|1|7,655,5,15,,,00005garden,,22,0,0
SHAM,0.0,00005garden|656|1|7,655,5,16,,,00005garden,,22,0,0
SHAM,0.047619047619047616,00005garden|656|1|7,655,5,17,,,00005garden,,21,0,1
SHAM,0.047619047619047616,00005garden|656|1|7,655,5,18,,,00005garden,,21,0,1
SHAM,0.047619047619047616,00005garden|656|1|7,655,5,19,,,00005garden,,21,0,1
SHAM,0.047619047619047616,00005garden|656|1|7,655,5,20,,,00005garden,,21,0,1
C1b-A,0.09090909090909091,00005garden|656|1|7,655,5,1,,,00005garden,,22,0,2
C1b-A,0.08695652173913043,00005garden|656|1|7,655,5,2,,,00005garden,,23,0,2
C1b-A,0.08695652173913043,00005garden|656|1|7,655,5,3,,,00005garden,,23,0,2
C1b-A,0.08695652173913043,00005garden|656|1|7,655,5,4,,,00005garden,,23,0,2
C1b-A,0.05,00005garden|656|1|7,655,5,5,,,00005garden,,20,0,1
C1b-A,0.09523809523809523,00005garden|656|1|7,655,5,6,,,00005garden,,21,0,2
C1b-A,0.08695652173913043,00005garden|656|1|7,655,5,7,,,00005garden,,23,0,2
C1b-A,0.2,00005garden|656|1|7,655,5,8,,,00005garden,,20,0,4
C1b-A,0.043478260869565216,00005garden|656|1|7,655,5,9,,,00005garden,,23,0,1
C1b-A,0.043478260869565216,00005garden|656|1|7,655,5,10,,,00005garden,,23,0,1
C1b-A,0.045454545454545456,00005garden|656|1|7,655,5,11,,,00005garden,,22,0,1
C1b-A,0.043478260869565216,00005garden|656|1|7,655,5,12,,,00005garden,,23,0,1
C1b-A,0.043478260869565216,00005garden|656|1|7,655,5,13,,,00005garden,,23,0,1
C1b-A,0.0,00005garden|656|1|7,655,5,14,,,00005garden,,22,0,0
C1b-A,0.0,00005garden|656|1|7,655,5,15,,,00005garden,,22,0,0
C1b-A,0.0,00005garden|656|1|7,655,5,16,,,00005garden,,22,0,0
C1b-A,0.047619047619047616,00005garden|656|1|7,655,5,17,,,00005garden,,21,0,1
C1b-A,0.047619047619047616,00005garden|656|1|7,655,5,18,,,00005garden,,21,0,1
C1b-A,0.047619047619047616,00005garden|656|1|7,655,5,19,,,00005garden,,21,0,1
C1b-A,0.047619047619047616,00005garden|656|1|7,655,5,20,,,00005garden,,21,0,1
C1b-B,0.09090909090909091,00005garden|656|1|7,655,5,1,,,00005garden,,22,0,2
C1b-B,0.08695652173913043,00005garden|656|1|7,655,5,2,,,00005garden,,23,0,2
C1b-B,0.08695652173913043,00005garden|656|1|7,655,5,3,,,00005garden,,23,0,2
C1b-B,0.08695652173913043,00005garden|656|1|7,655,5,4,,,00005garden,,23,0,2
C1b-B,0.05,00005garden|656|1|7,655,5,5,,,00005garden,,20,0,1
C1b-B,0.09523809523809523,00005garden|656|1|7,655,5,6,,,00005garden,,21,0,2
C1b-B,0.08695652173913043,00005garden|656|1|7,655,5,7,,,00005garden,,23,0,2
C1b-B,0.2,00005garden|656|1|7,655,5,8,,,00005garden,,20,0,4
C1b-B,0.043478260869565216,00005garden|656|1|7,655,5,9,,,00005garden,,23,0,1
C1b-B,0.043478260869565216,00005garden|656|1|7,655,5,10,,,00005garden,,23,0,1
C1b-B,0.045454545454545456,00005garden|656|1|7,655,5,11,,,00005garden,,22,0,1
C1b-B,0.043478260869565216,00005garden|656|1|7,655,5,12,,,00005garden,,23,0,1
C1b-B,0.043478260869565216,00005garden|656|1|7,655,5,13,,,00005garden,,23,0,1
C1b-B,0.0,00005garden|656|1|7,655,5,14,,,00005garden,,22,0,0
C1b-B,0.0,00005garden|656|1|7,655,5,15,,,00005garden,,22,0,0
C1b-B,0.0,00005garden|656|1|7,655,5,16,,,00005garden,,22,0,0
C1b-B,0.047619047619047616,00005garden|656|1|7,655,5,17,,,00005garden,,21,0,1
C1b-B,0.047619047619047616,00005garden|656|1|7,655,5,18,,,00005garden,,21,0,1
C1b-B,0.047619047619047616,00005garden|656|1|7,655,5,19,,,00005garden,,21,0,1
C1b-B,0.047619047619047616,00005garden|656|1|7,655,5,20,,,00005garden,,21,0,1
C1b-C,0.09090909090909091,00005garden|656|1|7,655,5,1,,,00005garden,,22,0,2
C1b-C,0.08695652173913043,00005garden|656|1|7,655,5,2,,,00005garden,,23,0,2
C1b-C,0.08695652173913043,00005garden|656|1|7,655,5,3,,,00005garden,,23,0,2
C1b-C,0.08695652173913043,00005garden|656|1|7,655,5,4,,,00005garden,,23,0,2
C1b-C,0.05,00005garden|656|1|7,655,5,5,,,00005garden,,20,0,1
C1b-C,0.09523809523809523,00005garden|656|1|7,655,5,6,,,00005garden,,21,0,2
C1b-C,0.08695652173913043,00005garden|656|1|7,655,5,7,,,00005garden,,23,0,2
C1b-C,0.2,00005garden|656|1|7,655,5,8,,,00005garden,,20,0,4
C1b-C,0.043478260869565216,00005garden|656|1|7,655,5,9,,,00005garden,,23,0,1
C1b-C,0.043478260869565216,00005garden|656|1|7,655,5,10,,,00005garden,,23,0,1
C1b-C,0.045454545454545456,00005garden|656|1|7,655,5,11,,,00005garden,,22,0,1
C1b-C,0.043478260869565216,00005garden|656|1|7,655,5,12,,,00005garden,,23,0,1
C1b-C,0.043478260869565216,00005garden|656|1|7,655,5,13,,,00005garden,,23,0,1
C1b-C,0.0,00005garden|656|1|7,655,5,14,,,00005garden,,22,0,0
C1b-C,0.0,00005garden|656|1|7,655,5,15,,,00005garden,,22,0,0
C1b-C,0.0,00005garden|656|1|7,655,5,16,,,00005garden,,22,0,0
C1b-C,0.047619047619047616,00005garden|656|1|7,655,5,17,,,00005garden,,21,0,1
C1b-C,0.047619047619047616,00005garden|656|1|7,655,5,18,,,00005garden,,21,0,1
C1b-C,0.047619047619047616,00005garden|656|1|7,655,5,19,,,00005garden,,21,0,1
C1b-C,0.047619047619047616,00005garden|656|1|7,655,5,20,,,00005garden,,21,0,1
_META,,00005garden|656|1|7,655,5,0,omitted_for_runtime,omitted_for_runtime,00005garden,,,0,
SHAM,0.0,00005garden|678|1|1,677,3,1,,,00005garden,,21,0,0
SHAM,0.0,00005garden|678|1|1,677,3,2,,,00005garden,,21,0,0
SHAM,0.14285714285714285,00005garden|678|1|1,677,3,3,,,00005garden,,21,0,3
SHAM,0.05555555555555555,00005garden|678|1|1,677,3,4,,,00005garden,,18,0,1
SHAM,0.05263157894736842,00005garden|678|1|1,677,3,5,,,00005garden,,19,0,1
SHAM,0.0,00005garden|678|1|1,677,3,6,,,00005garden,,19,0,0
SHAM,0.0,00005garden|678|1|1,677,3,7,,,00005garden,,19,0,0
SHAM,0.05263157894736842,00005garden|678|1|1,677,3,8,,,00005garden,,19,0,1
SHAM,0.0,00005garden|678|1|1,677,3,9,,,00005garden,,18,0,0
SHAM,0.05555555555555555,00005garden|678|1|1,677,3,10,,,00005garden,,18,0,1
SHAM,0.0,00005garden|678|1|1,677,3,11,,,00005garden,,21,0,0
SHAM,0.05263157894736842,00005garden|678|1|1,677,3,12,,,00005garden,,19,0,1
SHAM,0.0,00005garden|678|1|1,677,3,13,,,00005garden,,19,0,0
SHAM,0.05263157894736842,00005garden|678|1|1,677,3,14,,,00005garden,,19,0,1
SHAM,0.05263157894736842,00005garden|678|1|1,677,3,15,,,00005garden,,19,0,1
SHAM,0.0,00005garden|678|1|1,677,3,16,,,00005garden,,19,0,0
SHAM,0.05263157894736842,00005garden|678|1|1,677,3,17,,,00005garden,,19,0,1
SHAM,0.0,00005garden|678|1|1,677,3,18,,,00005garden,,21,0,0
SHAM,0.0,00005garden|678|1|1,677,3,19,,,00005garden,,21,0,0
SHAM,0.0,00005garden|678|1|1,677,3,20,,,00005garden,,21,0,0
C1b-A,0.0,00005garden|678|1|1,677,3,1,,,00005garden,,21,0,0
C1b-A,0.0,00005garden|678|1|1,677,3,2,,,00005garden,,21,0,0
C1b-A,0.14285714285714285,00005garden|678|1|1,677,3,3,,,00005garden,,21,0,3
C1b-A,0.05555555555555555,00005garden|678|1|1,677,3,4,,,00005garden,,18,0,1
C1b-A,0.05263157894736842,00005garden|678|1|1,677,3,5,,,00005garden,,19,0,1
C1b-A,0.0,00005garden|678|1|1,677,3,6,,,00005garden,,19,0,0
C1b-A,0.0,00005garden|678|1|1,677,3,7,,,00005garden,,19,0,0
C1b-A,0.05263157894736842,00005garden|678|1|1,677,3,8,,,00005garden,,19,0,1
C1b-A,0.0,00005garden|678|1|1,677,3,9,,,00005garden,,18,0,0
C1b-A,0.05555555555555555,00005garden|678|1|1,677,3,10,,,00005garden,,18,0,1
C1b-A,0.0,00005garden|678|1|1,677,3,11,,,00005garden,,21,0,0
C1b-A,0.05263157894736842,00005garden|678|1|1,677,3,12,,,00005garden,,19,0,1
C1b-A,0.0,00005garden|678|1|1,677,3,13,,,00005garden,,19,0,0
C1b-A,0.05263157894736842,00005garden|678|1|1,677,3,14,,,00005garden,,19,0,1
C1b-A,0.05263157894736842,00005garden|678|1|1,677,3,15,,,00005garden,,19,0,1
C1b-A,0.0,00005garden|678|1|1,677,3,16,,,00005garden,,19,0,0
C1b-A,0.05263157894736842,00005garden|678|1|1,677,3,17,,,00005garden,,19,0,1
C1b-A,0.0,00005garden|678|1|1,677,3,18,,,00005garden,,21,0,0
C1b-A,0.0,00005garden|678|1|1,677,3,19,,,00005garden,,21,0,0
C1b-A,0.0,00005garden|678|1|1,677,3,20,,,00005garden,,21,0,0
C1b-B,0.0,00005garden|678|1|1,677,3,1,,,00005garden,,21,0,0
C1b-B,0.0,00005garden|678|1|1,677,3,2,,,00005garden,,21,0,0
C1b-B,0.14285714285714285,00005garden|678|1|1,677,3,3,,,00005garden,,21,0,3
C1b-B,0.05555555555555555,00005garden|678|1|1,677,3,4,,,00005garden,,18,0,1
C1b-B,0.05263157894736842,00005garden|678|1|1,677,3,5,,,00005garden,,19,0,1
C1b-B,0.0,00005garden|678|1|1,677,3,6,,,00005garden,,19,0,0
C1b-B,0.0,00005garden|678|1|1,677,3,7,,,00005garden,,19,0,0
C1b-B,0.05263157894736842,00005garden|678|1|1,677,3,8,,,00005garden,,19,0,1
C1b-B,0.0,00005garden|678|1|1,677,3,9,,,00005garden,,18,0,0
C1b-B,0.05555555555555555,00005garden|678|1|1,677,3,10,,,00005garden,,18,0,1
C1b-B,0.0,00005garden|678|1|1,677,3,11,,,00005garden,,21,0,0
C1b-B,0.05263157894736842,00005garden|678|1|1,677,3,12,,,00005garden,,19,0,1
C1b-B,0.0,00005garden|678|1|1,677,3,13,,,00005garden,,19,0,0
C1b-B,0.05263157894736842,00005garden|678|1|1,677,3,14,,,00005garden,,19,0,1
C1b-B,0.05263157894736842,00005garden|678|1|1,677,3,15,,,00005garden,,19,0,1
C1b-B,0.0,00005garden|678|1|1,677,3,16,,,00005garden,,19,0,0
C1b-B,0.05263157894736842,00005garden|678|1|1,677,3,17,,,00005garden,,19,0,1
C1b-B,0.0,00005garden|678|1|1,677,3,18,,,00005garden,,21,0,0
C1b-B,0.0,00005garden|678|1|1,677,3,19,,,00005garden,,21,0,0
C1b-B,0.0,00005garden|678|1|1,677,3,20,,,00005garden,,21,0,0
C1b-C,0.0,00005garden|678|1|1,677,3,1,,,00005garden,,21,0,0
C1b-C,0.0,00005garden|678|1|1,677,3,2,,,00005garden,,21,0,0
C1b-C,0.14285714285714285,00005garden|678|1|1,677,3,3,,,00005garden,,21,0,3
C1b-C,0.05555555555555555,00005garden|678|1|1,677,3,4,,,00005garden,,18,0,1
C1b-C,0.05263157894736842,00005garden|678|1|1,677,3,5,,,00005garden,,19,0,1
C1b-C,0.0,00005garden|678|1|1,677,3,6,,,00005garden,,19,0,0
C1b-C,0.0,00005garden|678|1|1,677,3,7,,,00005garden,,19,0,0
C1b-C,0.05263157894736842,00005garden|678|1|1,677,3,8,,,00005garden,,19,0,1
C1b-C,0.0,00005garden|678|1|1,677,3,9,,,00005garden,,18,0,0
C1b-C,0.05555555555555555,00005garden|678|1|1,677,3,10,,,00005garden,,18,0,1
C1b-C,0.0,00005garden|678|1|1,677,3,11,,,00005garden,,21,0,0
C1b-C,0.05263157894736842,00005garden|678|1|1,677,3,12,,,00005garden,,19,0,1
C1b-C,0.0,00005garden|678|1|1,677,3,13,,,00005garden,,19,0,0
C1b-C,0.05263157894736842,00005garden|678|1|1,677,3,14,,,00005garden,,19,0,1
C1b-C,0.05263157894736842,00005garden|678|1|1,677,3,15,,,00005garden,,19,0,1
C1b-C,0.0,00005garden|678|1|1,677,3,16,,,00005garden,,19,0,0
C1b-C,0.05263157894736842,00005garden|678|1|1,677,3,17,,,00005garden,,19,0,1
C1b-C,0.0,00005garden|678|1|1,677,3,18,,,00005garden,,21,0,0
C1b-C,0.0,00005garden|678|1|1,677,3,19,,,00005garden,,21,0,0
C1b-C,0.0,00005garden|678|1|1,677,3,20,,,00005garden,,21,0,0
_META,,00005garden|678|1|1,677,3,0,omitted_for_runtime,omitted_for_runtime,00005garden,,,0,
SHAM,0.05555555555555555,00005garden|681|1|0,680,1,1,,,00005garden,,18,0,1
SHAM,0.05263157894736842,00005garden|681|1|0,680,1,2,,,00005garden,,19,0,1
SHAM,0.0,00005garden|681|1|0,680,1,3,,,00005garden,,19,0,0
SHAM,0.0,00005garden|681|1|0,680,1,4,,,00005garden,,19,0,0
SHAM,0.05263157894736842,00005garden|681|1|0,680,1,5,,,00005garden,,19,0,1
SHAM,0.0,00005garden|681|1|0,680,1,6,,,00005garden,,18,0,0
SHAM,0.05555555555555555,00005garden|681|1|0,680,1,7,,,00005garden,,18,0,1
SHAM,0.0,00005garden|681|1|0,680,1,8,,,00005garden,,21,0,0
SHAM,0.05263157894736842,00005garden|681|1|0,680,1,9,,,00005garden,,19,0,1
SHAM,0.0,00005garden|681|1|0,680,1,10,,,00005garden,,19,0,0
SHAM,0.05263157894736842,00005garden|681|1|0,680,1,11,,,00005garden,,19,0,1
SHAM,0.05263157894736842,00005garden|681|1|0,680,1,12,,,00005garden,,19,0,1
SHAM,0.0,00005garden|681|1|0,680,1,13,,,00005garden,,19,0,0
SHAM,0.05263157894736842,00005garden|681|1|0,680,1,14,,,00005garden,,19,0,1
SHAM,0.0,00005garden|681|1|0,680,1,15,,,00005garden,,21,0,0
SHAM,0.0,00005garden|681|1|0,680,1,16,,,00005garden,,21,0,0
SHAM,0.0,00005garden|681|1|0,680,1,17,,,00005garden,,21,0,0
SHAM,0.047619047619047616,00005garden|681|1|0,680,1,18,,,00005garden,,21,0,1
SHAM,0.0,00005garden|681|1|0,680,1,19,,,00005garden,,21,0,0
SHAM,0.0,00005garden|681|1|0,680,1,20,,,00005garden,,21,0,0
C1b-A,0.05555555555555555,00005garden|681|1|0,680,1,1,,,00005garden,,18,0,1
C1b-A,0.05263157894736842,00005garden|681|1|0,680,1,2,,,00005garden,,19,0,1
C1b-A,0.0,00005garden|681|1|0,680,1,3,,,00005garden,,19,0,0
C1b-A,0.0,00005garden|681|1|0,680,1,4,,,00005garden,,19,0,0
C1b-A,0.05263157894736842,00005garden|681|1|0,680,1,5,,,00005garden,,19,0,1
C1b-A,0.0,00005garden|681|1|0,680,1,6,,,00005garden,,18,0,0
C1b-A,0.1111111111111111,00005garden|681|1|0,680,1,7,,,00005garden,,18,0,2
C1b-A,0.0,00005garden|681|1|0,680,1,8,,,00005garden,,21,0,0
C1b-A,0.05263157894736842,00005garden|681|1|0,680,1,9,,,00005garden,,19,0,1
C1b-A,0.0,00005garden|681|1|0,680,1,10,,,00005garden,,19,0,0
C1b-A,0.05263157894736842,00005garden|681|1|0,680,1,11,,,00005garden,,19,0,1
C1b-A,0.05263157894736842,00005garden|681|1|0,680,1,12,,,00005garden,,19,0,1
C1b-A,0.0,00005garden|681|1|0,680,1,13,,,00005garden,,19,0,0
C1b-A,0.05263157894736842,00005garden|681|1|0,680,1,14,,,00005garden,,19,0,1
C1b-A,0.0,00005garden|681|1|0,680,1,15,,,00005garden,,21,0,0
C1b-A,0.0,00005garden|681|1|0,680,1,16,,,00005garden,,21,0,0
C1b-A,0.0,00005garden|681|1|0,680,1,17,,,00005garden,,21,0,0
C1b-A,0.047619047619047616,00005garden|681|1|0,680,1,18,,,00005garden,,21,0,1
C1b-A,0.0,00005garden|681|1|0,680,1,19,,,00005garden,,21,0,0
C1b-A,0.0,00005garden|681|1|0,680,1,20,,,00005garden,,21,0,0
C1b-B,0.05555555555555555,00005garden|681|1|0,680,1,1,,,00005garden,,18,0,1
C1b-B,0.05263157894736842,00005garden|681|1|0,680,1,2,,,00005garden,,19,0,1
C1b-B,0.0,00005garden|681|1|0,680,1,3,,,00005garden,,19,0,0
C1b-B,0.0,00005garden|681|1|0,680,1,4,,,00005garden,,19,0,0
C1b-B,0.05263157894736842,00005garden|681|1|0,680,1,5,,,00005garden,,19,0,1
C1b-B,0.0,00005garden|681|1|0,680,1,6,,,00005garden,,18,0,0
C1b-B,0.1111111111111111,00005garden|681|1|0,680,1,7,,,00005garden,,18,0,2
C1b-B,0.0,00005garden|681|1|0,680,1,8,,,00005garden,,21,0,0
C1b-B,0.05263157894736842,00005garden|681|1|0,680,1,9,,,00005garden,,19,0,1
C1b-B,0.0,00005garden|681|1|0,680,1,10,,,00005garden,,19,0,0
C1b-B,0.05263157894736842,00005garden|681|1|0,680,1,11,,,00005garden,,19,0,1
C1b-B,0.05263157894736842,00005garden|681|1|0,680,1,12,,,00005garden,,19,0,1
C1b-B,0.0,00005garden|681|1|0,680,1,13,,,00005garden,,19,0,0
C1b-B,0.05263157894736842,00005garden|681|1|0,680,1,14,,,00005garden,,19,0,1
C1b-B,0.0,00005garden|681|1|0,680,1,15,,,00005garden,,21,0,0
C1b-B,0.0,00005garden|681|1|0,680,1,16,,,00005garden,,21,0,0
C1b-B,0.0,00005garden|681|1|0,680,1,17,,,00005garden,,21,0,0
C1b-B,0.047619047619047616,00005garden|681|1|0,680,1,18,,,00005garden,,21,0,1
C1b-B,0.0,00005garden|681|1|0,680,1,19,,,00005garden,,21,0,0
C1b-B,0.0,00005garden|681|1|0,680,1,20,,,00005garden,,21,0,0
C1b-C,0.05555555555555555,00005garden|681|1|0,680,1,1,,,00005garden,,18,0,1
C1b-C,0.05263157894736842,00005garden|681|1|0,680,1,2,,,00005garden,,19,0,1
C1b-C,0.0,00005garden|681|1|0,680,1,3,,,00005garden,,19,0,0
C1b-C,0.0,00005garden|681|1|0,680,1,4,,,00005garden,,19,0,0
C1b-C,0.05263157894736842,00005garden|681|1|0,680,1,5,,,00005garden,,19,0,1
C1b-C,0.0,00005garden|681|1|0,680,1,6,,,00005garden,,18,0,0
C1b-C,0.1111111111111111,00005garden|681|1|0,680,1,7,,,00005garden,,18,0,2
C1b-C,0.0,00005garden|681|1|0,680,1,8,,,00005garden,,21,0,0
C1b-C,0.05263157894736842,00005garden|681|1|0,680,1,9,,,00005garden,,19,0,1
C1b-C,0.0,00005garden|681|1|0,680,1,10,,,00005garden,,19,0,0
C1b-C,0.05263157894736842,00005garden|681|1|0,680,1,11,,,00005garden,,19,0,1
C1b-C,0.05263157894736842,00005garden|681|1|0,680,1,12,,,00005garden,,19,0,1
C1b-C,0.0,00005garden|681|1|0,680,1,13,,,00005garden,,19,0,0
C1b-C,0.05263157894736842,00005garden|681|1|0,680,1,14,,,00005garden,,19,0,1
C1b-C,0.0,00005garden|681|1|0,680,1,15,,,00005garden,,21,0,0
C1b-C,0.0,00005garden|681|1|0,680,1,16,,,00005garden,,21,0,0
C1b-C,0.0,00005garden|681|1|0,680,1,17,,,00005garden,,21,0,0
C1b-C,0.047619047619047616,00005garden|681|1|0,680,1,18,,,00005garden,,21,0,1
C1b-C,0.0,00005garden|681|1|0,680,1,19,,,00005garden,,21,0,0
C1b-C,0.0,00005garden|681|1|0,680,1,20,,,00005garden,,21,0,0
_META,,00005garden|681|1|0,680,1,0,omitted_for_runtime,omitted_for_runtime,00005garden,,,0,
SHAM,0.05555555555555555,00005garden|681|1|6,680,5,1,,,00005garden,,18,0,1
SHAM,0.05263157894736842,00005garden|681|1|6,680,5,2,,,00005garden,,19,0,1
SHAM,0.0,00005garden|681|1|6,680,5,3,,,00005garden,,19,0,0
SHAM,0.0,00005garden|681|1|6,680,5,4,,,00005garden,,19,0,0
SHAM,0.05263157894736842,00005garden|681|1|6,680,5,5,,,00005garden,,19,0,1
SHAM,0.0,00005garden|681|1|6,680,5,6,,,00005garden,,18,0,0
SHAM,0.05555555555555555,00005garden|681|1|6,680,5,7,,,00005garden,,18,0,1
SHAM,0.0,00005garden|681|1|6,680,5,8,,,00005garden,,21,0,0
SHAM,0.05263157894736842,00005garden|681|1|6,680,5,9,,,00005garden,,19,0,1
SHAM,0.0,00005garden|681|1|6,680,5,10,,,00005garden,,19,0,0
SHAM,0.05263157894736842,00005garden|681|1|6,680,5,11,,,00005garden,,19,0,1
SHAM,0.05263157894736842,00005garden|681|1|6,680,5,12,,,00005garden,,19,0,1
SHAM,0.0,00005garden|681|1|6,680,5,13,,,00005garden,,19,0,0
SHAM,0.05263157894736842,00005garden|681|1|6,680,5,14,,,00005garden,,19,0,1
SHAM,0.0,00005garden|681|1|6,680,5,15,,,00005garden,,21,0,0
SHAM,0.0,00005garden|681|1|6,680,5,16,,,00005garden,,21,0,0
SHAM,0.0,00005garden|681|1|6,680,5,17,,,00005garden,,21,0,0
SHAM,0.047619047619047616,00005garden|681|1|6,680,5,18,,,00005garden,,21,0,1
SHAM,0.0,00005garden|681|1|6,680,5,19,,,00005garden,,21,0,0
SHAM,0.0,00005garden|681|1|6,680,5,20,,,00005garden,,21,0,0
C1b-A,0.05555555555555555,00005garden|681|1|6,680,5,1,,,00005garden,,18,0,1
C1b-A,0.05263157894736842,00005garden|681|1|6,680,5,2,,,00005garden,,19,0,1
C1b-A,0.0,00005garden|681|1|6,680,5,3,,,00005garden,,19,0,0
C1b-A,0.0,00005garden|681|1|6,680,5,4,,,00005garden,,19,0,0
C1b-A,0.05263157894736842,00005garden|681|1|6,680,5,5,,,00005garden,,19,0,1
C1b-A,0.0,00005garden|681|1|6,680,5,6,,,00005garden,,18,0,0
C1b-A,0.05555555555555555,00005garden|681|1|6,680,5,7,,,00005garden,,18,0,1
C1b-A,0.0,00005garden|681|1|6,680,5,8,,,00005garden,,21,0,0
C1b-A,0.05263157894736842,00005garden|681|1|6,680,5,9,,,00005garden,,19,0,1
C1b-A,0.0,00005garden|681|1|6,680,5,10,,,00005garden,,19,0,0
C1b-A,0.05263157894736842,00005garden|681|1|6,680,5,11,,,00005garden,,19,0,1
C1b-A,0.05263157894736842,00005garden|681|1|6,680,5,12,,,00005garden,,19,0,1
C1b-A,0.0,00005garden|681|1|6,680,5,13,,,00005garden,,19,0,0
C1b-A,0.05263157894736842,00005garden|681|1|6,680,5,14,,,00005garden,,19,0,1
C1b-A,0.0,00005garden|681|1|6,680,5,15,,,00005garden,,21,0,0
C1b-A,0.0,00005garden|681|1|6,680,5,16,,,00005garden,,21,0,0
C1b-A,0.0,00005garden|681|1|6,680,5,17,,,00005garden,,21,0,0
C1b-A,0.047619047619047616,00005garden|681|1|6,680,5,18,,,00005garden,,21,0,1
C1b-A,0.0,00005garden|681|1|6,680,5,19,,,00005garden,,21,0,0
C1b-A,0.0,00005garden|681|1|6,680,5,20,,,00005garden,,21,0,0
C1b-B,0.05555555555555555,00005garden|681|1|6,680,5,1,,,00005garden,,18,0,1
C1b-B,0.05263157894736842,00005garden|681|1|6,680,5,2,,,00005garden,,19,0,1
C1b-B,0.0,00005garden|681|1|6,680,5,3,,,00005garden,,19,0,0
C1b-B,0.0,00005garden|681|1|6,680,5,4,,,00005garden,,19,0,0
C1b-B,0.05263157894736842,00005garden|681|1|6,680,5,5,,,00005garden,,19,0,1
C1b-B,0.0,00005garden|681|1|6,680,5,6,,,00005garden,,18,0,0
C1b-B,0.05555555555555555,00005garden|681|1|6,680,5,7,,,00005garden,,18,0,1
C1b-B,0.0,00005garden|681|1|6,680,5,8,,,00005garden,,21,0,0
C1b-B,0.05263157894736842,00005garden|681|1|6,680,5,9,,,00005garden,,19,0,1
C1b-B,0.0,00005garden|681|1|6,680,5,10,,,00005garden,,19,0,0
C1b-B,0.05263157894736842,00005garden|681|1|6,680,5,11,,,00005garden,,19,0,1
C1b-B,0.05263157894736842,00005garden|681|1|6,680,5,12,,,00005garden,,19,0,1
C1b-B,0.0,00005garden|681|1|6,680,5,13,,,00005garden,,19,0,0
C1b-B,0.05263157894736842,00005garden|681|1|6,680,5,14,,,00005garden,,19,0,1
C1b-B,0.0,00005garden|681|1|6,680,5,15,,,00005garden,,21,0,0
C1b-B,0.0,00005garden|681|1|6,680,5,16,,,00005garden,,21,0,0
C1b-B,0.0,00005garden|681|1|6,680,5,17,,,00005garden,,21,0,0
C1b-B,0.047619047619047616,00005garden|681|1|6,680,5,18,,,00005garden,,21,0,1
C1b-B,0.0,00005garden|681|1|6,680,5,19,,,00005garden,,21,0,0
C1b-B,0.0,00005garden|681|1|6,680,5,20,,,00005garden,,21,0,0
C1b-C,0.05555555555555555,00005garden|681|1|6,680,5,1,,,00005garden,,18,0,1
C1b-C,0.05263157894736842,00005garden|681|1|6,680,5,2,,,00005garden,,19,0,1
C1b-C,0.0,00005garden|681|1|6,680,5,3,,,00005garden,,19,0,0
C1b-C,0.0,00005garden|681|1|6,680,5,4,,,00005garden,,19,0,0
C1b-C,0.05263157894736842,00005garden|681|1|6,680,5,5,,,00005garden,,19,0,1
C1b-C,0.0,00005garden|681|1|6,680,5,6,,,00005garden,,18,0,0
C1b-C,0.05555555555555555,00005garden|681|1|6,680,5,7,,,00005garden,,18,0,1
C1b-C,0.0,00005garden|681|1|6,680,5,8,,,00005garden,,21,0,0
C1b-C,0.05263157894736842,00005garden|681|1|6,680,5,9,,,00005garden,,19,0,1
C1b-C,0.0,00005garden|681|1|6,680,5,10,,,00005garden,,19,0,0
C1b-C,0.05263157894736842,00005garden|681|1|6,680,5,11,,,00005garden,,19,0,1
C1b-C,0.05263157894736842,00005garden|681|1|6,680,5,12,,,00005garden,,19,0,1
C1b-C,0.0,00005garden|681|1|6,680,5,13,,,00005garden,,19,0,0
C1b-C,0.05263157894736842,00005garden|681|1|6,680,5,14,,,00005garden,,19,0,1
C1b-C,0.0,00005garden|681|1|6,680,5,15,,,00005garden,,21,0,0
C1b-C,0.0,00005garden|681|1|6,680,5,16,,,00005garden,,21,0,0
C1b-C,0.0,00005garden|681|1|6,680,5,17,,,00005garden,,21,0,0
C1b-C,0.047619047619047616,00005garden|681|1|6,680,5,18,,,00005garden,,21,0,1
C1b-C,0.0,00005garden|681|1|6,680,5,19,,,00005garden,,21,0,0
C1b-C,0.0,00005garden|681|1|6,680,5,20,,,00005garden,,21,0,0
_META,,00005garden|681|1|6,680,5,0,omitted_for_runtime,omitted_for_runtime,00005garden,,,0,
SHAM,0.0,00005garden|688|1|15,687,15,1,,,00005garden,,21,0,0
SHAM,0.05263157894736842,00005garden|688|1|15,687,15,2,,,00005garden,,19,0,1
SHAM,0.0,00005garden|688|1|15,687,15,3,,,00005garden,,19,0,0
SHAM,0.05263157894736842,00005garden|688|1|15,687,15,4,,,00005garden,,19,0,1
SHAM,0.05263157894736842,00005garden|688|1|15,687,15,5,,,00005garden,,19,0,1
SHAM,0.0,00005garden|688|1|15,687,15,6,,,00005garden,,19,0,0
SHAM,0.05263157894736842,00005garden|688|1|15,687,15,7,,,00005garden,,19,0,1
SHAM,0.0,00005garden|688|1|15,687,15,8,,,00005garden,,21,0,0
SHAM,0.0,00005garden|688|1|15,687,15,9,,,00005garden,,21,0,0
SHAM,0.0,00005garden|688|1|15,687,15,10,,,00005garden,,21,0,0
SHAM,0.047619047619047616,00005garden|688|1|15,687,15,11,,,00005garden,,21,0,1
SHAM,0.0,00005garden|688|1|15,687,15,12,,,00005garden,,21,0,0
SHAM,0.0,00005garden|688|1|15,687,15,13,,,00005garden,,21,0,0
SHAM,0.047619047619047616,00005garden|688|1|15,687,15,14,,,00005garden,,21,0,1
SHAM,0.05,00005garden|688|1|15,687,15,15,,,00005garden,,20,0,1
SHAM,0.0,00005garden|688|1|15,687,15,16,,,00005garden,,21,0,0
SHAM,0.0,00005garden|688|1|15,687,15,17,,,00005garden,,20,0,0
SHAM,0.0,00005garden|688|1|15,687,15,18,,,00005garden,,20,0,0
SHAM,0.05,00005garden|688|1|15,687,15,19,,,00005garden,,20,0,1
SHAM,0.05,00005garden|688|1|15,687,15,20,,,00005garden,,20,0,1
C1b-A,0.0,00005garden|688|1|15,687,15,1,,,00005garden,,21,0,0
C1b-A,0.05263157894736842,00005garden|688|1|15,687,15,2,,,00005garden,,19,0,1
C1b-A,0.0,00005garden|688|1|15,687,15,3,,,00005garden,,19,0,0
C1b-A,0.05263157894736842,00005garden|688|1|15,687,15,4,,,00005garden,,19,0,1
C1b-A,0.05263157894736842,00005garden|688|1|15,687,15,5,,,00005garden,,19,0,1
C1b-A,0.0,00005garden|688|1|15,687,15,6,,,00005garden,,19,0,0
C1b-A,0.05263157894736842,00005garden|688|1|15,687,15,7,,,00005garden,,19,0,1
C1b-A,0.0,00005garden|688|1|15,687,15,8,,,00005garden,,21,0,0
C1b-A,0.0,00005garden|688|1|15,687,15,9,,,00005garden,,21,0,0
C1b-A,0.0,00005garden|688|1|15,687,15,10,,,00005garden,,21,0,0
C1b-A,0.047619047619047616,00005garden|688|1|15,687,15,11,,,00005garden,,21,0,1
C1b-A,0.0,00005garden|688|1|15,687,15,12,,,00005garden,,21,0,0
C1b-A,0.0,00005garden|688|1|15,687,15,13,,,00005garden,,21,0,0
C1b-A,0.047619047619047616,00005garden|688|1|15,687,15,14,,,00005garden,,21,0,1
C1b-A,0.05,00005garden|688|1|15,687,15,15,,,00005garden,,20,0,1
C1b-A,0.0,00005garden|688|1|15,687,15,16,,,00005garden,,21,0,0
C1b-A,0.0,00005garden|688|1|15,687,15,17,,,00005garden,,20,0,0
C1b-A,0.0,00005garden|688|1|15,687,15,18,,,00005garden,,20,0,0
C1b-A,0.05,00005garden|688|1|15,687,15,19,,,00005garden,,20,0,1
C1b-A,0.05,00005garden|688|1|15,687,15,20,,,00005garden,,20,0,1
C1b-B,0.0,00005garden|688|1|15,687,15,1,,,00005garden,,21,0,0
C1b-B,0.05263157894736842,00005garden|688|1|15,687,15,2,,,00005garden,,19,0,1
C1b-B,0.0,00005garden|688|1|15,687,15,3,,,00005garden,,19,0,0
C1b-B,0.05263157894736842,00005garden|688|1|15,687,15,4,,,00005garden,,19,0,1
C1b-B,0.05263157894736842,00005garden|688|1|15,687,15,5,,,00005garden,,19,0,1
C1b-B,0.0,00005garden|688|1|15,687,15,6,,,00005garden,,19,0,0
C1b-B,0.05263157894736842,00005garden|688|1|15,687,15,7,,,00005garden,,19,0,1
C1b-B,0.0,00005garden|688|1|15,687,15,8,,,00005garden,,21,0,0
C1b-B,0.0,00005garden|688|1|15,687,15,9,,,00005garden,,21,0,0
C1b-B,0.0,00005garden|688|1|15,687,15,10,,,00005garden,,21,0,0
C1b-B,0.047619047619047616,00005garden|688|1|15,687,15,11,,,00005garden,,21,0,1
C1b-B,0.0,00005garden|688|1|15,687,15,12,,,00005garden,,21,0,0
C1b-B,0.0,00005garden|688|1|15,687,15,13,,,00005garden,,21,0,0
C1b-B,0.047619047619047616,00005garden|688|1|15,687,15,14,,,00005garden,,21,0,1
C1b-B,0.05,00005garden|688|1|15,687,15,15,,,00005garden,,20,0,1
C1b-B,0.0,00005garden|688|1|15,687,15,16,,,00005garden,,21,0,0
C1b-B,0.0,00005garden|688|1|15,687,15,17,,,00005garden,,20,0,0
C1b-B,0.0,00005garden|688|1|15,687,15,18,,,00005garden,,20,0,0
C1b-B,0.05,00005garden|688|1|15,687,15,19,,,00005garden,,20,0,1
C1b-B,0.05,00005garden|688|1|15,687,15,20,,,00005garden,,20,0,1
C1b-C,0.0,00005garden|688|1|15,687,15,1,,,00005garden,,21,0,0
C1b-C,0.05263157894736842,00005garden|688|1|15,687,15,2,,,00005garden,,19,0,1
C1b-C,0.0,00005garden|688|1|15,687,15,3,,,00005garden,,19,0,0
C1b-C,0.05263157894736842,00005garden|688|1|15,687,15,4,,,00005garden,,19,0,1
C1b-C,0.05263157894736842,00005garden|688|1|15,687,15,5,,,00005garden,,19,0,1
C1b-C,0.0,00005garden|688|1|15,687,15,6,,,00005garden,,19,0,0
C1b-C,0.05263157894736842,00005garden|688|1|15,687,15,7,,,00005garden,,19,0,1
C1b-C,0.0,00005garden|688|1|15,687,15,8,,,00005garden,,21,0,0
C1b-C,0.0,00005garden|688|1|15,687,15,9,,,00005garden,,21,0,0
C1b-C,0.0,00005garden|688|1|15,687,15,10,,,00005garden,,21,0,0
C1b-C,0.047619047619047616,00005garden|688|1|15,687,15,11,,,00005garden,,21,0,1
C1b-C,0.0,00005garden|688|1|15,687,15,12,,,00005garden,,21,0,0
C1b-C,0.0,00005garden|688|1|15,687,15,13,,,00005garden,,21,0,0
C1b-C,0.047619047619047616,00005garden|688|1|15,687,15,14,,,00005garden,,21,0,1
C1b-C,0.05,00005garden|688|1|15,687,15,15,,,00005garden,,20,0,1
C1b-C,0.0,00005garden|688|1|15,687,15,16,,,00005garden,,21,0,0
C1b-C,0.0,00005garden|688|1|15,687,15,17,,,00005garden,,20,0,0
C1b-C,0.0,00005garden|688|1|15,687,15,18,,,00005garden,,20,0,0
C1b-C,0.05,00005garden|688|1|15,687,15,19,,,00005garden,,20,0,1
C1b-C,0.05,00005garden|688|1|15,687,15,20,,,00005garden,,20,0,1
_META,,00005garden|688|1|15,687,15,0,omitted_for_runtime,omitted_for_runtime,00005garden,,,0,
SHAM,0.0,00005garden|703|1|13,702,5,1,,,00005garden,,21,0,0
SHAM,0.0,00005garden|703|1|13,702,5,2,,,00005garden,,20,0,0
SHAM,0.0,00005garden|703|1|13,702,5,3,,,00005garden,,20,0,0
SHAM,0.05,00005garden|703|1|13,702,5,4,,,00005garden,,20,0,1
SHAM,0.05,00005garden|703|1|13,702,5,5,,,00005garden,,20,0,1
SHAM,0.047619047619047616,00005garden|703|1|13,702,5,6,,,00005garden,,21,0,1
SHAM,0.047619047619047616,00005garden|703|1|13,702,5,7,,,00005garden,,21,0,1
SHAM,0.0,00005garden|703|1|13,702,5,8,,,00005garden,,20,0,0
SHAM,0.0,00005garden|703|1|13,702,5,9,,,00005garden,,19,0,0
SHAM,0.10526315789473684,00005garden|703|1|13,702,5,10,,,00005garden,,19,0,2
SHAM,0.05263157894736842,00005garden|703|1|13,702,5,11,,,00005garden,,19,0,1
SHAM,0.0,00005garden|703|1|13,702,5,12,,,00005garden,,20,0,0
SHAM,0.0,00005garden|703|1|13,702,5,13,,,00005garden,,21,0,0
SHAM,0.0,00005garden|703|1|13,702,5,14,,,00005garden,,21,0,0
SHAM,0.0,00005garden|703|1|13,702,5,15,,,00005garden,,21,0,0
SHAM,0.05,00005garden|703|1|13,702,5,16,,,00005garden,,20,0,1
SHAM,0.047619047619047616,00005garden|703|1|13,702,5,17,,,00005garden,,21,0,1
SHAM,0.0,00005garden|703|1|13,702,5,18,,,00005garden,,21,0,0
SHAM,0.0,00005garden|703|1|13,702,5,19,,,00005garden,,21,0,0
SHAM,0.0,00005garden|703|1|13,702,5,20,,,00005garden,,21,0,0
C1b-A,0.0,00005garden|703|1|13,702,5,1,,,00005garden,,21,0,0
C1b-A,0.0,00005garden|703|1|13,702,5,2,,,00005garden,,20,0,0
C1b-A,0.0,00005garden|703|1|13,702,5,3,,,00005garden,,20,0,0
C1b-A,0.05,00005garden|703|1|13,702,5,4,,,00005garden,,20,0,1
C1b-A,0.05,00005garden|703|1|13,702,5,5,,,00005garden,,20,0,1
C1b-A,0.047619047619047616,00005garden|703|1|13,702,5,6,,,00005garden,,21,0,1
C1b-A,0.047619047619047616,00005garden|703|1|13,702,5,7,,,00005garden,,21,0,1
C1b-A,0.0,00005garden|703|1|13,702,5,8,,,00005garden,,20,0,0
C1b-A,0.0,00005garden|703|1|13,702,5,9,,,00005garden,,19,0,0
C1b-A,0.10526315789473684,00005garden|703|1|13,702,5,10,,,00005garden,,19,0,2
C1b-A,0.05263157894736842,00005garden|703|1|13,702,5,11,,,00005garden,,19,0,1
C1b-A,0.0,00005garden|703|1|13,702,5,12,,,00005garden,,20,0,0
C1b-A,0.0,00005garden|703|1|13,702,5,13,,,00005garden,,21,0,0
C1b-A,0.0,00005garden|703|1|13,702,5,14,,,00005garden,,21,0,0
C1b-A,0.0,00005garden|703|1|13,702,5,15,,,00005garden,,21,0,0
C1b-A,0.05,00005garden|703|1|13,702,5,16,,,00005garden,,20,0,1
C1b-A,0.047619047619047616,00005garden|703|1|13,702,5,17,,,00005garden,,21,0,1
C1b-A,0.0,00005garden|703|1|13,702,5,18,,,00005garden,,21,0,0
C1b-A,0.0,00005garden|703|1|13,702,5,19,,,00005garden,,21,0,0
C1b-A,0.0,00005garden|703|1|13,702,5,20,,,00005garden,,21,0,0
C1b-B,0.0,00005garden|703|1|13,702,5,1,,,00005garden,,21,0,0
C1b-B,0.0,00005garden|703|1|13,702,5,2,,,00005garden,,20,0,0
C1b-B,0.0,00005garden|703|1|13,702,5,3,,,00005garden,,20,0,0
C1b-B,0.05,00005garden|703|1|13,702,5,4,,,00005garden,,20,0,1
C1b-B,0.05,00005garden|703|1|13,702,5,5,,,00005garden,,20,0,1
C1b-B,0.047619047619047616,00005garden|703|1|13,702,5,6,,,00005garden,,21,0,1
C1b-B,0.047619047619047616,00005garden|703|1|13,702,5,7,,,00005garden,,21,0,1
C1b-B,0.0,00005garden|703|1|13,702,5,8,,,00005garden,,20,0,0
C1b-B,0.0,00005garden|703|1|13,702,5,9,,,00005garden,,19,0,0
C1b-B,0.05263157894736842,00005garden|703|1|13,702,5,10,,,00005garden,,19,0,1
C1b-B,0.05263157894736842,00005garden|703|1|13,702,5,11,,,00005garden,,19,0,1
C1b-B,0.0,00005garden|703|1|13,702,5,12,,,00005garden,,20,0,0
C1b-B,0.0,00005garden|703|1|13,702,5,13,,,00005garden,,21,0,0
C1b-B,0.0,00005garden|703|1|13,702,5,14,,,00005garden,,21,0,0
C1b-B,0.0,00005garden|703|1|13,702,5,15,,,00005garden,,21,0,0
C1b-B,0.05,00005garden|703|1|13,702,5,16,,,00005garden,,20,0,1
C1b-B,0.047619047619047616,00005garden|703|1|13,702,5,17,,,00005garden,,21,0,1
C1b-B,0.0,00005garden|703|1|13,702,5,18,,,00005garden,,21,0,0
C1b-B,0.0,00005garden|703|1|13,702,5,19,,,00005garden,,21,0,0
C1b-B,0.0,00005garden|703|1|13,702,5,20,,,00005garden,,21,0,0
C1b-C,0.0,00005garden|703|1|13,702,5,1,,,00005garden,,21,0,0
C1b-C,0.0,00005garden|703|1|13,702,5,2,,,00005garden,,20,0,0
C1b-C,0.0,00005garden|703|1|13,702,5,3,,,00005garden,,20,0,0
C1b-C,0.05,00005garden|703|1|13,702,5,4,,,00005garden,,20,0,1
C1b-C,0.05,00005garden|703|1|13,702,5,5,,,00005garden,,20,0,1
C1b-C,0.047619047619047616,00005garden|703|1|13,702,5,6,,,00005garden,,21,0,1
C1b-C,0.047619047619047616,00005garden|703|1|13,702,5,7,,,00005garden,,21,0,1
C1b-C,0.0,00005garden|703|1|13,702,5,8,,,00005garden,,20,0,0
C1b-C,0.0,00005garden|703|1|13,702,5,9,,,00005garden,,19,0,0
C1b-C,0.10526315789473684,00005garden|703|1|13,702,5,10,,,00005garden,,19,0,2
C1b-C,0.05263157894736842,00005garden|703|1|13,702,5,11,,,00005garden,,19,0,1
C1b-C,0.0,00005garden|703|1|13,702,5,12,,,00005garden,,20,0,0
C1b-C,0.0,00005garden|703|1|13,702,5,13,,,00005garden,,21,0,0
C1b-C,0.0,00005garden|703|1|13,702,5,14,,,00005garden,,21,0,0
C1b-C,0.0,00005garden|703|1|13,702,5,15,,,00005garden,,21,0,0
C1b-C,0.05,00005garden|703|1|13,702,5,16,,,00005garden,,20,0,1
C1b-C,0.047619047619047616,00005garden|703|1|13,702,5,17,,,00005garden,,21,0,1
C1b-C,0.0,00005garden|703|1|13,702,5,18,,,00005garden,,21,0,0
C1b-C,0.0,00005garden|703|1|13,702,5,19,,,00005garden,,21,0,0
C1b-C,0.0,00005garden|703|1|13,702,5,20,,,00005garden,,21,0,0
_META,,00005garden|703|1|13,702,5,0,omitted_for_runtime,omitted_for_runtime,00005garden,,,0,
SHAM,0.0,00005garden|764|1|5,763,4,1,,,00005garden,,23,0,0
SHAM,0.0,00005garden|764|1|5,763,4,2,,,00005garden,,24,0,0
SHAM,0.0,00005garden|764|1|5,763,4,3,,,00005garden,,24,0,0
SHAM,0.0,00005garden|764|1|5,763,4,4,,,00005garden,,24,0,0
SHAM,0.041666666666666664,00005garden|764|1|5,763,4,5,,,00005garden,,24,0,1
SHAM,0.043478260869565216,00005garden|764|1|5,763,4,6,,,00005garden,,23,0,1
SHAM,0.0,00005garden|764|1|5,763,4,7,,,00005garden,,24,0,0
SHAM,0.045454545454545456,00005garden|764|1|5,763,4,8,,,00005garden,,22,0,1
SHAM,0.0,00005garden|764|1|5,763,4,9,,,00005garden,,24,0,0
SHAM,0.0,00005garden|764|1|5,763,4,10,,,00005garden,,24,0,0
SHAM,0.0,00005garden|764|1|5,763,4,11,,,00005garden,,24,0,0
SHAM,0.0,00005garden|764|1|5,763,4,12,,,00005garden,,25,0,0
SHAM,0.0,00005garden|764|1|5,763,4,13,,,00005garden,,24,0,0
SHAM,0.0,00005garden|764|1|5,763,4,14,,,00005garden,,24,0,0
SHAM,0.0,00005garden|764|1|5,763,4,15,,,00005garden,,23,0,0
SHAM,0.0,00005garden|764|1|5,763,4,16,,,00005garden,,22,0,0
SHAM,0.0,00005garden|764|1|5,763,4,17,,,00005garden,,22,0,0
SHAM,0.047619047619047616,00005garden|764|1|5,763,4,18,,,00005garden,,21,0,1
SHAM,0.0,00005garden|764|1|5,763,4,19,,,00005garden,,21,0,0
SHAM,0.0,00005garden|764|1|5,763,4,20,,,00005garden,,22,0,0
C1b-A,0.0,00005garden|764|1|5,763,4,1,,,00005garden,,24,0,0
C1b-A,0.0,00005garden|764|1|5,763,4,2,,,00005garden,,24,0,0
C1b-A,0.0,00005garden|764|1|5,763,4,3,,,00005garden,,24,0,0
C1b-A,0.0,00005garden|764|1|5,763,4,4,,,00005garden,,24,0,0
C1b-A,0.041666666666666664,00005garden|764|1|5,763,4,5,,,00005garden,,24,0,1
C1b-A,0.043478260869565216,00005garden|764|1|5,763,4,6,,,00005garden,,23,0,1
C1b-A,0.0,00005garden|764|1|5,763,4,7,,,00005garden,,24,0,0
C1b-A,0.045454545454545456,00005garden|764|1|5,763,4,8,,,00005garden,,22,0,1
C1b-A,0.0,00005garden|764|1|5,763,4,9,,,00005garden,,24,0,0
C1b-A,0.0,00005garden|764|1|5,763,4,10,,,00005garden,,24,0,0
C1b-A,0.0,00005garden|764|1|5,763,4,11,,,00005garden,,24,0,0
C1b-A,0.0,00005garden|764|1|5,763,4,12,,,00005garden,,25,0,0
C1b-A,0.0,00005garden|764|1|5,763,4,13,,,00005garden,,24,0,0
C1b-A,0.041666666666666664,00005garden|764|1|5,763,4,14,,,00005garden,,24,0,1
C1b-A,0.0,00005garden|764|1|5,763,4,15,,,00005garden,,23,0,0
C1b-A,0.0,00005garden|764|1|5,763,4,16,,,00005garden,,22,0,0
C1b-A,0.0,00005garden|764|1|5,763,4,17,,,00005garden,,22,0,0
C1b-A,0.0,00005garden|764|1|5,763,4,18,,,00005garden,,22,0,0
C1b-A,0.0,00005garden|764|1|5,763,4,19,,,00005garden,,21,0,0
C1b-A,0.0,00005garden|764|1|5,763,4,20,,,00005garden,,23,0,0
C1b-B,0.0,00005garden|764|1|5,763,4,1,,,00005garden,,23,0,0
C1b-B,0.0,00005garden|764|1|5,763,4,2,,,00005garden,,24,0,0
C1b-B,0.0,00005garden|764|1|5,763,4,3,,,00005garden,,24,0,0
C1b-B,0.0,00005garden|764|1|5,763,4,4,,,00005garden,,24,0,0
C1b-B,0.041666666666666664,00005garden|764|1|5,763,4,5,,,00005garden,,24,0,1
C1b-B,0.043478260869565216,00005garden|764|1|5,763,4,6,,,00005garden,,23,0,1
C1b-B,0.0,00005garden|764|1|5,763,4,7,,,00005garden,,24,0,0
C1b-B,0.045454545454545456,00005garden|764|1|5,763,4,8,,,00005garden,,22,0,1
C1b-B,0.0,00005garden|764|1|5,763,4,9,,,00005garden,,24,0,0
C1b-B,0.0,00005garden|764|1|5,763,4,10,,,00005garden,,24,0,0
C1b-B,0.0,00005garden|764|1|5,763,4,11,,,00005garden,,24,0,0
C1b-B,0.0,00005garden|764|1|5,763,4,12,,,00005garden,,25,0,0
C1b-B,0.0,00005garden|764|1|5,763,4,13,,,00005garden,,24,0,0
C1b-B,0.0,00005garden|764|1|5,763,4,14,,,00005garden,,24,0,0
C1b-B,0.0,00005garden|764|1|5,763,4,15,,,00005garden,,23,0,0
C1b-B,0.0,00005garden|764|1|5,763,4,16,,,00005garden,,22,0,0
C1b-B,0.0,00005garden|764|1|5,763,4,17,,,00005garden,,22,0,0
C1b-B,0.047619047619047616,00005garden|764|1|5,763,4,18,,,00005garden,,21,0,1
C1b-B,0.0,00005garden|764|1|5,763,4,19,,,00005garden,,21,0,0
C1b-B,0.0,00005garden|764|1|5,763,4,20,,,00005garden,,22,0,0
C1b-C,0.0,00005garden|764|1|5,763,4,1,,,00005garden,,24,0,0
C1b-C,0.0,00005garden|764|1|5,763,4,2,,,00005garden,,24,0,0
C1b-C,0.0,00005garden|764|1|5,763,4,3,,,00005garden,,24,0,0
C1b-C,0.0,00005garden|764|1|5,763,4,4,,,00005garden,,24,0,0
C1b-C,0.041666666666666664,00005garden|764|1|5,763,4,5,,,00005garden,,24,0,1
C1b-C,0.043478260869565216,00005garden|764|1|5,763,4,6,,,00005garden,,23,0,1
C1b-C,0.0,00005garden|764|1|5,763,4,7,,,00005garden,,24,0,0
C1b-C,0.045454545454545456,00005garden|764|1|5,763,4,8,,,00005garden,,22,0,1
C1b-C,0.0,00005garden|764|1|5,763,4,9,,,00005garden,,24,0,0
C1b-C,0.0,00005garden|764|1|5,763,4,10,,,00005garden,,24,0,0
C1b-C,0.0,00005garden|764|1|5,763,4,11,,,00005garden,,24,0,0
C1b-C,0.0,00005garden|764|1|5,763,4,12,,,00005garden,,25,0,0
C1b-C,0.0,00005garden|764|1|5,763,4,13,,,00005garden,,24,0,0
C1b-C,0.041666666666666664,00005garden|764|1|5,763,4,14,,,00005garden,,24,0,1
C1b-C,0.0,00005garden|764|1|5,763,4,15,,,00005garden,,23,0,0
C1b-C,0.0,00005garden|764|1|5,763,4,16,,,00005garden,,22,0,0
C1b-C,0.0,00005garden|764|1|5,763,4,17,,,00005garden,,22,0,0
C1b-C,0.0,00005garden|764|1|5,763,4,18,,,00005garden,,22,0,0
C1b-C,0.0,00005garden|764|1|5,763,4,19,,,00005garden,,21,0,0
C1b-C,0.0,00005garden|764|1|5,763,4,20,,,00005garden,,23,0,0
_META,,00005garden|764|1|5,763,4,0,omitted_for_runtime,omitted_for_runtime,00005garden,,,0,
SHAM,0.041666666666666664,00005garden|796|1|22,795,14,1,,,00005garden,,24,0,1
SHAM,0.041666666666666664,00005garden|796|1|22,795,14,2,,,00005garden,,24,0,1
SHAM,0.043478260869565216,00005garden|796|1|22,795,14,3,,,00005garden,,23,0,1
SHAM,0.041666666666666664,00005garden|796|1|22,795,14,4,,,00005garden,,24,0,1
SHAM,0.0,00005garden|796|1|22,795,14,5,,,00005garden,,21,0,0
SHAM,0.041666666666666664,00005garden|796|1|22,795,14,6,,,00005garden,,24,0,1
SHAM,0.0,00005garden|796|1|22,795,14,7,,,00005garden,,23,0,0
SHAM,0.0,00005garden|796|1|22,795,14,8,,,00005garden,,23,0,0
SHAM,0.0,00005garden|796|1|22,795,14,9,,,00005garden,,24,0,0
SHAM,0.0,00005garden|796|1|22,795,14,10,,,00005garden,,24,0,0
SHAM,0.0,00005garden|796|1|22,795,14,11,,,00005garden,,25,0,0
SHAM,0.0,00005garden|796|1|22,795,14,12,,,00005garden,,24,0,0
SHAM,0.0,00005garden|796|1|22,795,14,13,,,00005garden,,26,0,0
SHAM,0.0,00005garden|796|1|22,795,14,14,,,00005garden,,24,0,0
SHAM,0.0,00005garden|796|1|22,795,14,15,,,00005garden,,25,0,0
SHAM,0.0,00005garden|796|1|22,795,14,16,,,00005garden,,23,0,0
SHAM,0.0,00005garden|796|1|22,795,14,17,,,00005garden,,24,0,0
SHAM,0.0,00005garden|796|1|22,795,14,18,,,00005garden,,24,0,0
SHAM,0.0,00005garden|796|1|22,795,14,19,,,00005garden,,23,0,0
SHAM,0.0,00005garden|796|1|22,795,14,20,,,00005garden,,24,0,0
C1b-A,,00005garden|796|1|22,795,14,1,,,00005garden,current_target_occupied,0,0,0
C1b-A,,00005garden|796|1|22,795,14,2,,,00005garden,current_target_occupied,0,0,0
C1b-A,,00005garden|796|1|22,795,14,3,,,00005garden,current_target_occupied,0,0,0
C1b-A,,00005garden|796|1|22,795,14,4,,,00005garden,current_target_occupied,0,0,0
C1b-A,,00005garden|796|1|22,795,14,5,,,00005garden,current_target_occupied,0,0,0
C1b-A,,00005garden|796|1|22,795,14,6,,,00005garden,current_target_occupied,0,0,0
C1b-A,,00005garden|796|1|22,795,14,7,,,00005garden,current_target_occupied,0,0,0
C1b-A,,00005garden|796|1|22,795,14,8,,,00005garden,current_target_occupied,0,0,0
C1b-A,,00005garden|796|1|22,795,14,9,,,00005garden,current_target_occupied,0,0,0
C1b-A,,00005garden|796|1|22,795,14,10,,,00005garden,current_target_occupied,0,0,0
C1b-A,,00005garden|796|1|22,795,14,11,,,00005garden,current_target_occupied,0,0,0
C1b-A,,00005garden|796|1|22,795,14,12,,,00005garden,current_target_occupied,0,0,0
C1b-A,,00005garden|796|1|22,795,14,13,,,00005garden,current_target_occupied,0,0,0
C1b-A,,00005garden|796|1|22,795,14,14,,,00005garden,current_target_occupied,0,0,0
C1b-A,,00005garden|796|1|22,795,14,15,,,00005garden,current_target_occupied,0,0,0
C1b-A,,00005garden|796|1|22,795,14,16,,,00005garden,current_target_occupied,0,0,0
C1b-A,,00005garden|796|1|22,795,14,17,,,00005garden,current_target_occupied,0,0,0
C1b-A,,00005garden|796|1|22,795,14,18,,,00005garden,current_target_occupied,0,0,0
C1b-A,,00005garden|796|1|22,795,14,19,,,00005garden,current_target_occupied,0,0,0
C1b-A,,00005garden|796|1|22,795,14,20,,,00005garden,current_target_occupied,0,0,0
C1b-B,,00005garden|796|1|22,795,14,1,,,00005garden,current_target_occupied,0,0,0
C1b-B,,00005garden|796|1|22,795,14,2,,,00005garden,current_target_occupied,0,0,0
C1b-B,,00005garden|796|1|22,795,14,3,,,00005garden,current_target_occupied,0,0,0
C1b-B,,00005garden|796|1|22,795,14,4,,,00005garden,current_target_occupied,0,0,0
C1b-B,,00005garden|796|1|22,795,14,5,,,00005garden,current_target_occupied,0,0,0
C1b-B,,00005garden|796|1|22,795,14,6,,,00005garden,current_target_occupied,0,0,0
C1b-B,,00005garden|796|1|22,795,14,7,,,00005garden,current_target_occupied,0,0,0
C1b-B,,00005garden|796|1|22,795,14,8,,,00005garden,current_target_occupied,0,0,0
C1b-B,,00005garden|796|1|22,795,14,9,,,00005garden,current_target_occupied,0,0,0
C1b-B,,00005garden|796|1|22,795,14,10,,,00005garden,current_target_occupied,0,0,0
C1b-B,,00005garden|796|1|22,795,14,11,,,00005garden,current_target_occupied,0,0,0
C1b-B,,00005garden|796|1|22,795,14,12,,,00005garden,current_target_occupied,0,0,0
C1b-B,,00005garden|796|1|22,795,14,13,,,00005garden,current_target_occupied,0,0,0
C1b-B,,00005garden|796|1|22,795,14,14,,,00005garden,current_target_occupied,0,0,0
C1b-B,,00005garden|796|1|22,795,14,15,,,00005garden,current_target_occupied,0,0,0
C1b-B,,00005garden|796|1|22,795,14,16,,,00005garden,current_target_occupied,0,0,0
C1b-B,,00005garden|796|1|22,795,14,17,,,00005garden,current_target_occupied,0,0,0
C1b-B,,00005garden|796|1|22,795,14,18,,,00005garden,current_target_occupied,0,0,0
C1b-B,,00005garden|796|1|22,795,14,19,,,00005garden,current_target_occupied,0,0,0
C1b-B,,00005garden|796|1|22,795,14,20,,,00005garden,current_target_occupied,0,0,0
C1b-C,,00005garden|796|1|22,795,14,1,,,00005garden,current_target_occupied,0,0,0
C1b-C,,00005garden|796|1|22,795,14,2,,,00005garden,current_target_occupied,0,0,0
C1b-C,,00005garden|796|1|22,795,14,3,,,00005garden,current_target_occupied,0,0,0
C1b-C,,00005garden|796|1|22,795,14,4,,,00005garden,current_target_occupied,0,0,0
C1b-C,,00005garden|796|1|22,795,14,5,,,00005garden,current_target_occupied,0,0,0
C1b-C,,00005garden|796|1|22,795,14,6,,,00005garden,current_target_occupied,0,0,0
C1b-C,,00005garden|796|1|22,795,14,7,,,00005garden,current_target_occupied,0,0,0
C1b-C,,00005garden|796|1|22,795,14,8,,,00005garden,current_target_occupied,0,0,0
C1b-C,,00005garden|796|1|22,795,14,9,,,00005garden,current_target_occupied,0,0,0
C1b-C,,00005garden|796|1|22,795,14,10,,,00005garden,current_target_occupied,0,0,0
C1b-C,,00005garden|796|1|22,795,14,11,,,00005garden,current_target_occupied,0,0,0
C1b-C,,00005garden|796|1|22,795,14,12,,,00005garden,current_target_occupied,0,0,0
C1b-C,,00005garden|796|1|22,795,14,13,,,00005garden,current_target_occupied,0,0,0
C1b-C,,00005garden|796|1|22,795,14,14,,,00005garden,current_target_occupied,0,0,0
C1b-C,,00005garden|796|1|22,795,14,15,,,00005garden,current_target_occupied,0,0,0
C1b-C,,00005garden|796|1|22,795,14,16,,,00005garden,current_target_occupied,0,0,0
C1b-C,,00005garden|796|1|22,795,14,17,,,00005garden,current_target_occupied,0,0,0
C1b-C,,00005garden|796|1|22,795,14,18,,,00005garden,current_target_occupied,0,0,0
C1b-C,,00005garden|796|1|22,795,14,19,,,00005garden,current_target_occupied,0,0,0
C1b-C,,00005garden|796|1|22,795,14,20,,,00005garden,current_target_occupied,0,0,0
_META,,00005garden|796|1|22,795,14,0,omitted_for_runtime,omitted_for_runtime,00005garden,,,0,
SHAM,0.0,00005garden|818|1|18,817,15,1,,,00005garden,,24,0,0
SHAM,0.041666666666666664,00005garden|818|1|18,817,15,2,,,00005garden,,24,0,1
SHAM,0.0,00005garden|818|1|18,817,15,3,,,00005garden,,23,0,0
SHAM,0.043478260869565216,00005garden|818|1|18,817,15,4,,,00005garden,,23,0,1
SHAM,0.043478260869565216,00005garden|818|1|18,817,15,5,,,00005garden,,23,0,1
SHAM,0.043478260869565216,00005garden|818|1|18,817,15,6,,,00005garden,,23,0,1
SHAM,0.0,00005garden|818|1|18,817,15,7,,,00005garden,,23,0,0
SHAM,0.0,00005garden|818|1|18,817,15,8,,,00005garden,,23,0,0
SHAM,0.0,00005garden|818|1|18,817,15,9,,,00005garden,,23,0,0
SHAM,0.0,00005garden|818|1|18,817,15,10,,,00005garden,,23,0,0
SHAM,0.0,00005garden|818|1|18,817,15,11,,,00005garden,,23,0,0
SHAM,0.0,00005garden|818|1|18,817,15,12,,,00005garden,,23,0,0
SHAM,0.0,00005garden|818|1|18,817,15,13,,,00005garden,,23,0,0
SHAM,0.0,00005garden|818|1|18,817,15,14,,,00005garden,,23,0,0
SHAM,0.0,00005garden|818|1|18,817,15,15,,,00005garden,,23,0,0
SHAM,0.0,00005garden|818|1|18,817,15,16,,,00005garden,,21,0,0
SHAM,0.0,00005garden|818|1|18,817,15,17,,,00005garden,,21,0,0
SHAM,0.0,00005garden|818|1|18,817,15,18,,,00005garden,,22,0,0
SHAM,0.0,00005garden|818|1|18,817,15,19,,,00005garden,,21,0,0
SHAM,0.0,00005garden|818|1|18,817,15,20,,,00005garden,,22,0,0
C1b-A,0.0,00005garden|818|1|18,817,15,1,,,00005garden,,24,0,0
C1b-A,0.041666666666666664,00005garden|818|1|18,817,15,2,,,00005garden,,24,0,1
C1b-A,0.0,00005garden|818|1|18,817,15,3,,,00005garden,,23,0,0
C1b-A,0.043478260869565216,00005garden|818|1|18,817,15,4,,,00005garden,,23,0,1
C1b-A,0.043478260869565216,00005garden|818|1|18,817,15,5,,,00005garden,,23,0,1
C1b-A,0.043478260869565216,00005garden|818|1|18,817,15,6,,,00005garden,,23,0,1
C1b-A,0.0,00005garden|818|1|18,817,15,7,,,00005garden,,23,0,0
C1b-A,0.0,00005garden|818|1|18,817,15,8,,,00005garden,,23,0,0
C1b-A,0.0,00005garden|818|1|18,817,15,9,,,00005garden,,23,0,0
C1b-A,0.0,00005garden|818|1|18,817,15,10,,,00005garden,,23,0,0
C1b-A,0.0,00005garden|818|1|18,817,15,11,,,00005garden,,23,0,0
C1b-A,0.0,00005garden|818|1|18,817,15,12,,,00005garden,,23,0,0
C1b-A,0.0,00005garden|818|1|18,817,15,13,,,00005garden,,23,0,0
C1b-A,0.0,00005garden|818|1|18,817,15,14,,,00005garden,,23,0,0
C1b-A,0.0,00005garden|818|1|18,817,15,15,,,00005garden,,23,0,0
C1b-A,0.0,00005garden|818|1|18,817,15,16,,,00005garden,,21,0,0
C1b-A,0.0,00005garden|818|1|18,817,15,17,,,00005garden,,21,0,0
C1b-A,0.0,00005garden|818|1|18,817,15,18,,,00005garden,,22,0,0
C1b-A,0.0,00005garden|818|1|18,817,15,19,,,00005garden,,21,0,0
C1b-A,0.0,00005garden|818|1|18,817,15,20,,,00005garden,,22,0,0
C1b-B,0.0,00005garden|818|1|18,817,15,1,,,00005garden,,24,0,0
C1b-B,0.041666666666666664,00005garden|818|1|18,817,15,2,,,00005garden,,24,0,1
C1b-B,0.0,00005garden|818|1|18,817,15,3,,,00005garden,,23,0,0
C1b-B,0.043478260869565216,00005garden|818|1|18,817,15,4,,,00005garden,,23,0,1
C1b-B,0.043478260869565216,00005garden|818|1|18,817,15,5,,,00005garden,,23,0,1
C1b-B,0.043478260869565216,00005garden|818|1|18,817,15,6,,,00005garden,,23,0,1
C1b-B,0.0,00005garden|818|1|18,817,15,7,,,00005garden,,23,0,0
C1b-B,0.0,00005garden|818|1|18,817,15,8,,,00005garden,,23,0,0
C1b-B,0.0,00005garden|818|1|18,817,15,9,,,00005garden,,23,0,0
C1b-B,0.0,00005garden|818|1|18,817,15,10,,,00005garden,,23,0,0
C1b-B,0.0,00005garden|818|1|18,817,15,11,,,00005garden,,23,0,0
C1b-B,0.0,00005garden|818|1|18,817,15,12,,,00005garden,,23,0,0
C1b-B,0.0,00005garden|818|1|18,817,15,13,,,00005garden,,23,0,0
C1b-B,0.0,00005garden|818|1|18,817,15,14,,,00005garden,,23,0,0
C1b-B,0.0,00005garden|818|1|18,817,15,15,,,00005garden,,23,0,0
C1b-B,0.0,00005garden|818|1|18,817,15,16,,,00005garden,,21,0,0
C1b-B,0.0,00005garden|818|1|18,817,15,17,,,00005garden,,21,0,0
C1b-B,0.0,00005garden|818|1|18,817,15,18,,,00005garden,,22,0,0
C1b-B,0.0,00005garden|818|1|18,817,15,19,,,00005garden,,21,0,0
C1b-B,0.0,00005garden|818|1|18,817,15,20,,,00005garden,,22,0,0
C1b-C,0.0,00005garden|818|1|18,817,15,1,,,00005garden,,24,0,0
C1b-C,0.041666666666666664,00005garden|818|1|18,817,15,2,,,00005garden,,24,0,1
C1b-C,0.0,00005garden|818|1|18,817,15,3,,,00005garden,,23,0,0
C1b-C,0.043478260869565216,00005garden|818|1|18,817,15,4,,,00005garden,,23,0,1
C1b-C,0.043478260869565216,00005garden|818|1|18,817,15,5,,,00005garden,,23,0,1
C1b-C,0.043478260869565216,00005garden|818|1|18,817,15,6,,,00005garden,,23,0,1
C1b-C,0.0,00005garden|818|1|18,817,15,7,,,00005garden,,23,0,0
C1b-C,0.0,00005garden|818|1|18,817,15,8,,,00005garden,,23,0,0
C1b-C,0.0,00005garden|818|1|18,817,15,9,,,00005garden,,23,0,0
C1b-C,0.0,00005garden|818|1|18,817,15,10,,,00005garden,,23,0,0
C1b-C,0.0,00005garden|818|1|18,817,15,11,,,00005garden,,23,0,0
C1b-C,0.0,00005garden|818|1|18,817,15,12,,,00005garden,,23,0,0
C1b-C,0.0,00005garden|818|1|18,817,15,13,,,00005garden,,23,0,0
C1b-C,0.0,00005garden|818|1|18,817,15,14,,,00005garden,,23,0,0
C1b-C,0.0,00005garden|818|1|18,817,15,15,,,00005garden,,23,0,0
C1b-C,0.0,00005garden|818|1|18,817,15,16,,,00005garden,,21,0,0
C1b-C,0.0,00005garden|818|1|18,817,15,17,,,00005garden,,21,0,0
C1b-C,0.0,00005garden|818|1|18,817,15,18,,,00005garden,,22,0,0
C1b-C,0.0,00005garden|818|1|18,817,15,19,,,00005garden,,21,0,0
C1b-C,0.0,00005garden|818|1|18,817,15,20,,,00005garden,,22,0,0
_META,,00005garden|818|1|18,817,15,0,omitted_for_runtime,omitted_for_runtime,00005garden,,,0,
