condition,error_rate,event_key,frame,gt_id,horizon,post_snapshot_digest,pre_snapshot_digest,scene,skip_reason,total,view,wrong
SHAM,0.0,00001garden|15|1|9,14,10,1,,,00001garden,,15,0,0
SHAM,0.0,00001garden|15|1|9,14,10,2,,,00001garden,,13,0,0
SHAM,0.0,00001garden|15|1|9,14,10,3,,,00001garden,,14,0,0
SHAM,0.0,00001garden|15|1|9,14,10,4,,,00001garden,,14,0,0
SHAM,0.0,00001garden|15|1|9,14,10,5,,,00001garden,,14,0,0
SHAM,0.0,00001garden|15|1|9,14,10,6,,,00001garden,,12,0,0
SHAM,0.0,00001garden|15|1|9,14,10,7,,,00001garden,,13,0,0
SHAM,0.0,00001garden|15|1|9,14,10,8,,,00001garden,,12,0,0
SHAM,0.0,00001garden|15|1|9,14,10,9,,,00001garden,,12,0,0
SHAM,0.06666666666666667,00001garden|15|1|9,14,10,10,,,00001garden,,15,0,1
SHAM,0.07692307692307693,00001garden|15|1|9,14,10,11,,,00001garden,,13,0,1
SHAM,0.06666666666666667,00001garden|15|1|9,14,10,12,,,00001garden,,15,0,1
SHAM,0.07142857142857142,00001garden|15|1|9,14,10,13,,,00001garden,,14,0,1
SHAM,0.07142857142857142,00001garden|15|1|9,14,10,14,,,00001garden,,14,0,1
SHAM,0.07142857142857142,00001garden|15|1|9,14,10,15,,,00001garden,,14,0,1
SHAM,0.07142857142857142,00001garden|15|1|9,14,10,16,,,00001garden,,14,0,1
SHAM,0.0,00001garden|15|1|9,14,10,17,,,00001garden,,14,0,0
SHAM,0.0,00001garden|15|1|9,14,10,18,,,00001garden,,14,0,0
SHAM,0.0,00001garden|15|1|9,14,10,19,,,00001garden,,14,0,0
SHAM,0.0,00001garden|15|1|9,14,10,20,,,00001garden,,14,0,0
C2b-INJECTION,0.0,00001garden|15|1|9,14,10,1,,,00001garden,,15,0,0
C2b-INJECTION,0.0,00001garden|15|1|9,14,10,2,,,00001garden,,13,0,0
C2b-INJECTION,0.0,00001garden|15|1|9,14,10,3,,,00001garden,,14,0,0
C2b-INJECTION,0.0,00001garden|15|1|9,14,10,4,,,00001garden,,14,0,0
C2b-INJECTION,0.0,00001garden|15|1|9,14,10,5,,,00001garden,,14,0,0
C2b-INJECTION,0.0,00001garden|15|1|9,14,10,6,,,00001garden,,12,0,0
C2b-INJECTION,0.0,00001garden|15|1|9,14,10,7,,,00001garden,,13,0,0
C2b-INJECTION,0.0,00001garden|15|1|9,14,10,8,,,00001garden,,12,0,0
C2b-INJECTION,0.0,00001garden|15|1|9,14,10,9,,,00001garden,,12,0,0
C2b-INJECTION,0.06666666666666667,00001garden|15|1|9,14,10,10,,,00001garden,,15,0,1
C2b-INJECTION,0.07692307692307693,00001garden|15|1|9,14,10,11,,,00001garden,,13,0,1
C2b-INJECTION,0.06666666666666667,00001garden|15|1|9,14,10,12,,,00001garden,,15,0,1
C2b-INJECTION,0.07142857142857142,00001garden|15|1|9,14,10,13,,,00001garden,,14,0,1
C2b-INJECTION,0.07142857142857142,00001garden|15|1|9,14,10,14,,,00001garden,,14,0,1
C2b-INJECTION,0.07142857142857142,00001garden|15|1|9,14,10,15,,,00001garden,,14,0,1
C2b-INJECTION,0.07142857142857142,00001garden|15|1|9,14,10,16,,,00001garden,,14,0,1
C2b-INJECTION,0.0,00001garden|15|1|9,14,10,17,,,00001garden,,14,0,0
C2b-INJECTION,0.0,00001garden|15|1|9,14,10,18,,,00001garden,,14,0,0
C2b-INJECTION,0.0,00001garden|15|1|9,14,10,19,,,00001garden,,14,0,0
C2b-INJECTION,0.0,00001garden|15|1|9,14,10,20,,,00001garden,,14,0,0
_META,,00001garden|15|1|9,14,10,0,d2b4dc2d61d2213e7046eb9915c5a61d21d06232a0f8264204a6ce3be936cda0,67ec8ce33bd1bb54263679853b071cbb68cf26f10afea48c87cf4a8fe452a805,00001garden,,,0,
SHAM,0.0,00001garden|43|1|1,42,5,1,,,00001garden,,14,0,0
SHAM,0.0,00001garden|43|1|1,42,5,2,,,00001garden,,14,0,0
SHAM,0.0,00001garden|43|1|1,42,5,3,,,00001garden,,14,0,0
SHAM,0.0,00001garden|43|1|1,42,5,4,,,00001garden,,14,0,0
SHAM,0.0,00001garden|43|1|1,42,5,5,,,00001garden,,14,0,0
SHAM,0.0,00001garden|43|1|1,42,5,6,,,00001garden,,13,0,0
SHAM,0.0,00001garden|43|1|1,42,5,7,,,00001garden,,13,0,0
SHAM,0.0,00001garden|43|1|1,42,5,8,,,00001garden,,13,0,0
SHAM,0.0,00001garden|43|1|1,42,5,9,,,00001garden,,14,0,0
SHAM,0.0,00001garden|43|1|1,42,5,10,,,00001garden,,14,0,0
SHAM,0.0,00001garden|43|1|1,42,5,11,,,00001garden,,15,0,0
SHAM,0.0,00001garden|43|1|1,42,5,12,,,00001garden,,14,0,0
SHAM,0.0,00001garden|43|1|1,42,5,13,,,00001garden,,15,0,0
SHAM,0.0,00001garden|43|1|1,42,5,14,,,00001garden,,14,0,0
SHAM,0.0,00001garden|43|1|1,42,5,15,,,00001garden,,14,0,0
SHAM,0.0,00001garden|43|1|1,42,5,16,,,00001garden,,15,0,0
SHAM,0.0,00001garden|43|1|1,42,5,17,,,00001garden,,15,0,0
SHAM,0.0,00001garden|43|1|1,42,5,18,,,00001garden,,16,0,0
SHAM,0.0,00001garden|43|1|1,42,5,19,,,00001garden,,16,0,0
SHAM,0.0,00001garden|43|1|1,42,5,20,,,00001garden,,16,0,0
C2b-INJECTION,0.0,00001garden|43|1|1,42,5,1,,,00001garden,,14,0,0
C2b-INJECTION,0.0,00001garden|43|1|1,42,5,2,,,00001garden,,14,0,0
C2b-INJECTION,0.0,00001garden|43|1|1,42,5,3,,,00001garden,,14,0,0
C2b-INJECTION,0.0,00001garden|43|1|1,42,5,4,,,00001garden,,14,0,0
C2b-INJECTION,0.0,00001garden|43|1|1,42,5,5,,,00001garden,,14,0,0
C2b-INJECTION,0.0,00001garden|43|1|1,42,5,6,,,00001garden,,13,0,0
C2b-INJECTION,0.0,00001garden|43|1|1,42,5,7,,,00001garden,,13,0,0
C2b-INJECTION,0.0,00001garden|43|1|1,42,5,8,,,00001garden,,13,0,0
C2b-INJECTION,0.0,00001garden|43|1|1,42,5,9,,,00001garden,,14,0,0
C2b-INJECTION,0.0,00001garden|43|1|1,42,5,10,,,00001garden,,14,0,0
C2b-INJECTION,0.0,00001garden|43|1|1,42,5,11,,,00001garden,,15,0,0
C2b-INJECTION,0.0,00001garden|43|1|1,42,5,12,,,00001garden,,14,0,0
C2b-INJECTION,0.0,00001garden|43|1|1,42,5,13,,,00001garden,,15,0,0
C2b-INJECTION,0.0,00001garden|43|1|1,42,5,14,,,00001garden,,14,0,0
C2b-INJECTION,0.0,00001garden|43|1|1,42,5,15,,,00001garden,,14,0,0
C2b-INJECTION,0.0,00001garden|43|1|1,42,5,16,,,00001garden,,15,0,0
C2b-INJECTION,0.0,00001garden|43|1|1,42,5,17,,,00001garden,,15,0,0
C2b-INJECTION,0.0,00001garden|43|1|1,42,5,18,,,00001garden,,16,0,0
C2b-INJECTION,0.0,00001garden|43|1|1,42,5,19,,,00001garden,,16,0,0
C2b-INJECTION,0.0,00001garden|43|1|1,42,5,20,,,00001garden,,16,0,0
_META,,00001garden|43|1|1,42,5,0,omitted_for_runtime,omitted_for_runtime,00001garden,,,0,
SHAM,0.0,00001garden|43|1|5,42,6,1,,,00001garden,,14,0,0
SHAM,0.0,00001garden|43|1|5,42,6,2,,,00001garden,,14,0,0
SHAM,0.0,00001garden|43|1|5,42,6,3,,,00001garden,,14,0,0
SHAM,0.0,00001garden|43|1|5,42,6,4,,,00001garden,,14,0,0
SHAM,0.0,00001garden|43|1|5,42,6,5,,,00001garden,,14,0,0
SHAM,0.0,00001garden|43|1|5,42,6,6,,,00001garden,,13,0,0
SHAM,0.0,00001garden|43|1|5,42,6,7,,,00001garden,,13,0,0
SHAM,0.0,00001garden|43|1|5,42,6,8,,,00001garden,,13,0,0
SHAM,0.0,00001garden|43|1|5,42,6,9,,,00001garden,,14,0,0
SHAM,0.0,00001garden|43|1|5,42,6,10,,,00001garden,,14,0,0
SHAM,0.0,00001garden|43|1|5,42,6,11,,,00001garden,,15,0,0
SHAM,0.0,00001garden|43|1|5,42,6,12,,,00001garden,,14,0,0
SHAM,0.0,00001garden|43|1|5,42,6,13,,,00001garden,,15,0,0
SHAM,0.0,00001garden|43|1|5,42,6,14,,,00001garden,,14,0,0
SHAM,0.0,00001garden|43|1|5,42,6,15,,,00001garden,,14,0,0
SHAM,0.0,00001garden|43|1|5,42,6,16,,,00001garden,,15,0,0
SHAM,0.0,00001garden|43|1|5,42,6,17,,,00001garden,,15,0,0
SHAM,0.0,00001garden|43|1|5,42,6,18,,,00001garden,,16,0,0
SHAM,0.0,00001garden|43|1|5,42,6,19,,,00001garden,,16,0,0
SHAM,0.0,00001garden|43|1|5,42,6,20,,,00001garden,,16,0,0
C2b-INJECTION,0.0,00001garden|43|1|5,42,6,1,,,00001garden,,14,0,0
C2b-INJECTION,0.0,00001garden|43|1|5,42,6,2,,,00001garden,,14,0,0
C2b-INJECTION,0.0,00001garden|43|1|5,42,6,3,,,00001garden,,14,0,0
C2b-INJECTION,0.0,00001garden|43|1|5,42,6,4,,,00001garden,,14,0,0
C2b-INJECTION,0.0,00001garden|43|1|5,42,6,5,,,00001garden,,14,0,0
C2b-INJECTION,0.0,00001garden|43|1|5,42,6,6,,,00001garden,,13,0,0
C2b-INJECTION,0.0,00001garden|43|1|5,42,6,7,,,00001garden,,13,0,0
C2b-INJECTION,0.0,00001garden|43|1|5,42,6,8,,,00001garden,,13,0,0
C2b-INJECTION,0.0,00001garden|43|1|5,42,6,9,,,00001garden,,14,0,0
C2b-INJECTION,0.0,00001garden|43|1|5,42,6,10,,,00001garden,,14,0,0
C2b-INJECTION,0.0,00001garden|43|1|5,42,6,11,,,00001garden,,15,0,0
C2b-INJECTION,0.0,00001garden|43|1|5,42,6,12,,,00001garden,,14,0,0
C2b-INJECTION,0.0,00001garden|43|1|5,42,6,13,,,00001garden,,15,0,0
C2b-INJECTION,0.0,00001garden|43|1|5,42,6,14,,,00001garden,,14,0,0
C2b-INJECTION,0.0,00001garden|43|1|5,42,6,15,,,00001garden,,14,0,0
C2b-INJECTION,0.0,00001garden|43|1|5,42,6,16,,,00001garden,,15,0,0
C2b-INJECTION,0.0,00001garden|43|1|5,42,6,17,,,00001garden,,15,0,0
C2b-INJECTION,0.0,00001garden|43|1|5,42,6,18,,,00001garden,,16,0,0
C2b-INJECTION,0.0,00001garden|43|1|5,42,6,19,,,00001garden,,16,0,0
C2b-INJECTION,0.0,00001garden|43|1|5,42,6,20,,,00001garden,,16,0,0
_META,,00001garden|43|1|5,42,6,0,omitted_for_runtime,omitted_for_runtime,00001garden,,,0,
SHAM,0.0,00001garden|61|1|10,60,10,1,,,00001garden,,16,0,0
SHAM,0.0,00001garden|61|1|10,60,10,2,,,00001garden,,16,0,0
SHAM,0.0,00001garden|61|1|10,60,10,3,,,00001garden,,16,0,0
SHAM,0.0,00001garden|61|1|10,60,10,4,,,00001garden,,16,0,0
SHAM,0.0,00001garden|61|1|10,60,10,5,,,00001garden,,16,0,0
SHAM,0.0,00001garden|61|1|10,60,10,6,,,00001garden,,16,0,0
SHAM,0.0,00001garden|61|1|10,60,10,7,,,00001garden,,16,0,0
SHAM,0.0,00001garden|61|1|10,60,10,8,,,00001garden,,16,0,0
SHAM,0.0,00001garden|61|1|10,60,10,9,,,00001garden,,16,0,0
SHAM,0.0,00001garden|61|1|10,60,10,10,,,00001garden,,16,0,0
SHAM,0.0,00001garden|61|1|10,60,10,11,,,00001garden,,16,0,0
SHAM,0.0,00001garden|61|1|10,60,10,12,,,00001garden,,16,0,0
SHAM,0.0,00001garden|61|1|10,60,10,13,,,00001garden,,16,0,0
SHAM,0.0,00001garden|61|1|10,60,10,14,,,00001garden,,16,0,0
SHAM,0.0,00001garden|61|1|10,60,10,15,,,00001garden,,16,0,0
SHAM,0.0,00001garden|61|1|10,60,10,16,,,00001garden,,16,0,0
SHAM,0.0,00001garden|61|1|10,60,10,17,,,00001garden,,16,0,0
SHAM,0.0,00001garden|61|1|10,60,10,18,,,00001garden,,17,0,0
SHAM,0.0,00001garden|61|1|10,60,10,19,,,00001garden,,16,0,0
SHAM,0.0,00001garden|61|1|10,60,10,20,,,00001garden,,17,0,0
C2b-INJECTION,0.0,00001garden|61|1|10,60,10,1,,,00001garden,,16,0,0
C2b-INJECTION,0.0,00001garden|61|1|10,60,10,2,,,00001garden,,16,0,0
C2b-INJECTION,0.0,00001garden|61|1|10,60,10,3,,,00001garden,,16,0,0
C2b-INJECTION,0.0,00001garden|61|1|10,60,10,4,,,00001garden,,16,0,0
C2b-INJECTION,0.0,00001garden|61|1|10,60,10,5,,,00001garden,,16,0,0
C2b-INJECTION,0.0,00001garden|61|1|10,60,10,6,,,00001garden,,16,0,0
C2b-INJECTION,0.0,00001garden|61|1|10,60,10,7,,,00001garden,,16,0,0
C2b-INJECTION,0.0,00001garden|61|1|10,60,10,8,,,00001garden,,16,0,0
C2b-INJECTION,0.0,00001garden|61|1|10,60,10,9,,,00001garden,,16,0,0
C2b-INJECTION,0.0,00001garden|61|1|10,60,10,10,,,00001garden,,16,0,0
C2b-INJECTION,0.0,00001garden|61|1|10,60,10,11,,,00001garden,,16,0,0
C2b-INJECTION,0.0,00001garden|61|1|10,60,10,12,,,00001garden,,16,0,0
C2b-INJECTION,0.0,00001garden|61|1|10,60,10,13,,,00001garden,,16,0,0
C2b-INJECTION,0.0,00001garden|61|1|10,60,10,14,,,00001garden,,16,0,0
C2b-INJECTION,0.0,00001garden|61|1|10,60,10,15,,,00001garden,,16,0,0
C2b-INJECTION,0.0,00001garden|61|1|10,60,10,16,,,00001garden,,16,0,0
C2b-INJECTION,0.0,00001garden|61|1|10,60,10,17,,,00001garden,,16,0,0
C2b-INJECTION,0.0,00001garden|61|1|10,60,10,18,,,00001garden,,17,0,0
C2b-INJECTION,0.0,00001garden|61|1|10,60,10,19,,,00001garden,,16,0,0
C2b-INJECTION,0.0,00001garden|61|1|10,60,10,20,,,00001garden,,17,0,0
_META,,00001garden|61|1|10,60,10,0,omitted_for_runtime,omitted_for_runtime,00001garden,,,0,
SHAM,0.0,00001garden|73|1|10,72,11,1,,,00001garden,,16,0,0
SHAM,0.0,00001garden|73|1|10,72,11,2,,,00001garden,,16,0,0
SHAM,0.0,00001garden|73|1|10,72,11,3,,,00001garden,,16,0,0
SHAM,0.0,00001garden|73|1|10,72,11,4,,,00001garden,,16,0,0
SHAM,0.0,00001garden|73|1|10,72,11,5,,,00001garden,,16,0,0
SHAM,0.0,00001garden|73|1|10,72,11,6,,,00001garden,,17,0,0
SHAM,0.0,00001garden|73|1|10,72,11,7,,,00001garden,,16,0,0
SHAM,0.0,00001garden|73|1|10,72,11,8,,,00001garden,,17,0,0
SHAM,0.0,00001garden|73|1|10,72,11,9,,,00001garden,,17,0,0
SHAM,0.0,00001garden|73|1|10,72,11,10,,,00001garden,,17,0,0
SHAM,0.0,00001garden|73|1|10,72,11,11,,,00001garden,,16,0,0
SHAM,0.0,00001garden|73|1|10,72,11,12,,,00001garden,,17,0,0
SHAM,0.0,00001garden|73|1|10,72,11,13,,,00001garden,,17,0,0
SHAM,0.0,00001garden|73|1|10,72,11,14,,,00001garden,,17,0,0
SHAM,0.0,00001garden|73|1|10,72,11,15,,,00001garden,,17,0,0
SHAM,0.0,00001garden|73|1|10,72,11,16,,,00001garden,,17,0,0
SHAM,0.0,00001garden|73|1|10,72,11,17,,,00001garden,,17,0,0
SHAM,0.0,00001garden|73|1|10,72,11,18,,,00001garden,,17,0,0
SHAM,0.0,00001garden|73|1|10,72,11,19,,,00001garden,,17,0,0
SHAM,0.0,00001garden|73|1|10,72,11,20,,,00001garden,,17,0,0
C2b-INJECTION,0.0,00001garden|73|1|10,72,11,1,,,00001garden,,16,0,0
C2b-INJECTION,0.0,00001garden|73|1|10,72,11,2,,,00001garden,,16,0,0
C2b-INJECTION,0.0,00001garden|73|1|10,72,11,3,,,00001garden,,16,0,0
C2b-INJECTION,0.0,00001garden|73|1|10,72,11,4,,,00001garden,,16,0,0
C2b-INJECTION,0.0,00001garden|73|1|10,72,11,5,,,00001garden,,16,0,0
C2b-INJECTION,0.0,00001garden|73|1|10,72,11,6,,,00001garden,,17,0,0
C2b-INJECTION,0.0,00001garden|73|1|10,72,11,7,,,00001garden,,16,0,0
C2b-INJECTION,0.0,00001garden|73|1|10,72,11,8,,,00001garden,,17,0,0
C2b-INJECTION,0.0,00001garden|73|1|10,72,11,9,,,00001garden,,17,0,0
C2b-INJECTION,0.0,00001garden|73|1|10,72,11,10,,,00001garden,,17,0,0
C2b-INJECTION,0.0,00001garden|73|1|10,72,11,11,,,00001garden,,16,0,0
C2b-INJECTION,0.0,00001garden|73|1|10,72,11,12,,,00001garden,,17,0,0
C2b-INJECTION,0.0,00001garden|73|1|10,72,11,13,,,00001garden,,17,0,0
C2b-INJECTION,0.0,00001garden|73|1|10,72,11,14,,,00001garden,,17,0,0
C2b-INJECTION,0.0,00001garden|73|1|10,72,11,15,,,00001garden,,17,0,0
C2b-INJECTION,0.0,00001garden|73|1|10,72,11,16,,,00001garden,,17,0,0
C2b-INJECTION,0.0,00001garden|73|1|10,72,11,17,,,00001garden,,17,0,0
C2b-INJECTION,0.0,00001garden|73|1|10,72,11,18,,,00001garden,,17,0,0
C2b-INJECTION,0.0,00001garden|73|1|10,72,11,19,,,00001garden,,17,0,0
C2b-INJECTION,0.0,00001garden|73|1|10,72,11,20,,,00001garden,,17,0,0
_META,,00001garden|73|1|10,72,11,0,omitted_for_runtime,omitted_for_runtime,00001garden,,,0,
SHAM,0.0,00001garden|84|1|2,83,2,1,,,00001garden,,17,0,0
SHAM,0.0,00001garden|84|1|2,83,2,2,,,00001garden,,17,0,0
SHAM,0.0,00001garden|84|1|2,83,2,3,,,00001garden,,17,0,0
SHAM,0.0,00001garden|84|1|2,83,2,4,,,00001garden,,17,0,0
SHAM,0.0,00001garden|84|1|2,83,2,5,,,00001garden,,17,0,0
SHAM,0.0,00001garden|84|1|2,83,2,6,,,00001garden,,17,0,0
SHAM,0.0,00001garden|84|1|2,83,2,7,,,00001garden,,17,0,0
SHAM,0.0,00001garden|84|1|2,83,2,8,,,00001garden,,17,0,0
SHAM,0.0,00001garden|84|1|2,83,2,9,,,00001garden,,17,0,0
SHAM,0.0,00001garden|84|1|2,83,2,10,,,00001garden,,17,0,0
SHAM,0.0,00001garden|84|1|2,83,2,11,,,00001garden,,17,0,0
SHAM,0.0,00001garden|84|1|2,83,2,12,,,00001garden,,17,0,0
SHAM,0.0,00001garden|84|1|2,83,2,13,,,00001garden,,17,0,0
SHAM,0.0,00001garden|84|1|2,83,2,14,,,00001garden,,17,0,0
SHAM,0.0,00001garden|84|1|2,83,2,15,,,00001garden,,17,0,0
SHAM,0.0,00001garden|84|1|2,83,2,16,,,00001garden,,17,0,0
SHAM,0.0,00001garden|84|1|2,83,2,17,,,00001garden,,17,0,0
SHAM,0.0,00001garden|84|1|2,83,2,18,,,00001garden,,17,0,0
SHAM,0.0,00001garden|84|1|2,83,2,19,,,00001garden,,17,0,0
SHAM,0.0,00001garden|84|1|2,83,2,20,,,00001garden,,17,0,0
C2b-INJECTION,0.0,00001garden|84|1|2,83,2,1,,,00001garden,,17,0,0
C2b-INJECTION,0.0,00001garden|84|1|2,83,2,2,,,00001garden,,17,0,0
C2b-INJECTION,0.0,00001garden|84|1|2,83,2,3,,,00001garden,,17,0,0
C2b-INJECTION,0.0,00001garden|84|1|2,83,2,4,,,00001garden,,17,0,0
C2b-INJECTION,0.0,00001garden|84|1|2,83,2,5,,,00001garden,,17,0,0
C2b-INJECTION,0.0,00001garden|84|1|2,83,2,6,,,00001garden,,17,0,0
C2b-INJECTION,0.0,00001garden|84|1|2,83,2,7,,,00001garden,,17,0,0
C2b-INJECTION,0.0,00001garden|84|1|2,83,2,8,,,00001garden,,17,0,0
C2b-INJECTION,0.0,00001garden|84|1|2,83,2,9,,,00001garden,,17,0,0
C2b-INJECTION,0.0,00001garden|84|1|2,83,2,10,,,00001garden,,17,0,0
C2b-INJECTION,0.0,00001garden|84|1|2,83,2,11,,,00001garden,,17,0,0
C2b-INJECTION,0.0,00001garden|84|1|2,83,2,12,,,00001garden,,17,0,0
C2b-INJECTION,0.0,00001garden|84|1|2,83,2,13,,,00001garden,,17,0,0
C2b-INJECTION,0.0,00001garden|84|1|2,83,2,14,,,00001garden,,17,0,0
C2b-INJECTION,0.0,00001garden|84|1|2,83,2,15,,,00001garden,,17,0,0
C2b-INJECTION,0.0,00001garden|84|1|2,83,2,16,,,00001garden,,17,0,0
C2b-INJECTION,0.0,00001garden|84|1|2,83,2,17,,,00001garden,,17,0,0
C2b-INJECTION,0.0,00001garden|84|1|2,83,2,18,,,00001garden,,17,0,0
C2b-INJECTION,0.0,00001garden|84|1|2,83,2,19,,,00001garden,,17,0,0
C2b-INJECTION,0.0,00001garden|84|1|2,83,2,20,,,00001garden,,17,0,0
_META,,00001garden|84|1|2,83,2,0,omitted_for_runtime,omitted_for_runtime,00001garden,,,0,
SHAM,0.0,00001garden|96|1|9,95,8,1,,,00001garden,,17,0,0
SHAM,0.0,00001garden|96|1|9,95,8,2,,,00001garden,,17,0,0
SHAM,0.0,00001garden|96|1|9,95,8,3,,,00001garden,,17,0,0
SHAM,0.0,00001garden|96|1|9,95,8,4,,,00001garden,,17,0,0
SHAM,0.0,00001garden|96|1|9,95,8,5,,,00001garden,,17,0,0
SHAM,0.0,00001garden|96|1|9,95,8,6,,,00001garden,,17,0,0
SHAM,0.0,00001garden|96|1|9,95,8,7,,,00001garden,,17,0,0
SHAM,0.0,00001garden|96|1|9,95,8,8,,,00001garden,,17,0,0
SHAM,0.0,00001garden|96|1|9,95,8,9,,,00001garden,,17,0,0
SHAM,0.0,00001garden|96|1|9,95,8,10,,,00001garden,,17,0,0
SHAM,0.0,00001garden|96|1|9,95,8,11,,,00001garden,,16,0,0
SHAM,0.0,00001garden|96|1|9,95,8,12,,,00001garden,,16,0,0
SHAM,0.0,00001garden|96|1|9,95,8,13,,,00001garden,,16,0,0
SHAM,0.0,00001garden|96|1|9,95,8,14,,,00001garden,,16,0,0
SHAM,0.0,00001garden|96|1|9,95,8,15,,,00001garden,,16,0,0
SHAM,0.0,00001garden|96|1|9,95,8,16,,,00001garden,,16,0,0
SHAM,0.0,00001garden|96|1|9,95,8,17,,,00001garden,,16,0,0
SHAM,0.0,00001garden|96|1|9,95,8,18,,,00001garden,,16,0,0
SHAM,0.0,00001garden|96|1|9,95,8,19,,,00001garden,,16,0,0
SHAM,0.0,00001garden|96|1|9,95,8,20,,,00001garden,,16,0,0
C2b-INJECTION,0.0,00001garden|96|1|9,95,8,1,,,00001garden,,17,0,0
C2b-INJECTION,0.0,00001garden|96|1|9,95,8,2,,,00001garden,,17,0,0
C2b-INJECTION,0.0,00001garden|96|1|9,95,8,3,,,00001garden,,17,0,0
C2b-INJECTION,0.0,00001garden|96|1|9,95,8,4,,,00001garden,,17,0,0
C2b-INJECTION,0.0,00001garden|96|1|9,95,8,5,,,00001garden,,17,0,0
C2b-INJECTION,0.0,00001garden|96|1|9,95,8,6,,,00001garden,,17,0,0
C2b-INJECTION,0.0,00001garden|96|1|9,95,8,7,,,00001garden,,17,0,0
C2b-INJECTION,0.0,00001garden|96|1|9,95,8,8,,,00001garden,,17,0,0
C2b-INJECTION,0.0,00001garden|96|1|9,95,8,9,,,00001garden,,17,0,0
C2b-INJECTION,0.0,00001garden|96|1|9,95,8,10,,,00001garden,,17,0,0
C2b-INJECTION,0.0,00001garden|96|1|9,95,8,11,,,00001garden,,16,0,0
C2b-INJECTION,0.0,00001garden|96|1|9,95,8,12,,,00001garden,,16,0,0
C2b-INJECTION,0.0,00001garden|96|1|9,95,8,13,,,00001garden,,16,0,0
C2b-INJECTION,0.0,00001garden|96|1|9,95,8,14,,,00001garden,,16,0,0
C2b-INJECTION,0.0,00001garden|96|1|9,95,8,15,,,00001garden,,16,0,0
C2b-INJECTION,0.0,00001garden|96|1|9,95,8,16,,,00001garden,,16,0,0
C2b-INJECTION,0.0,00001garden|96|1|9,95,8,17,,,00001garden,,16,0,0
C2b-INJECTION,0.0,00001garden|96|1|9,95,8,18,,,00001garden,,16,0,0
C2b-INJECTION,0.0,00001garden|96|1|9,95,8,19,,,00001garden,,16,0,0
C2b-INJECTION,0.0,00001garden|96|1|9,95,8,20,,,00001garden,,16,0,0
_META,,00001garden|96|1|9,95,8,0,omitted_for_runtime,omitted_for_runtime,00001garden,,,0,
SHAM,0.0,00001garden|122|1|7,121,9,1,,,00001garden,,16,0,0
SHAM,0.0,00001garden|122|1|7,121,9,2,,,00001garden,,16,0,0
SHAM,0.0,00001garden|122|1|7,121,9,3,,,00001garden,,15,0,0
SHAM,0.0,00001garden|122|1|7,121,9,4,,,00001garden,,16,0,0
SHAM,0.0,00001garden|122|1|7,121,9,5,,,00001garden,,16,0,0
SHAM,0.0,00001garden|122|1|7,121,9,6,,,00001garden,,16,0,0
SHAM,0.0,00001garden|122|1|7,121,9,7,,,00001garden,,16,0,0
SHAM,0.0,00001garden|122|1|7,121,9,8,,,00001garden,,16,0,0
SHAM,0.0,00001garden|122|1|7,121,9,9,,,00001garden,,16,0,0
SHAM,0.0,00001garden|122|1|7,121,9,10,,,00001garden,,16,0,0
SHAM,0.0,00001garden|122|1|7,121,9,11,,,00001garden,,16,0,0
SHAM,0.0,00001garden|122|1|7,121,9,12,,,00001garden,,16,0,0
SHAM,0.0,00001garden|122|1|7,121,9,13,,,00001garden,,16,0,0
SHAM,0.0,00001garden|122|1|7,121,9,14,,,00001garden,,16,0,0
SHAM,0.0,00001garden|122|1|7,121,9,15,,,00001garden,,16,0,0
SHAM,0.0,00001garden|122|1|7,121,9,16,,,00001garden,,16,0,0
SHAM,0.0,00001garden|122|1|7,121,9,17,,,00001garden,,16,0,0
SHAM,0.0,00001garden|122|1|7,121,9,18,,,00001garden,,16,0,0
SHAM,0.0,00001garden|122|1|7,121,9,19,,,00001garden,,16,0,0
SHAM,0.0,00001garden|122|1|7,121,9,20,,,00001garden,,16,0,0
C2b-INJECTION,0.0,00001garden|122|1|7,121,9,1,,,00001garden,,16,0,0
C2b-INJECTION,0.0,00001garden|122|1|7,121,9,2,,,00001garden,,16,0,0
C2b-INJECTION,0.0,00001garden|122|1|7,121,9,3,,,00001garden,,15,0,0
C2b-INJECTION,0.0,00001garden|122|1|7,121,9,4,,,00001garden,,16,0,0
C2b-INJECTION,0.0,00001garden|122|1|7,121,9,5,,,00001garden,,16,0,0
C2b-INJECTION,0.0,00001garden|122|1|7,121,9,6,,,00001garden,,16,0,0
C2b-INJECTION,0.0,00001garden|122|1|7,121,9,7,,,00001garden,,16,0,0
C2b-INJECTION,0.0,00001garden|122|1|7,121,9,8,,,00001garden,,16,0,0
C2b-INJECTION,0.0,00001garden|122|1|7,121,9,9,,,00001garden,,16,0,0
C2b-INJECTION,0.0,00001garden|122|1|7,121,9,10,,,00001garden,,16,0,0
C2b-INJECTION,0.0,00001garden|122|1|7,121,9,11,,,00001garden,,16,0,0
C2b-INJECTION,0.0,00001garden|122|1|7,121,9,12,,,00001garden,,16,0,0
C2b-INJECTION,0.0,00001garden|122|1|7,121,9,13,,,00001garden,,16,0,0
C2b-INJECTION,0.0,00001garden|122|1|7,121,9,14,,,00001garden,,16,0,0
C2b-INJECTION,0.0,00001garden|122|1|7,121,9,15,,,00001garden,,16,0,0
C2b-INJECTION,0.0,00001garden|122|1|7,121,9,16,,,00001garden,,16,0,0
C2b-INJECTION,0.0,00001garden|122|1|7,121,9,17,,,00001garden,,16,0,0
C2b-INJECTION,0.0,00001garden|122|1|7,121,9,18,,,00001garden,,16,0,0
C2b-INJECTION,0.0,00001garden|122|1|7,121,9,19,,,00001garden,,16,0,0
C2b-INJECTION,0.0,00001garden|122|1|7,121,9,20,,,00001garden,,16,0,0
_META,,00001garden|122|1|7,121,9,0,omitted_for_runtime,omitted_for_runtime,00001garden,,,0,
SHAM,0.0,00001garden|125|1|0,124,5,1,,,00001garden,,16,0,0
SHAM,0.0,00001garden|125|1|0,124,5,2,,,00001garden,,16,0,0
SHAM,0.0,00001garden|125|1|0,124,5,3,,,00001garden,,16,0,0
SHAM,0.0,00001garden|125|1|0,124,5,4,,,00001garden,,16,0,0
SHAM,0.0,00001garden|125|1|0,124,5,5,,,00001garden,,16,0,0
SHAM,0.0,00001garden|125|1|0,124,5,6,,,00001garden,,16,0,0
SHAM,0.0,00001garden|125|1|0,124,5,7,,,00001garden,,16,0,0
SHAM,0.0,00001garden|125|1|0,124,5,8,,,00001garden,,16,0,0
SHAM,0.0,00001garden|125|1|0,124,5,9,,,00001garden,,16,0,0
SHAM,0.0,00001garden|125|1|0,124,5,10,,,00001garden,,16,0,0
SHAM,0.0,00001garden|125|1|0,124,5,11,,,00001garden,,16,0,0
SHAM,0.0,00001garden|125|1|0,124,5,12,,,00001garden,,16,0,0
SHAM,0.0,00001garden|125|1|0,124,5,13,,,00001garden,,16,0,0
SHAM,0.0,00001garden|125|1|0,124,5,14,,,00001garden,,16,0,0
SHAM,0.0,00001garden|125|1|0,124,5,15,,,00001garden,,16,0,0
SHAM,0.0,00001garden|125|1|0,124,5,16,,,00001garden,,16,0,0
SHAM,0.0,00001garden|125|1|0,124,5,17,,,00001garden,,16,0,0
SHAM,0.0,00001garden|125|1|0,124,5,18,,,00001garden,,16,0,0
SHAM,0.0,00001garden|125|1|0,124,5,19,,,00001garden,,16,0,0
SHAM,0.0,00001garden|125|1|0,124,5,20,,,00001garden,,16,0,0
C2b-INJECTION,0.0,00001garden|125|1|0,124,5,1,,,00001garden,,16,0,0
C2b-INJECTION,0.0,00001garden|125|1|0,124,5,2,,,00001garden,,16,0,0
C2b-INJECTION,0.0,00001garden|125|1|0,124,5,3,,,00001garden,,16,0,0
C2b-INJECTION,0.0,00001garden|125|1|0,124,5,4,,,00001garden,,16,0,0
C2b-INJECTION,0.0,00001garden|125|1|0,124,5,5,,,00001garden,,16,0,0
C2b-INJECTION,0.0,00001garden|125|1|0,124,5,6,,,00001garden,,16,0,0
C2b-INJECTION,0.0,00001garden|125|1|0,124,5,7,,,00001garden,,16,0,0
C2b-INJECTION,0.0,00001garden|125|1|0,124,5,8,,,00001garden,,16,0,0
C2b-INJECTION,0.0,00001garden|125|1|0,124,5,9,,,00001garden,,16,0,0
C2b-INJECTION,0.0,00001garden|125|1|0,124,5,10,,,00001garden,,16,0,0
C2b-INJECTION,0.0,00001garden|125|1|0,124,5,11,,,00001garden,,16,0,0
C2b-INJECTION,0.0,00001garden|125|1|0,124,5,12,,,00001garden,,16,0,0
C2b-INJECTION,0.0,00001garden|125|1|0,124,5,13,,,00001garden,,16,0,0
C2b-INJECTION,0.0,00001garden|125|1|0,124,5,14,,,00001garden,,16,0,0
C2b-INJECTION,0.0,00001garden|125|1|0,124,5,15,,,00001garden,,16,0,0
C2b-INJECTION,0.0,00001garden|125|1|0,124,5,16,,,00001garden,,16,0,0
C2b-INJECTION,0.0,00001garden|125|1|0,124,5,17,,,00001garden,,16,0,0
C2b-INJECTION,0.0,00001garden|125|1|0,124,5,18,,,00001garden,,16,0,0
C2b-INJECTION,0.0,00001garden|125|1|0,124,5,19,,,00001garden,,16,0,0
C2b-INJECTION,0.0,00001garden|125|1|0,124,5,20,,,00001garden,,16,0,0
_META,,00001garden|125|1|0,124,5,0,omitted_for_runtime,omitted_for_runtime,00001garden,,,0,
SHAM,0.0,00001garden|125|1|6,124,14,1,,,00001garden,,16,0,0
SHAM,0.0,00001garden|125|1|6,124,14,2,,,00001garden,,16,0,0
SHAM,0.0,00001garden|125|1|6,124,14,3,,,00001garden,,16,0,0
SHAM,0.0,00001garden|125|1|6,124,14,4,,,00001garden,,16,0,0
SHAM,0.0,00001garden|125|1|6,124,14,5,,,00001garden,,16,0,0
SHAM,0.0,00001garden|125|1|6,124,14,6,,,00001garden,,16,0,0
SHAM,0.0,00001garden|125|1|6,124,14,7,,,00001garden,,16,0,0
SHAM,0.0,00001garden|125|1|6,124,14,8,,,00001garden,,16,0,0
SHAM,0.0,00001garden|125|1|6,124,14,9,,,00001garden,,16,0,0
SHAM,0.0,00001garden|125|1|6,124,14,10,,,00001garden,,16,0,0
SHAM,0.0,00001garden|125|1|6,124,14,11,,,00001garden,,16,0,0
SHAM,0.0,00001garden|125|1|6,124,14,12,,,00001garden,,16,0,0
SHAM,0.0,00001garden|125|1|6,124,14,13,,,00001garden,,16,0,0
SHAM,0.0,00001garden|125|1|6,124,14,14,,,00001garden,,16,0,0
SHAM,0.0,00001garden|125|1|6,124,14,15,,,00001garden,,16,0,0
SHAM,0.0,00001garden|125|1|6,124,14,16,,,00001garden,,16,0,0
SHAM,0.0,00001garden|125|1|6,124,14,17,,,00001garden,,16,0,0
SHAM,0.0,00001garden|125|1|6,124,14,18,,,00001garden,,16,0,0
SHAM,0.0,00001garden|125|1|6,124,14,19,,,00001garden,,16,0,0
SHAM,0.0,00001garden|125|1|6,124,14,20,,,00001garden,,16,0,0
C2b-INJECTION,0.0,00001garden|125|1|6,124,14,1,,,00001garden,,16,0,0
C2b-INJECTION,0.0,00001garden|125|1|6,124,14,2,,,00001garden,,16,0,0
C2b-INJECTION,0.0,00001garden|125|1|6,124,14,3,,,00001garden,,16,0,0
C2b-INJECTION,0.0,00001garden|125|1|6,124,14,4,,,00001garden,,16,0,0
C2b-INJECTION,0.0,00001garden|125|1|6,124,14,5,,,00001garden,,16,0,0
C2b-INJECTION,0.0,00001garden|125|1|6,124,14,6,,,00001garden,,16,0,0
C2b-INJECTION,0.0,00001garden|125|1|6,124,14,7,,,00001garden,,16,0,0
C2b-INJECTION,0.0,00001garden|125|1|6,124,14,8,,,00001garden,,16,0,0
C2b-INJECTION,0.0,00001garden|125|1|6,124,14,9,,,00001garden,,16,0,0
C2b-INJECTION,0.0,00001garden|125|1|6,124,14,10,,,00001garden,,16,0,0
C2b-INJECTION,0.0,00001garden|125|1|6,124,14,11,,,00001garden,,16,0,0
C2b-INJECTION,0.0,00001garden|125|1|6,124,14,12,,,00001garden,,16,0,0
C2b-INJECTION,0.0,00001garden|125|1|6,124,14,13,,,00001garden,,16,0,0
C2b-INJECTION,0.0,00001garden|125|1|6,124,14,14,,,00001garden,,16,0,0
C2b-INJECTION,0.0,00001garden|125|1|6,124,14,15,,,00001garden,,16,0,0
C2b-INJECTION,0.0,00001garden|125|1|6,124,14,16,,,00001garden,,16,0,0
C2b-INJECTION,0.0,00001garden|125|1|6,124,14,17,,,00001garden,,16,0,0
C2b-INJECTION,0.0,00001garden|125|1|6,124,14,18,,,00001garden,,16,0,0
C2b-INJECTION,0.0,00001garden|125|1|6,124,14,19,,,00001garden,,16,0,0
C2b-INJECTION,0.0,00001garden|125|1|6,124,14,20,,,00001garden,,16,0,0
_META,,00001garden|125|1|6,124,14,0,omitted_for_runtime,omitted_for_runtime,00001garden,,,0,
SHAM,0.0,00001garden|179|1|11,178,7,1,,,00001garden,,16,0,0
SHAM,0.0,00001garden|179|1|11,178,7,2,,,00001garden,,15,0,0
SHAM,0.0,00001garden|179|1|11,178,7,3,,,00001garden,,15,0,0
SHAM,0.0,00001garden|179|1|11,178,7,4,,,00001garden,,15,0,0
SHAM,0.0,00001garden|179|1|11,178,7,5,,,00001garden,,15,0,0
SHAM,0.0,00001garden|179|1|11,178,7,6,,,00001garden,,15,0,0
SHAM,0.0,00001garden|179|1|11,178,7,7,,,00001garden,,15,0,0
SHAM,0.0,00001garden|179|1|11,178,7,8,,,00001garden,,15,0,0
SHAM,0.0,00001garden|179|1|11,178,7,9,,,00001garden,,15,0,0
SHAM,0.0,00001garden|179|1|11,178,7,10,,,00001garden,,15,0,0
SHAM,0.0,00001garden|179|1|11,178,7,11,,,00001garden,,15,0,0
SHAM,0.0,00001garden|179|1|11,178,7,12,,,00001garden,,15,0,0
SHAM,0.0,00001garden|179|1|11,178,7,13,,,00001garden,,15,0,0
SHAM,0.0,00001garden|179|1|11,178,7,14,,,00001garden,,15,0,0
SHAM,0.0,00001garden|179|1|11,178,7,15,,,00001garden,,15,0,0
SHAM,0.0,00001garden|179|1|11,178,7,16,,,00001garden,,15,0,0
SHAM,0.0,00001garden|179|1|11,178,7,17,,,00001garden,,15,0,0
SHAM,0.0,00001garden|179|1|11,178,7,18,,,00001garden,,15,0,0
SHAM,0.0,00001garden|179|1|11,178,7,19,,,00001garden,,15,0,0
SHAM,0.0,00001garden|179|1|11,178,7,20,,,00001garden,,15,0,0
C2b-INJECTION,0.0,00001garden|179|1|11,178,7,1,,,00001garden,,16,0,0
C2b-INJECTION,0.0,00001garden|179|1|11,178,7,2,,,00001garden,,15,0,0
C2b-INJECTION,0.0,00001garden|179|1|11,178,7,3,,,00001garden,,15,0,0
C2b-INJECTION,0.0,00001garden|179|1|11,178,7,4,,,00001garden,,15,0,0
C2b-INJECTION,0.0,00001garden|179|1|11,178,7,5,,,00001garden,,15,0,0
C2b-INJECTION,0.0,00001garden|179|1|11,178,7,6,,,00001garden,,15,0,0
C2b-INJECTION,0.0,00001garden|179|1|11,178,7,7,,,00001garden,,15,0,0
C2b-INJECTION,0.0,00001garden|179|1|11,178,7,8,,,00001garden,,15,0,0
C2b-INJECTION,0.0,00001garden|179|1|11,178,7,9,,,00001garden,,15,0,0
C2b-INJECTION,0.0,00001garden|179|1|11,178,7,10,,,00001garden,,15,0,0
C2b-INJECTION,0.0,00001garden|179|1|11,178,7,11,,,00001garden,,15,0,0
C2b-INJECTION,0.0,00001garden|179|1|11,178,7,12,,,00001garden,,15,0,0
C2b-INJECTION,0.0,00001garden|179|1|11,178,7,13,,,00001garden,,15,0,0
C2b-INJECTION,0.0,00001garden|179|1|11,178,7,14,,,00001garden,,15,0,0
C2b-INJECTION,0.0,00001garden|179|1|11,178,7,15,,,00001garden,,15,0,0
C2b-INJECTION,0.0,00001garden|179|1|11,178,7,16,,,00001garden,,15,0,0
C2b-INJECTION,0.0,00001garden|179|1|11,178,7,17,,,00001garden,,15,0,0
C2b-INJECTION,0.0,00001garden|179|1|11,178,7,18,,,00001garden,,15,0,0
C2b-INJECTION,0.0,00001garden|179|1|11,178,7,19,,,00001garden,,15,0,0
C2b-INJECTION,0.0,00001garden|179|1|11,178,7,20,,,00001garden,,15,0,0
_META,,00001garden|179|1|11,178,7,0,omitted_for_runtime,omitted_for_runtime,00001garden,,,0,
SHAM,0.0,00001garden|196|1|7,195,11,1,,,00001garden,,15,0,0
SHAM,0.0,00001garden|196|1|7,195,11,2,,,00001garden,,15,0,0
SHAM,0.0,00001garden|196|1|7,195,11,3,,,00001garden,,15,0,0
SHAM,0.0,00001garden|196|1|7,195,11,4,,,00001garden,,15,0,0
SHAM,0.0,00001garden|196|1|7,195,11,5,,,00001garden,,15,0,0
SHAM,0.0,00001garden|196|1|7,195,11,6,,,00001garden,,15,0,0
SHAM,0.0,00001garden|196|1|7,195,11,7,,,00001garden,,15,0,0
SHAM,0.0,00001garden|196|1|7,195,11,8,,,00001garden,,15,0,0
SHAM,0.0,00001garden|196|1|7,195,11,9,,,00001garden,,15,0,0
SHAM,0.0,00001garden|196|1|7,195,11,10,,,00001garden,,14,0,0
SHAM,0.0,00001garden|196|1|7,195,11,11,,,00001garden,,14,0,0
SHAM,0.0,00001garden|196|1|7,195,11,12,,,00001garden,,14,0,0
SHAM,0.0,00001garden|196|1|7,195,11,13,,,00001garden,,14,0,0
SHAM,0.0,00001garden|196|1|7,195,11,14,,,00001garden,,14,0,0
SHAM,0.0,00001garden|196|1|7,195,11,15,,,00001garden,,14,0,0
SHAM,0.0,00001garden|196|1|7,195,11,16,,,00001garden,,14,0,0
SHAM,0.0,00001garden|196|1|7,195,11,17,,,00001garden,,14,0,0
SHAM,0.0,00001garden|196|1|7,195,11,18,,,00001garden,,14,0,0
SHAM,0.0,00001garden|196|1|7,195,11,19,,,00001garden,,13,0,0
SHAM,0.0,00001garden|196|1|7,195,11,20,,,00001garden,,14,0,0
C2b-INJECTION,0.0,00001garden|196|1|7,195,11,1,,,00001garden,,15,0,0
C2b-INJECTION,0.0,00001garden|196|1|7,195,11,2,,,00001garden,,15,0,0
C2b-INJECTION,0.0,00001garden|196|1|7,195,11,3,,,00001garden,,15,0,0
C2b-INJECTION,0.0,00001garden|196|1|7,195,11,4,,,00001garden,,15,0,0
C2b-INJECTION,0.0,00001garden|196|1|7,195,11,5,,,00001garden,,15,0,0
C2b-INJECTION,0.0,00001garden|196|1|7,195,11,6,,,00001garden,,15,0,0
C2b-INJECTION,0.0,00001garden|196|1|7,195,11,7,,,00001garden,,15,0,0
C2b-INJECTION,0.0,00001garden|196|1|7,195,11,8,,,00001garden,,15,0,0
C2b-INJECTION,0.0,00001garden|196|1|7,195,11,9,,,00001garden,,15,0,0
C2b-INJECTION,0.0,00001garden|196|1|7,195,11,10,,,00001garden,,14,0,0
C2b-INJECTION,0.0,00001garden|196|1|7,195,11,11,,,00001garden,,14,0,0
C2b-INJECTION,0.0,00001garden|196|1|7,195,11,12,,,00001garden,,14,0,0
C2b-INJECTION,0.0,00001garden|196|1|7,195,11,13,,,00001garden,,14,0,0
C2b-INJECTION,0.0,00001garden|196|1|7,195,11,14,,,00001garden,,14,0,0
C2b-INJECTION,0.0,00001garden|196|1|7,195,11,15,,,00001garden,,14,0,0
C2b-INJECTION,0.0,00001garden|196|1|7,195,11,16,,,00001garden,,14,0,0
C2b-INJECTION,0.0,00001garden|196|1|7,195,11,17,,,00001garden,,14,0,0
C2b-INJECTION,0.0,00001garden|196|1|7,195,11,18,,,00001garden,,14,0,0
C2b-INJECTION,0.0,00001garden|196|1|7,195,11,19,,,00001garden,,13,0,0
C2b-INJECTION,0.0,00001garden|196|1|7,195,11,20,,,00001garden,,14,0,0
_META,,00001garden|196|1|7,195,11,0,omitted_for_runtime,omitted_for_runtime,00001garden,,,0,
SHAM,0.0,00001garden|207|1|2,206,5,1,,,00001garden,,14,0,0
SHAM,0.0,00001garden|207|1|2,206,5,2,,,00001garden,,14,0,0
SHAM,0.0,00001garden|207|1|2,206,5,3,,,00001garden,,14,0,0
SHAM,0.0,00001garden|207|1|2,206,5,4,,,00001garden,,14,0,0
SHAM,0.0,00001garden|207|1|2,206,5,5,,,00001garden,,14,0,0
SHAM,0.0,00001garden|207|1|2,206,5,6,,,00001garden,,14,0,0
SHAM,0.0,00001garden|207|1|2,206,5,7,,,00001garden,,14,0,0
SHAM,0.0,00001garden|207|1|2,206,5,8,,,00001garden,,13,0,0
SHAM,0.0,00001garden|207|1|2,206,5,9,,,00001garden,,14,0,0
SHAM,0.0,00001garden|207|1|2,206,5,10,,,00001garden,,14,0,0
SHAM,0.0,00001garden|207|1|2,206,5,11,,,00001garden,,14,0,0
SHAM,0.0,00001garden|207|1|2,206,5,12,,,00001garden,,14,0,0
SHAM,0.0,00001garden|207|1|2,206,5,13,,,00001garden,,14,0,0
SHAM,0.0,00001garden|207|1|2,206,5,14,,,00001garden,,14,0,0
SHAM,0.0,00001garden|207|1|2,206,5,15,,,00001garden,,14,0,0
SHAM,0.0,00001garden|207|1|2,206,5,16,,,00001garden,,13,0,0
SHAM,0.0,00001garden|207|1|2,206,5,17,,,00001garden,,13,0,0
SHAM,0.0,00001garden|207|1|2,206,5,18,,,00001garden,,12,0,0
SHAM,0.0,00001garden|207|1|2,206,5,19,,,00001garden,,14,0,0
SHAM,0.0,00001garden|207|1|2,206,5,20,,,00001garden,,12,0,0
C2b-INJECTION,0.0,00001garden|207|1|2,206,5,1,,,00001garden,,14,0,0
C2b-INJECTION,0.0,00001garden|207|1|2,206,5,2,,,00001garden,,14,0,0
C2b-INJECTION,0.0,00001garden|207|1|2,206,5,3,,,00001garden,,14,0,0
C2b-INJECTION,0.0,00001garden|207|1|2,206,5,4,,,00001garden,,14,0,0
C2b-INJECTION,0.0,00001garden|207|1|2,206,5,5,,,00001garden,,14,0,0
C2b-INJECTION,0.0,00001garden|207|1|2,206,5,6,,,00001garden,,14,0,0
C2b-INJECTION,0.0,00001garden|207|1|2,206,5,7,,,00001garden,,14,0,0
C2b-INJECTION,0.0,00001garden|207|1|2,206,5,8,,,00001garden,,13,0,0
C2b-INJECTION,0.0,00001garden|207|1|2,206,5,9,,,00001garden,,14,0,0
C2b-INJECTION,0.0,00001garden|207|1|2,206,5,10,,,00001garden,,14,0,0
C2b-INJECTION,0.0,00001garden|207|1|2,206,5,11,,,00001garden,,14,0,0
C2b-INJECTION,0.0,00001garden|207|1|2,206,5,12,,,00001garden,,14,0,0
C2b-INJECTION,0.0,00001garden|207|1|2,206,5,13,,,00001garden,,14,0,0
C2b-INJECTION,0.0,00001garden|207|1|2,206,5,14,,,00001garden,,14,0,0
C2b-INJECTION,0.0,00001garden|207|1|2,206,5,15,,,00001garden,,14,0,0
C2b-INJECTION,0.0,00001garden|207|1|2,206,5,16,,,00001garden,,13,0,0
C2b-INJECTION,0.0,00001garden|207|1|2,206,5,17,,,00001garden,,13,0,0
C2b-INJECTION,0.0,00001garden|207|1|2,206,5,18,,,00001garden,,12,0,0
C2b-INJECTION,0.0,00001garden|207|1|2,206,5,19,,,00001garden,,14,0,0
C2b-INJECTION,0.0,00001garden|207|1|2,206,5,20,,,00001garden,,12,0,0
_META,,00001garden|207|1|2,206,5,0,omitted_for_runtime,omitted_for_runtime,00001garden,,,0,
SHAM,0.0,00001garden|207|1|3,206,3,1,,,00001garden,,14,0,0
SHAM,0.0,00001garden|207|1|3,206,3,2,,,00001garden,,14,0,0
SHAM,0.0,00001garden|207|1|3,206,3,3,,,00001garden,,14,0,0
SHAM,0.0,00001garden|207|1|3,206,3,4,,,00001garden,,14,0,0
SHAM,0.0,00001garden|207|1|3,206,3,5,,,00001garden,,14,0,0
SHAM,0.0,00001garden|207|1|3,206,3,6,,,00001garden,,14,0,0
SHAM,0.0,00001garden|207|1|3,206,3,7,,,00001garden,,14,0,0
SHAM,0.0,00001garden|207|1|3,206,3,8,,,00001garden,,13,0,0
SHAM,0.0,00001garden|207|1|3,206,3,9,,,00001garden,,14,0,0
SHAM,0.0,00001garden|207|1|3,206,3,10,,,00001garden,,14,0,0
SHAM,0.0,00001garden|207|1|3,206,3,11,,,00001garden,,14,0,0
SHAM,0.0,00001garden|207|1|3,206,3,12,,,00001garden,,14,0,0
SHAM,0.0,00001garden|207|1|3,206,3,13,,,00001garden,,14,0,0
SHAM,0.0,00001garden|207|1|3,206,3,14,,,00001garden,,14,0,0
SHAM,0.0,00001garden|207|1|3,206,3,15,,,00001garden,,14,0,0
SHAM,0.0,00001garden|207|1|3,206,3,16,,,00001garden,,13,0,0
SHAM,0.0,00001garden|207|1|3,206,3,17,,,00001garden,,13,0,0
SHAM,0.0,00001garden|207|1|3,206,3,18,,,00001garden,,12,0,0
SHAM,0.0,00001garden|207|1|3,206,3,19,,,00001garden,,14,0,0
SHAM,0.0,00001garden|207|1|3,206,3,20,,,00001garden,,12,0,0
C2b-INJECTION,0.0,00001garden|207|1|3,206,3,1,,,00001garden,,14,0,0
C2b-INJECTION,0.0,00001garden|207|1|3,206,3,2,,,00001garden,,14,0,0
C2b-INJECTION,0.0,00001garden|207|1|3,206,3,3,,,00001garden,,14,0,0
C2b-INJECTION,0.0,00001garden|207|1|3,206,3,4,,,00001garden,,14,0,0
C2b-INJECTION,0.0,00001garden|207|1|3,206,3,5,,,00001garden,,14,0,0
C2b-INJECTION,0.0,00001garden|207|1|3,206,3,6,,,00001garden,,14,0,0
C2b-INJECTION,0.0,00001garden|207|1|3,206,3,7,,,00001garden,,14,0,0
C2b-INJECTION,0.0,00001garden|207|1|3,206,3,8,,,00001garden,,13,0,0
C2b-INJECTION,0.0,00001garden|207|1|3,206,3,9,,,00001garden,,14,0,0
C2b-INJECTION,0.0,00001garden|207|1|3,206,3,10,,,00001garden,,14,0,0
C2b-INJECTION,0.0,00001garden|207|1|3,206,3,11,,,00001garden,,14,0,0
C2b-INJECTION,0.0,00001garden|207|1|3,206,3,12,,,00001garden,,14,0,0
C2b-INJECTION,0.0,00001garden|207|1|3,206,3,13,,,00001garden,,14,0,0
C2b-INJECTION,0.0,00001garden|207|1|3,206,3,14,,,00001garden,,14,0,0
C2b-INJECTION,0.0,00001garden|207|1|3,206,3,15,,,00001garden,,14,0,0
C2b-INJECTION,0.0,00001garden|207|1|3,206,3,16,,,00001garden,,13,0,0
C2b-INJECTION,0.0,00001garden|207|1|3,206,3,17,,,00001garden,,13,0,0
C2b-INJECTION,0.0,00001garden|207|1|3,206,3,18,,,00001garden,,12,0,0
C2b-INJECTION,0.0,00001garden|207|1|3,206,3,19,,,00001garden,,14,0,0
C2b-INJECTION,0.0,00001garden|207|1|3,206,3,20,,,00001garden,,13,0,0
_META,,00001garden|207|1|3,206,3,0,omitted_for_runtime,omitted_for_runtime,00001garden,,,0,
SHAM,0.0,00001garden|208|1|3,207,13,1,,,00001garden,,14,0,0
SHAM,0.0,00001garden|208|1|3,207,13,2,,,00001garden,,14,0,0
SHAM,0.0,00001garden|208|1|3,207,13,3,,,00001garden,,14,0,0
SHAM,0.0,00001garden|208|1|3,207,13,4,,,00001garden,,14,0,0
SHAM,0.0,00001garden|208|1|3,207,13,5,,,00001garden,,14,0,0
SHAM,0.0,00001garden|208|1|3,207,13,6,,,00001garden,,14,0,0
SHAM,0.0,00001garden|208|1|3,207,13,7,,,00001garden,,13,0,0
SHAM,0.0,00001garden|208|1|3,207,13,8,,,00001garden,,14,0,0
SHAM,0.0,00001garden|208|1|3,207,13,9,,,00001garden,,14,0,0
SHAM,0.0,00001garden|208|1|3,207,13,10,,,00001garden,,14,0,0
SHAM,0.0,00001garden|208|1|3,207,13,11,,,00001garden,,14,0,0
SHAM,0.0,00001garden|208|1|3,207,13,12,,,00001garden,,14,0,0
SHAM,0.0,00001garden|208|1|3,207,13,13,,,00001garden,,14,0,0
SHAM,0.0,00001garden|208|1|3,207,13,14,,,00001garden,,14,0,0
SHAM,0.0,00001garden|208|1|3,207,13,15,,,00001garden,,13,0,0
SHAM,0.0,00001garden|208|1|3,207,13,16,,,00001garden,,13,0,0
SHAM,0.0,00001garden|208|1|3,207,13,17,,,00001garden,,12,0,0
SHAM,0.0,00001garden|208|1|3,207,13,18,,,00001garden,,14,0,0
SHAM,0.0,00001garden|208|1|3,207,13,19,,,00001garden,,12,0,0
SHAM,0.0,00001garden|208|1|3,207,13,20,,,00001garden,,12,0,0
C2b-INJECTION,0.0,00001garden|208|1|3,207,13,1,,,00001garden,,14,0,0
C2b-INJECTION,0.0,00001garden|208|1|3,207,13,2,,,00001garden,,14,0,0
C2b-INJECTION,0.0,00001garden|208|1|3,207,13,3,,,00001garden,,14,0,0
C2b-INJECTION,0.0,00001garden|208|1|3,207,13,4,,,00001garden,,14,0,0
C2b-INJECTION,0.0,00001garden|208|1|3,207,13,5,,,00001garden,,14,0,0
C2b-INJECTION,0.0,00001garden|208|1|3,207,13,6,,,00001garden,,14,0,0
C2b-INJECTION,0.0,00001garden|208|1|3,207,13,7,,,00001garden,,13,0,0
C2b-INJECTION,0.0,00001garden|208|1|3,207,13,8,,,00001garden,,14,0,0
C2b-INJECTION,0.0,00001garden|208|1|3,207,13,9,,,00001garden,,14,0,0
C2b-INJECTION,0.0,00001garden|208|1|3,207,13,10,,,00001garden,,14,0,0
C2b-INJECTION,0.0,00001garden|208|1|3,207,13,11,,,00001garden,,14,0,0
C2b-INJECTION,0.0,00001garden|208|1|3,207,13,12,,,00001garden,,14,0,0
C2b-INJECTION,0.0,00001garden|208|1|3,207,13,13,,,00001garden,,14,0,0
C2b-INJECTION,0.0,00001garden|208|1|3,207,13,14,,,00001garden,,14,0,0
C2b-INJECTION,0.0,00001garden|208|1|3,207,13,15,,,00001garden,,13,0,0
C2b-INJECTION,0.0,00001garden|208|1|3,207,13,16,,,00001garden,,13,0,0
C2b-INJECTION,0.0,00001garden|208|1|3,207,13,17,,,00001garden,,12,0,0
C2b-INJECTION,0.0,00001garden|208|1|3,207,13,18,,,00001garden,,14,0,0
C2b-INJECTION,0.0,00001garden|208|1|3,207,13,19,,,00001garden,,13,0,0
C2b-INJECTION,0.0,00001garden|208|1|3,207,13,20,,,00001garden,,12,0,0
_META,,00001garden|208|1|3,207,13,0,omitted_for_runtime,omitted_for_runtime,00001garden,,,0,
SHAM,0.0,00001garden|248|1|4,247,3,1,,,00001garden,,13,0,0
SHAM,0.0,00001garden|248|1|4,247,3,2,,,00001garden,,13,0,0
SHAM,0.0,00001garden|248|1|4,247,3,3,,,00001garden,,13,0,0
SHAM,0.0,00001garden|248|1|4,247,3,4,,,00001garden,,13,0,0
SHAM,0.0,00001garden|248|1|4,247,3,5,,,00001garden,,13,0,0
SHAM,0.0,00001garden|248|1|4,247,3,6,,,00001garden,,13,0,0
SHAM,0.0,00001garden|248|1|4,247,3,7,,,00001garden,,13,0,0
SHAM,0.0,00001garden|248|1|4,247,3,8,,,00001garden,,13,0,0
SHAM,0.0,00001garden|248|1|4,247,3,9,,,00001garden,,13,0,0
SHAM,0.0,00001garden|248|1|4,247,3,10,,,00001garden,,13,0,0
SHAM,0.0,00001garden|248|1|4,247,3,11,,,00001garden,,13,0,0
SHAM,0.0,00001garden|248|1|4,247,3,12,,,00001garden,,13,0,0
SHAM,0.0,00001garden|248|1|4,247,3,13,,,00001garden,,13,0,0
SHAM,0.0,00001garden|248|1|4,247,3,14,,,00001garden,,12,0,0
SHAM,0.0,00001garden|248|1|4,247,3,15,,,00001garden,,12,0,0
SHAM,0.0,00001garden|248|1|4,247,3,16,,,00001garden,,12,0,0
SHAM,0.0,00001garden|248|1|4,247,3,17,,,00001garden,,12,0,0
SHAM,0.0,00001garden|248|1|4,247,3,18,,,00001garden,,13,0,0
SHAM,0.0,00001garden|248|1|4,247,3,19,,,00001garden,,13,0,0
SHAM,0.0,00001garden|248|1|4,247,3,20,,,00001garden,,13,0,0
C2b-INJECTION,0.0,00001garden|248|1|4,247,3,1,,,00001garden,,13,0,0
C2b-INJECTION,0.0,00001garden|248|1|4,247,3,2,,,00001garden,,13,0,0
C2b-INJECTION,0.0,00001garden|248|1|4,247,3,3,,,00001garden,,13,0,0
C2b-INJECTION,0.0,00001garden|248|1|4,247,3,4,,,00001garden,,13,0,0
C2b-INJECTION,0.0,00001garden|248|1|4,247,3,5,,,00001garden,,13,0,0
C2b-INJECTION,0.0,00001garden|248|1|4,247,3,6,,,00001garden,,13,0,0
C2b-INJECTION,0.0,00001garden|248|1|4,247,3,7,,,00001garden,,13,0,0
C2b-INJECTION,0.0,00001garden|248|1|4,247,3,8,,,00001garden,,13,0,0
C2b-INJECTION,0.0,00001garden|248|1|4,247,3,9,,,00001garden,,13,0,0
C2b-INJECTION,0.0,00001garden|248|1|4,247,3,10,,,00001garden,,13,0,0
C2b-INJECTION,0.0,00001garden|248|1|4,247,3,11,,,00001garden,,13,0,0
C2b-INJECTION,0.0,00001garden|248|1|4,247,3,12,,,00001garden,,13,0,0
C2b-INJECTION,0.0,00001garden|248|1|4,247,3,13,,,00001garden,,13,0,0
C2b-INJECTION,0.0,00001garden|248|1|4,247,3,14,,,00001garden,,12,0,0
C2b-INJECTION,0.0,00001garden|248|1|4,247,3,15,,,00001garden,,12,0,0
C2b-INJECTION,0.0,00001garden|248|1|4,247,3,16,,,00001garden,,12,0,0
C2b-INJECTION,0.0,00001garden|248|1|4,247,3,17,,,00001garden,,12,0,0
C2b-INJECTION,0.0,00001garden|248|1|4,247,3,18,,,00001garden,,13,0,0
C2b-INJECTION,0.0,00001garden|248|1|4,247,3,19,,,00001garden,,13,0,0
C2b-INJECTION,0.0,00001garden|248|1|4,247,3,20,,,00001garden,,13,0,0
_META,,00001garden|248|1|4,247,3,0,omitted_for_runtime,omitted_for_runtime,00001garden,,,0,
SHAM,0.0,00001garden|248|2|2,247,6,1,,,00001garden,,13,1,0
SHAM,0.0,00001garden|248|2|2,247,6,2,,,00001garden,,13,1,0
SHAM,0.0,00001garden|248|2|2,247,6,3,,,00001garden,,13,1,0
SHAM,0.0,00001garden|248|2|2,247,6,4,,,00001garden,,13,1,0
SHAM,0.0,00001garden|248|2|2,247,6,5,,,00001garden,,13,1,0
SHAM,0.0,00001garden|248|2|2,247,6,6,,,00001garden,,13,1,0
SHAM,0.0,00001garden|248|2|2,247,6,7,,,00001garden,,13,1,0
SHAM,0.0,00001garden|248|2|2,247,6,8,,,00001garden,,13,1,0
SHAM,0.0,00001garden|248|2|2,247,6,9,,,00001garden,,13,1,0
SHAM,0.0,00001garden|248|2|2,247,6,10,,,00001garden,,13,1,0
SHAM,0.0,00001garden|248|2|2,247,6,11,,,00001garden,,13,1,0
SHAM,0.0,00001garden|248|2|2,247,6,12,,,00001garden,,13,1,0
SHAM,0.0,00001garden|248|2|2,247,6,13,,,00001garden,,13,1,0
SHAM,0.0,00001garden|248|2|2,247,6,14,,,00001garden,,12,1,0
SHAM,0.0,00001garden|248|2|2,247,6,15,,,00001garden,,12,1,0
SHAM,0.0,00001garden|248|2|2,247,6,16,,,00001garden,,12,1,0
SHAM,0.0,00001garden|248|2|2,247,6,17,,,00001garden,,12,1,0
SHAM,0.0,00001garden|248|2|2,247,6,18,,,00001garden,,13,1,0
SHAM,0.0,00001garden|248|2|2,247,6,19,,,00001garden,,13,1,0
SHAM,0.0,00001garden|248|2|2,247,6,20,,,00001garden,,13,1,0
C2b-INJECTION,0.0,00001garden|248|2|2,247,6,1,,,00001garden,,13,1,0
C2b-INJECTION,0.0,00001garden|248|2|2,247,6,2,,,00001garden,,13,1,0
C2b-INJECTION,0.0,00001garden|248|2|2,247,6,3,,,00001garden,,13,1,0
C2b-INJECTION,0.0,00001garden|248|2|2,247,6,4,,,00001garden,,13,1,0
C2b-INJECTION,0.0,00001garden|248|2|2,247,6,5,,,00001garden,,13,1,0
C2b-INJECTION,0.0,00001garden|248|2|2,247,6,6,,,00001garden,,13,1,0
C2b-INJECTION,0.0,00001garden|248|2|2,247,6,7,,,00001garden,,13,1,0
C2b-INJECTION,0.0,00001garden|248|2|2,247,6,8,,,00001garden,,13,1,0
C2b-INJECTION,0.0,00001garden|248|2|2,247,6,9,,,00001garden,,13,1,0
C2b-INJECTION,0.0,00001garden|248|2|2,247,6,10,,,00001garden,,13,1,0
C2b-INJECTION,0.0,00001garden|248|2|2,247,6,11,,,00001garden,,13,1,0
C2b-INJECTION,0.0,00001garden|248|2|2,247,6,12,,,00001garden,,13,1,0
C2b-INJECTION,0.0,00001garden|248|2|2,247,6,13,,,00001garden,,13,1,0
C2b-INJECTION,0.0,00001garden|248|2|2,247,6,14,,,00001garden,,12,1,0
C2b-INJECTION,0.0,00001garden|248|2|2,247,6,15,,,00001garden,,12,1,0
C2b-INJECTION,0.0,00001garden|248|2|2,247,6,16,,,00001garden,,12,1,0
C2b-INJECTION,0.0,00001garden|248|2|2,247,6,17,,,00001garden,,12,1,0
C2b-INJECTION,0.0,00001garden|248|2|2,247,6,18,,,00001garden,,13,1,0
C2b-INJECTION,0.0,00001garden|248|2|2,247,6,19,,,00001garden,,13,1,0
C2b-INJECTION,0.0,00001garden|248|2|2,247,6,20,,,00001garden,,13,1,0
_META,,00001garden|248|2|2,247,6,0,omitted_for_runtime,omitted_for_runtime,00001garden,,,1,
SHAM,0.0,00001garden|260|1|5,259,8,1,,,00001garden,,13,0,0
SHAM,0.0,00001garden|260|1|5,259,8,2,,,00001garden,,12,0,0
SHAM,0.0,00001garden|260|1|5,259,8,3,,,00001garden,,12,0,0
SHAM,0.0,00001garden|260|1|5,259,8,4,,,00001garden,,12,0,0
SHAM,0.0,00001garden|260|1|5,259,8,5,,,00001garden,,12,0,0
SHAM,0.0,00001garden|260|1|5,259,8,6,,,00001garden,,13,0,0
SHAM,0.0,00001garden|260|1|5,259,8,7,,,00001garden,,13,0,0
SHAM,0.0,00001garden|260|1|5,259,8,8,,,00001garden,,13,0,0
SHAM,0.0,00001garden|260|1|5,259,8,9,,,00001garden,,13,0,0
SHAM,0.0,00001garden|260|1|5,259,8,10,,,00001garden,,13,0,0
SHAM,0.0,00001garden|260|1|5,259,8,11,,,00001garden,,13,0,0
SHAM,0.0,00001garden|260|1|5,259,8,12,,,00001garden,,13,0,0
SHAM,0.0,00001garden|260|1|5,259,8,13,,,00001garden,,12,0,0
SHAM,0.0,00001garden|260|1|5,259,8,14,,,00001garden,,12,0,0
SHAM,0.0,00001garden|260|1|5,259,8,15,,,00001garden,,12,0,0
SHAM,0.0,00001garden|260|1|5,259,8,16,,,00001garden,,12,0,0
SHAM,0.0,00001garden|260|1|5,259,8,17,,,00001garden,,12,0,0
SHAM,0.0,00001garden|260|1|5,259,8,18,,,00001garden,,11,0,0
SHAM,0.0,00001garden|260|1|5,259,8,19,,,00001garden,,12,0,0
SHAM,0.0,00001garden|260|1|5,259,8,20,,,00001garden,,12,0,0
C2b-INJECTION,0.0,00001garden|260|1|5,259,8,1,,,00001garden,,13,0,0
C2b-INJECTION,0.0,00001garden|260|1|5,259,8,2,,,00001garden,,12,0,0
C2b-INJECTION,0.0,00001garden|260|1|5,259,8,3,,,00001garden,,12,0,0
C2b-INJECTION,0.0,00001garden|260|1|5,259,8,4,,,00001garden,,12,0,0
C2b-INJECTION,0.0,00001garden|260|1|5,259,8,5,,,00001garden,,12,0,0
C2b-INJECTION,0.0,00001garden|260|1|5,259,8,6,,,00001garden,,13,0,0
C2b-INJECTION,0.0,00001garden|260|1|5,259,8,7,,,00001garden,,13,0,0
C2b-INJECTION,0.0,00001garden|260|1|5,259,8,8,,,00001garden,,13,0,0
C2b-INJECTION,0.0,00001garden|260|1|5,259,8,9,,,00001garden,,13,0,0
C2b-INJECTION,0.0,00001garden|260|1|5,259,8,10,,,00001garden,,13,0,0
C2b-INJECTION,0.0,00001garden|260|1|5,259,8,11,,,00001garden,,13,0,0
C2b-INJECTION,0.0,00001garden|260|1|5,259,8,12,,,00001garden,,13,0,0
C2b-INJECTION,0.0,00001garden|260|1|5,259,8,13,,,00001garden,,12,0,0
C2b-INJECTION,0.0,00001garden|260|1|5,259,8,14,,,00001garden,,12,0,0
C2b-INJECTION,0.0,00001garden|260|1|5,259,8,15,,,00001garden,,12,0,0
C2b-INJECTION,0.0,00001garden|260|1|5,259,8,16,,,00001garden,,12,0,0
C2b-INJECTION,0.0,00001garden|260|1|5,259,8,17,,,00001garden,,12,0,0
C2b-INJECTION,0.0,00001garden|260|1|5,259,8,18,,,00001garden,,11,0,0
C2b-INJECTION,0.0,00001garden|260|1|5,259,8,19,,,00001garden,,12,0,0
C2b-INJECTION,0.0,00001garden|260|1|5,259,8,20,,,00001garden,,12,0,0
_META,,00001garden|260|1|5,259,8,0,omitted_for_runtime,omitted_for_runtime,00001garden,,,0,
SHAM,0.0,00001garden|261|1|6,260,7,1,,,00001garden,,12,0,0
SHAM,0.0,00001garden|261|1|6,260,7,2,,,00001garden,,12,0,0
SHAM,0.0,00001garden|261|1|6,260,7,3,,,00001garden,,12,0,0
SHAM,0.0,00001garden|261|1|6,260,7,4,,,00001garden,,12,0,0
SHAM,0.0,00001garden|261|1|6,260,7,5,,,00001garden,,13,0,0
SHAM,0.0,00001garden|261|1|6,260,7,6,,,00001garden,,13,0,0
SHAM,0.0,00001garden|261|1|6,260,7,7,,,00001garden,,13,0,0
SHAM,0.0,00001garden|261|1|6,260,7,8,,,00001garden,,13,0,0
SHAM,0.0,00001garden|261|1|6,260,7,9,,,00001garden,,13,0,0
SHAM,0.0,00001garden|261|1|6,260,7,10,,,00001garden,,13,0,0
SHAM,0.0,00001garden|261|1|6,260,7,11,,,00001garden,,13,0,0
SHAM,0.0,00001garden|261|1|6,260,7,12,,,00001garden,,12,0,0
SHAM,0.0,00001garden|261|1|6,260,7,13,,,00001garden,,12,0,0
SHAM,0.0,00001garden|261|1|6,260,7,14,,,00001garden,,12,0,0
SHAM,0.0,00001garden|261|1|6,260,7,15,,,00001garden,,12,0,0
SHAM,0.0,00001garden|261|1|6,260,7,16,,,00001garden,,12,0,0
SHAM,0.0,00001garden|261|1|6,260,7,17,,,00001garden,,11,0,0
SHAM,0.0,00001garden|261|1|6,260,7,18,,,00001garden,,12,0,0
SHAM,0.0,00001garden|261|1|6,260,7,19,,,00001garden,,12,0,0
SHAM,0.0,00001garden|261|1|6,260,7,20,,,00001garden,,12,0,0
C2b-INJECTION,0.0,00001garden|261|1|6,260,7,1,,,00001garden,,12,0,0
C2b-INJECTION,0.0,00001garden|261|1|6,260,7,2,,,00001garden,,12,0,0
C2b-INJECTION,0.0,00001garden|261|1|6,260,7,3,,,00001garden,,12,0,0
C2b-INJECTION,0.0,00001garden|261|1|6,260,7,4,,,00001garden,,12,0,0
C2b-INJECTION,0.0,00001garden|261|1|6,260,7,5,,,00001garden,,13,0,0
C2b-INJECTION,0.0,00001garden|261|1|6,260,7,6,,,00001garden,,13,0,0
C2b-INJECTION,0.0,00001garden|261|1|6,260,7,7,,,00001garden,,13,0,0
C2b-INJECTION,0.0,00001garden|261|1|6,260,7,8,,,00001garden,,13,0,0
C2b-INJECTION,0.0,00001garden|261|1|6,260,7,9,,,00001garden,,13,0,0
C2b-INJECTION,0.0,00001garden|261|1|6,260,7,10,,,00001garden,,13,0,0
C2b-INJECTION,0.0,00001garden|261|1|6,260,7,11,,,00001garden,,13,0,0
C2b-INJECTION,0.0,00001garden|261|1|6,260,7,12,,,00001garden,,12,0,0
C2b-INJECTION,0.0,00001garden|261|1|6,260,7,13,,,00001garden,,12,0,0
C2b-INJECTION,0.0,00001garden|261|1|6,260,7,14,,,00001garden,,12,0,0
C2b-INJECTION,0.0,00001garden|261|1|6,260,7,15,,,00001garden,,12,0,0
C2b-INJECTION,0.0,00001garden|261|1|6,260,7,16,,,00001garden,,12,0,0
C2b-INJECTION,0.0,00001garden|261|1|6,260,7,17,,,00001garden,,11,0,0
C2b-INJECTION,0.0,00001garden|261|1|6,260,7,18,,,00001garden,,12,0,0
C2b-INJECTION,0.0,00001garden|261|1|6,260,7,19,,,00001garden,,12,0,0
C2b-INJECTION,0.0,00001garden|261|1|6,260,7,20,,,00001garden,,12,0,0
_META,,00001garden|261|1|6,260,7,0,omitted_for_runtime,omitted_for_runtime,00001garden,,,0,
SHAM,0.0,00001garden|268|1|8,267,10,1,,,00001garden,,13,0,0
SHAM,0.0,00001garden|268|1|8,267,10,2,,,00001garden,,13,0,0
SHAM,0.0,00001garden|268|1|8,267,10,3,,,00001garden,,13,0,0
SHAM,0.0,00001garden|268|1|8,267,10,4,,,00001garden,,13,0,0
SHAM,0.0,00001garden|268|1|8,267,10,5,,,00001garden,,12,0,0
SHAM,0.0,00001garden|268|1|8,267,10,6,,,00001garden,,12,0,0
SHAM,0.0,00001garden|268|1|8,267,10,7,,,00001garden,,12,0,0
SHAM,0.0,00001garden|268|1|8,267,10,8,,,00001garden,,12,0,0
SHAM,0.0,00001garden|268|1|8,267,10,9,,,00001garden,,12,0,0
SHAM,0.0,00001garden|268|1|8,267,10,10,,,00001garden,,11,0,0
SHAM,0.0,00001garden|268|1|8,267,10,11,,,00001garden,,12,0,0
SHAM,0.0,00001garden|268|1|8,267,10,12,,,00001garden,,12,0,0
SHAM,0.0,00001garden|268|1|8,267,10,13,,,00001garden,,12,0,0
SHAM,0.0,00001garden|268|1|8,267,10,14,,,00001garden,,12,0,0
SHAM,0.0,00001garden|268|1|8,267,10,15,,,00001garden,,12,0,0
SHAM,0.0,00001garden|268|1|8,267,10,16,,,00001garden,,12,0,0
SHAM,0.0,00001garden|268|1|8,267,10,17,,,00001garden,,12,0,0
SHAM,0.0,00001garden|268|1|8,267,10,18,,,00001garden,,11,0,0
SHAM,0.0,00001garden|268|1|8,267,10,19,,,00001garden,,11,0,0
SHAM,0.0,00001garden|268|1|8,267,10,20,,,00001garden,,11,0,0
C2b-INJECTION,0.0,00001garden|268|1|8,267,10,1,,,00001garden,,13,0,0
C2b-INJECTION,0.0,00001garden|268|1|8,267,10,2,,,00001garden,,13,0,0
C2b-INJECTION,0.0,00001garden|268|1|8,267,10,3,,,00001garden,,13,0,0
C2b-INJECTION,0.0,00001garden|268|1|8,267,10,4,,,00001garden,,13,0,0
C2b-INJECTION,0.0,00001garden|268|1|8,267,10,5,,,00001garden,,12,0,0
C2b-INJECTION,0.0,00001garden|268|1|8,267,10,6,,,00001garden,,12,0,0
C2b-INJECTION,0.0,00001garden|268|1|8,267,10,7,,,00001garden,,12,0,0
C2b-INJECTION,0.0,00001garden|268|1|8,267,10,8,,,00001garden,,12,0,0
C2b-INJECTION,0.0,00001garden|268|1|8,267,10,9,,,00001garden,,12,0,0
C2b-INJECTION,0.0,00001garden|268|1|8,267,10,10,,,00001garden,,11,0,0
C2b-INJECTION,0.0,00001garden|268|1|8,267,10,11,,,00001garden,,12,0,0
C2b-INJECTION,0.0,00001garden|268|1|8,267,10,12,,,00001garden,,12,0,0
C2b-INJECTION,0.0,00001garden|268|1|8,267,10,13,,,00001garden,,12,0,0
C2b-INJECTION,0.0,00001garden|268|1|8,267,10,14,,,00001garden,,12,0,0
C2b-INJECTION,0.0,00001garden|268|1|8,267,10,15,,,00001garden,,12,0,0
C2b-INJECTION,0.0,00001garden|268|1|8,267,10,16,,,00001garden,,12,0,0
C2b-INJECTION,0.0,00001garden|268|1|8,267,10,17,,,00001garden,,12,0,0
C2b-INJECTION,0.0,00001garden|268|1|8,267,10,18,,,00001garden,,11,0,0
C2b-INJECTION,0.0,00001garden|268|1|8,267,10,19,,,00001garden,,11,0,0
C2b-INJECTION,0.0,00001garden|268|1|8,267,10,20,,,00001garden,,11,0,0
_META,,00001garden|268|1|8,267,10,0,omitted_for_runtime,omitted_for_runtime,00001garden,,,0,
SHAM,0.0,00001garden|289|1|1,288,2,1,,,00001garden,,12,0,0
SHAM,0.0,00001garden|289|1|1,288,2,2,,,00001garden,,12,0,0
SHAM,0.0,00001garden|289|1|1,288,2,3,,,00001garden,,12,0,0
SHAM,0.0,00001garden|289|1|1,288,2,4,,,00001garden,,11,0,0
SHAM,0.0,00001garden|289|1|1,288,2,5,,,00001garden,,11,0,0
SHAM,0.0,00001garden|289|1|1,288,2,6,,,00001garden,,12,0,0
SHAM,0.0,00001garden|289|1|1,288,2,7,,,00001garden,,12,0,0
SHAM,0.0,00001garden|289|1|1,288,2,8,,,00001garden,,11,0,0
SHAM,0.0,00001garden|289|1|1,288,2,9,,,00001garden,,11,0,0
SHAM,0.0,00001garden|289|1|1,288,2,10,,,00001garden,,12,0,0
SHAM,0.0,00001garden|289|1|1,288,2,11,,,00001garden,,12,0,0
SHAM,0.0,00001garden|289|1|1,288,2,12,,,00001garden,,12,0,0
SHAM,0.0,00001garden|289|1|1,288,2,13,,,00001garden,,11,0,0
SHAM,0.0,00001garden|289|1|1,288,2,14,,,00001garden,,11,0,0
SHAM,0.0,00001garden|289|1|1,288,2,15,,,00001garden,,11,0,0
SHAM,0.0,00001garden|289|1|1,288,2,16,,,00001garden,,9,0,0
SHAM,0.0,00001garden|289|1|1,288,2,17,,,00001garden,,9,0,0
SHAM,0.0,00001garden|289|1|1,288,2,18,,,00001garden,,10,0,0
SHAM,0.0,00001garden|289|1|1,288,2,19,,,00001garden,,13,0,0
SHAM,0.0,00001garden|289|1|1,288,2,20,,,00001garden,,13,0,0
C2b-INJECTION,0.0,00001garden|289|1|1,288,2,1,,,00001garden,,12,0,0
C2b-INJECTION,0.0,00001garden|289|1|1,288,2,2,,,00001garden,,12,0,0
C2b-INJECTION,0.0,00001garden|289|1|1,288,2,3,,,00001garden,,12,0,0
C2b-INJECTION,0.0,00001garden|289|1|1,288,2,4,,,00001garden,,11,0,0
C2b-INJECTION,0.0,00001garden|289|1|1,288,2,5,,,00001garden,,11,0,0
C2b-INJECTION,0.0,00001garden|289|1|1,288,2,6,,,00001garden,,12,0,0
C2b-INJECTION,0.0,00001garden|289|1|1,288,2,7,,,00001garden,,12,0,0
C2b-INJECTION,0.0,00001garden|289|1|1,288,2,8,,,00001garden,,11,0,0
C2b-INJECTION,0.0,00001garden|289|1|1,288,2,9,,,00001garden,,11,0,0
C2b-INJECTION,0.0,00001garden|289|1|1,288,2,10,,,00001garden,,12,0,0
C2b-INJECTION,0.0,00001garden|289|1|1,288,2,11,,,00001garden,,12,0,0
C2b-INJECTION,0.0,00001garden|289|1|1,288,2,12,,,00001garden,,12,0,0
C2b-INJECTION,0.0,00001garden|289|1|1,288,2,13,,,00001garden,,11,0,0
C2b-INJECTION,0.0,00001garden|289|1|1,288,2,14,,,00001garden,,11,0,0
C2b-INJECTION,0.0,00001garden|289|1|1,288,2,15,,,00001garden,,11,0,0
C2b-INJECTION,0.0,00001garden|289|1|1,288,2,16,,,00001garden,,9,0,0
C2b-INJECTION,0.0,00001garden|289|1|1,288,2,17,,,00001garden,,9,0,0
C2b-INJECTION,0.0,00001garden|289|1|1,288,2,18,,,00001garden,,10,0,0
C2b-INJECTION,0.0,00001garden|289|1|1,288,2,19,,,00001garden,,13,0,0
C2b-INJECTION,0.0,00001garden|289|1|1,288,2,20,,,00001garden,,13,0,0
_META,,00001garden|289|1|1,288,2,0,omitted_for_runtime,omitted_for_runtime,00001garden,,,0,
SHAM,0.0,00001garden|301|1|5,300,8,1,,,00001garden,,11,0,0
SHAM,0.0,00001garden|301|1|5,300,8,2,,,00001garden,,11,0,0
SHAM,0.0,00001garden|301|1|5,300,8,3,,,00001garden,,11,0,0
SHAM,0.0,00001garden|301|1|5,300,8,4,,,00001garden,,9,0,0
SHAM,0.0,00001garden|301|1|5,300,8,5,,,00001garden,,9,0,0
SHAM,0.0,00001garden|301|1|5,300,8,6,,,00001garden,,10,0,0
SHAM,0.0,00001garden|301|1|5,300,8,7,,,00001garden,,13,0,0
SHAM,0.0,00001garden|301|1|5,300,8,8,,,00001garden,,13,0,0
SHAM,0.0,00001garden|301|1|5,300,8,9,,,00001garden,,12,0,0
SHAM,0.0,00001garden|301|1|5,300,8,10,,,00001garden,,12,0,0
SHAM,0.0,00001garden|301|1|5,300,8,11,,,00001garden,,12,0,0
SHAM,0.0,00001garden|301|1|5,300,8,12,,,00001garden,,12,0,0
SHAM,0.0,00001garden|301|1|5,300,8,13,,,00001garden,,12,0,0
SHAM,0.0,00001garden|301|1|5,300,8,14,,,00001garden,,13,0,0
SHAM,0.0,00001garden|301|1|5,300,8,15,,,00001garden,,12,0,0
SHAM,0.0,00001garden|301|1|5,300,8,16,,,00001garden,,13,0,0
SHAM,0.0,00001garden|301|1|5,300,8,17,,,00001garden,,13,0,0
SHAM,0.0,00001garden|301|1|5,300,8,18,,,00001garden,,13,0,0
SHAM,0.0,00001garden|301|1|5,300,8,19,,,00001garden,,13,0,0
SHAM,0.0,00001garden|301|1|5,300,8,20,,,00001garden,,13,0,0
C2b-INJECTION,0.0,00001garden|301|1|5,300,8,1,,,00001garden,,11,0,0
C2b-INJECTION,0.0,00001garden|301|1|5,300,8,2,,,00001garden,,11,0,0
C2b-INJECTION,0.0,00001garden|301|1|5,300,8,3,,,00001garden,,11,0,0
C2b-INJECTION,0.0,00001garden|301|1|5,300,8,4,,,00001garden,,9,0,0
C2b-INJECTION,0.0,00001garden|301|1|5,300,8,5,,,00001garden,,9,0,0
C2b-INJECTION,0.0,00001garden|301|1|5,300,8,6,,,00001garden,,10,0,0
C2b-INJECTION,0.0,00001garden|301|1|5,300,8,7,,,00001garden,,13,0,0
C2b-INJECTION,0.0,00001garden|301|1|5,300,8,8,,,00001garden,,13,0,0
C2b-INJECTION,0.0,00001garden|301|1|5,300,8,9,,,00001garden,,12,0,0
C2b-INJECTION,0.0,00001garden|301|1|5,300,8,10,,,00001garden,,12,0,0
C2b-INJECTION,0.0,00001garden|301|1|5,300,8,11,,,00001garden,,12,0,0
C2b-INJECTION,0.0,00001garden|301|1|5,300,8,12,,,00001garden,,12,0,0
C2b-INJECTION,0.0,00001garden|301|1|5,300,8,13,,,00001garden,,12,0,0
C2b-INJECTION,0.0,00001garden|301|1|5,300,8,14,,,00001garden,,13,0,0
C2b-INJECTION,0.0,00001garden|301|1|5,300,8,15,,,00001garden,,12,0,0
C2b-INJECTION,0.0,00001garden|301|1|5,300,8,16,,,00001garden,,13,0,0
C2b-INJECTION,0.0,00001garden|301|1|5,300,8,17,,,00001garden,,13,0,0
C2b-INJECTION,0.0,00001garden|301|1|5,300,8,18,,,00001garden,,13,0,0
C2b-INJECTION,0.0,00001garden|301|1|5,300,8,19,,,00001garden,,13,0,0
C2b-INJECTION,0.0,00001garden|301|1|5,300,8,20,,,00001garden,,13,0,0
_META,,00001garden|301|1|5,300,8,0,omitted_for_runtime,omitted_for_runtime,00001garden,,,0,
SHAM,0.0,00001garden|319|1|5,318,11,1,,,00001garden,,13,0,0
SHAM,0.0,00001garden|319|1|5,318,11,2,,,00001garden,,13,0,0
SHAM,0.0,00001garden|319|1|5,318,11,3,,,00001garden,,12,0,0
SHAM,0.0,00001garden|319|1|5,318,11,4,,,00001garden,,13,0,0
SHAM,0.0,00001garden|319|1|5,318,11,5,,,00001garden,,13,0,0
SHAM,0.0,00001garden|319|1|5,318,11,6,,,00001garden,,13,0,0
SHAM,0.0,00001garden|319|1|5,318,11,7,,,00001garden,,13,0,0
SHAM,0.0,00001garden|319|1|5,318,11,8,,,00001garden,,12,0,0
SHAM,0.0,00001garden|319|1|5,318,11,9,,,00001garden,,13,0,0
SHAM,0.0,00001garden|319|1|5,318,11,10,,,00001garden,,13,0,0
SHAM,0.0,00001garden|319|1|5,318,11,11,,,00001garden,,12,0,0
SHAM,0.0,00001garden|319|1|5,318,11,12,,,00001garden,,13,0,0
SHAM,0.0,00001garden|319|1|5,318,11,13,,,00001garden,,13,0,0
SHAM,0.0,00001garden|319|1|5,318,11,14,,,00001garden,,13,0,0
SHAM,0.0,00001garden|319|1|5,318,11,15,,,00001garden,,13,0,0
SHAM,0.0,00001garden|319|1|5,318,11,16,,,00001garden,,13,0,0
SHAM,0.0,00001garden|319|1|5,318,11,17,,,00001garden,,13,0,0
SHAM,0.0,00001garden|319|1|5,318,11,18,,,00001garden,,13,0,0
SHAM,0.0,00001garden|319|1|5,318,11,19,,,00001garden,,13,0,0
SHAM,0.0,00001garden|319|1|5,318,11,20,,,00001garden,,14,0,0
C2b-INJECTION,0.0,00001garden|319|1|5,318,11,1,,,00001garden,,13,0,0
C2b-INJECTION,0.0,00001garden|319|1|5,318,11,2,,,00001garden,,13,0,0
C2b-INJECTION,0.0,00001garden|319|1|5,318,11,3,,,00001garden,,12,0,0
C2b-INJECTION,0.0,00001garden|319|1|5,318,11,4,,,00001garden,,13,0,0
C2b-INJECTION,0.0,00001garden|319|1|5,318,11,5,,,00001garden,,13,0,0
C2b-INJECTION,0.0,00001garden|319|1|5,318,11,6,,,00001garden,,13,0,0
C2b-INJECTION,0.0,00001garden|319|1|5,318,11,7,,,00001garden,,13,0,0
C2b-INJECTION,0.0,00001garden|319|1|5,318,11,8,,,00001garden,,12,0,0
C2b-INJECTION,0.0,00001garden|319|1|5,318,11,9,,,00001garden,,13,0,0
C2b-INJECTION,0.0,00001garden|319|1|5,318,11,10,,,00001garden,,13,0,0
C2b-INJECTION,0.0,00001garden|319|1|5,318,11,11,,,00001garden,,12,0,0
C2b-INJECTION,0.0,00001garden|319|1|5,318,11,12,,,00001garden,,13,0,0
C2b-INJECTION,0.0,00001garden|319|1|5,318,11,13,,,00001garden,,13,0,0
C2b-INJECTION,0.0,00001garden|319|1|5,318,11,14,,,00001garden,,13,0,0
C2b-INJECTION,0.0,00001garden|319|1|5,318,11,15,,,00001garden,,13,0,0
C2b-INJECTION,0.0,00001garden|319|1|5,318,11,16,,,00001garden,,13,0,0
C2b-INJECTION,0.0,00001garden|319|1|5,318,11,17,,,00001garden,,13,0,0
C2b-INJECTION,0.0,00001garden|319|1|5,318,11,18,,,00001garden,,13,0,0
C2b-INJECTION,0.0,00001garden|319|1|5,318,11,19,,,00001garden,,13,0,0
C2b-INJECTION,0.0,00001garden|319|1|5,318,11,20,,,00001garden,,14,0,0
_META,,00001garden|319|1|5,318,11,0,omitted_for_runtime,omitted_for_runtime,00001garden,,,0,
SHAM,0.0,00001garden|327|1|1,326,9,1,,,00001garden,,13,0,0
SHAM,0.0,00001garden|327|1|1,326,9,2,,,00001garden,,13,0,0
SHAM,0.0,00001garden|327|1|1,326,9,3,,,00001garden,,12,0,0
SHAM,0.0,00001garden|327|1|1,326,9,4,,,00001garden,,13,0,0
SHAM,0.0,00001garden|327|1|1,326,9,5,,,00001garden,,13,0,0
SHAM,0.0,00001garden|327|1|1,326,9,6,,,00001garden,,13,0,0
SHAM,0.0,00001garden|327|1|1,326,9,7,,,00001garden,,13,0,0
SHAM,0.0,00001garden|327|1|1,326,9,8,,,00001garden,,13,0,0
SHAM,0.0,00001garden|327|1|1,326,9,9,,,00001garden,,13,0,0
SHAM,0.0,00001garden|327|1|1,326,9,10,,,00001garden,,13,0,0
SHAM,0.0,00001garden|327|1|1,326,9,11,,,00001garden,,13,0,0
SHAM,0.0,00001garden|327|1|1,326,9,12,,,00001garden,,14,0,0
SHAM,0.0,00001garden|327|1|1,326,9,13,,,00001garden,,14,0,0
SHAM,0.0,00001garden|327|1|1,326,9,14,,,00001garden,,14,0,0
SHAM,0.0,00001garden|327|1|1,326,9,15,,,00001garden,,14,0,0
SHAM,0.0,00001garden|327|1|1,326,9,16,,,00001garden,,14,0,0
SHAM,0.0,00001garden|327|1|1,326,9,17,,,00001garden,,14,0,0
SHAM,0.0,00001garden|327|1|1,326,9,18,,,00001garden,,14,0,0
SHAM,0.0,00001garden|327|1|1,326,9,19,,,00001garden,,14,0,0
SHAM,0.0,00001garden|327|1|1,326,9,20,,,00001garden,,14,0,0
C2b-INJECTION,0.0,00001garden|327|1|1,326,9,1,,,00001garden,,13,0,0
C2b-INJECTION,0.0,00001garden|327|1|1,326,9,2,,,00001garden,,13,0,0
C2b-INJECTION,0.0,00001garden|327|1|1,326,9,3,,,00001garden,,12,0,0
C2b-INJECTION,0.0,00001garden|327|1|1,326,9,4,,,00001garden,,13,0,0
C2b-INJECTION,0.0,00001garden|327|1|1,326,9,5,,,00001garden,,13,0,0
C2b-INJECTION,0.0,00001garden|327|1|1,326,9,6,,,00001garden,,13,0,0
C2b-INJECTION,0.0,00001garden|327|1|1,326,9,7,,,00001garden,,13,0,0
C2b-INJECTION,0.0,00001garden|327|1|1,326,9,8,,,00001garden,,13,0,0
C2b-INJECTION,0.0,00001garden|327|1|1,326,9,9,,,00001garden,,13,0,0
C2b-INJECTION,0.0,00001garden|327|1|1,326,9,10,,,00001garden,,13,0,0
C2b-INJECTION,0.0,00001garden|327|1|1,326,9,11,,,00001garden,,13,0,0
C2b-INJECTION,0.0,00001garden|327|1|1,326,9,12,,,00001garden,,14,0,0
C2b-INJECTION,0.0,00001garden|327|1|1,326,9,13,,,00001garden,,14,0,0
C2b-INJECTION,0.0,00001garden|327|1|1,326,9,14,,,00001garden,,14,0,0
C2b-INJECTION,0.0,00001garden|327|1|1,326,9,15,,,00001garden,,14,0,0
C2b-INJECTION,0.0,00001garden|327|1|1,326,9,16,,,00001garden,,14,0,0
C2b-INJECTION,0.0,00001garden|327|1|1,326,9,17,,,00001garden,,14,0,0
C2b-INJECTION,0.0,00001garden|327|1|1,326,9,18,,,00001garden,,14,0,0
C2b-INJECTION,0.0,00001garden|327|1|1,326,9,19,,,00001garden,,14,0,0
C2b-INJECTION,0.0,00001garden|327|1|1,326,9,20,,,00001garden,,14,0,0
_META,,00001garden|327|1|1,326,9,0,omitted_for_runtime,omitted_for_runtime,00001garden,,,0,
SHAM,0.0,00001garden|330|1|1,329,2,1,,,00001garden,,13,0,0
SHAM,0.0,00001garden|330|1|1,329,2,2,,,00001garden,,13,0,0
SHAM,0.0,00001garden|330|1|1,329,2,3,,,00001garden,,13,0,0
SHAM,0.0,00001garden|330|1|1,329,2,4,,,00001garden,,13,0,0
SHAM,0.0,00001garden|330|1|1,329,2,5,,,00001garden,,13,0,0
SHAM,0.0,00001garden|330|1|1,329,2,6,,,00001garden,,13,0,0
SHAM,0.0,00001garden|330|1|1,329,2,7,,,00001garden,,13,0,0
SHAM,0.0,00001garden|330|1|1,329,2,8,,,00001garden,,13,0,0
SHAM,0.0,00001garden|330|1|1,329,2,9,,,00001garden,,14,0,0
SHAM,0.0,00001garden|330|1|1,329,2,10,,,00001garden,,14,0,0
SHAM,0.0,00001garden|330|1|1,329,2,11,,,00001garden,,14,0,0
SHAM,0.0,00001garden|330|1|1,329,2,12,,,00001garden,,14,0,0
SHAM,0.0,00001garden|330|1|1,329,2,13,,,00001garden,,14,0,0
SHAM,0.0,00001garden|330|1|1,329,2,14,,,00001garden,,14,0,0
SHAM,0.0,00001garden|330|1|1,329,2,15,,,00001garden,,14,0,0
SHAM,0.0,00001garden|330|1|1,329,2,16,,,00001garden,,14,0,0
SHAM,0.0,00001garden|330|1|1,329,2,17,,,00001garden,,14,0,0
SHAM,0.0,00001garden|330|1|1,329,2,18,,,00001garden,,14,0,0
SHAM,0.0,00001garden|330|1|1,329,2,19,,,00001garden,,14,0,0
SHAM,0.0,00001garden|330|1|1,329,2,20,,,00001garden,,14,0,0
C2b-INJECTION,0.0,00001garden|330|1|1,329,2,1,,,00001garden,,13,0,0
C2b-INJECTION,0.0,00001garden|330|1|1,329,2,2,,,00001garden,,13,0,0
C2b-INJECTION,0.0,00001garden|330|1|1,329,2,3,,,00001garden,,13,0,0
C2b-INJECTION,0.0,00001garden|330|1|1,329,2,4,,,00001garden,,13,0,0
C2b-INJECTION,0.0,00001garden|330|1|1,329,2,5,,,00001garden,,13,0,0
C2b-INJECTION,0.0,00001garden|330|1|1,329,2,6,,,00001garden,,13,0,0
C2b-INJECTION,0.0,00001garden|330|1|1,329,2,7,,,00001garden,,13,0,0
C2b-INJECTION,0.0,00001garden|330|1|1,329,2,8,,,00001garden,,13,0,0
C2b-INJECTION,0.0,00001garden|330|1|1,329,2,9,,,00001garden,,14,0,0
C2b-INJECTION,0.0,00001garden|330|1|1,329,2,10,,,00001garden,,14,0,0
C2b-INJECTION,0.0,00001garden|330|1|1,329,2,11,,,00001garden,,14,0,0
C2b-INJECTION,0.0,00001garden|330|1|1,329,2,12,,,00001garden,,14,0,0
C2b-INJECTION,0.0,00001garden|330|1|1,329,2,13,,,00001garden,,14,0,0
C2b-INJECTION,0.0,00001garden|330|1|1,329,2,14,,,00001garden,,14,0,0
C2b-INJECTION,0.0,00001garden|330|1|1,329,2,15,,,00001garden,,14,0,0
C2b-INJECTION,0.0,00001garden|330|1|1,329,2,16,,,00001garden,,14,0,0
C2b-INJECTION,0.0,00001garden|330|1|1,329,2,17,,,00001garden,,14,0,0
C2b-INJECTION,0.0,00001garden|330|1|1,329,2,18,,,00001garden,,14,0,0
C2b-INJECTION,0.0,00001garden|330|1|1,329,2,19,,,00001garden,,14,0,0
C2b-INJECTION,0.0,00001garden|330|1|1,329,2,20,,,00001garden,,14,0,0
_META,,00001garden|330|1|1,329,2,0,omitted_for_runtime,omitted_for_runtime,00001garden,,,0,
SHAM,0.0,00001garden|330|2|1,329,5,1,,,00001garden,,13,1,0
SHAM,0.0,00001garden|330|2|1,329,5,2,,,00001garden,,13,1,0
SHAM,0.0,00001garden|330|2|1,329,5,3,,,00001garden,,13,1,0
SHAM,0.0,00001garden|330|2|1,329,5,4,,,00001garden,,13,1,0
SHAM,0.0,00001garden|330|2|1,329,5,5,,,00001garden,,13,1,0
SHAM,0.0,00001garden|330|2|1,329,5,6,,,00001garden,,13,1,0
SHAM,0.0,00001garden|330|2|1,329,5,7,,,00001garden,,13,1,0
SHAM,0.0,00001garden|330|2|1,329,5,8,,,00001garden,,13,1,0
SHAM,0.0,00001garden|330|2|1,329,5,9,,,00001garden,,14,1,0
SHAM,0.0,00001garden|330|2|1,329,5,10,,,00001garden,,14,1,0
SHAM,0.0,00001garden|330|2|1,329,5,11,,,00001garden,,14,1,0
SHAM,0.0,00001garden|330|2|1,329,5,12,,,00001garden,,14,1,0
SHAM,0.0,00001garden|330|2|1,329,5,13,,,00001garden,,14,1,0
SHAM,0.0,00001garden|330|2|1,329,5,14,,,00001garden,,14,1,0
SHAM,0.0,00001garden|330|2|1,329,5,15,,,00001garden,,14,1,0
SHAM,0.0,00001garden|330|2|1,329,5,16,,,00001garden,,14,1,0
SHAM,0.0,00001garden|330|2|1,329,5,17,,,00001garden,,14,1,0
SHAM,0.0,00001garden|330|2|1,329,5,18,,,00001garden,,14,1,0
SHAM,0.0,00001garden|330|2|1,329,5,19,,,00001garden,,14,1,0
SHAM,0.0,00001garden|330|2|1,329,5,20,,,00001garden,,14,1,0
C2b-INJECTION,0.0,00001garden|330|2|1,329,5,1,,,00001garden,,13,1,0
C2b-INJECTION,0.0,00001garden|330|2|1,329,5,2,,,00001garden,,13,1,0
C2b-INJECTION,0.0,00001garden|330|2|1,329,5,3,,,00001garden,,13,1,0
C2b-INJECTION,0.0,00001garden|330|2|1,329,5,4,,,00001garden,,13,1,0
C2b-INJECTION,0.0,00001garden|330|2|1,329,5,5,,,00001garden,,13,1,0
C2b-INJECTION,0.0,00001garden|330|2|1,329,5,6,,,00001garden,,13,1,0
C2b-INJECTION,0.0,00001garden|330|2|1,329,5,7,,,00001garden,,13,1,0
C2b-INJECTION,0.0,00001garden|330|2|1,329,5,8,,,00001garden,,13,1,0
C2b-INJECTION,0.0,00001garden|330|2|1,329,5,9,,,00001garden,,14,1,0
C2b-INJECTION,0.0,00001garden|330|2|1,329,5,10,,,00001garden,,14,1,0
C2b-INJECTION,0.0,00001garden|330|2|1,329,5,11,,,00001garden,,14,1,0
C2b-INJECTION,0.0,00001garden|330|2|1,329,5,12,,,00001garden,,14,1,0
C2b-INJECTION,0.0,00001garden|330|2|1,329,5,13,,,00001garden,,14,1,0
C2b-INJECTION,0.0,00001garden|330|2|1,329,5,14,,,00001garden,,14,1,0
C2b-INJECTION,0.0,00001garden|330|2|1,329,5,15,,,00001garden,,14,1,0
C2b-INJECTION,0.0,00001garden|330|2|1,329,5,16,,,00001garden,,14,1,0
C2b-INJECTION,0.0,00001garden|330|2|1,329,5,17,,,00001garden,,14,1,0
C2b-INJECTION,0.0,00001garden|330|2|1,329,5,18,,,00001garden,,14,1,0
C2b-INJECTION,0.0,00001garden|330|2|1,329,5,19,,,00001garden,,14,1,0
C2b-INJECTION,0.0,00001garden|330|2|1,329,5,20,,,00001garden,,14,1,0
_META,,00001garden|330|2|1,329,5,0,omitted_for_runtime,omitted_for_runtime,00001garden,,,1,
SHAM,0.0,00001garden|331|2|3,330,6,1,,,00001garden,,13,1,0
SHAM,0.0,00001garden|331|2|3,330,6,2,,,00001garden,,13,1,0
SHAM,0.0,00001garden|331|2|3,330,6,3,,,00001garden,,13,1,0
SHAM,0.0,00001garden|331|2|3,330,6,4,,,00001garden,,13,1,0
SHAM,0.0,00001garden|331|2|3,330,6,5,,,00001garden,,13,1,0
SHAM,0.0,00001garden|331|2|3,330,6,6,,,00001garden,,13,1,0
SHAM,0.0,00001garden|331|2|3,330,6,7,,,00001garden,,13,1,0
SHAM,0.0,00001garden|331|2|3,330,6,8,,,00001garden,,14,1,0
SHAM,0.0,00001garden|331|2|3,330,6,9,,,00001garden,,14,1,0
SHAM,0.0,00001garden|331|2|3,330,6,10,,,00001garden,,14,1,0
SHAM,0.0,00001garden|331|2|3,330,6,11,,,00001garden,,14,1,0
SHAM,0.0,00001garden|331|2|3,330,6,12,,,00001garden,,14,1,0
SHAM,0.0,00001garden|331|2|3,330,6,13,,,00001garden,,14,1,0
SHAM,0.0,00001garden|331|2|3,330,6,14,,,00001garden,,14,1,0
SHAM,0.0,00001garden|331|2|3,330,6,15,,,00001garden,,14,1,0
SHAM,0.0,00001garden|331|2|3,330,6,16,,,00001garden,,14,1,0
SHAM,0.0,00001garden|331|2|3,330,6,17,,,00001garden,,14,1,0
SHAM,0.0,00001garden|331|2|3,330,6,18,,,00001garden,,14,1,0
SHAM,0.0,00001garden|331|2|3,330,6,19,,,00001garden,,14,1,0
SHAM,0.0,00001garden|331|2|3,330,6,20,,,00001garden,,14,1,0
C2b-INJECTION,0.0,00001garden|331|2|3,330,6,1,,,00001garden,,13,1,0
C2b-INJECTION,0.0,00001garden|331|2|3,330,6,2,,,00001garden,,13,1,0
C2b-INJECTION,0.0,00001garden|331|2|3,330,6,3,,,00001garden,,13,1,0
C2b-INJECTION,0.0,00001garden|331|2|3,330,6,4,,,00001garden,,13,1,0
C2b-INJECTION,0.0,00001garden|331|2|3,330,6,5,,,00001garden,,13,1,0
C2b-INJECTION,0.0,00001garden|331|2|3,330,6,6,,,00001garden,,13,1,0
C2b-INJECTION,0.0,00001garden|331|2|3,330,6,7,,,00001garden,,13,1,0
C2b-INJECTION,0.0,00001garden|331|2|3,330,6,8,,,00001garden,,14,1,0
C2b-INJECTION,0.0,00001garden|331|2|3,330,6,9,,,00001garden,,14,1,0
C2b-INJECTION,0.0,00001garden|331|2|3,330,6,10,,,00001garden,,14,1,0
C2b-INJECTION,0.0,00001garden|331|2|3,330,6,11,,,00001garden,,14,1,0
C2b-INJECTION,0.0,00001garden|331|2|3,330,6,12,,,00001garden,,14,1,0
C2b-INJECTION,0.0,00001garden|331|2|3,330,6,13,,,00001garden,,14,1,0
C2b-INJECTION,0.0,00001garden|331|2|3,330,6,14,,,00001garden,,14,1,0
C2b-INJECTION,0.0,00001garden|331|2|3,330,6,15,,,00001garden,,14,1,0
C2b-INJECTION,0.0,00001garden|331|2|3,330,6,16,,,00001garden,,14,1,0
C2b-INJECTION,0.0,00001garden|331|2|3,330,6,17,,,00001garden,,14,1,0
C2b-INJECTION,0.0,00001garden|331|2|3,330,6,18,,,00001garden,,14,1,0
C2b-INJECTION,0.0,00001garden|331|2|3,330,6,19,,,00001garden,,14,1,0
C2b-INJECTION,0.0,00001garden|331|2|3,330,6,20,,,00001garden,,14,1,0
_META,,00001garden|331|2|3,330,6,0,omitted_for_runtime,omitted_for_runtime,00001garden,,,1,
SHAM,0.0,00001garden|339|1|10,338,16,1,,,00001garden,,14,0,0
SHAM,0.0,00001garden|339|1|10,338,16,2,,,00001garden,,14,0,0
SHAM,0.0,00001garden|339|1|10,338,16,3,,,00001garden,,14,0,0
SHAM,0.0,00001garden|339|1|10,338,16,4,,,00001garden,,14,0,0
SHAM,0.0,00001garden|339|1|10,338,16,5,,,00001garden,,14,0,0
SHAM,0.0,00001garden|339|1|10,338,16,6,,,00001garden,,14,0,0
SHAM,0.0,00001garden|339|1|10,338,16,7,,,00001garden,,14,0,0
SHAM,0.0,00001garden|339|1|10,338,16,8,,,00001garden,,14,0,0
SHAM,0.0,00001garden|339|1|10,338,16,9,,,00001garden,,14,0,0
SHAM,0.0,00001garden|339|1|10,338,16,10,,,00001garden,,14,0,0
SHAM,0.0,00001garden|339|1|10,338,16,11,,,00001garden,,14,0,0
SHAM,0.0,00001garden|339|1|10,338,16,12,,,00001garden,,14,0,0
SHAM,0.0,00001garden|339|1|10,338,16,13,,,00001garden,,14,0,0
SHAM,0.0,00001garden|339|1|10,338,16,14,,,00001garden,,14,0,0
SHAM,0.0,00001garden|339|1|10,338,16,15,,,00001garden,,14,0,0
SHAM,0.0,00001garden|339|1|10,338,16,16,,,00001garden,,14,0,0
SHAM,0.0,00001garden|339|1|10,338,16,17,,,00001garden,,14,0,0
SHAM,0.0,00001garden|339|1|10,338,16,18,,,00001garden,,14,0,0
SHAM,0.0,00001garden|339|1|10,338,16,19,,,00001garden,,14,0,0
SHAM,0.0,00001garden|339|1|10,338,16,20,,,00001garden,,14,0,0
C2b-INJECTION,0.0,00001garden|339|1|10,338,16,1,,,00001garden,,14,0,0
C2b-INJECTION,0.0,00001garden|339|1|10,338,16,2,,,00001garden,,14,0,0
C2b-INJECTION,0.0,00001garden|339|1|10,338,16,3,,,00001garden,,14,0,0
C2b-INJECTION,0.0,00001garden|339|1|10,338,16,4,,,00001garden,,14,0,0
C2b-INJECTION,0.0,00001garden|339|1|10,338,16,5,,,00001garden,,14,0,0
C2b-INJECTION,0.0,00001garden|339|1|10,338,16,6,,,00001garden,,14,0,0
C2b-INJECTION,0.0,00001garden|339|1|10,338,16,7,,,00001garden,,14,0,0
C2b-INJECTION,0.0,00001garden|339|1|10,338,16,8,,,00001garden,,14,0,0
C2b-INJECTION,0.0,00001garden|339|1|10,338,16,9,,,00001garden,,14,0,0
C2b-INJECTION,0.0,00001garden|339|1|10,338,16,10,,,00001garden,,14,0,0
C2b-INJECTION,0.0,00001garden|339|1|10,338,16,11,,,00001garden,,14,0,0
C2b-INJECTION,0.0,00001garden|339|1|10,338,16,12,,,00001garden,,14,0,0
C2b-INJECTION,0.0,00001garden|339|1|10,338,16,13,,,00001garden,,14,0,0
C2b-INJECTION,0.0,00001garden|339|1|10,338,16,14,,,00001garden,,14,0,0
C2b-INJECTION,0.0,00001garden|339|1|10,338,16,15,,,00001garden,,14,0,0
C2b-INJECTION,0.0,00001garden|339|1|10,338,16,16,,,00001garden,,14,0,0
C2b-INJECTION,0.0,00001garden|339|1|10,338,16,17,,,00001garden,,14,0,0
C2b-INJECTION,0.0,00001garden|339|1|10,338,16,18,,,00001garden,,14,0,0
C2b-INJECTION,0.0,00001garden|339|1|10,338,16,19,,,00001garden,,14,0,0
C2b-INJECTION,0.0,00001garden|339|1|10,338,16,20,,,00001garden,,14,0,0
_META,,00001garden|339|1|10,338,16,0,omitted_for_runtime,omitted_for_runtime,00001garden,,,0,
SHAM,0.0,00001garden|342|1|8,341,8,1,,,00001garden,,14,0,0
SHAM,0.0,00001garden|342|1|8,341,8,2,,,00001garden,,14,0,0
SHAM,0.0,00001garden|342|1|8,341,8,3,,,00001garden,,14,0,0
SHAM,0.0,00001garden|342|1|8,341,8,4,,,00001garden,,14,0,0
SHAM,0.0,00001garden|342|1|8,341,8,5,,,00001garden,,14,0,0
SHAM,0.0,00001garden|342|1|8,341,8,6,,,00001garden,,14,0,0
SHAM,0.0,00001garden|342|1|8,341,8,7,,,00001garden,,14,0,0
SHAM,0.0,00001garden|342|1|8,341,8,8,,,00001garden,,14,0,0
SHAM,0.0,00001garden|342|1|8,341,8,9,,,00001garden,,14,0,0
SHAM,0.0,00001garden|342|1|8,341,8,10,,,00001garden,,14,0,0
SHAM,0.0,00001garden|342|1|8,341,8,11,,,00001garden,,14,0,0
SHAM,0.0,00001garden|342|1|8,341,8,12,,,00001garden,,14,0,0
SHAM,0.0,00001garden|342|1|8,341,8,13,,,00001garden,,14,0,0
SHAM,0.0,00001garden|342|1|8,341,8,14,,,00001garden,,14,0,0
SHAM,0.0,00001garden|342|1|8,341,8,15,,,00001garden,,14,0,0
SHAM,0.0,00001garden|342|1|8,341,8,16,,,00001garden,,14,0,0
SHAM,0.0,00001garden|342|1|8,341,8,17,,,00001garden,,14,0,0
SHAM,0.0,00001garden|342|1|8,341,8,18,,,00001garden,,14,0,0
SHAM,0.0,00001garden|342|1|8,341,8,19,,,00001garden,,14,0,0
SHAM,0.0,00001garden|342|1|8,341,8,20,,,00001garden,,15,0,0
C2b-INJECTION,0.0,00001garden|342|1|8,341,8,1,,,00001garden,,14,0,0
C2b-INJECTION,0.0,00001garden|342|1|8,341,8,2,,,00001garden,,14,0,0
C2b-INJECTION,0.0,00001garden|342|1|8,341,8,3,,,00001garden,,14,0,0
C2b-INJECTION,0.0,00001garden|342|1|8,341,8,4,,,00001garden,,14,0,0
C2b-INJECTION,0.0,00001garden|342|1|8,341,8,5,,,00001garden,,14,0,0
C2b-INJECTION,0.0,00001garden|342|1|8,341,8,6,,,00001garden,,14,0,0
C2b-INJECTION,0.0,00001garden|342|1|8,341,8,7,,,00001garden,,14,0,0
C2b-INJECTION,0.0,00001garden|342|1|8,341,8,8,,,00001garden,,14,0,0
C2b-INJECTION,0.0,00001garden|342|1|8,341,8,9,,,00001garden,,14,0,0
C2b-INJECTION,0.0,00001garden|342|1|8,341,8,10,,,00001garden,,14,0,0
C2b-INJECTION,0.0,00001garden|342|1|8,341,8,11,,,00001garden,,14,0,0
C2b-INJECTION,0.0,00001garden|342|1|8,341,8,12,,,00001garden,,14,0,0
C2b-INJECTION,0.0,00001garden|342|1|8,341,8,13,,,00001garden,,14,0,0
C2b-INJECTION,0.0,00001garden|342|1|8,341,8,14,,,00001garden,,14,0,0
C2b-INJECTION,0.0,00001garden|342|1|8,341,8,15,,,00001garden,,14,0,0
C2b-INJECTION,0.0,00001garden|342|1|8,341,8,16,,,00001garden,,14,0,0
C2b-INJECTION,0.0,00001garden|342|1|8,341,8,17,,,00001garden,,14,0,0
C2b-INJECTION,0.0,00001garden|342|1|8,341,8,18,,,00001garden,,14,0,0
C2b-INJECTION,0.0,00001garden|342|1|8,341,8,19,,,00001garden,,14,0,0
C2b-INJECTION,0.0,00001garden|342|1|8,341,8,20,,,00001garden,,15,0,0
_META,,00001garden|342|1|8,341,8,0,omitted_for_runtime,omitted_for_runtime,00001garden,,,0,
SHAM,0.0,00001garden|350|1|5,349,10,1,,,00001garden,,14,0,0
SHAM,0.0,00001garden|350|1|5,349,10,2,,,00001garden,,14,0,0
SHAM,0.0,00001garden|350|1|5,349,10,3,,,00001garden,,14,0,0
SHAM,0.0,00001garden|350|1|5,349,10,4,,,00001garden,,14,0,0
SHAM,0.0,00001garden|350|1|5,349,10,5,,,00001garden,,14,0,0
SHAM,0.0,00001garden|350|1|5,349,10,6,,,00001garden,,14,0,0
SHAM,0.0,00001garden|350|1|5,349,10,7,,,00001garden,,14,0,0
SHAM,0.0,00001garden|350|1|5,349,10,8,,,00001garden,,14,0,0
SHAM,0.0,00001garden|350|1|5,349,10,9,,,00001garden,,14,0,0
SHAM,0.0,00001garden|350|1|5,349,10,10,,,00001garden,,14,0,0
SHAM,0.0,00001garden|350|1|5,349,10,11,,,00001garden,,14,0,0
SHAM,0.0,00001garden|350|1|5,349,10,12,,,00001garden,,15,0,0
SHAM,0.0,00001garden|350|1|5,349,10,13,,,00001garden,,15,0,0
SHAM,0.0,00001garden|350|1|5,349,10,14,,,00001garden,,15,0,0
SHAM,0.0,00001garden|350|1|5,349,10,15,,,00001garden,,15,0,0
SHAM,0.0,00001garden|350|1|5,349,10,16,,,00001garden,,15,0,0
SHAM,0.0,00001garden|350|1|5,349,10,17,,,00001garden,,15,0,0
SHAM,0.0,00001garden|350|1|5,349,10,18,,,00001garden,,14,0,0
SHAM,0.0,00001garden|350|1|5,349,10,19,,,00001garden,,14,0,0
SHAM,0.0,00001garden|350|1|5,349,10,20,,,00001garden,,14,0,0
C2b-INJECTION,0.0,00001garden|350|1|5,349,10,1,,,00001garden,,14,0,0
C2b-INJECTION,0.0,00001garden|350|1|5,349,10,2,,,00001garden,,14,0,0
C2b-INJECTION,0.0,00001garden|350|1|5,349,10,3,,,00001garden,,14,0,0
C2b-INJECTION,0.0,00001garden|350|1|5,349,10,4,,,00001garden,,14,0,0
C2b-INJECTION,0.0,00001garden|350|1|5,349,10,5,,,00001garden,,14,0,0
C2b-INJECTION,0.0,00001garden|350|1|5,349,10,6,,,00001garden,,14,0,0
C2b-INJECTION,0.0,00001garden|350|1|5,349,10,7,,,00001garden,,14,0,0
C2b-INJECTION,0.0,00001garden|350|1|5,349,10,8,,,00001garden,,14,0,0
C2b-INJECTION,0.0,00001garden|350|1|5,349,10,9,,,00001garden,,14,0,0
C2b-INJECTION,0.0,00001garden|350|1|5,349,10,10,,,00001garden,,14,0,0
C2b-INJECTION,0.0,00001garden|350|1|5,349,10,11,,,00001garden,,14,0,0
C2b-INJECTION,0.0,00001garden|350|1|5,349,10,12,,,00001garden,,15,0,0
C2b-INJECTION,0.0,00001garden|350|1|5,349,10,13,,,00001garden,,15,0,0
C2b-INJECTION,0.0,00001garden|350|1|5,349,10,14,,,00001garden,,15,0,0
C2b-INJECTION,0.0,00001garden|350|1|5,349,10,15,,,00001garden,,15,0,0
C2b-INJECTION,0.0,00001garden|350|1|5,349,10,16,,,00001garden,,15,0,0
C2b-INJECTION,0.0,00001garden|350|1|5,349,10,17,,,00001garden,,15,0,0
C2b-INJECTION,0.0,00001garden|350|1|5,349,10,18,,,00001garden,,14,0,0
C2b-INJECTION,0.0,00001garden|350|1|5,349,10,19,,,00001garden,,14,0,0
C2b-INJECTION,0.0,00001garden|350|1|5,349,10,20,,,00001garden,,14,0,0
_META,,00001garden|350|1|5,349,10,0,omitted_for_runtime,omitted_for_runtime,00001garden,,,0,
SHAM,0.0,00001garden|371|1|3,370,2,1,,,00001garden,,14,0,0
SHAM,0.0,00001garden|371|1|3,370,2,2,,,00001garden,,14,0,0
SHAM,0.0,00001garden|371|1|3,370,2,3,,,00001garden,,15,0,0
SHAM,0.0,00001garden|371|1|3,370,2,4,,,00001garden,,15,0,0
SHAM,0.0,00001garden|371|1|3,370,2,5,,,00001garden,,16,0,0
SHAM,0.0,00001garden|371|1|3,370,2,6,,,00001garden,,16,0,0
SHAM,0.0,00001garden|371|1|3,370,2,7,,,00001garden,,16,0,0
SHAM,0.0,00001garden|371|1|3,370,2,8,,,00001garden,,16,0,0
SHAM,0.0,00001garden|371|1|3,370,2,9,,,00001garden,,16,0,0
SHAM,0.0,00001garden|371|1|3,370,2,10,,,00001garden,,16,0,0
SHAM,0.0,00001garden|371|1|3,370,2,11,,,00001garden,,16,0,0
SHAM,0.0,00001garden|371|1|3,370,2,12,,,00001garden,,16,0,0
SHAM,0.0,00001garden|371|1|3,370,2,13,,,00001garden,,16,0,0
SHAM,0.0,00001garden|371|1|3,370,2,14,,,00001garden,,15,0,0
SHAM,0.0,00001garden|371|1|3,370,2,15,,,00001garden,,17,0,0
SHAM,0.0,00001garden|371|1|3,370,2,16,,,00001garden,,17,0,0
SHAM,0.0,00001garden|371|1|3,370,2,17,,,00001garden,,16,0,0
SHAM,0.0,00001garden|371|1|3,370,2,18,,,00001garden,,16,0,0
SHAM,0.0,00001garden|371|1|3,370,2,19,,,00001garden,,16,0,0
SHAM,0.0,00001garden|371|1|3,370,2,20,,,00001garden,,17,0,0
C2b-INJECTION,0.0,00001garden|371|1|3,370,2,1,,,00001garden,,14,0,0
C2b-INJECTION,0.0,00001garden|371|1|3,370,2,2,,,00001garden,,14,0,0
C2b-INJECTION,0.0,00001garden|371|1|3,370,2,3,,,00001garden,,15,0,0
C2b-INJECTION,0.0,00001garden|371|1|3,370,2,4,,,00001garden,,15,0,0
C2b-INJECTION,0.0,00001garden|371|1|3,370,2,5,,,00001garden,,16,0,0
C2b-INJECTION,0.0,00001garden|371|1|3,370,2,6,,,00001garden,,16,0,0
C2b-INJECTION,0.0,00001garden|371|1|3,370,2,7,,,00001garden,,16,0,0
C2b-INJECTION,0.0,00001garden|371|1|3,370,2,8,,,00001garden,,16,0,0
C2b-INJECTION,0.0,00001garden|371|1|3,370,2,9,,,00001garden,,16,0,0
C2b-INJECTION,0.0,00001garden|371|1|3,370,2,10,,,00001garden,,16,0,0
C2b-INJECTION,0.0,00001garden|371|1|3,370,2,11,,,00001garden,,16,0,0
C2b-INJECTION,0.0,00001garden|371|1|3,370,2,12,,,00001garden,,16,0,0
C2b-INJECTION,0.0,00001garden|371|1|3,370,2,13,,,00001garden,,16,0,0
C2b-INJECTION,0.0,00001garden|371|1|3,370,2,14,,,00001garden,,15,0,0
C2b-INJECTION,0.0,00001garden|371|1|3,370,2,15,,,00001garden,,17,0,0
C2b-INJECTION,0.0,00001garden|371|1|3,370,2,16,,,00001garden,,17,0,0
C2b-INJECTION,0.0,00001garden|371|1|3,370,2,17,,,00001garden,,16,0,0
C2b-INJECTION,0.0,00001garden|371|1|3,370,2,18,,,00001garden,,16,0,0
C2b-INJECTION,0.0,00001garden|371|1|3,370,2,19,,,00001garden,,16,0,0
C2b-INJECTION,0.0,00001garden|371|1|3,370,2,20,,,00001garden,,17,0,0
_META,,00001garden|371|1|3,370,2,0,omitted_for_runtime,omitted_for_runtime,00001garden,,,0,
SHAM,0.0,00001garden|371|2|2,370,3,1,,,00001garden,,14,1,0
SHAM,0.0,00001garden|371|2|2,370,3,2,,,00001garden,,14,1,0
SHAM,0.0,00001garden|371|2|2,370,3,3,,,00001garden,,15,1,0
SHAM,0.0,00001garden|371|2|2,370,3,4,,,00001garden,,15,1,0
SHAM,0.0,00001garden|371|2|2,370,3,5,,,00001garden,,16,1,0
SHAM,0.0,00001garden|371|2|2,370,3,6,,,00001garden,,16,1,0
SHAM,0.0,00001garden|371|2|2,370,3,7,,,00001garden,,16,1,0
SHAM,0.0,00001garden|371|2|2,370,3,8,,,00001garden,,16,1,0
SHAM,0.0,00001garden|371|2|2,370,3,9,,,00001garden,,16,1,0
SHAM,0.0,00001garden|371|2|2,370,3,10,,,00001garden,,16,1,0
SHAM,0.0,00001garden|371|2|2,370,3,11,,,00001garden,,16,1,0
SHAM,0.0,00001garden|371|2|2,370,3,12,,,00001garden,,16,1,0
SHAM,0.0,00001garden|371|2|2,370,3,13,,,00001garden,,16,1,0
SHAM,0.0,00001garden|371|2|2,370,3,14,,,00001garden,,15,1,0
SHAM,0.0,00001garden|371|2|2,370,3,15,,,00001garden,,17,1,0
SHAM,0.0,00001garden|371|2|2,370,3,16,,,00001garden,,17,1,0
SHAM,0.0,00001garden|371|2|2,370,3,17,,,00001garden,,16,1,0
SHAM,0.0,00001garden|371|2|2,370,3,18,,,00001garden,,16,1,0
SHAM,0.0,00001garden|371|2|2,370,3,19,,,00001garden,,16,1,0
SHAM,0.0,00001garden|371|2|2,370,3,20,,,00001garden,,17,1,0
C2b-INJECTION,0.0,00001garden|371|2|2,370,3,1,,,00001garden,,14,1,0
C2b-INJECTION,0.0,00001garden|371|2|2,370,3,2,,,00001garden,,14,1,0
C2b-INJECTION,0.0,00001garden|371|2|2,370,3,3,,,00001garden,,15,1,0
C2b-INJECTION,0.0,00001garden|371|2|2,370,3,4,,,00001garden,,15,1,0
C2b-INJECTION,0.0,00001garden|371|2|2,370,3,5,,,00001garden,,16,1,0
C2b-INJECTION,0.0,00001garden|371|2|2,370,3,6,,,00001garden,,16,1,0
C2b-INJECTION,0.0,00001garden|371|2|2,370,3,7,,,00001garden,,16,1,0
C2b-INJECTION,0.0,00001garden|371|2|2,370,3,8,,,00001garden,,16,1,0
C2b-INJECTION,0.0,00001garden|371|2|2,370,3,9,,,00001garden,,16,1,0
C2b-INJECTION,0.0,00001garden|371|2|2,370,3,10,,,00001garden,,16,1,0
C2b-INJECTION,0.0,00001garden|371|2|2,370,3,11,,,00001garden,,16,1,0
C2b-INJECTION,0.0,00001garden|371|2|2,370,3,12,,,00001garden,,16,1,0
C2b-INJECTION,0.0,00001garden|371|2|2,370,3,13,,,00001garden,,16,1,0
C2b-INJECTION,0.0,00001garden|371|2|2,370,3,14,,,00001garden,,15,1,0
C2b-INJECTION,0.0,00001garden|371|2|2,370,3,15,,,00001garden,,17,1,0
C2b-INJECTION,0.0,00001garden|371|2|2,370,3,16,,,00001garden,,17,1,0
C2b-INJECTION,0.0,00001garden|371|2|2,370,3,17,,,00001garden,,16,1,0
C2b-INJECTION,0.0,00001garden|371|2|2,370,3,18,,,00001garden,,16,1,0
C2b-INJECTION,0.0,00001garden|371|2|2,370,3,19,,,00001garden,,16,1,0
C2b-INJECTION,0.0,00001garden|371|2|2,370,3,20,,,00001garden,,17,1,0
_META,,00001garden|371|2|2,370,3,0,omitted_for_runtime,omitted_for_runtime,00001garden,,,1,
SHAM,0.0,00001garden|380|1|13,379,16,1,,,00001garden,,16,0,0
SHAM,0.0,00001garden|380|1|13,379,16,2,,,00001garden,,16,0,0
SHAM,0.0,00001garden|380|1|13,379,16,3,,,00001garden,,16,0,0
SHAM,0.0,00001garden|380|1|13,379,16,4,,,00001garden,,16,0,0
SHAM,0.0,00001garden|380|1|13,379,16,5,,,00001garden,,15,0,0
SHAM,0.0,00001garden|380|1|13,379,16,6,,,00001garden,,17,0,0
SHAM,0.0,00001garden|380|1|13,379,16,7,,,00001garden,,17,0,0
SHAM,0.0,00001garden|380|1|13,379,16,8,,,00001garden,,16,0,0
SHAM,0.0,00001garden|380|1|13,379,16,9,,,00001garden,,16,0,0
SHAM,0.0,00001garden|380|1|13,379,16,10,,,00001garden,,16,0,0
SHAM,0.0,00001garden|380|1|13,379,16,11,,,00001garden,,17,0,0
SHAM,0.0,00001garden|380|1|13,379,16,12,,,00001garden,,17,0,0
SHAM,0.0,00001garden|380|1|13,379,16,13,,,00001garden,,16,0,0
SHAM,0.0,00001garden|380|1|13,379,16,14,,,00001garden,,16,0,0
SHAM,0.0,00001garden|380|1|13,379,16,15,,,00001garden,,16,0,0
SHAM,0.0,00001garden|380|1|13,379,16,16,,,00001garden,,15,0,0
SHAM,0.0,00001garden|380|1|13,379,16,17,,,00001garden,,16,0,0
SHAM,0.0,00001garden|380|1|13,379,16,18,,,00001garden,,16,0,0
SHAM,0.0,00001garden|380|1|13,379,16,19,,,00001garden,,15,0,0
SHAM,0.0,00001garden|380|1|13,379,16,20,,,00001garden,,16,0,0
C2b-INJECTION,0.0,00001garden|380|1|13,379,16,1,,,00001garden,,16,0,0
C2b-INJECTION,0.0,00001garden|380|1|13,379,16,2,,,00001garden,,16,0,0
C2b-INJECTION,0.0,00001garden|380|1|13,379,16,3,,,00001garden,,16,0,0
C2b-INJECTION,0.0,00001garden|380|1|13,379,16,4,,,00001garden,,16,0,0
C2b-INJECTION,0.0,00001garden|380|1|13,379,16,5,,,00001garden,,15,0,0
C2b-INJECTION,0.0,00001garden|380|1|13,379,16,6,,,00001garden,,17,0,0
C2b-INJECTION,0.0,00001garden|380|1|13,379,16,7,,,00001garden,,17,0,0
C2b-INJECTION,0.058823529411764705,00001garden|380|1|13,379,16,8,,,00001garden,,17,0,1
C2b-INJECTION,0.0,00001garden|380|1|13,379,16,9,,,00001garden,,16,0,0
C2b-INJECTION,0.0,00001garden|380|1|13,379,16,10,,,00001garden,,16,0,0
C2b-INJECTION,0.0,00001garden|380|1|13,379,16,11,,,00001garden,,17,0,0
C2b-INJECTION,0.0,00001garden|380|1|13,379,16,12,,,00001garden,,17,0,0
C2b-INJECTION,0.0,00001garden|380|1|13,379,16,13,,,00001garden,,16,0,0
C2b-INJECTION,0.0,00001garden|380|1|13,379,16,14,,,00001garden,,16,0,0
C2b-INJECTION,0.0,00001garden|380|1|13,379,16,15,,,00001garden,,16,0,0
C2b-INJECTION,0.0,00001garden|380|1|13,379,16,16,,,00001garden,,15,0,0
C2b-INJECTION,0.0,00001garden|380|1|13,379,16,17,,,00001garden,,16,0,0
C2b-INJECTION,0.0,00001garden|380|1|13,379,16,18,,,00001garden,,16,0,0
C2b-INJECTION,0.0,00001garden|380|1|13,379,16,19,,,00001garden,,15,0,0
C2b-INJECTION,0.0,00001garden|380|1|13,379,16,20,,,00001garden,,16,0,0
_META,,00001garden|380|1|13,379,16,0,omitted_for_runtime,omitted_for_runtime,00001garden,,,0,
SHAM,0.0,00001garden|384|1|10,383,7,1,,,00001garden,,15,0,0
SHAM,0.0,00001garden|384|1|10,383,7,2,,,00001garden,,17,0,0
SHAM,0.0,00001garden|384|1|10,383,7,3,,,00001garden,,17,0,0
SHAM,0.0,00001garden|384|1|10,383,7,4,,,00001garden,,16,0,0
SHAM,0.0,00001garden|384|1|10,383,7,5,,,00001garden,,16,0,0
SHAM,0.0,00001garden|384|1|10,383,7,6,,,00001garden,,16,0,0
SHAM,0.0,00001garden|384|1|10,383,7,7,,,00001garden,,17,0,0
SHAM,0.0,00001garden|384|1|10,383,7,8,,,00001garden,,17,0,0
SHAM,0.0,00001garden|384|1|10,383,7,9,,,00001garden,,16,0,0
SHAM,0.0,00001garden|384|1|10,383,7,10,,,00001garden,,16,0,0
SHAM,0.0,00001garden|384|1|10,383,7,11,,,00001garden,,16,0,0
SHAM,0.0,00001garden|384|1|10,383,7,12,,,00001garden,,15,0,0
SHAM,0.0,00001garden|384|1|10,383,7,13,,,00001garden,,16,0,0
SHAM,0.0,00001garden|384|1|10,383,7,14,,,00001garden,,16,0,0
SHAM,0.0,00001garden|384|1|10,383,7,15,,,00001garden,,15,0,0
SHAM,0.0,00001garden|384|1|10,383,7,16,,,00001garden,,16,0,0
SHAM,0.0,00001garden|384|1|10,383,7,17,,,00001garden,,17,0,0
SHAM,0.0,00001garden|384|1|10,383,7,18,,,00001garden,,18,0,0
SHAM,0.0,00001garden|384|1|10,383,7,19,,,00001garden,,18,0,0
SHAM,0.0,00001garden|384|1|10,383,7,20,,,00001garden,,17,0,0
C2b-INJECTION,0.0,00001garden|384|1|10,383,7,1,,,00001garden,,15,0,0
C2b-INJECTION,0.0,00001garden|384|1|10,383,7,2,,,00001garden,,17,0,0
C2b-INJECTION,0.0,00001garden|384|1|10,383,7,3,,,00001garden,,17,0,0
C2b-INJECTION,0.058823529411764705,00001garden|384|1|10,383,7,4,,,00001garden,,17,0,1
C2b-INJECTION,0.0,00001garden|384|1|10,383,7,5,,,00001garden,,16,0,0
C2b-INJECTION,0.0,00001garden|384|1|10,383,7,6,,,00001garden,,16,0,0
C2b-INJECTION,0.0,00001garden|384|1|10,383,7,7,,,00001garden,,16,0,0
C2b-INJECTION,0.0,00001garden|384|1|10,383,7,8,,,00001garden,,17,0,0
C2b-INJECTION,0.0,00001garden|384|1|10,383,7,9,,,00001garden,,16,0,0
C2b-INJECTION,0.0,00001garden|384|1|10,383,7,10,,,00001garden,,16,0,0
C2b-INJECTION,0.0,00001garden|384|1|10,383,7,11,,,00001garden,,16,0,0
C2b-INJECTION,0.0,00001garden|384|1|10,383,7,12,,,00001garden,,15,0,0
C2b-INJECTION,0.0,00001garden|384|1|10,383,7,13,,,00001garden,,16,0,0
C2b-INJECTION,0.0,00001garden|384|1|10,383,7,14,,,00001garden,,16,0,0
C2b-INJECTION,0.0,00001garden|384|1|10,383,7,15,,,00001garden,,15,0,0
C2b-INJECTION,0.0,00001garden|384|1|10,383,7,16,,,00001garden,,16,0,0
C2b-INJECTION,0.0,00001garden|384|1|10,383,7,17,,,00001garden,,17,0,0
C2b-INJECTION,0.0,00001garden|384|1|10,383,7,18,,,00001garden,,18,0,0
C2b-INJECTION,0.0,00001garden|384|1|10,383,7,19,,,00001garden,,18,0,0
C2b-INJECTION,0.0,00001garden|384|1|10,383,7,20,,,00001garden,,17,0,0
_META,,00001garden|384|1|10,383,7,0,omitted_for_runtime,omitted_for_runtime,00001garden,,,0,
SHAM,0.0,00001garden|412|1|7,411,2,1,,,00001garden,,16,0,0
SHAM,0.0,00001garden|412|1|7,411,2,2,,,00001garden,,17,0,0
SHAM,0.0,00001garden|412|1|7,411,2,3,,,00001garden,,18,0,0
SHAM,0.0,00001garden|412|1|7,411,2,4,,,00001garden,,17,0,0
SHAM,0.0,00001garden|412|1|7,411,2,5,,,00001garden,,17,0,0
SHAM,0.0,00001garden|412|1|7,411,2,6,,,00001garden,,18,0,0
SHAM,0.0,00001garden|412|1|7,411,2,7,,,00001garden,,17,0,0
SHAM,0.0,00001garden|412|1|7,411,2,8,,,00001garden,,17,0,0
SHAM,0.0,00001garden|412|1|7,411,2,9,,,00001garden,,17,0,0
SHAM,0.0,00001garden|412|1|7,411,2,10,,,00001garden,,17,0,0
SHAM,0.0,00001garden|412|1|7,411,2,11,,,00001garden,,18,0,0
SHAM,0.0,00001garden|412|1|7,411,2,12,,,00001garden,,18,0,0
SHAM,0.0,00001garden|412|1|7,411,2,13,,,00001garden,,18,0,0
SHAM,0.0,00001garden|412|1|7,411,2,14,,,00001garden,,18,0,0
SHAM,0.0,00001garden|412|1|7,411,2,15,,,00001garden,,18,0,0
SHAM,0.0,00001garden|412|1|7,411,2,16,,,00001garden,,18,0,0
SHAM,0.0,00001garden|412|1|7,411,2,17,,,00001garden,,18,0,0
SHAM,0.0,00001garden|412|1|7,411,2,18,,,00001garden,,18,0,0
SHAM,0.0,00001garden|412|1|7,411,2,19,,,00001garden,,18,0,0
SHAM,0.0,00001garden|412|1|7,411,2,20,,,00001garden,,18,0,0
C2b-INJECTION,0.0,00001garden|412|1|7,411,2,1,,,00001garden,,16,0,0
C2b-INJECTION,0.0,00001garden|412|1|7,411,2,2,,,00001garden,,17,0,0
C2b-INJECTION,0.0,00001garden|412|1|7,411,2,3,,,00001garden,,18,0,0
C2b-INJECTION,0.0,00001garden|412|1|7,411,2,4,,,00001garden,,17,0,0
C2b-INJECTION,0.0,00001garden|412|1|7,411,2,5,,,00001garden,,17,0,0
C2b-INJECTION,0.0,00001garden|412|1|7,411,2,6,,,00001garden,,18,0,0
C2b-INJECTION,0.0,00001garden|412|1|7,411,2,7,,,00001garden,,17,0,0
C2b-INJECTION,0.0,00001garden|412|1|7,411,2,8,,,00001garden,,17,0,0
C2b-INJECTION,0.0,00001garden|412|1|7,411,2,9,,,00001garden,,17,0,0
C2b-INJECTION,0.0,00001garden|412|1|7,411,2,10,,,00001garden,,17,0,0
C2b-INJECTION,0.0,00001garden|412|1|7,411,2,11,,,00001garden,,18,0,0
C2b-INJECTION,0.0,00001garden|412|1|7,411,2,12,,,00001garden,,18,0,0
C2b-INJECTION,0.0,00001garden|412|1|7,411,2,13,,,00001garden,,18,0,0
C2b-INJECTION,0.0,00001garden|412|1|7,411,2,14,,,00001garden,,18,0,0
C2b-INJECTION,0.0,00001garden|412|1|7,411,2,15,,,00001garden,,18,0,0
C2b-INJECTION,0.0,00001garden|412|1|7,411,2,16,,,00001garden,,18,0,0
C2b-INJECTION,0.0,00001garden|412|1|7,411,2,17,,,00001garden,,18,0,0
C2b-INJECTION,0.0,00001garden|412|1|7,411,2,18,,,00001garden,,18,0,0
C2b-INJECTION,0.0,00001garden|412|1|7,411,2,19,,,00001garden,,18,0,0
C2b-INJECTION,0.0,00001garden|412|1|7,411,2,20,,,00001garden,,18,0,0
_META,,00001garden|412|1|7,411,2,0,omitted_for_runtime,omitted_for_runtime,00001garden,,,0,
SHAM,0.0,00001garden|413|1|1,412,6,1,,,00001garden,,17,0,0
SHAM,0.0,00001garden|413|1|1,412,6,2,,,00001garden,,18,0,0
SHAM,0.0,00001garden|413|1|1,412,6,3,,,00001garden,,17,0,0
SHAM,0.0,00001garden|413|1|1,412,6,4,,,00001garden,,17,0,0
SHAM,0.0,00001garden|413|1|1,412,6,5,,,00001garden,,18,0,0
SHAM,0.0,00001garden|413|1|1,412,6,6,,,00001garden,,17,0,0
SHAM,0.0,00001garden|413|1|1,412,6,7,,,00001garden,,17,0,0
SHAM,0.0,00001garden|413|1|1,412,6,8,,,00001garden,,17,0,0
SHAM,0.0,00001garden|413|1|1,412,6,9,,,00001garden,,17,0,0
SHAM,0.0,00001garden|413|1|1,412,6,10,,,00001garden,,18,0,0
SHAM,0.0,00001garden|413|1|1,412,6,11,,,00001garden,,18,0,0
SHAM,0.0,00001garden|413|1|1,412,6,12,,,00001garden,,18,0,0
SHAM,0.0,00001garden|413|1|1,412,6,13,,,00001garden,,18,0,0
SHAM,0.0,00001garden|413|1|1,412,6,14,,,00001garden,,18,0,0
SHAM,0.0,00001garden|413|1|1,412,6,15,,,00001garden,,18,0,0
SHAM,0.0,00001garden|413|1|1,412,6,16,,,00001garden,,18,0,0
SHAM,0.0,00001garden|413|1|1,412,6,17,,,00001garden,,18,0,0
SHAM,0.0,00001garden|413|1|1,412,6,18,,,00001garden,,18,0,0
SHAM,0.0,00001garden|413|1|1,412,6,19,,,00001garden,,18,0,0
SHAM,0.0,00001garden|413|1|1,412,6,20,,,00001garden,,17,0,0
C2b-INJECTION,0.0,00001garden|413|1|1,412,6,1,,,00001garden,,17,0,0
C2b-INJECTION,0.0,00001garden|413|1|1,412,6,2,,,00001garden,,18,0,0
C2b-INJECTION,0.0,00001garden|413|1|1,412,6,3,,,00001garden,,17,0,0
C2b-INJECTION,0.0,00001garden|413|1|1,412,6,4,,,00001garden,,17,0,0
C2b-INJECTION,0.0,00001garden|413|1|1,412,6,5,,,00001garden,,18,0,0
C2b-INJECTION,0.0,00001garden|413|1|1,412,6,6,,,00001garden,,17,0,0
C2b-INJECTION,0.0,00001garden|413|1|1,412,6,7,,,00001garden,,17,0,0
C2b-INJECTION,0.0,00001garden|413|1|1,412,6,8,,,00001garden,,17,0,0
C2b-INJECTION,0.0,00001garden|413|1|1,412,6,9,,,00001garden,,17,0,0
C2b-INJECTION,0.0,00001garden|413|1|1,412,6,10,,,00001garden,,18,0,0
C2b-INJECTION,0.0,00001garden|413|1|1,412,6,11,,,00001garden,,18,0,0
C2b-INJECTION,0.0,00001garden|413|1|1,412,6,12,,,00001garden,,18,0,0
C2b-INJECTION,0.0,00001garden|413|1|1,412,6,13,,,00001garden,,18,0,0
C2b-INJECTION,0.0,00001garden|413|1|1,412,6,14,,,00001garden,,18,0,0
C2b-INJECTION,0.0,00001garden|413|1|1,412,6,15,,,00001garden,,18,0,0
C2b-INJECTION,0.0,00001garden|413|1|1,412,6,16,,,00001garden,,18,0,0
C2b-INJECTION,0.0,00001garden|413|1|1,412,6,17,,,00001garden,,18,0,0
C2b-INJECTION,0.0,00001garden|413|1|1,412,6,18,,,00001garden,,18,0,0
C2b-INJECTION,0.0,00001garden|413|1|1,412,6,19,,,00001garden,,18,0,0
C2b-INJECTION,0.0,00001garden|413|1|1,412,6,20,,,00001garden,,17,0,0
_META,,00001garden|413|1|1,412,6,0,omitted_for_runtime,omitted_for_runtime,00001garden,,,0,
SHAM,0.0,00001garden|433|1|10,432,7,1,,,00001garden,,17,0,0
SHAM,0.0,00001garden|433|1|10,432,7,2,,,00001garden,,17,0,0
SHAM,0.0,00001garden|433|1|10,432,7,3,,,00001garden,,17,0,0
SHAM,0.0,00001garden|433|1|10,432,7,4,,,00001garden,,17,0,0
SHAM,0.0,00001garden|433|1|10,432,7,5,,,00001garden,,17,0,0
SHAM,0.0,00001garden|433|1|10,432,7,6,,,00001garden,,17,0,0
SHAM,0.0,00001garden|433|1|10,432,7,7,,,00001garden,,16,0,0
SHAM,0.0,00001garden|433|1|10,432,7,8,,,00001garden,,16,0,0
SHAM,0.0,00001garden|433|1|10,432,7,9,,,00001garden,,16,0,0
SHAM,0.0,00001garden|433|1|10,432,7,10,,,00001garden,,17,0,0
SHAM,0.0,00001garden|433|1|10,432,7,11,,,00001garden,,17,0,0
SHAM,0.0,00001garden|433|1|10,432,7,12,,,00001garden,,16,0,0
SHAM,0.0,00001garden|433|1|10,432,7,13,,,00001garden,,17,0,0
SHAM,0.0,00001garden|433|1|10,432,7,14,,,00001garden,,17,0,0
SHAM,0.0,00001garden|433|1|10,432,7,15,,,00001garden,,17,0,0
SHAM,0.0,00001garden|433|1|10,432,7,16,,,00001garden,,17,0,0
SHAM,0.0,00001garden|433|1|10,432,7,17,,,00001garden,,16,0,0
SHAM,0.0,00001garden|433|1|10,432,7,18,,,00001garden,,17,0,0
SHAM,0.0,00001garden|433|1|10,432,7,19,,,00001garden,,17,0,0
SHAM,0.0,00001garden|433|1|10,432,7,20,,,00001garden,,16,0,0
C2b-INJECTION,0.0,00001garden|433|1|10,432,7,1,,,00001garden,,17,0,0
C2b-INJECTION,0.0,00001garden|433|1|10,432,7,2,,,00001garden,,17,0,0
C2b-INJECTION,0.0,00001garden|433|1|10,432,7,3,,,00001garden,,17,0,0
C2b-INJECTION,0.0,00001garden|433|1|10,432,7,4,,,00001garden,,17,0,0
C2b-INJECTION,0.0,00001garden|433|1|10,432,7,5,,,00001garden,,17,0,0
C2b-INJECTION,0.0,00001garden|433|1|10,432,7,6,,,00001garden,,17,0,0
C2b-INJECTION,0.0,00001garden|433|1|10,432,7,7,,,00001garden,,16,0,0
C2b-INJECTION,0.0,00001garden|433|1|10,432,7,8,,,00001garden,,16,0,0
C2b-INJECTION,0.0,00001garden|433|1|10,432,7,9,,,00001garden,,16,0,0
C2b-INJECTION,0.0,00001garden|433|1|10,432,7,10,,,00001garden,,17,0,0
C2b-INJECTION,0.0,00001garden|433|1|10,432,7,11,,,00001garden,,17,0,0
C2b-INJECTION,0.0,00001garden|433|1|10,432,7,12,,,00001garden,,16,0,0
C2b-INJECTION,0.0,00001garden|433|1|10,432,7,13,,,00001garden,,17,0,0
C2b-INJECTION,0.0,00001garden|433|1|10,432,7,14,,,00001garden,,17,0,0
C2b-INJECTION,0.0,00001garden|433|1|10,432,7,15,,,00001garden,,17,0,0
C2b-INJECTION,0.0,00001garden|433|1|10,432,7,16,,,00001garden,,17,0,0
C2b-INJECTION,0.0,00001garden|433|1|10,432,7,17,,,00001garden,,16,0,0
C2b-INJECTION,0.0,00001garden|433|1|10,432,7,18,,,00001garden,,17,0,0
C2b-INJECTION,0.0,00001garden|433|1|10,432,7,19,,,00001garden,,17,0,0
C2b-INJECTION,0.0,00001garden|433|1|10,432,7,20,,,00001garden,,17,0,0
_META,,00001garden|433|1|10,432,7,0,omitted_for_runtime,omitted_for_runtime,00001garden,,,0,
SHAM,0.0,00001garden|453|1|3,452,3,1,,,00001garden,,14,0,0
SHAM,0.0,00001garden|453|1|3,452,3,2,,,00001garden,,13,0,0
SHAM,0.0,00001garden|453|1|3,452,3,3,,,00001garden,,12,0,0
SHAM,0.0,00001garden|453|1|3,452,3,4,,,00001garden,,11,0,0
SHAM,0.0,00001garden|453|1|3,452,3,5,,,00001garden,,8,0,0
SHAM,0.0,00001garden|453|1|3,452,3,6,,,00001garden,,7,0,0
SHAM,0.0,00001garden|453|1|3,452,3,7,,,00001garden,,7,0,0
SHAM,0.0,00001garden|453|1|3,452,3,8,,,00001garden,,6,0,0
SHAM,0.0,00001garden|453|1|3,452,3,9,,,00001garden,,3,0,0
SHAM,0.0,00001garden|453|1|3,452,3,10,,,00001garden,,4,0,0
SHAM,0.0,00001garden|453|1|3,452,3,11,,,00001garden,,4,0,0
SHAM,0.0,00001garden|453|1|3,452,3,12,,,00001garden,,7,0,0
SHAM,0.0,00001garden|453|1|3,452,3,13,,,00001garden,,7,0,0
SHAM,0.0,00001garden|453|1|3,452,3,14,,,00001garden,,7,0,0
SHAM,0.0,00001garden|453|1|3,452,3,15,,,00001garden,,7,0,0
SHAM,0.0,00001garden|453|1|3,452,3,16,,,00001garden,,7,0,0
SHAM,0.0,00001garden|453|1|3,452,3,17,,,00001garden,,6,0,0
SHAM,0.0,00001garden|453|1|3,452,3,18,,,00001garden,,7,0,0
SHAM,0.0,00001garden|453|1|3,452,3,19,,,00001garden,,7,0,0
SHAM,0.0,00001garden|453|1|3,452,3,20,,,00001garden,,6,0,0
C2b-INJECTION,0.0,00001garden|453|1|3,452,3,1,,,00001garden,,15,0,0
C2b-INJECTION,0.0,00001garden|453|1|3,452,3,2,,,00001garden,,13,0,0
C2b-INJECTION,0.0,00001garden|453|1|3,452,3,3,,,00001garden,,12,0,0
C2b-INJECTION,0.0,00001garden|453|1|3,452,3,4,,,00001garden,,11,0,0
C2b-INJECTION,0.0,00001garden|453|1|3,452,3,5,,,00001garden,,8,0,0
C2b-INJECTION,0.0,00001garden|453|1|3,452,3,6,,,00001garden,,7,0,0
C2b-INJECTION,0.0,00001garden|453|1|3,452,3,7,,,00001garden,,7,0,0
C2b-INJECTION,0.0,00001garden|453|1|3,452,3,8,,,00001garden,,6,0,0
C2b-INJECTION,0.0,00001garden|453|1|3,452,3,9,,,00001garden,,3,0,0
C2b-INJECTION,0.0,00001garden|453|1|3,452,3,10,,,00001garden,,4,0,0
C2b-INJECTION,0.0,00001garden|453|1|3,452,3,11,,,00001garden,,4,0,0
C2b-INJECTION,0.0,00001garden|453|1|3,452,3,12,,,00001garden,,7,0,0
C2b-INJECTION,0.0,00001garden|453|1|3,452,3,13,,,00001garden,,7,0,0
C2b-INJECTION,0.0,00001garden|453|1|3,452,3,14,,,00001garden,,7,0,0
C2b-INJECTION,0.0,00001garden|453|1|3,452,3,15,,,00001garden,,7,0,0
C2b-INJECTION,0.0,00001garden|453|1|3,452,3,16,,,00001garden,,7,0,0
C2b-INJECTION,0.0,00001garden|453|1|3,452,3,17,,,00001garden,,6,0,0
C2b-INJECTION,0.0,00001garden|453|1|3,452,3,18,,,00001garden,,7,0,0
C2b-INJECTION,0.0,00001garden|453|1|3,452,3,19,,,00001garden,,7,0,0
C2b-INJECTION,0.0,00001garden|453|1|3,452,3,20,,,00001garden,,6,0,0
_META,,00001garden|453|1|3,452,3,0,omitted_for_runtime,omitted_for_runtime,00001garden,,,0,
SHAM,0.0,00001garden|454|1|2,453,13,1,,,00001garden,,13,0,0
SHAM,0.0,00001garden|454|1|2,453,13,2,,,00001garden,,12,0,0
SHAM,0.0,00001garden|454|1|2,453,13,3,,,00001garden,,11,0,0
SHAM,0.0,00001garden|454|1|2,453,13,4,,,00001garden,,8,0,0
SHAM,0.0,00001garden|454|1|2,453,13,5,,,00001garden,,7,0,0
SHAM,0.0,00001garden|454|1|2,453,13,6,,,00001garden,,7,0,0
SHAM,0.0,00001garden|454|1|2,453,13,7,,,00001garden,,6,0,0
SHAM,0.0,00001garden|454|1|2,453,13,8,,,00001garden,,3,0,0
SHAM,0.0,00001garden|454|1|2,453,13,9,,,00001garden,,4,0,0
SHAM,0.0,00001garden|454|1|2,453,13,10,,,00001garden,,4,0,0
SHAM,0.0,00001garden|454|1|2,453,13,11,,,00001garden,,7,0,0
SHAM,0.0,00001garden|454|1|2,453,13,12,,,00001garden,,7,0,0
SHAM,0.0,00001garden|454|1|2,453,13,13,,,00001garden,,7,0,0
SHAM,0.0,00001garden|454|1|2,453,13,14,,,00001garden,,7,0,0
SHAM,0.0,00001garden|454|1|2,453,13,15,,,00001garden,,7,0,0
SHAM,0.0,00001garden|454|1|2,453,13,16,,,00001garden,,6,0,0
SHAM,0.0,00001garden|454|1|2,453,13,17,,,00001garden,,7,0,0
SHAM,0.0,00001garden|454|1|2,453,13,18,,,00001garden,,7,0,0
SHAM,0.0,00001garden|454|1|2,453,13,19,,,00001garden,,6,0,0
SHAM,0.0,00001garden|454|1|2,453,13,20,,,00001garden,,6,0,0
C2b-INJECTION,0.0,00001garden|454|1|2,453,13,1,,,00001garden,,13,0,0
C2b-INJECTION,0.0,00001garden|454|1|2,453,13,2,,,00001garden,,12,0,0
C2b-INJECTION,0.0,00001garden|454|1|2,453,13,3,,,00001garden,,11,0,0
C2b-INJECTION,0.0,00001garden|454|1|2,453,13,4,,,00001garden,,8,0,0
C2b-INJECTION,0.0,00001garden|454|1|2,453,13,5,,,00001garden,,7,0,0
C2b-INJECTION,0.0,00001garden|454|1|2,453,13,6,,,00001garden,,7,0,0
C2b-INJECTION,0.0,00001garden|454|1|2,453,13,7,,,00001garden,,6,0,0
C2b-INJECTION,0.0,00001garden|454|1|2,453,13,8,,,00001garden,,3,0,0
C2b-INJECTION,0.0,00001garden|454|1|2,453,13,9,,,00001garden,,4,0,0
C2b-INJECTION,0.0,00001garden|454|1|2,453,13,10,,,00001garden,,4,0,0
C2b-INJECTION,0.0,00001garden|454|1|2,453,13,11,,,00001garden,,7,0,0
C2b-INJECTION,0.0,00001garden|454|1|2,453,13,12,,,00001garden,,7,0,0
C2b-INJECTION,0.0,00001garden|454|1|2,453,13,13,,,00001garden,,7,0,0
C2b-INJECTION,0.0,00001garden|454|1|2,453,13,14,,,00001garden,,7,0,0
C2b-INJECTION,0.0,00001garden|454|1|2,453,13,15,,,00001garden,,7,0,0
C2b-INJECTION,0.0,00001garden|454|1|2,453,13,16,,,00001garden,,6,0,0
C2b-INJECTION,0.0,00001garden|454|1|2,453,13,17,,,00001garden,,7,0,0
C2b-INJECTION,0.0,00001garden|454|1|2,453,13,18,,,00001garden,,7,0,0
C2b-INJECTION,0.0,00001garden|454|1|2,453,13,19,,,00001garden,,6,0,0
C2b-INJECTION,0.0,00001garden|454|1|2,453,13,20,,,00001garden,,6,0,0
_META,,00001garden|454|1|2,453,13,0,omitted_for_runtime,omitted_for_runtime,00001garden,,,0,
SHAM,0.0,00001garden|494|2|0,493,1,1,,,00001garden,,7,1,0
SHAM,0.0,00001garden|494|2|0,493,1,2,,,00001garden,,6,1,0
SHAM,0.0,00001garden|494|2|0,493,1,3,,,00001garden,,7,1,0
SHAM,0.0,00001garden|494|2|0,493,1,4,,,00001garden,,7,1,0
SHAM,0.0,00001garden|494|2|0,493,1,5,,,00001garden,,7,1,0
SHAM,0.0,00001garden|494|2|0,493,1,6,,,00001garden,,7,1,0
SHAM,0.0,00001garden|494|2|0,493,1,7,,,00001garden,,7,1,0
SHAM,0.0,00001garden|494|2|0,493,1,8,,,00001garden,,8,1,0
SHAM,0.0,00001garden|494|2|0,493,1,9,,,00001garden,,8,1,0
SHAM,0.0,00001garden|494|2|0,493,1,10,,,00001garden,,8,1,0
SHAM,0.0,00001garden|494|2|0,493,1,11,,,00001garden,,7,1,0
SHAM,0.0,00001garden|494|2|0,493,1,12,,,00001garden,,8,1,0
SHAM,0.0,00001garden|494|2|0,493,1,13,,,00001garden,,7,1,0
SHAM,0.0,00001garden|494|2|0,493,1,14,,,00001garden,,7,1,0
SHAM,0.0,00001garden|494|2|0,493,1,15,,,00001garden,,8,1,0
SHAM,0.0,00001garden|494|2|0,493,1,16,,,00001garden,,8,1,0
SHAM,0.0,00001garden|494|2|0,493,1,17,,,00001garden,,8,1,0
SHAM,0.0,00001garden|494|2|0,493,1,18,,,00001garden,,8,1,0
SHAM,0.0,00001garden|494|2|0,493,1,19,,,00001garden,,6,1,0
SHAM,0.0,00001garden|494|2|0,493,1,20,,,00001garden,,7,1,0
C2b-INJECTION,0.0,00001garden|494|2|0,493,1,1,,,00001garden,,7,1,0
C2b-INJECTION,0.0,00001garden|494|2|0,493,1,2,,,00001garden,,6,1,0
C2b-INJECTION,0.0,00001garden|494|2|0,493,1,3,,,00001garden,,7,1,0
C2b-INJECTION,0.0,00001garden|494|2|0,493,1,4,,,00001garden,,7,1,0
C2b-INJECTION,0.0,00001garden|494|2|0,493,1,5,,,00001garden,,7,1,0
C2b-INJECTION,0.0,00001garden|494|2|0,493,1,6,,,00001garden,,7,1,0
C2b-INJECTION,0.0,00001garden|494|2|0,493,1,7,,,00001garden,,7,1,0
C2b-INJECTION,0.0,00001garden|494|2|0,493,1,8,,,00001garden,,8,1,0
C2b-INJECTION,0.0,00001garden|494|2|0,493,1,9,,,00001garden,,8,1,0
C2b-INJECTION,0.0,00001garden|494|2|0,493,1,10,,,00001garden,,8,1,0
C2b-INJECTION,0.0,00001garden|494|2|0,493,1,11,,,00001garden,,7,1,0
C2b-INJECTION,0.0,00001garden|494|2|0,493,1,12,,,00001garden,,8,1,0
C2b-INJECTION,0.0,00001garden|494|2|0,493,1,13,,,00001garden,,7,1,0
C2b-INJECTION,0.0,00001garden|494|2|0,493,1,14,,,00001garden,,7,1,0
C2b-INJECTION,0.0,00001garden|494|2|0,493,1,15,,,00001garden,,8,1,0
C2b-INJECTION,0.0,00001garden|494|2|0,493,1,16,,,00001garden,,8,1,0
C2b-INJECTION,0.0,00001garden|494|2|0,493,1,17,,,00001garden,,8,1,0
C2b-INJECTION,0.0,00001garden|494|2|0,493,1,18,,,00001garden,,8,1,0
C2b-INJECTION,0.0,00001garden|494|2|0,493,1,19,,,00001garden,,6,1,0
C2b-INJECTION,0.0,00001garden|494|2|0,493,1,20,,,00001garden,,7,1,0
_META,,00001garden|494|2|0,493,1,0,omitted_for_runtime,omitted_for_runtime,00001garden,,,1,
SHAM,0.0,00001garden|536|1|0,535,6,1,,,00001garden,,7,0,0
SHAM,0.0,00001garden|536|1|0,535,6,2,,,00001garden,,8,0,0
SHAM,0.0,00001garden|536|1|0,535,6,3,,,00001garden,,8,0,0
SHAM,0.0,00001garden|536|1|0,535,6,4,,,00001garden,,8,0,0
SHAM,0.0,00001garden|536|1|0,535,6,5,,,00001garden,,8,0,0
SHAM,0.0,00001garden|536|1|0,535,6,6,,,00001garden,,8,0,0
SHAM,0.0,00001garden|536|1|0,535,6,7,,,00001garden,,7,0,0
SHAM,0.0,00001garden|536|1|0,535,6,8,,,00001garden,,8,0,0
SHAM,0.0,00001garden|536|1|0,535,6,9,,,00001garden,,8,0,0
SHAM,0.0,00001garden|536|1|0,535,6,10,,,00001garden,,8,0,0
SHAM,0.0,00001garden|536|1|0,535,6,11,,,00001garden,,8,0,0
SHAM,0.0,00001garden|536|1|0,535,6,12,,,00001garden,,7,0,0
SHAM,0.0,00001garden|536|1|0,535,6,13,,,00001garden,,8,0,0
SHAM,0.0,00001garden|536|1|0,535,6,14,,,00001garden,,8,0,0
SHAM,0.0,00001garden|536|1|0,535,6,15,,,00001garden,,8,0,0
SHAM,0.0,00001garden|536|1|0,535,6,16,,,00001garden,,8,0,0
SHAM,0.0,00001garden|536|1|0,535,6,17,,,00001garden,,8,0,0
SHAM,0.0,00001garden|536|1|0,535,6,18,,,00001garden,,8,0,0
SHAM,0.0,00001garden|536|1|0,535,6,19,,,00001garden,,7,0,0
SHAM,0.0,00001garden|536|1|0,535,6,20,,,00001garden,,8,0,0
C2b-INJECTION,0.0,00001garden|536|1|0,535,6,1,,,00001garden,,7,0,0
C2b-INJECTION,0.0,00001garden|536|1|0,535,6,2,,,00001garden,,8,0,0
C2b-INJECTION,0.0,00001garden|536|1|0,535,6,3,,,00001garden,,8,0,0
C2b-INJECTION,0.0,00001garden|536|1|0,535,6,4,,,00001garden,,8,0,0
C2b-INJECTION,0.0,00001garden|536|1|0,535,6,5,,,00001garden,,8,0,0
C2b-INJECTION,0.0,00001garden|536|1|0,535,6,6,,,00001garden,,8,0,0
C2b-INJECTION,0.0,00001garden|536|1|0,535,6,7,,,00001garden,,7,0,0
C2b-INJECTION,0.0,00001garden|536|1|0,535,6,8,,,00001garden,,8,0,0
C2b-INJECTION,0.0,00001garden|536|1|0,535,6,9,,,00001garden,,8,0,0
C2b-INJECTION,0.0,00001garden|536|1|0,535,6,10,,,00001garden,,8,0,0
C2b-INJECTION,0.0,00001garden|536|1|0,535,6,11,,,00001garden,,8,0,0
C2b-INJECTION,0.0,00001garden|536|1|0,535,6,12,,,00001garden,,7,0,0
C2b-INJECTION,0.0,00001garden|536|1|0,535,6,13,,,00001garden,,8,0,0
C2b-INJECTION,0.0,00001garden|536|1|0,535,6,14,,,00001garden,,8,0,0
C2b-INJECTION,0.0,00001garden|536|1|0,535,6,15,,,00001garden,,8,0,0
C2b-INJECTION,0.0,00001garden|536|1|0,535,6,16,,,00001garden,,8,0,0
C2b-INJECTION,0.0,00001garden|536|1|0,535,6,17,,,00001garden,,8,0,0
C2b-INJECTION,0.0,00001garden|536|1|0,535,6,18,,,00001garden,,8,0,0
C2b-INJECTION,0.0,00001garden|536|1|0,535,6,19,,,00001garden,,7,0,0
C2b-INJECTION,0.0,00001garden|536|1|0,535,6,20,,,00001garden,,8,0,0
_META,,00001garden|536|1|0,535,6,0,omitted_for_runtime,omitted_for_runtime,00001garden,,,0,
SHAM,0.0,00001garden|536|2|2,535,1,1,,,00001garden,,7,1,0
SHAM,0.0,00001garden|536|2|2,535,1,2,,,00001garden,,8,1,0
SHAM,0.0,00001garden|536|2|2,535,1,3,,,00001garden,,8,1,0
SHAM,0.0,00001garden|536|2|2,535,1,4,,,00001garden,,8,1,0
SHAM,0.0,00001garden|536|2|2,535,1,5,,,00001garden,,8,1,0
SHAM,0.0,00001garden|536|2|2,535,1,6,,,00001garden,,8,1,0
SHAM,0.0,00001garden|536|2|2,535,1,7,,,00001garden,,7,1,0
SHAM,0.0,00001garden|536|2|2,535,1,8,,,00001garden,,8,1,0
SHAM,0.0,00001garden|536|2|2,535,1,9,,,00001garden,,8,1,0
SHAM,0.0,00001garden|536|2|2,535,1,10,,,00001garden,,8,1,0
SHAM,0.0,00001garden|536|2|2,535,1,11,,,00001garden,,8,1,0
SHAM,0.0,00001garden|536|2|2,535,1,12,,,00001garden,,7,1,0
SHAM,0.0,00001garden|536|2|2,535,1,13,,,00001garden,,8,1,0
SHAM,0.0,00001garden|536|2|2,535,1,14,,,00001garden,,8,1,0
SHAM,0.0,00001garden|536|2|2,535,1,15,,,00001garden,,8,1,0
SHAM,0.0,00001garden|536|2|2,535,1,16,,,00001garden,,8,1,0
SHAM,0.0,00001garden|536|2|2,535,1,17,,,00001garden,,8,1,0
SHAM,0.0,00001garden|536|2|2,535,1,18,,,00001garden,,8,1,0
SHAM,0.0,00001garden|536|2|2,535,1,19,,,00001garden,,7,1,0
SHAM,0.0,00001garden|536|2|2,535,1,20,,,00001garden,,8,1,0
C2b-INJECTION,0.0,00001garden|536|2|2,535,1,1,,,00001garden,,7,1,0
C2b-INJECTION,0.0,00001garden|536|2|2,535,1,2,,,00001garden,,8,1,0
C2b-INJECTION,0.0,00001garden|536|2|2,535,1,3,,,00001garden,,8,1,0
C2b-INJECTION,0.0,00001garden|536|2|2,535,1,4,,,00001garden,,8,1,0
C2b-INJECTION,0.0,00001garden|536|2|2,535,1,5,,,00001garden,,8,1,0
C2b-INJECTION,0.0,00001garden|536|2|2,535,1,6,,,00001garden,,8,1,0
C2b-INJECTION,0.0,00001garden|536|2|2,535,1,7,,,00001garden,,7,1,0
C2b-INJECTION,0.0,00001garden|536|2|2,535,1,8,,,00001garden,,8,1,0
C2b-INJECTION,0.0,00001garden|536|2|2,535,1,9,,,00001garden,,8,1,0
C2b-INJECTION,0.0,00001garden|536|2|2,535,1,10,,,00001garden,,8,1,0
C2b-INJECTION,0.0,00001garden|536|2|2,535,1,11,,,00001garden,,8,1,0
C2b-INJECTION,0.0,00001garden|536|2|2,535,1,12,,,00001garden,,7,1,0
C2b-INJECTION,0.0,00001garden|536|2|2,535,1,13,,,00001garden,,8,1,0
C2b-INJECTION,0.0,00001garden|536|2|2,535,1,14,,,00001garden,,8,1,0
C2b-INJECTION,0.0,00001garden|536|2|2,535,1,15,,,00001garden,,8,1,0
C2b-INJECTION,0.0,00001garden|536|2|2,535,1,16,,,00001garden,,8,1,0
C2b-INJECTION,0.0,00001garden|536|2|2,535,1,17,,,00001garden,,8,1,0
C2b-INJECTION,0.0,00001garden|536|2|2,535,1,18,,,00001garden,,8,1,0
C2b-INJECTION,0.0,00001garden|536|2|2,535,1,19,,,00001garden,,7,1,0
C2b-INJECTION,0.0,00001garden|536|2|2,535,1,20,,,00001garden,,8,1,0
_META,,00001garden|536|2|2,535,1,0,omitted_for_runtime,omitted_for_runtime,00001garden,,,1,
SHAM,0.0,00001garden|577|1|1,576,6,1,,,00001garden,,9,0,0
SHAM,0.0,00001garden|577|1|1,576,6,2,,,00001garden,,8,0,0
SHAM,0.0,00001garden|577|1|1,576,6,3,,,00001garden,,8,0,0
SHAM,0.0,00001garden|577|1|1,576,6,4,,,00001garden,,9,0,0
SHAM,0.0,00001garden|577|1|1,576,6,5,,,00001garden,,8,0,0
SHAM,0.0,00001garden|577|1|1,576,6,6,,,00001garden,,9,0,0
SHAM,0.0,00001garden|577|1|1,576,6,7,,,00001garden,,9,0,0
SHAM,0.0,00001garden|577|1|1,576,6,8,,,00001garden,,9,0,0
SHAM,0.0,00001garden|577|1|1,576,6,9,,,00001garden,,9,0,0
SHAM,0.0,00001garden|577|1|1,576,6,10,,,00001garden,,9,0,0
SHAM,0.0,00001garden|577|1|1,576,6,11,,,00001garden,,9,0,0
SHAM,0.0,00001garden|577|1|1,576,6,12,,,00001garden,,9,0,0
SHAM,0.0,00001garden|577|1|1,576,6,13,,,00001garden,,8,0,0
SHAM,0.0,00001garden|577|1|1,576,6,14,,,00001garden,,9,0,0
SHAM,0.0,00001garden|577|1|1,576,6,15,,,00001garden,,9,0,0
SHAM,0.0,00001garden|577|1|1,576,6,16,,,00001garden,,9,0,0
SHAM,0.0,00001garden|577|1|1,576,6,17,,,00001garden,,9,0,0
SHAM,0.0,00001garden|577|1|1,576,6,18,,,00001garden,,9,0,0
SHAM,0.0,00001garden|577|1|1,576,6,19,,,00001garden,,10,0,0
SHAM,0.0,00001garden|577|1|1,576,6,20,,,00001garden,,10,0,0
C2b-INJECTION,0.0,00001garden|577|1|1,576,6,1,,,00001garden,,9,0,0
C2b-INJECTION,0.0,00001garden|577|1|1,576,6,2,,,00001garden,,8,0,0
C2b-INJECTION,0.0,00001garden|577|1|1,576,6,3,,,00001garden,,8,0,0
C2b-INJECTION,0.0,00001garden|577|1|1,576,6,4,,,00001garden,,9,0,0
C2b-INJECTION,0.0,00001garden|577|1|1,576,6,5,,,00001garden,,8,0,0
C2b-INJECTION,0.0,00001garden|577|1|1,576,6,6,,,00001garden,,9,0,0
C2b-INJECTION,0.0,00001garden|577|1|1,576,6,7,,,00001garden,,9,0,0
C2b-INJECTION,0.0,00001garden|577|1|1,576,6,8,,,00001garden,,9,0,0
C2b-INJECTION,0.0,00001garden|577|1|1,576,6,9,,,00001garden,,9,0,0
C2b-INJECTION,0.0,00001garden|577|1|1,576,6,10,,,00001garden,,9,0,0
C2b-INJECTION,0.0,00001garden|577|1|1,576,6,11,,,00001garden,,9,0,0
C2b-INJECTION,0.0,00001garden|577|1|1,576,6,12,,,00001garden,,9,0,0
C2b-INJECTION,0.0,00001garden|577|1|1,576,6,13,,,00001garden,,8,0,0
C2b-INJECTION,0.0,00001garden|577|1|1,576,6,14,,,00001garden,,9,0,0
C2b-INJECTION,0.0,00001garden|577|1|1,576,6,15,,,00001garden,,9,0,0
C2b-INJECTION,0.0,00001garden|577|1|1,576,6,16,,,00001garden,,9,0,0
C2b-INJECTION,0.0,00001garden|577|1|1,576,6,17,,,00001garden,,9,0,0
C2b-INJECTION,0.0,00001garden|577|1|1,576,6,18,,,00001garden,,9,0,0
C2b-INJECTION,0.0,00001garden|577|1|1,576,6,19,,,00001garden,,10,0,0
C2b-INJECTION,0.0,00001garden|577|1|1,576,6,20,,,00001garden,,10,0,0
_META,,00001garden|577|1|1,576,6,0,omitted_for_runtime,omitted_for_runtime,00001garden,,,0,
SHAM,0.0,00001garden|577|2|4,576,17,1,,,00001garden,,9,1,0
SHAM,0.0,00001garden|577|2|4,576,17,2,,,00001garden,,8,1,0
SHAM,0.0,00001garden|577|2|4,576,17,3,,,00001garden,,8,1,0
SHAM,0.0,00001garden|577|2|4,576,17,4,,,00001garden,,9,1,0
SHAM,0.0,00001garden|577|2|4,576,17,5,,,00001garden,,8,1,0
SHAM,0.0,00001garden|577|2|4,576,17,6,,,00001garden,,9,1,0
SHAM,0.0,00001garden|577|2|4,576,17,7,,,00001garden,,9,1,0
SHAM,0.0,00001garden|577|2|4,576,17,8,,,00001garden,,9,1,0
SHAM,0.0,00001garden|577|2|4,576,17,9,,,00001garden,,9,1,0
SHAM,0.0,00001garden|577|2|4,576,17,10,,,00001garden,,9,1,0
SHAM,0.0,00001garden|577|2|4,576,17,11,,,00001garden,,9,1,0
SHAM,0.0,00001garden|577|2|4,576,17,12,,,00001garden,,9,1,0
SHAM,0.0,00001garden|577|2|4,576,17,13,,,00001garden,,8,1,0
SHAM,0.0,00001garden|577|2|4,576,17,14,,,00001garden,,9,1,0
SHAM,0.0,00001garden|577|2|4,576,17,15,,,00001garden,,9,1,0
SHAM,0.0,00001garden|577|2|4,576,17,16,,,00001garden,,9,1,0
SHAM,0.0,00001garden|577|2|4,576,17,17,,,00001garden,,9,1,0
SHAM,0.0,00001garden|577|2|4,576,17,18,,,00001garden,,9,1,0
SHAM,0.0,00001garden|577|2|4,576,17,19,,,00001garden,,10,1,0
SHAM,0.0,00001garden|577|2|4,576,17,20,,,00001garden,,10,1,0
C2b-INJECTION,0.0,00001garden|577|2|4,576,17,1,,,00001garden,,9,1,0
C2b-INJECTION,0.0,00001garden|577|2|4,576,17,2,,,00001garden,,8,1,0
C2b-INJECTION,0.0,00001garden|577|2|4,576,17,3,,,00001garden,,8,1,0
C2b-INJECTION,0.0,00001garden|577|2|4,576,17,4,,,00001garden,,9,1,0
C2b-INJECTION,0.0,00001garden|577|2|4,576,17,5,,,00001garden,,8,1,0
C2b-INJECTION,0.0,00001garden|577|2|4,576,17,6,,,00001garden,,9,1,0
C2b-INJECTION,0.0,00001garden|577|2|4,576,17,7,,,00001garden,,9,1,0
C2b-INJECTION,0.0,00001garden|577|2|4,576,17,8,,,00001garden,,9,1,0
C2b-INJECTION,0.0,00001garden|577|2|4,576,17,9,,,00001garden,,9,1,0
C2b-INJECTION,0.0,00001garden|577|2|4,576,17,10,,,00001garden,,9,1,0
C2b-INJECTION,0.0,00001garden|577|2|4,576,17,11,,,00001garden,,9,1,0
C2b-INJECTION,0.0,00001garden|577|2|4,576,17,12,,,00001garden,,9,1,0
C2b-INJECTION,0.0,00001garden|577|2|4,576,17,13,,,00001garden,,8,1,0
C2b-INJECTION,0.0,00001garden|577|2|4,576,17,14,,,00001garden,,9,1,0
C2b-INJECTION,0.0,00001garden|577|2|4,576,17,15,,,00001garden,,9,1,0
C2b-INJECTION,0.0,00001garden|577|2|4,576,17,16,,,00001garden,,9,1,0
C2b-INJECTION,0.0,00001garden|577|2|4,576,17,17,,,00001garden,,9,1,0
C2b-INJECTION,0.0,00001garden|577|2|4,576,17,18,,,00001garden,,9,1,0
C2b-INJECTION,0.0,00001garden|577|2|4,576,17,19,,,00001garden,,10,1,0
C2b-INJECTION,0.0,00001garden|577|2|4,576,17,20,,,00001garden,,10,1,0
_META,,00001garden|577|2|4,576,17,0,omitted_for_runtime,omitted_for_runtime,00001garden,,,1,
SHAM,0.0,00001garden|617|1|1,616,5,1,,,00001garden,,9,0,0
SHAM,0.0,00001garden|617|1|1,616,5,2,,,00001garden,,10,0,0
SHAM,0.0,00001garden|617|1|1,616,5,3,,,00001garden,,9,0,0
SHAM,0.0,00001garden|617|1|1,616,5,4,,,00001garden,,9,0,0
SHAM,0.0,00001garden|617|1|1,616,5,5,,,00001garden,,10,0,0
SHAM,0.0,00001garden|617|1|1,616,5,6,,,00001garden,,8,0,0
SHAM,0.0,00001garden|617|1|1,616,5,7,,,00001garden,,9,0,0
SHAM,0.0,00001garden|617|1|1,616,5,8,,,00001garden,,10,0,0
SHAM,0.0,00001garden|617|1|1,616,5,9,,,00001garden,,10,0,0
SHAM,0.0,00001garden|617|1|1,616,5,10,,,00001garden,,10,0,0
SHAM,0.0,00001garden|617|1|1,616,5,11,,,00001garden,,10,0,0
SHAM,0.0,00001garden|617|1|1,616,5,12,,,00001garden,,9,0,0
SHAM,0.0,00001garden|617|1|1,616,5,13,,,00001garden,,10,0,0
SHAM,0.0,00001garden|617|1|1,616,5,14,,,00001garden,,10,0,0
SHAM,0.0,00001garden|617|1|1,616,5,15,,,00001garden,,10,0,0
SHAM,0.0,00001garden|617|1|1,616,5,16,,,00001garden,,9,0,0
SHAM,0.0,00001garden|617|1|1,616,5,17,,,00001garden,,9,0,0
SHAM,0.0,00001garden|617|1|1,616,5,18,,,00001garden,,9,0,0
SHAM,0.0,00001garden|617|1|1,616,5,19,,,00001garden,,10,0,0
SHAM,0.0,00001garden|617|1|1,616,5,20,,,00001garden,,10,0,0
C2b-INJECTION,0.0,00001garden|617|1|1,616,5,1,,,00001garden,,9,0,0
C2b-INJECTION,0.0,00001garden|617|1|1,616,5,2,,,00001garden,,10,0,0
C2b-INJECTION,0.0,00001garden|617|1|1,616,5,3,,,00001garden,,9,0,0
C2b-INJECTION,0.0,00001garden|617|1|1,616,5,4,,,00001garden,,9,0,0
C2b-INJECTION,0.0,00001garden|617|1|1,616,5,5,,,00001garden,,10,0,0
C2b-INJECTION,0.0,00001garden|617|1|1,616,5,6,,,00001garden,,8,0,0
C2b-INJECTION,0.0,00001garden|617|1|1,616,5,7,,,00001garden,,9,0,0
C2b-INJECTION,0.0,00001garden|617|1|1,616,5,8,,,00001garden,,10,0,0
C2b-INJECTION,0.0,00001garden|617|1|1,616,5,9,,,00001garden,,10,0,0
C2b-INJECTION,0.0,00001garden|617|1|1,616,5,10,,,00001garden,,10,0,0
C2b-INJECTION,0.0,00001garden|617|1|1,616,5,11,,,00001garden,,10,0,0
C2b-INJECTION,0.0,00001garden|617|1|1,616,5,12,,,00001garden,,9,0,0
C2b-INJECTION,0.0,00001garden|617|1|1,616,5,13,,,00001garden,,10,0,0
C2b-INJECTION,0.0,00001garden|617|1|1,616,5,14,,,00001garden,,10,0,0
C2b-INJECTION,0.0,00001garden|617|1|1,616,5,15,,,00001garden,,10,0,0
C2b-INJECTION,0.0,00001garden|617|1|1,616,5,16,,,00001garden,,9,0,0
C2b-INJECTION,0.0,00001garden|617|1|1,616,5,17,,,00001garden,,9,0,0
C2b-INJECTION,0.0,00001garden|617|1|1,616,5,18,,,00001garden,,9,0,0
C2b-INJECTION,0.0,00001garden|617|1|1,616,5,19,,,00001garden,,10,0,0
C2b-INJECTION,0.0,00001garden|617|1|1,616,5,20,,,00001garden,,10,0,0
_META,,00001garden|617|1|1,616,5,0,omitted_for_runtime,omitted_for_runtime,00001garden,,,0,
SHAM,0.0,00001garden|617|1|6,616,3,1,,,00001garden,,9,0,0
SHAM,0.0,00001garden|617|1|6,616,3,2,,,00001garden,,10,0,0
SHAM,0.0,00001garden|617|1|6,616,3,3,,,00001garden,,9,0,0
SHAM,0.0,00001garden|617|1|6,616,3,4,,,00001garden,,9,0,0
SHAM,0.0,00001garden|617|1|6,616,3,5,,,00001garden,,10,0,0
SHAM,0.0,00001garden|617|1|6,616,3,6,,,00001garden,,8,0,0
SHAM,0.0,00001garden|617|1|6,616,3,7,,,00001garden,,9,0,0
SHAM,0.0,00001garden|617|1|6,616,3,8,,,00001garden,,10,0,0
SHAM,0.0,00001garden|617|1|6,616,3,9,,,00001garden,,10,0,0
SHAM,0.0,00001garden|617|1|6,616,3,10,,,00001garden,,10,0,0
SHAM,0.0,00001garden|617|1|6,616,3,11,,,00001garden,,10,0,0
SHAM,0.0,00001garden|617|1|6,616,3,12,,,00001garden,,9,0,0
SHAM,0.0,00001garden|617|1|6,616,3,13,,,00001garden,,10,0,0
SHAM,0.0,00001garden|617|1|6,616,3,14,,,00001garden,,10,0,0
SHAM,0.0,00001garden|617|1|6,616,3,15,,,00001garden,,10,0,0
SHAM,0.0,00001garden|617|1|6,616,3,16,,,00001garden,,9,0,0
SHAM,0.0,00001garden|617|1|6,616,3,17,,,00001garden,,9,0,0
SHAM,0.0,00001garden|617|1|6,616,3,18,,,00001garden,,9,0,0
SHAM,0.0,00001garden|617|1|6,616,3,19,,,00001garden,,10,0,0
SHAM,0.0,00001garden|617|1|6,616,3,20,,,00001garden,,10,0,0
C2b-INJECTION,0.0,00001garden|617|1|6,616,3,1,,,00001garden,,9,0,0
C2b-INJECTION,0.0,00001garden|617|1|6,616,3,2,,,00001garden,,10,0,0
C2b-INJECTION,0.0,00001garden|617|1|6,616,3,3,,,00001garden,,9,0,0
C2b-INJECTION,0.0,00001garden|617|1|6,616,3,4,,,00001garden,,9,0,0
C2b-INJECTION,0.0,00001garden|617|1|6,616,3,5,,,00001garden,,10,0,0
C2b-INJECTION,0.0,00001garden|617|1|6,616,3,6,,,00001garden,,8,0,0
C2b-INJECTION,0.0,00001garden|617|1|6,616,3,7,,,00001garden,,9,0,0
C2b-INJECTION,0.0,00001garden|617|1|6,616,3,8,,,00001garden,,10,0,0
C2b-INJECTION,0.0,00001garden|617|1|6,616,3,9,,,00001garden,,10,0,0
C2b-INJECTION,0.0,00001garden|617|1|6,616,3,10,,,00001garden,,10,0,0
C2b-INJECTION,0.0,00001garden|617|1|6,616,3,11,,,00001garden,,10,0,0
C2b-INJECTION,0.0,00001garden|617|1|6,616,3,12,,,00001garden,,9,0,0
C2b-INJECTION,0.0,00001garden|617|1|6,616,3,13,,,00001garden,,10,0,0
C2b-INJECTION,0.0,00001garden|617|1|6,616,3,14,,,00001garden,,10,0,0
C2b-INJECTION,0.0,00001garden|617|1|6,616,3,15,,,00001garden,,10,0,0
C2b-INJECTION,0.0,00001garden|617|1|6,616,3,16,,,00001garden,,9,0,0
C2b-INJECTION,0.0,00001garden|617|1|6,616,3,17,,,00001garden,,9,0,0
C2b-INJECTION,0.0,00001garden|617|1|6,616,3,18,,,00001garden,,9,0,0
C2b-INJECTION,0.0,00001garden|617|1|6,616,3,19,,,00001garden,,10,0,0
C2b-INJECTION,0.0,00001garden|617|1|6,616,3,20,,,00001garden,,10,0,0
_META,,00001garden|617|1|6,616,3,0,omitted_for_runtime,omitted_for_runtime,00001garden,,,0,
SHAM,0.0,00001garden|618|1|1,617,6,1,,,00001garden,,10,0,0
SHAM,0.0,00001garden|618|1|1,617,6,2,,,00001garden,,9,0,0
SHAM,0.0,00001garden|618|1|1,617,6,3,,,00001garden,,9,0,0
SHAM,0.0,00001garden|618|1|1,617,6,4,,,00001garden,,10,0,0
SHAM,0.0,00001garden|618|1|1,617,6,5,,,00001garden,,8,0,0
SHAM,0.0,00001garden|618|1|1,617,6,6,,,00001garden,,9,0,0
SHAM,0.0,00001garden|618|1|1,617,6,7,,,00001garden,,10,0,0
SHAM,0.0,00001garden|618|1|1,617,6,8,,,00001garden,,10,0,0
SHAM,0.0,00001garden|618|1|1,617,6,9,,,00001garden,,10,0,0
SHAM,0.0,00001garden|618|1|1,617,6,10,,,00001garden,,10,0,0
SHAM,0.0,00001garden|618|1|1,617,6,11,,,00001garden,,9,0,0
SHAM,0.0,00001garden|618|1|1,617,6,12,,,00001garden,,10,0,0
SHAM,0.0,00001garden|618|1|1,617,6,13,,,00001garden,,10,0,0
SHAM,0.0,00001garden|618|1|1,617,6,14,,,00001garden,,10,0,0
SHAM,0.0,00001garden|618|1|1,617,6,15,,,00001garden,,9,0,0
SHAM,0.0,00001garden|618|1|1,617,6,16,,,00001garden,,9,0,0
SHAM,0.0,00001garden|618|1|1,617,6,17,,,00001garden,,9,0,0
SHAM,0.0,00001garden|618|1|1,617,6,18,,,00001garden,,10,0,0
SHAM,0.0,00001garden|618|1|1,617,6,19,,,00001garden,,10,0,0
SHAM,0.0,00001garden|618|1|1,617,6,20,,,00001garden,,9,0,0
C2b-INJECTION,0.0,00001garden|618|1|1,617,6,1,,,00001garden,,10,0,0
C2b-INJECTION,0.0,00001garden|618|1|1,617,6,2,,,00001garden,,9,0,0
C2b-INJECTION,0.0,00001garden|618|1|1,617,6,3,,,00001garden,,9,0,0
C2b-INJECTION,0.0,00001garden|618|1|1,617,6,4,,,00001garden,,10,0,0
C2b-INJECTION,0.0,00001garden|618|1|1,617,6,5,,,00001garden,,8,0,0
C2b-INJECTION,0.0,00001garden|618|1|1,617,6,6,,,00001garden,,9,0,0
C2b-INJECTION,0.0,00001garden|618|1|1,617,6,7,,,00001garden,,10,0,0
C2b-INJECTION,0.0,00001garden|618|1|1,617,6,8,,,00001garden,,10,0,0
C2b-INJECTION,0.0,00001garden|618|1|1,617,6,9,,,00001garden,,10,0,0
C2b-INJECTION,0.0,00001garden|618|1|1,617,6,10,,,00001garden,,10,0,0
C2b-INJECTION,0.0,00001garden|618|1|1,617,6,11,,,00001garden,,9,0,0
C2b-INJECTION,0.0,00001garden|618|1|1,617,6,12,,,00001garden,,10,0,0
C2b-INJECTION,0.0,00001garden|618|1|1,617,6,13,,,00001garden,,10,0,0
C2b-INJECTION,0.0,00001garden|618|1|1,617,6,14,,,00001garden,,10,0,0
C2b-INJECTION,0.0,00001garden|618|1|1,617,6,15,,,00001garden,,9,0,0
C2b-INJECTION,0.0,00001garden|618|1|1,617,6,16,,,00001garden,,9,0,0
C2b-INJECTION,0.0,00001garden|618|1|1,617,6,17,,,00001garden,,9,0,0
C2b-INJECTION,0.0,00001garden|618|1|1,617,6,18,,,00001garden,,10,0,0
C2b-INJECTION,0.0,00001garden|618|1|1,617,6,19,,,00001garden,,10,0,0
C2b-INJECTION,0.0,00001garden|618|1|1,617,6,20,,,00001garden,,9,0,0
_META,,00001garden|618|1|1,617,6,0,omitted_for_runtime,omitted_for_runtime,00001garden,,,0,
SHAM,0.0,00001garden|658|2|1,657,3,1,,,00001garden,,11,1,0
SHAM,0.0,00001garden|658|2|1,657,3,2,,,00001garden,,11,1,0
SHAM,0.0,00001garden|658|2|1,657,3,3,,,00001garden,,11,1,0
SHAM,0.0,00001garden|658|2|1,657,3,4,,,00001garden,,10,1,0
SHAM,0.0,00001garden|658|2|1,657,3,5,,,00001garden,,10,1,0
SHAM,0.0,00001garden|658|2|1,657,3,6,,,00001garden,,11,1,0
SHAM,0.0,00001garden|658|2|1,657,3,7,,,00001garden,,11,1,0
SHAM,0.0,00001garden|658|2|1,657,3,8,,,00001garden,,11,1,0
SHAM,0.0,00001garden|658|2|1,657,3,9,,,00001garden,,10,1,0
SHAM,0.0,00001garden|658|2|1,657,3,10,,,00001garden,,10,1,0
SHAM,0.0,00001garden|658|2|1,657,3,11,,,00001garden,,10,1,0
SHAM,0.0,00001garden|658|2|1,657,3,12,,,00001garden,,10,1,0
SHAM,0.0,00001garden|658|2|1,657,3,13,,,00001garden,,10,1,0
SHAM,0.0,00001garden|658|2|1,657,3,14,,,00001garden,,11,1,0
SHAM,0.0,00001garden|658|2|1,657,3,15,,,00001garden,,11,1,0
SHAM,0.0,00001garden|658|2|1,657,3,16,,,00001garden,,11,1,0
SHAM,0.0,00001garden|658|2|1,657,3,17,,,00001garden,,11,1,0
SHAM,0.0,00001garden|658|2|1,657,3,18,,,00001garden,,11,1,0
SHAM,0.0,00001garden|658|2|1,657,3,19,,,00001garden,,11,1,0
SHAM,0.0,00001garden|658|2|1,657,3,20,,,00001garden,,11,1,0
C2b-INJECTION,0.0,00001garden|658|2|1,657,3,1,,,00001garden,,11,1,0
C2b-INJECTION,0.0,00001garden|658|2|1,657,3,2,,,00001garden,,11,1,0
C2b-INJECTION,0.0,00001garden|658|2|1,657,3,3,,,00001garden,,11,1,0
C2b-INJECTION,0.0,00001garden|658|2|1,657,3,4,,,00001garden,,10,1,0
C2b-INJECTION,0.0,00001garden|658|2|1,657,3,5,,,00001garden,,10,1,0
C2b-INJECTION,0.0,00001garden|658|2|1,657,3,6,,,00001garden,,11,1,0
C2b-INJECTION,0.0,00001garden|658|2|1,657,3,7,,,00001garden,,11,1,0
C2b-INJECTION,0.0,00001garden|658|2|1,657,3,8,,,00001garden,,11,1,0
C2b-INJECTION,0.0,00001garden|658|2|1,657,3,9,,,00001garden,,10,1,0
C2b-INJECTION,0.0,00001garden|658|2|1,657,3,10,,,00001garden,,10,1,0
C2b-INJECTION,0.0,00001garden|658|2|1,657,3,11,,,00001garden,,10,1,0
C2b-INJECTION,0.0,00001garden|658|2|1,657,3,12,,,00001garden,,10,1,0
C2b-INJECTION,0.0,00001garden|658|2|1,657,3,13,,,00001garden,,10,1,0
C2b-INJECTION,0.0,00001garden|658|2|1,657,3,14,,,00001garden,,11,1,0
C2b-INJECTION,0.0,00001garden|658|2|1,657,3,15,,,00001garden,,11,1,0
C2b-INJECTION,0.0,00001garden|658|2|1,657,3,16,,,00001garden,,11,1,0
C2b-INJECTION,0.0,00001garden|658|2|1,657,3,17,,,00001garden,,11,1,0
C2b-INJECTION,0.0,00001garden|658|2|1,657,3,18,,,00001garden,,11,1,0
C2b-INJECTION,0.0,00001garden|658|2|1,657,3,19,,,00001garden,,11,1,0
C2b-INJECTION,0.0,00001garden|658|2|1,657,3,20,,,00001garden,,11,1,0
_META,,00001garden|658|2|1,657,3,0,omitted_for_runtime,omitted_for_runtime,00001garden,,,1,
SHAM,0.0,00001garden|659|1|3,658,6,1,,,00001garden,,11,0,0
SHAM,0.0,00001garden|659|1|3,658,6,2,,,00001garden,,11,0,0
SHAM,0.0,00001garden|659|1|3,658,6,3,,,00001garden,,10,0,0
SHAM,0.0,00001garden|659|1|3,658,6,4,,,00001garden,,10,0,0
SHAM,0.0,00001garden|659|1|3,658,6,5,,,00001garden,,11,0,0
SHAM,0.0,00001garden|659|1|3,658,6,6,,,00001garden,,11,0,0
SHAM,0.0,00001garden|659|1|3,658,6,7,,,00001garden,,11,0,0
SHAM,0.0,00001garden|659|1|3,658,6,8,,,00001garden,,10,0,0
SHAM,0.0,00001garden|659|1|3,658,6,9,,,00001garden,,10,0,0
SHAM,0.0,00001garden|659|1|3,658,6,10,,,00001garden,,10,0,0
SHAM,0.0,00001garden|659|1|3,658,6,11,,,00001garden,,10,0,0
SHAM,0.0,00001garden|659|1|3,658,6,12,,,00001garden,,10,0,0
SHAM,0.0,00001garden|659|1|3,658,6,13,,,00001garden,,11,0,0
SHAM,0.0,00001garden|659|1|3,658,6,14,,,00001garden,,11,0,0
SHAM,0.0,00001garden|659|1|3,658,6,15,,,00001garden,,11,0,0
SHAM,0.0,00001garden|659|1|3,658,6,16,,,00001garden,,11,0,0
SHAM,0.0,00001garden|659|1|3,658,6,17,,,00001garden,,11,0,0
SHAM,0.0,00001garden|659|1|3,658,6,18,,,00001garden,,11,0,0
SHAM,0.0,00001garden|659|1|3,658,6,19,,,00001garden,,11,0,0
SHAM,0.0,00001garden|659|1|3,658,6,20,,,00001garden,,10,0,0
C2b-INJECTION,0.0,00001garden|659|1|3,658,6,1,,,00001garden,,11,0,0
C2b-INJECTION,0.0,00001garden|659|1|3,658,6,2,,,00001garden,,11,0,0
C2b-INJECTION,0.0,00001garden|659|1|3,658,6,3,,,00001garden,,10,0,0
C2b-INJECTION,0.0,00001garden|659|1|3,658,6,4,,,00001garden,,10,0,0
C2b-INJECTION,0.0,00001garden|659|1|3,658,6,5,,,00001garden,,11,0,0
C2b-INJECTION,0.0,00001garden|659|1|3,658,6,6,,,00001garden,,11,0,0
C2b-INJECTION,0.0,00001garden|659|1|3,658,6,7,,,00001garden,,11,0,0
C2b-INJECTION,0.0,00001garden|659|1|3,658,6,8,,,00001garden,,10,0,0
C2b-INJECTION,0.0,00001garden|659|1|3,658,6,9,,,00001garden,,10,0,0
C2b-INJECTION,0.0,00001garden|659|1|3,658,6,10,,,00001garden,,10,0,0
C2b-INJECTION,0.0,00001garden|659|1|3,658,6,11,,,00001garden,,10,0,0
C2b-INJECTION,0.0,00001garden|659|1|3,658,6,12,,,00001garden,,10,0,0
C2b-INJECTION,0.0,00001garden|659|1|3,658,6,13,,,00001garden,,11,0,0
C2b-INJECTION,0.0,00001garden|659|1|3,658,6,14,,,00001garden,,11,0,0
C2b-INJECTION,0.0,00001garden|659|1|3,658,6,15,,,00001garden,,11,0,0
C2b-INJECTION,0.0,00001garden|659|1|3,658,6,16,,,00001garden,,11,0,0
C2b-INJECTION,0.0,00001garden|659|1|3,658,6,17,,,00001garden,,11,0,0
C2b-INJECTION,0.0,00001garden|659|1|3,658,6,18,,,00001garden,,11,0,0
C2b-INJECTION,0.0,00001garden|659|1|3,658,6,19,,,00001garden,,11,0,0
C2b-INJECTION,0.0,00001garden|659|1|3,658,6,20,,,00001garden,,10,0,0
_META,,00001garden|659|1|3,658,6,0,omitted_for_runtime,omitted_for_runtime,00001garden,,,0,
SHAM,0.0,00001garden|659|1|4,658,7,1,,,00001garden,,11,0,0
SHAM,0.0,00001garden|659|1|4,658,7,2,,,00001garden,,11,0,0
SHAM,0.0,00001garden|659|1|4,658,7,3,,,00001garden,,10,0,0
SHAM,0.0,00001garden|659|1|4,658,7,4,,,00001garden,,10,0,0
SHAM,0.0,00001garden|659|1|4,658,7,5,,,00001garden,,11,0,0
SHAM,0.0,00001garden|659|1|4,658,7,6,,,00001garden,,11,0,0
SHAM,0.0,00001garden|659|1|4,658,7,7,,,00001garden,,11,0,0
SHAM,0.0,00001garden|659|1|4,658,7,8,,,00001garden,,10,0,0
SHAM,0.0,00001garden|659|1|4,658,7,9,,,00001garden,,10,0,0
SHAM,0.0,00001garden|659|1|4,658,7,10,,,00001garden,,10,0,0
SHAM,0.0,00001garden|659|1|4,658,7,11,,,00001garden,,10,0,0
SHAM,0.0,00001garden|659|1|4,658,7,12,,,00001garden,,10,0,0
SHAM,0.0,00001garden|659|1|4,658,7,13,,,00001garden,,11,0,0
SHAM,0.0,00001garden|659|1|4,658,7,14,,,00001garden,,11,0,0
SHAM,0.0,00001garden|659|1|4,658,7,15,,,00001garden,,11,0,0
SHAM,0.0,00001garden|659|1|4,658,7,16,,,00001garden,,11,0,0
SHAM,0.0,00001garden|659|1|4,658,7,17,,,00001garden,,11,0,0
SHAM,0.0,00001garden|659|1|4,658,7,18,,,00001garden,,11,0,0
SHAM,0.0,00001garden|659|1|4,658,7,19,,,00001garden,,11,0,0
SHAM,0.0,00001garden|659|1|4,658,7,20,,,00001garden,,10,0,0
C2b-INJECTION,0.0,00001garden|659|1|4,658,7,1,,,00001garden,,11,0,0
C2b-INJECTION,0.0,00001garden|659|1|4,658,7,2,,,00001garden,,11,0,0
C2b-INJECTION,0.0,00001garden|659|1|4,658,7,3,,,00001garden,,10,0,0
C2b-INJECTION,0.0,00001garden|659|1|4,658,7,4,,,00001garden,,10,0,0
C2b-INJECTION,0.0,00001garden|659|1|4,658,7,5,,,00001garden,,11,0,0
C2b-INJECTION,0.0,00001garden|659|1|4,658,7,6,,,00001garden,,11,0,0
C2b-INJECTION,0.0,00001garden|659|1|4,658,7,7,,,00001garden,,11,0,0
C2b-INJECTION,0.0,00001garden|659|1|4,658,7,8,,,00001garden,,10,0,0
C2b-INJECTION,0.0,00001garden|659|1|4,658,7,9,,,00001garden,,10,0,0
C2b-INJECTION,0.0,00001garden|659|1|4,658,7,10,,,00001garden,,10,0,0
C2b-INJECTION,0.0,00001garden|659|1|4,658,7,11,,,00001garden,,10,0,0
C2b-INJECTION,0.0,00001garden|659|1|4,658,7,12,,,00001garden,,10,0,0
C2b-INJECTION,0.0,00001garden|659|1|4,658,7,13,,,00001garden,,11,0,0
C2b-INJECTION,0.0,00001garden|659|1|4,658,7,14,,,00001garden,,11,0,0
C2b-INJECTION,0.0,00001garden|659|1|4,658,7,15,,,00001garden,,11,0,0
C2b-INJECTION,0.0,00001garden|659|1|4,658,7,16,,,00001garden,,11,0,0
C2b-INJECTION,0.0,00001garden|659|1|4,658,7,17,,,00001garden,,11,0,0
C2b-INJECTION,0.0,00001garden|659|1|4,658,7,18,,,00001garden,,11,0,0
C2b-INJECTION,0.0,00001garden|659|1|4,658,7,19,,,00001garden,,11,0,0
C2b-INJECTION,0.0,00001garden|659|1|4,658,7,20,,,00001garden,,10,0,0
_META,,00001garden|659|1|4,658,7,0,omitted_for_runtime,omitted_for_runtime,00001garden,,,0,
SHAM,0.0,00001garden|699|1|4,698,8,1,,,00001garden,,10,0,0
SHAM,0.0,00001garden|699|1|4,698,8,2,,,00001garden,,10,0,0
SHAM,0.0,00001garden|699|1|4,698,8,3,,,00001garden,,10,0,0
SHAM,0.0,00001garden|699|1|4,698,8,4,,,00001garden,,10,0,0
SHAM,0.0,00001garden|699|1|4,698,8,5,,,00001garden,,9,0,0
SHAM,0.0,00001garden|699|1|4,698,8,6,,,00001garden,,10,0,0
SHAM,0.0,00001garden|699|1|4,698,8,7,,,00001garden,,10,0,0
SHAM,0.0,00001garden|699|1|4,698,8,8,,,00001garden,,9,0,0
SHAM,0.0,00001garden|699|1|4,698,8,9,,,00001garden,,9,0,0
SHAM,0.0,00001garden|699|1|4,698,8,10,,,00001garden,,10,0,0
SHAM,0.0,00001garden|699|1|4,698,8,11,,,00001garden,,9,0,0
SHAM,0.0,00001garden|699|1|4,698,8,12,,,00001garden,,10,0,0
SHAM,0.0,00001garden|699|1|4,698,8,13,,,00001garden,,10,0,0
SHAM,0.0,00001garden|699|1|4,698,8,14,,,00001garden,,10,0,0
SHAM,0.0,00001garden|699|1|4,698,8,15,,,00001garden,,9,0,0
SHAM,0.0,00001garden|699|1|4,698,8,16,,,00001garden,,10,0,0
SHAM,0.0,00001garden|699|1|4,698,8,17,,,00001garden,,10,0,0
SHAM,0.0,00001garden|699|1|4,698,8,18,,,00001garden,,9,0,0
SHAM,0.0,00001garden|699|1|4,698,8,19,,,00001garden,,9,0,0
SHAM,0.0,00001garden|699|1|4,698,8,20,,,00001garden,,9,0,0
C2b-INJECTION,0.0,00001garden|699|1|4,698,8,1,,,00001garden,,10,0,0
C2b-INJECTION,0.0,00001garden|699|1|4,698,8,2,,,00001garden,,10,0,0
C2b-INJECTION,0.0,00001garden|699|1|4,698,8,3,,,00001garden,,10,0,0
C2b-INJECTION,0.0,00001garden|699|1|4,698,8,4,,,00001garden,,10,0,0
C2b-INJECTION,0.0,00001garden|699|1|4,698,8,5,,,00001garden,,9,0,0
C2b-INJECTION,0.0,00001garden|699|1|4,698,8,6,,,00001garden,,9,0,0
C2b-INJECTION,0.0,00001garden|699|1|4,698,8,7,,,00001garden,,10,0,0
C2b-INJECTION,0.0,00001garden|699|1|4,698,8,8,,,00001garden,,9,0,0
C2b-INJECTION,0.0,00001garden|699|1|4,698,8,9,,,00001garden,,9,0,0
C2b-INJECTION,0.0,00001garden|699|1|4,698,8,10,,,00001garden,,10,0,0
C2b-INJECTION,0.0,00001garden|699|1|4,698,8,11,,,00001garden,,9,0,0
C2b-INJECTION,0.0,00001garden|699|1|4,698,8,12,,,00001garden,,10,0,0
C2b-INJECTION,0.0,00001garden|699|1|4,698,8,13,,,00001garden,,10,0,0
C2b-INJECTION,0.0,00001garden|699|1|4,698,8,14,,,00001garden,,10,0,0
C2b-INJECTION,0.0,00001garden|699|1|4,698,8,15,,,00001garden,,9,0,0
C2b-INJECTION,0.0,00001garden|699|1|4,698,8,16,,,00001garden,,10,0,0
C2b-INJECTION,0.0,00001garden|699|1|4,698,8,17,,,00001garden,,10,0,0
C2b-INJECTION,0.0,00001garden|699|1|4,698,8,18,,,00001garden,,9,0,0
C2b-INJECTION,0.0,00001garden|699|1|4,698,8,19,,,00001garden,,9,0,0
C2b-INJECTION,0.0,00001garden|699|1|4,698,8,20,,,00001garden,,9,0,0
_META,,00001garden|699|1|4,698,8,0,omitted_for_runtime,omitted_for_runtime,00001garden,,,0,
SHAM,0.0,00001garden|740|1|1,739,5,1,,,00001garden,,8,0,0
SHAM,0.0,00001garden|740|1|1,739,5,2,,,00001garden,,8,0,0
SHAM,0.0,00001garden|740|1|1,739,5,3,,,00001garden,,8,0,0
SHAM,0.0,00001garden|740|1|1,739,5,4,,,00001garden,,8,0,0
SHAM,0.0,00001garden|740|1|1,739,5,5,,,00001garden,,8,0,0
SHAM,0.0,00001garden|740|1|1,739,5,6,,,00001garden,,8,0,0
SHAM,0.0,00001garden|740|1|1,739,5,7,,,00001garden,,8,0,0
SHAM,0.0,00001garden|740|1|1,739,5,8,,,00001garden,,8,0,0
SHAM,0.0,00001garden|740|1|1,739,5,9,,,00001garden,,8,0,0
SHAM,0.0,00001garden|740|1|1,739,5,10,,,00001garden,,8,0,0
SHAM,0.0,00001garden|740|1|1,739,5,11,,,00001garden,,8,0,0
SHAM,0.0,00001garden|740|1|1,739,5,12,,,00001garden,,8,0,0
SHAM,0.0,00001garden|740|1|1,739,5,13,,,00001garden,,8,0,0
SHAM,0.0,00001garden|740|1|1,739,5,14,,,00001garden,,8,0,0
SHAM,0.0,00001garden|740|1|1,739,5,15,,,00001garden,,8,0,0
SHAM,0.0,00001garden|740|1|1,739,5,16,,,00001garden,,8,0,0
SHAM,0.0,00001garden|740|1|1,739,5,17,,,00001garden,,8,0,0
SHAM,0.0,00001garden|740|1|1,739,5,18,,,00001garden,,8,0,0
SHAM,0.0,00001garden|740|1|1,739,5,19,,,00001garden,,8,0,0
SHAM,0.0,00001garden|740|1|1,739,5,20,,,00001garden,,8,0,0
C2b-INJECTION,0.0,00001garden|740|1|1,739,5,1,,,00001garden,,8,0,0
C2b-INJECTION,0.0,00001garden|740|1|1,739,5,2,,,00001garden,,8,0,0
C2b-INJECTION,0.0,00001garden|740|1|1,739,5,3,,,00001garden,,8,0,0
C2b-INJECTION,0.0,00001garden|740|1|1,739,5,4,,,00001garden,,8,0,0
C2b-INJECTION,0.0,00001garden|740|1|1,739,5,5,,,00001garden,,8,0,0
C2b-INJECTION,0.0,00001garden|740|1|1,739,5,6,,,00001garden,,8,0,0
C2b-INJECTION,0.0,00001garden|740|1|1,739,5,7,,,00001garden,,8,0,0
C2b-INJECTION,0.0,00001garden|740|1|1,739,5,8,,,00001garden,,8,0,0
C2b-INJECTION,0.0,00001garden|740|1|1,739,5,9,,,00001garden,,8,0,0
C2b-INJECTION,0.0,00001garden|740|1|1,739,5,10,,,00001garden,,8,0,0
C2b-INJECTION,0.0,00001garden|740|1|1,739,5,11,,,00001garden,,8,0,0
C2b-INJECTION,0.0,00001garden|740|1|1,739,5,12,,,00001garden,,8,0,0
C2b-INJECTION,0.0,00001garden|740|1|1,739,5,13,,,00001garden,,8,0,0
C2b-INJECTION,0.0,00001garden|740|1|1,739,5,14,,,00001garden,,8,0,0
C2b-INJECTION,0.0,00001garden|740|1|1,739,5,15,,,00001garden,,8,0,0
C2b-INJECTION,0.0,00001garden|740|1|1,739,5,16,,,00001garden,,8,0,0
C2b-INJECTION,0.0,00001garden|740|1|1,739,5,17,,,00001garden,,8,0,0
C2b-INJECTION,0.0,00001garden|740|1|1,739,5,18,,,00001garden,,8,0,0
C2b-INJECTION,0.0,00001garden|740|1|1,739,5,19,,,00001garden,,8,0,0
C2b-INJECTION,0.0,00001garden|740|1|1,739,5,20,,,00001garden,,8,0,0
_META,,00001garden|740|1|1,739,5,0,omitted_for_runtime,omitted_for_runtime,00001garden,,,0,
SHAM,0.0,00001garden|740|1|4,739,8,1,,,00001garden,,8,0,0
SHAM,0.0,00001garden|740|1|4,739,8,2,,,00001garden,,8,0,0
SHAM,0.0,00001garden|740|1|4,739,8,3,,,00001garden,,8,0,0
SHAM,0.0,00001garden|740|1|4,739,8,4,,,00001garden,,8,0,0
SHAM,0.0,00001garden|740|1|4,739,8,5,,,00001garden,,8,0,0
SHAM,0.0,00001garden|740|1|4,739,8,6,,,00001garden,,8,0,0
SHAM,0.0,00001garden|740|1|4,739,8,7,,,00001garden,,8,0,0
SHAM,0.0,00001garden|740|1|4,739,8,8,,,00001garden,,8,0,0
SHAM,0.0,00001garden|740|1|4,739,8,9,,,00001garden,,8,0,0
SHAM,0.0,00001garden|740|1|4,739,8,10,,,00001garden,,8,0,0
SHAM,0.0,00001garden|740|1|4,739,8,11,,,00001garden,,8,0,0
SHAM,0.0,00001garden|740|1|4,739,8,12,,,00001garden,,8,0,0
SHAM,0.0,00001garden|740|1|4,739,8,13,,,00001garden,,8,0,0
SHAM,0.0,00001garden|740|1|4,739,8,14,,,00001garden,,8,0,0
SHAM,0.0,00001garden|740|1|4,739,8,15,,,00001garden,,8,0,0
SHAM,0.0,00001garden|740|1|4,739,8,16,,,00001garden,,8,0,0
SHAM,0.0,00001garden|740|1|4,739,8,17,,,00001garden,,8,0,0
SHAM,0.0,00001garden|740|1|4,739,8,18,,,00001garden,,8,0,0
SHAM,0.0,00001garden|740|1|4,739,8,19,,,00001garden,,8,0,0
SHAM,0.0,00001garden|740|1|4,739,8,20,,,00001garden,,8,0,0
C2b-INJECTION,0.0,00001garden|740|1|4,739,8,1,,,00001garden,,8,0,0
C2b-INJECTION,0.0,00001garden|740|1|4,739,8,2,,,00001garden,,8,0,0
C2b-INJECTION,0.0,00001garden|740|1|4,739,8,3,,,00001garden,,8,0,0
C2b-INJECTION,0.0,00001garden|740|1|4,739,8,4,,,00001garden,,8,0,0
C2b-INJECTION,0.0,00001garden|740|1|4,739,8,5,,,00001garden,,8,0,0
C2b-INJECTION,0.0,00001garden|740|1|4,739,8,6,,,00001garden,,8,0,0
C2b-INJECTION,0.0,00001garden|740|1|4,739,8,7,,,00001garden,,8,0,0
C2b-INJECTION,0.0,00001garden|740|1|4,739,8,8,,,00001garden,,8,0,0
C2b-INJECTION,0.0,00001garden|740|1|4,739,8,9,,,00001garden,,8,0,0
C2b-INJECTION,0.0,00001garden|740|1|4,739,8,10,,,00001garden,,8,0,0
C2b-INJECTION,0.0,00001garden|740|1|4,739,8,11,,,00001garden,,8,0,0
C2b-INJECTION,0.0,00001garden|740|1|4,739,8,12,,,00001garden,,8,0,0
C2b-INJECTION,0.0,00001garden|740|1|4,739,8,13,,,00001garden,,8,0,0
C2b-INJECTION,0.0,00001garden|740|1|4,739,8,14,,,00001garden,,8,0,0
C2b-INJECTION,0.0,00001garden|740|1|4,739,8,15,,,00001garden,,8,0,0
C2b-INJECTION,0.0,00001garden|740|1|4,739,8,16,,,00001garden,,8,0,0
C2b-INJECTION,0.0,00001garden|740|1|4,739,8,17,,,00001garden,,8,0,0
C2b-INJECTION,0.0,00001garden|740|1|4,739,8,18,,,00001garden,,8,0,0
C2b-INJECTION,0.0,00001garden|740|1|4,739,8,19,,,00001garden,,8,0,0
C2b-INJECTION,0.0,00001garden|740|1|4,739,8,20,,,00001garden,,8,0,0
_META,,00001garden|740|1|4,739,8,0,omitted_for_runtime,omitted_for_runtime,00001garden,,,0,
SHAM,0.0,00001garden|788|1|3,787,7,1,,,00001garden,,8,0,0
SHAM,0.0,00001garden|788|1|3,787,7,2,,,00001garden,,8,0,0
SHAM,0.0,00001garden|788|1|3,787,7,3,,,00001garden,,8,0,0
SHAM,0.0,00001garden|788|1|3,787,7,4,,,00001garden,,8,0,0
SHAM,0.0,00001garden|788|1|3,787,7,5,,,00001garden,,8,0,0
SHAM,0.0,00001garden|788|1|3,787,7,6,,,00001garden,,8,0,0
SHAM,0.0,00001garden|788|1|3,787,7,7,,,00001garden,,8,0,0
SHAM,0.0,00001garden|788|1|3,787,7,8,,,00001garden,,8,0,0
SHAM,0.0,00001garden|788|1|3,787,7,9,,,00001garden,,7,0,0
SHAM,0.0,00001garden|788|1|3,787,7,10,,,00001garden,,8,0,0
SHAM,0.0,00001garden|788|1|3,787,7,11,,,00001garden,,8,0,0
SHAM,0.0,00001garden|788|1|3,787,7,12,,,00001garden,,8,0,0
SHAM,0.0,00001garden|788|1|3,787,7,13,,,00001garden,,8,0,0
SHAM,0.0,00001garden|788|1|3,787,7,14,,,00001garden,,8,0,0
SHAM,0.0,00001garden|788|1|3,787,7,15,,,00001garden,,8,0,0
SHAM,0.0,00001garden|788|1|3,787,7,16,,,00001garden,,8,0,0
SHAM,0.0,00001garden|788|1|3,787,7,17,,,00001garden,,8,0,0
SHAM,0.0,00001garden|788|1|3,787,7,18,,,00001garden,,8,0,0
SHAM,0.0,00001garden|788|1|3,787,7,19,,,00001garden,,8,0,0
SHAM,0.0,00001garden|788|1|3,787,7,20,,,00001garden,,8,0,0
C2b-INJECTION,0.0,00001garden|788|1|3,787,7,1,,,00001garden,,8,0,0
C2b-INJECTION,0.0,00001garden|788|1|3,787,7,2,,,00001garden,,8,0,0
C2b-INJECTION,0.0,00001garden|788|1|3,787,7,3,,,00001garden,,8,0,0
C2b-INJECTION,0.0,00001garden|788|1|3,787,7,4,,,00001garden,,8,0,0
C2b-INJECTION,0.0,00001garden|788|1|3,787,7,5,,,00001garden,,8,0,0
C2b-INJECTION,0.0,00001garden|788|1|3,787,7,6,,,00001garden,,8,0,0
C2b-INJECTION,0.0,00001garden|788|1|3,787,7,7,,,00001garden,,8,0,0
C2b-INJECTION,0.0,00001garden|788|1|3,787,7,8,,,00001garden,,8,0,0
C2b-INJECTION,0.0,00001garden|788|1|3,787,7,9,,,00001garden,,7,0,0
C2b-INJECTION,0.0,00001garden|788|1|3,787,7,10,,,00001garden,,8,0,0
C2b-INJECTION,0.0,00001garden|788|1|3,787,7,11,,,00001garden,,8,0,0
C2b-INJECTION,0.0,00001garden|788|1|3,787,7,12,,,00001garden,,8,0,0
C2b-INJECTION,0.0,00001garden|788|1|3,787,7,13,,,00001garden,,8,0,0
C2b-INJECTION,0.0,00001garden|788|1|3,787,7,14,,,00001garden,,8,0,0
C2b-INJECTION,0.0,00001garden|788|1|3,787,7,15,,,00001garden,,8,0,0
C2b-INJECTION,0.0,00001garden|788|1|3,787,7,16,,,00001garden,,8,0,0
C2b-INJECTION,0.0,00001garden|788|1|3,787,7,17,,,00001garden,,8,0,0
C2b-INJECTION,0.0,00001garden|788|1|3,787,7,18,,,00001garden,,8,0,0
C2b-INJECTION,0.0,00001garden|788|1|3,787,7,19,,,00001garden,,8,0,0
C2b-INJECTION,0.0,00001garden|788|1|3,787,7,20,,,00001garden,,8,0,0
_META,,00001garden|788|1|3,787,7,0,omitted_for_runtime,omitted_for_runtime,00001garden,,,0,
SHAM,0.0,00001garden|823|1|0,822,6,1,,,00001garden,,7,0,0
SHAM,0.0,00001garden|823|1|0,822,6,2,,,00001garden,,8,0,0
SHAM,0.0,00001garden|823|1|0,822,6,3,,,00001garden,,7,0,0
SHAM,0.0,00001garden|823|1|0,822,6,4,,,00001garden,,7,0,0
SHAM,0.0,00001garden|823|1|0,822,6,5,,,00001garden,,8,0,0
SHAM,0.0,00001garden|823|1|0,822,6,6,,,00001garden,,7,0,0
SHAM,0.0,00001garden|823|1|0,822,6,7,,,00001garden,,7,0,0
SHAM,0.0,00001garden|823|1|0,822,6,8,,,00001garden,,8,0,0
SHAM,0.0,00001garden|823|1|0,822,6,9,,,00001garden,,7,0,0
SHAM,0.0,00001garden|823|1|0,822,6,10,,,00001garden,,7,0,0
SHAM,0.0,00001garden|823|1|0,822,6,11,,,00001garden,,7,0,0
SHAM,0.0,00001garden|823|1|0,822,6,12,,,00001garden,,7,0,0
SHAM,0.0,00001garden|823|1|0,822,6,13,,,00001garden,,8,0,0
SHAM,0.0,00001garden|823|1|0,822,6,14,,,00001garden,,7,0,0
SHAM,0.0,00001garden|823|1|0,822,6,15,,,00001garden,,7,0,0
SHAM,0.0,00001garden|823|1|0,822,6,16,,,00001garden,,7,0,0
SHAM,0.0,00001garden|823|1|0,822,6,17,,,00001garden,,7,0,0
SHAM,0.0,00001garden|823|1|0,822,6,18,,,00001garden,,7,0,0
SHAM,0.0,00001garden|823|1|0,822,6,19,,,00001garden,,6,0,0
SHAM,0.1111111111111111,00001garden|823|1|0,822,6,20,,,00001garden,,9,0,1
C2b-INJECTION,0.0,00001garden|823|1|0,822,6,1,,,00001garden,,7,0,0
C2b-INJECTION,0.0,00001garden|823|1|0,822,6,2,,,00001garden,,8,0,0
C2b-INJECTION,0.0,00001garden|823|1|0,822,6,3,,,00001garden,,7,0,0
C2b-INJECTION,0.0,00001garden|823|1|0,822,6,4,,,00001garden,,7,0,0
C2b-INJECTION,0.0,00001garden|823|1|0,822,6,5,,,00001garden,,8,0,0
C2b-INJECTION,0.0,00001garden|823|1|0,822,6,6,,,00001garden,,7,0,0
C2b-INJECTION,0.0,00001garden|823|1|0,822,6,7,,,00001garden,,7,0,0
C2b-INJECTION,0.0,00001garden|823|1|0,822,6,8,,,00001garden,,8,0,0
C2b-INJECTION,0.0,00001garden|823|1|0,822,6,9,,,00001garden,,7,0,0
C2b-INJECTION,0.0,00001garden|823|1|0,822,6,10,,,00001garden,,7,0,0
C2b-INJECTION,0.0,00001garden|823|1|0,822,6,11,,,00001garden,,7,0,0
C2b-INJECTION,0.0,00001garden|823|1|0,822,6,12,,,00001garden,,7,0,0
C2b-INJECTION,0.0,00001garden|823|1|0,822,6,13,,,00001garden,,8,0,0
C2b-INJECTION,0.0,00001garden|823|1|0,822,6,14,,,00001garden,,7,0,0
C2b-INJECTION,0.0,00001garden|823|1|0,822,6,15,,,00001garden,,7,0,0
C2b-INJECTION,0.0,00001garden|823|1|0,822,6,16,,,00001garden,,7,0,0
C2b-INJECTION,0.0,00001garden|823|1|0,822,6,17,,,00001garden,,7,0,0
C2b-INJECTION,0.0,00001garden|823|1|0,822,6,18,,,00001garden,,7,0,0
C2b-INJECTION,0.0,00001garden|823|1|0,822,6,19,,,00001garden,,6,0,0
C2b-INJECTION,0.1111111111111111,00001garden|823|1|0,822,6,20,,,00001garden,,9,0,1
_META,,00001garden|823|1|0,822,6,0,omitted_for_runtime,omitted_for_runtime,00001garden,,,0,
SHAM,0.1111111111111111,00001garden|849|1|5,848,9,1,,,00001garden,,9,0,1
SHAM,0.1111111111111111,00001garden|849|1|5,848,9,2,,,00001garden,,9,0,1
SHAM,0.125,00001garden|849|1|5,848,9,3,,,00001garden,,8,0,1
SHAM,0.1111111111111111,00001garden|849|1|5,848,9,4,,,00001garden,,9,0,1
SHAM,0.1111111111111111,00001garden|849|1|5,848,9,5,,,00001garden,,9,0,1
SHAM,0.125,00001garden|849|1|5,848,9,6,,,00001garden,,8,0,1
SHAM,0.125,00001garden|849|1|5,848,9,7,,,00001garden,,8,0,1
SHAM,0.1111111111111111,00001garden|849|1|5,848,9,8,,,00001garden,,9,0,1
SHAM,0.1111111111111111,00001garden|849|1|5,848,9,9,,,00001garden,,9,0,1
SHAM,0.1111111111111111,00001garden|849|1|5,848,9,10,,,00001garden,,9,0,1
SHAM,0.1111111111111111,00001garden|849|1|5,848,9,11,,,00001garden,,9,0,1
SHAM,0.125,00001garden|849|1|5,848,9,12,,,00001garden,,8,0,1
SHAM,0.125,00001garden|849|1|5,848,9,13,,,00001garden,,8,0,1
SHAM,0.125,00001garden|849|1|5,848,9,14,,,00001garden,,8,0,1
SHAM,0.1,00001garden|849|1|5,848,9,15,,,00001garden,,10,0,1
SHAM,0.125,00001garden|849|1|5,848,9,16,,,00001garden,,8,0,1
SHAM,0.125,00001garden|849|1|5,848,9,17,,,00001garden,,8,0,1
SHAM,0.14285714285714285,00001garden|849|1|5,848,9,18,,,00001garden,,7,0,1
SHAM,0.1111111111111111,00001garden|849|1|5,848,9,19,,,00001garden,,9,0,1
SHAM,0.125,00001garden|849|1|5,848,9,20,,,00001garden,,8,0,1
C2b-INJECTION,0.1111111111111111,00001garden|849|1|5,848,9,1,,,00001garden,,9,0,1
C2b-INJECTION,0.1111111111111111,00001garden|849|1|5,848,9,2,,,00001garden,,9,0,1
C2b-INJECTION,0.125,00001garden|849|1|5,848,9,3,,,00001garden,,8,0,1
C2b-INJECTION,0.1111111111111111,00001garden|849|1|5,848,9,4,,,00001garden,,9,0,1
C2b-INJECTION,0.1111111111111111,00001garden|849|1|5,848,9,5,,,00001garden,,9,0,1
C2b-INJECTION,0.125,00001garden|849|1|5,848,9,6,,,00001garden,,8,0,1
C2b-INJECTION,0.125,00001garden|849|1|5,848,9,7,,,00001garden,,8,0,1
C2b-INJECTION,0.1111111111111111,00001garden|849|1|5,848,9,8,,,00001garden,,9,0,1
C2b-INJECTION,0.1111111111111111,00001garden|849|1|5,848,9,9,,,00001garden,,9,0,1
C2b-INJECTION,0.1111111111111111,00001garden|849|1|5,848,9,10,,,00001garden,,9,0,1
C2b-INJECTION,0.1111111111111111,00001garden|849|1|5,848,9,11,,,00001garden,,9,0,1
C2b-INJECTION,0.125,00001garden|849|1|5,848,9,12,,,00001garden,,8,0,1
C2b-INJECTION,0.125,00001garden|849|1|5,848,9,13,,,00001garden,,8,0,1
C2b-INJECTION,0.125,00001garden|849|1|5,848,9,14,,,00001garden,,8,0,1
C2b-INJECTION,0.1,00001garden|849|1|5,848,9,15,,,00001garden,,10,0,1
C2b-INJECTION,0.125,00001garden|849|1|5,848,9,16,,,00001garden,,8,0,1
C2b-INJECTION,0.125,00001garden|849|1|5,848,9,17,,,00001garden,,8,0,1
C2b-INJECTION,0.14285714285714285,00001garden|849|1|5,848,9,18,,,00001garden,,7,0,1
C2b-INJECTION,0.1111111111111111,00001garden|849|1|5,848,9,19,,,00001garden,,9,0,1
C2b-INJECTION,0.125,00001garden|849|1|5,848,9,20,,,00001garden,,8,0,1
_META,,00001garden|849|1|5,848,9,0,omitted_for_runtime,omitted_for_runtime,00001garden,,,0,
SHAM,0.1111111111111111,00001garden|867|1|2,866,2,1,,,00001garden,,9,0,1
SHAM,0.125,00001garden|867|1|2,866,2,2,,,00001garden,,8,0,1
SHAM,0.2,00001garden|867|1|2,866,2,3,,,00001garden,,10,0,2
SHAM,0.125,00001garden|867|1|2,866,2,4,,,00001garden,,8,0,1
SHAM,0.125,00001garden|867|1|2,866,2,5,,,00001garden,,8,0,1
SHAM,0.1111111111111111,00001garden|867|1|2,866,2,6,,,00001garden,,9,0,1
SHAM,0.1111111111111111,00001garden|867|1|2,866,2,7,,,00001garden,,9,0,1
SHAM,0.1111111111111111,00001garden|867|1|2,866,2,8,,,00001garden,,9,0,1
SHAM,0.125,00001garden|867|1|2,866,2,9,,,00001garden,,8,0,1
SHAM,0.1111111111111111,00001garden|867|1|2,866,2,10,,,00001garden,,9,0,1
SHAM,0.1111111111111111,00001garden|867|1|2,866,2,11,,,00001garden,,9,0,1
SHAM,0.1111111111111111,00001garden|867|1|2,866,2,12,,,00001garden,,9,0,1
SHAM,0.1111111111111111,00001garden|867|1|2,866,2,13,,,00001garden,,9,0,1
SHAM,0.1111111111111111,00001garden|867|1|2,866,2,14,,,00001garden,,9,0,1
SHAM,0.1111111111111111,00001garden|867|1|2,866,2,15,,,00001garden,,9,0,1
SHAM,0.1111111111111111,00001garden|867|1|2,866,2,16,,,00001garden,,9,0,1
SHAM,0.1,00001garden|867|1|2,866,2,17,,,00001garden,,10,0,1
SHAM,0.1111111111111111,00001garden|867|1|2,866,2,18,,,00001garden,,9,0,1
SHAM,0.1111111111111111,00001garden|867|1|2,866,2,19,,,00001garden,,9,0,1
SHAM,0.1111111111111111,00001garden|867|1|2,866,2,20,,,00001garden,,9,0,1
C2b-INJECTION,0.1111111111111111,00001garden|867|1|2,866,2,1,,,00001garden,,9,0,1
C2b-INJECTION,0.125,00001garden|867|1|2,866,2,2,,,00001garden,,8,0,1
C2b-INJECTION,0.2,00001garden|867|1|2,866,2,3,,,00001garden,,10,0,2
C2b-INJECTION,0.125,00001garden|867|1|2,866,2,4,,,00001garden,,8,0,1
C2b-INJECTION,0.125,00001garden|867|1|2,866,2,5,,,00001garden,,8,0,1
C2b-INJECTION,0.1111111111111111,00001garden|867|1|2,866,2,6,,,00001garden,,9,0,1
C2b-INJECTION,0.1111111111111111,00001garden|867|1|2,866,2,7,,,00001garden,,9,0,1
C2b-INJECTION,0.1111111111111111,00001garden|867|1|2,866,2,8,,,00001garden,,9,0,1
C2b-INJECTION,0.125,00001garden|867|1|2,866,2,9,,,00001garden,,8,0,1
C2b-INJECTION,0.1111111111111111,00001garden|867|1|2,866,2,10,,,00001garden,,9,0,1
C2b-INJECTION,0.1111111111111111,00001garden|867|1|2,866,2,11,,,00001garden,,9,0,1
C2b-INJECTION,0.1111111111111111,00001garden|867|1|2,866,2,12,,,00001garden,,9,0,1
C2b-INJECTION,0.1111111111111111,00001garden|867|1|2,866,2,13,,,00001garden,,9,0,1
C2b-INJECTION,0.1111111111111111,00001garden|867|1|2,866,2,14,,,00001garden,,9,0,1
C2b-INJECTION,0.1111111111111111,00001garden|867|1|2,866,2,15,,,00001garden,,9,0,1
C2b-INJECTION,0.1111111111111111,00001garden|867|1|2,866,2,16,,,00001garden,,9,0,1
C2b-INJECTION,0.1,00001garden|867|1|2,866,2,17,,,00001garden,,10,0,1
C2b-INJECTION,0.1111111111111111,00001garden|867|1|2,866,2,18,,,00001garden,,9,0,1
C2b-INJECTION,0.1111111111111111,00001garden|867|1|2,866,2,19,,,00001garden,,9,0,1
C2b-INJECTION,0.1111111111111111,00001garden|867|1|2,866,2,20,,,00001garden,,9,0,1
_META,,00001garden|867|1|2,866,2,0,omitted_for_runtime,omitted_for_runtime,00001garden,,,0,
SHAM,0.1111111111111111,00001garden|913|1|4,912,7,1,,,00001garden,,9,0,1
SHAM,0.1111111111111111,00001garden|913|1|4,912,7,2,,,00001garden,,9,0,1
SHAM,0.1111111111111111,00001garden|913|1|4,912,7,3,,,00001garden,,9,0,1
SHAM,0.1111111111111111,00001garden|913|1|4,912,7,4,,,00001garden,,9,0,1
SHAM,0.1111111111111111,00001garden|913|1|4,912,7,5,,,00001garden,,9,0,1
SHAM,0.1111111111111111,00001garden|913|1|4,912,7,6,,,00001garden,,9,0,1
SHAM,0.125,00001garden|913|1|4,912,7,7,,,00001garden,,8,0,1
SHAM,0.1111111111111111,00001garden|913|1|4,912,7,8,,,00001garden,,9,0,1
SHAM,0.1111111111111111,00001garden|913|1|4,912,7,9,,,00001garden,,9,0,1
SHAM,0.1111111111111111,00001garden|913|1|4,912,7,10,,,00001garden,,9,0,1
SHAM,0.1111111111111111,00001garden|913|1|4,912,7,11,,,00001garden,,9,0,1
SHAM,0.1111111111111111,00001garden|913|1|4,912,7,12,,,00001garden,,9,0,1
SHAM,0.1111111111111111,00001garden|913|1|4,912,7,13,,,00001garden,,9,0,1
SHAM,0.1111111111111111,00001garden|913|1|4,912,7,14,,,00001garden,,9,0,1
SHAM,0.1111111111111111,00001garden|913|1|4,912,7,15,,,00001garden,,9,0,1
SHAM,0.1111111111111111,00001garden|913|1|4,912,7,16,,,00001garden,,9,0,1
SHAM,0.1111111111111111,00001garden|913|1|4,912,7,17,,,00001garden,,9,0,1
SHAM,0.1111111111111111,00001garden|913|1|4,912,7,18,,,00001garden,,9,0,1
SHAM,0.125,00001garden|913|1|4,912,7,19,,,00001garden,,8,0,1
SHAM,0.125,00001garden|913|1|4,912,7,20,,,00001garden,,8,0,1
C2b-INJECTION,0.1111111111111111,00001garden|913|1|4,912,7,1,,,00001garden,,9,0,1
C2b-INJECTION,0.1111111111111111,00001garden|913|1|4,912,7,2,,,00001garden,,9,0,1
C2b-INJECTION,0.1111111111111111,00001garden|913|1|4,912,7,3,,,00001garden,,9,0,1
C2b-INJECTION,0.1111111111111111,00001garden|913|1|4,912,7,4,,,00001garden,,9,0,1
C2b-INJECTION,0.1111111111111111,00001garden|913|1|4,912,7,5,,,00001garden,,9,0,1
C2b-INJECTION,0.1111111111111111,00001garden|913|1|4,912,7,6,,,00001garden,,9,0,1
C2b-INJECTION,0.125,00001garden|913|1|4,912,7,7,,,00001garden,,8,0,1
C2b-INJECTION,0.1111111111111111,00001garden|913|1|4,912,7,8,,,00001garden,,9,0,1
C2b-INJECTION,0.1111111111111111,00001garden|913|1|4,912,7,9,,,00001garden,,9,0,1
C2b-INJECTION,0.1111111111111111,00001garden|913|1|4,912,7,10,,,00001garden,,9,0,1
C2b-INJECTION,0.1111111111111111,00001garden|913|1|4,912,7,11,,,00001garden,,9,0,1
C2b-INJECTION,0.1111111111111111,00001garden|913|1|4,912,7,12,,,00001garden,,9,0,1
C2b-INJECTION,0.1111111111111111,00001garden|913|1|4,912,7,13,,,00001garden,,9,0,1
C2b-INJECTION,0.1111111111111111,00001garden|913|1|4,912,7,14,,,00001garden,,9,0,1
C2b-INJECTION,0.1111111111111111,00001garden|913|1|4,912,7,15,,,00001garden,,9,0,1
C2b-INJECTION,0.1111111111111111,00001garden|913|1|4,912,7,16,,,00001garden,,9,0,1
C2b-INJECTION,0.1111111111111111,00001garden|913|1|4,912,7,17,,,00001garden,,9,0,1
C2b-INJECTION,0.1111111111111111,00001garden|913|1|4,912,7,18,,,00001garden,,9,0,1
C2b-INJECTION,0.125,00001garden|913|1|4,912,7,19,,,00001garden,,8,0,1
C2b-INJECTION,0.125,00001garden|913|1|4,912,7,20,,,00001garden,,8,0,1
_META,,00001garden|913|1|4,912,7,0,omitted_for_runtime,omitted_for_runtime,00001garden,,,0,
SHAM,0.0,00003garden|2|2|0,1,2,1,,,00003garden,,6,1,0
SHAM,0.0,00003garden|2|2|0,1,2,2,,,00003garden,,6,1,0
SHAM,0.0,00003garden|2|2|0,1,2,3,,,00003garden,,6,1,0
SHAM,0.0,00003garden|2|2|0,1,2,4,,,00003garden,,6,1,0
SHAM,0.0,00003garden|2|2|0,1,2,5,,,00003garden,,6,1,0
SHAM,0.0,00003garden|2|2|0,1,2,6,,,00003garden,,6,1,0
SHAM,0.0,00003garden|2|2|0,1,2,7,,,00003garden,,6,1,0
SHAM,0.0,00003garden|2|2|0,1,2,8,,,00003garden,,6,1,0
SHAM,0.0,00003garden|2|2|0,1,2,9,,,00003garden,,6,1,0
SHAM,0.0,00003garden|2|2|0,1,2,10,,,00003garden,,6,1,0
SHAM,0.0,00003garden|2|2|0,1,2,11,,,00003garden,,6,1,0
SHAM,0.0,00003garden|2|2|0,1,2,12,,,00003garden,,6,1,0
SHAM,0.0,00003garden|2|2|0,1,2,13,,,00003garden,,6,1,0
SHAM,0.0,00003garden|2|2|0,1,2,14,,,00003garden,,6,1,0
SHAM,0.0,00003garden|2|2|0,1,2,15,,,00003garden,,6,1,0
SHAM,0.0,00003garden|2|2|0,1,2,16,,,00003garden,,6,1,0
SHAM,0.0,00003garden|2|2|0,1,2,17,,,00003garden,,6,1,0
SHAM,0.0,00003garden|2|2|0,1,2,18,,,00003garden,,6,1,0
SHAM,0.0,00003garden|2|2|0,1,2,19,,,00003garden,,6,1,0
SHAM,0.0,00003garden|2|2|0,1,2,20,,,00003garden,,6,1,0
C2b-INJECTION,0.0,00003garden|2|2|0,1,2,1,,,00003garden,,6,1,0
C2b-INJECTION,0.0,00003garden|2|2|0,1,2,2,,,00003garden,,6,1,0
C2b-INJECTION,0.0,00003garden|2|2|0,1,2,3,,,00003garden,,6,1,0
C2b-INJECTION,0.0,00003garden|2|2|0,1,2,4,,,00003garden,,6,1,0
C2b-INJECTION,0.0,00003garden|2|2|0,1,2,5,,,00003garden,,6,1,0
C2b-INJECTION,0.0,00003garden|2|2|0,1,2,6,,,00003garden,,6,1,0
C2b-INJECTION,0.0,00003garden|2|2|0,1,2,7,,,00003garden,,6,1,0
C2b-INJECTION,0.0,00003garden|2|2|0,1,2,8,,,00003garden,,6,1,0
C2b-INJECTION,0.0,00003garden|2|2|0,1,2,9,,,00003garden,,6,1,0
C2b-INJECTION,0.0,00003garden|2|2|0,1,2,10,,,00003garden,,6,1,0
C2b-INJECTION,0.0,00003garden|2|2|0,1,2,11,,,00003garden,,6,1,0
C2b-INJECTION,0.0,00003garden|2|2|0,1,2,12,,,00003garden,,6,1,0
C2b-INJECTION,0.0,00003garden|2|2|0,1,2,13,,,00003garden,,6,1,0
C2b-INJECTION,0.0,00003garden|2|2|0,1,2,14,,,00003garden,,6,1,0
C2b-INJECTION,0.0,00003garden|2|2|0,1,2,15,,,00003garden,,6,1,0
C2b-INJECTION,0.0,00003garden|2|2|0,1,2,16,,,00003garden,,6,1,0
C2b-INJECTION,0.0,00003garden|2|2|0,1,2,17,,,00003garden,,6,1,0
C2b-INJECTION,0.0,00003garden|2|2|0,1,2,18,,,00003garden,,6,1,0
C2b-INJECTION,0.0,00003garden|2|2|0,1,2,19,,,00003garden,,6,1,0
C2b-INJECTION,0.0,00003garden|2|2|0,1,2,20,,,00003garden,,6,1,0
_META,,00003garden|2|2|0,1,2,0,3aaeeda87be8cf824de9df014a85abfb721d793d7960c9d6fc82635d196732b6,56a125bea177516545f3450c10efc31be1fc2d78f7b5a7ee6260b094d2fb2a20,00003garden,,,1,
SHAM,0.0,00003garden|125|2|0,124,2,1,,,00003garden,,6,1,0
SHAM,0.0,00003garden|125|2|0,124,2,2,,,00003garden,,6,1,0
SHAM,0.0,00003garden|125|2|0,124,2,3,,,00003garden,,6,1,0
SHAM,0.0,00003garden|125|2|0,124,2,4,,,00003garden,,6,1,0
SHAM,0.0,00003garden|125|2|0,124,2,5,,,00003garden,,6,1,0
SHAM,0.0,00003garden|125|2|0,124,2,6,,,00003garden,,6,1,0
SHAM,0.0,00003garden|125|2|0,124,2,7,,,00003garden,,6,1,0
SHAM,0.0,00003garden|125|2|0,124,2,8,,,00003garden,,6,1,0
SHAM,0.0,00003garden|125|2|0,124,2,9,,,00003garden,,6,1,0
SHAM,0.0,00003garden|125|2|0,124,2,10,,,00003garden,,6,1,0
SHAM,0.0,00003garden|125|2|0,124,2,11,,,00003garden,,6,1,0
SHAM,0.0,00003garden|125|2|0,124,2,12,,,00003garden,,6,1,0
SHAM,0.0,00003garden|125|2|0,124,2,13,,,00003garden,,6,1,0
SHAM,0.0,00003garden|125|2|0,124,2,14,,,00003garden,,6,1,0
SHAM,0.0,00003garden|125|2|0,124,2,15,,,00003garden,,6,1,0
SHAM,0.0,00003garden|125|2|0,124,2,16,,,00003garden,,6,1,0
SHAM,0.0,00003garden|125|2|0,124,2,17,,,00003garden,,6,1,0
SHAM,0.0,00003garden|125|2|0,124,2,18,,,00003garden,,6,1,0
SHAM,0.0,00003garden|125|2|0,124,2,19,,,00003garden,,6,1,0
SHAM,0.0,00003garden|125|2|0,124,2,20,,,00003garden,,6,1,0
C2b-INJECTION,0.0,00003garden|125|2|0,124,2,1,,,00003garden,,6,1,0
C2b-INJECTION,0.0,00003garden|125|2|0,124,2,2,,,00003garden,,6,1,0
C2b-INJECTION,0.0,00003garden|125|2|0,124,2,3,,,00003garden,,6,1,0
C2b-INJECTION,0.0,00003garden|125|2|0,124,2,4,,,00003garden,,6,1,0
C2b-INJECTION,0.0,00003garden|125|2|0,124,2,5,,,00003garden,,6,1,0
C2b-INJECTION,0.0,00003garden|125|2|0,124,2,6,,,00003garden,,6,1,0
C2b-INJECTION,0.0,00003garden|125|2|0,124,2,7,,,00003garden,,6,1,0
C2b-INJECTION,0.0,00003garden|125|2|0,124,2,8,,,00003garden,,6,1,0
C2b-INJECTION,0.0,00003garden|125|2|0,124,2,9,,,00003garden,,6,1,0
C2b-INJECTION,0.0,00003garden|125|2|0,124,2,10,,,00003garden,,6,1,0
C2b-INJECTION,0.0,00003garden|125|2|0,124,2,11,,,00003garden,,6,1,0
C2b-INJECTION,0.0,00003garden|125|2|0,124,2,12,,,00003garden,,6,1,0
C2b-INJECTION,0.0,00003garden|125|2|0,124,2,13,,,00003garden,,6,1,0
C2b-INJECTION,0.0,00003garden|125|2|0,124,2,14,,,00003garden,,6,1,0
C2b-INJECTION,0.0,00003garden|125|2|0,124,2,15,,,00003garden,,6,1,0
C2b-INJECTION,0.0,00003garden|125|2|0,124,2,16,,,00003garden,,6,1,0
C2b-INJECTION,0.0,00003garden|125|2|0,124,2,17,,,00003garden,,6,1,0
C2b-INJECTION,0.0,00003garden|125|2|0,124,2,18,,,00003garden,,6,1,0
C2b-INJECTION,0.0,00003garden|125|2|0,124,2,19,,,00003garden,,6,1,0
C2b-INJECTION,0.0,00003garden|125|2|0,124,2,20,,,00003garden,,6,1,0
_META,,00003garden|125|2|0,124,2,0,omitted_for_runtime,omitted_for_runtime,00003garden,,,1,
SHAM,0.0,00003garden|166|2|1,165,1,1,,,00003garden,,6,1,0
SHAM,0.0,00003garden|166|2|1,165,1,2,,,00003garden,,6,1,0
SHAM,0.0,00003garden|166|2|1,165,1,3,,,00003garden,,6,1,0
SHAM,0.0,00003garden|166|2|1,165,1,4,,,00003garden,,6,1,0
SHAM,0.0,00003garden|166|2|1,165,1,5,,,00003garden,,6,1,0
SHAM,0.0,00003garden|166|2|1,165,1,6,,,00003garden,,6,1,0
SHAM,0.0,00003garden|166|2|1,165,1,7,,,00003garden,,6,1,0
SHAM,0.0,00003garden|166|2|1,165,1,8,,,00003garden,,6,1,0
SHAM,0.0,00003garden|166|2|1,165,1,9,,,00003garden,,6,1,0
SHAM,0.0,00003garden|166|2|1,165,1,10,,,00003garden,,6,1,0
SHAM,0.0,00003garden|166|2|1,165,1,11,,,00003garden,,6,1,0
SHAM,0.0,00003garden|166|2|1,165,1,12,,,00003garden,,6,1,0
SHAM,0.0,00003garden|166|2|1,165,1,13,,,00003garden,,6,1,0
SHAM,0.0,00003garden|166|2|1,165,1,14,,,00003garden,,6,1,0
SHAM,0.0,00003garden|166|2|1,165,1,15,,,00003garden,,6,1,0
SHAM,0.0,00003garden|166|2|1,165,1,16,,,00003garden,,6,1,0
SHAM,0.0,00003garden|166|2|1,165,1,17,,,00003garden,,6,1,0
SHAM,0.0,00003garden|166|2|1,165,1,18,,,00003garden,,6,1,0
SHAM,0.0,00003garden|166|2|1,165,1,19,,,00003garden,,6,1,0
SHAM,0.0,00003garden|166|2|1,165,1,20,,,00003garden,,6,1,0
C2b-INJECTION,0.0,00003garden|166|2|1,165,1,1,,,00003garden,,6,1,0
C2b-INJECTION,0.0,00003garden|166|2|1,165,1,2,,,00003garden,,6,1,0
C2b-INJECTION,0.0,00003garden|166|2|1,165,1,3,,,00003garden,,6,1,0
C2b-INJECTION,0.0,00003garden|166|2|1,165,1,4,,,00003garden,,6,1,0
C2b-INJECTION,0.0,00003garden|166|2|1,165,1,5,,,00003garden,,6,1,0
C2b-INJECTION,0.0,00003garden|166|2|1,165,1,6,,,00003garden,,6,1,0
C2b-INJECTION,0.0,00003garden|166|2|1,165,1,7,,,00003garden,,6,1,0
C2b-INJECTION,0.0,00003garden|166|2|1,165,1,8,,,00003garden,,6,1,0
C2b-INJECTION,0.0,00003garden|166|2|1,165,1,9,,,00003garden,,6,1,0
C2b-INJECTION,0.0,00003garden|166|2|1,165,1,10,,,00003garden,,6,1,0
C2b-INJECTION,0.0,00003garden|166|2|1,165,1,11,,,00003garden,,6,1,0
C2b-INJECTION,0.0,00003garden|166|2|1,165,1,12,,,00003garden,,6,1,0
C2b-INJECTION,0.0,00003garden|166|2|1,165,1,13,,,00003garden,,6,1,0
C2b-INJECTION,0.0,00003garden|166|2|1,165,1,14,,,00003garden,,6,1,0
C2b-INJECTION,0.0,00003garden|166|2|1,165,1,15,,,00003garden,,6,1,0
C2b-INJECTION,0.0,00003garden|166|2|1,165,1,16,,,00003garden,,6,1,0
C2b-INJECTION,0.0,00003garden|166|2|1,165,1,17,,,00003garden,,6,1,0
C2b-INJECTION,0.0,00003garden|166|2|1,165,1,18,,,00003garden,,6,1,0
C2b-INJECTION,0.0,00003garden|166|2|1,165,1,19,,,00003garden,,6,1,0
C2b-INJECTION,0.0,00003garden|166|2|1,165,1,20,,,00003garden,,6,1,0
_META,,00003garden|166|2|1,165,1,0,omitted_for_runtime,omitted_for_runtime,00003garden,,,1,
SHAM,0.0,00003garden|207|2|0,206,2,1,,,00003garden,,6,1,0
SHAM,0.0,00003garden|207|2|0,206,2,2,,,00003garden,,6,1,0
SHAM,0.0,00003garden|207|2|0,206,2,3,,,00003garden,,6,1,0
SHAM,0.0,00003garden|207|2|0,206,2,4,,,00003garden,,6,1,0
SHAM,0.0,00003garden|207|2|0,206,2,5,,,00003garden,,6,1,0
SHAM,0.0,00003garden|207|2|0,206,2,6,,,00003garden,,6,1,0
SHAM,0.0,00003garden|207|2|0,206,2,7,,,00003garden,,6,1,0
SHAM,0.0,00003garden|207|2|0,206,2,8,,,00003garden,,6,1,0
SHAM,0.0,00003garden|207|2|0,206,2,9,,,00003garden,,6,1,0
SHAM,0.0,00003garden|207|2|0,206,2,10,,,00003garden,,6,1,0
SHAM,0.0,00003garden|207|2|0,206,2,11,,,00003garden,,6,1,0
SHAM,0.0,00003garden|207|2|0,206,2,12,,,00003garden,,6,1,0
SHAM,0.0,00003garden|207|2|0,206,2,13,,,00003garden,,6,1,0
SHAM,0.0,00003garden|207|2|0,206,2,14,,,00003garden,,6,1,0
SHAM,0.0,00003garden|207|2|0,206,2,15,,,00003garden,,6,1,0
SHAM,0.0,00003garden|207|2|0,206,2,16,,,00003garden,,6,1,0
SHAM,0.0,00003garden|207|2|0,206,2,17,,,00003garden,,6,1,0
SHAM,0.0,00003garden|207|2|0,206,2,18,,,00003garden,,5,1,0
SHAM,0.0,00003garden|207|2|0,206,2,19,,,00003garden,,6,1,0
SHAM,0.0,00003garden|207|2|0,206,2,20,,,00003garden,,6,1,0
C2b-INJECTION,0.0,00003garden|207|2|0,206,2,1,,,00003garden,,6,1,0
C2b-INJECTION,0.0,00003garden|207|2|0,206,2,2,,,00003garden,,6,1,0
C2b-INJECTION,0.0,00003garden|207|2|0,206,2,3,,,00003garden,,6,1,0
C2b-INJECTION,0.0,00003garden|207|2|0,206,2,4,,,00003garden,,6,1,0
C2b-INJECTION,0.0,00003garden|207|2|0,206,2,5,,,00003garden,,6,1,0
C2b-INJECTION,0.0,00003garden|207|2|0,206,2,6,,,00003garden,,6,1,0
C2b-INJECTION,0.0,00003garden|207|2|0,206,2,7,,,00003garden,,6,1,0
C2b-INJECTION,0.0,00003garden|207|2|0,206,2,8,,,00003garden,,6,1,0
C2b-INJECTION,0.0,00003garden|207|2|0,206,2,9,,,00003garden,,6,1,0
C2b-INJECTION,0.0,00003garden|207|2|0,206,2,10,,,00003garden,,6,1,0
C2b-INJECTION,0.0,00003garden|207|2|0,206,2,11,,,00003garden,,6,1,0
C2b-INJECTION,0.0,00003garden|207|2|0,206,2,12,,,00003garden,,6,1,0
C2b-INJECTION,0.0,00003garden|207|2|0,206,2,13,,,00003garden,,6,1,0
C2b-INJECTION,0.0,00003garden|207|2|0,206,2,14,,,00003garden,,6,1,0
C2b-INJECTION,0.0,00003garden|207|2|0,206,2,15,,,00003garden,,6,1,0
C2b-INJECTION,0.0,00003garden|207|2|0,206,2,16,,,00003garden,,6,1,0
C2b-INJECTION,0.0,00003garden|207|2|0,206,2,17,,,00003garden,,6,1,0
C2b-INJECTION,0.0,00003garden|207|2|0,206,2,18,,,00003garden,,5,1,0
C2b-INJECTION,0.0,00003garden|207|2|0,206,2,19,,,00003garden,,6,1,0
C2b-INJECTION,0.0,00003garden|207|2|0,206,2,20,,,00003garden,,6,1,0
_META,,00003garden|207|2|0,206,2,0,omitted_for_runtime,omitted_for_runtime,00003garden,,,1,
SHAM,0.0,00003garden|207|2|1,206,1,1,,,00003garden,,6,1,0
SHAM,0.0,00003garden|207|2|1,206,1,2,,,00003garden,,6,1,0
SHAM,0.0,00003garden|207|2|1,206,1,3,,,00003garden,,6,1,0
SHAM,0.0,00003garden|207|2|1,206,1,4,,,00003garden,,6,1,0
SHAM,0.0,00003garden|207|2|1,206,1,5,,,00003garden,,6,1,0
SHAM,0.0,00003garden|207|2|1,206,1,6,,,00003garden,,6,1,0
SHAM,0.0,00003garden|207|2|1,206,1,7,,,00003garden,,6,1,0
SHAM,0.0,00003garden|207|2|1,206,1,8,,,00003garden,,6,1,0
SHAM,0.0,00003garden|207|2|1,206,1,9,,,00003garden,,6,1,0
SHAM,0.0,00003garden|207|2|1,206,1,10,,,00003garden,,6,1,0
SHAM,0.0,00003garden|207|2|1,206,1,11,,,00003garden,,6,1,0
SHAM,0.0,00003garden|207|2|1,206,1,12,,,00003garden,,6,1,0
SHAM,0.0,00003garden|207|2|1,206,1,13,,,00003garden,,6,1,0
SHAM,0.0,00003garden|207|2|1,206,1,14,,,00003garden,,6,1,0
SHAM,0.0,00003garden|207|2|1,206,1,15,,,00003garden,,6,1,0
SHAM,0.0,00003garden|207|2|1,206,1,16,,,00003garden,,6,1,0
SHAM,0.0,00003garden|207|2|1,206,1,17,,,00003garden,,6,1,0
SHAM,0.0,00003garden|207|2|1,206,1,18,,,00003garden,,5,1,0
SHAM,0.0,00003garden|207|2|1,206,1,19,,,00003garden,,6,1,0
SHAM,0.0,00003garden|207|2|1,206,1,20,,,00003garden,,6,1,0
C2b-INJECTION,0.0,00003garden|207|2|1,206,1,1,,,00003garden,,6,1,0
C2b-INJECTION,0.0,00003garden|207|2|1,206,1,2,,,00003garden,,6,1,0
C2b-INJECTION,0.0,00003garden|207|2|1,206,1,3,,,00003garden,,6,1,0
C2b-INJECTION,0.0,00003garden|207|2|1,206,1,4,,,00003garden,,6,1,0
C2b-INJECTION,0.0,00003garden|207|2|1,206,1,5,,,00003garden,,6,1,0
C2b-INJECTION,0.0,00003garden|207|2|1,206,1,6,,,00003garden,,6,1,0
C2b-INJECTION,0.0,00003garden|207|2|1,206,1,7,,,00003garden,,6,1,0
C2b-INJECTION,0.0,00003garden|207|2|1,206,1,8,,,00003garden,,6,1,0
C2b-INJECTION,0.0,00003garden|207|2|1,206,1,9,,,00003garden,,6,1,0
C2b-INJECTION,0.0,00003garden|207|2|1,206,1,10,,,00003garden,,6,1,0
C2b-INJECTION,0.0,00003garden|207|2|1,206,1,11,,,00003garden,,6,1,0
C2b-INJECTION,0.0,00003garden|207|2|1,206,1,12,,,00003garden,,6,1,0
C2b-INJECTION,0.0,00003garden|207|2|1,206,1,13,,,00003garden,,6,1,0
C2b-INJECTION,0.0,00003garden|207|2|1,206,1,14,,,00003garden,,6,1,0
C2b-INJECTION,0.0,00003garden|207|2|1,206,1,15,,,00003garden,,6,1,0
C2b-INJECTION,0.0,00003garden|207|2|1,206,1,16,,,00003garden,,6,1,0
C2b-INJECTION,0.0,00003garden|207|2|1,206,1,17,,,00003garden,,6,1,0
C2b-INJECTION,0.0,00003garden|207|2|1,206,1,18,,,00003garden,,5,1,0
C2b-INJECTION,0.0,00003garden|207|2|1,206,1,19,,,00003garden,,6,1,0
C2b-INJECTION,0.0,00003garden|207|2|1,206,1,20,,,00003garden,,6,1,0
_META,,00003garden|207|2|1,206,1,0,omitted_for_runtime,omitted_for_runtime,00003garden,,,1,
SHAM,0.0,00003garden|282|1|4,281,6,1,,,00003garden,,7,0,0
SHAM,0.0,00003garden|282|1|4,281,6,2,,,00003garden,,7,0,0
SHAM,0.0,00003garden|282|1|4,281,6,3,,,00003garden,,7,0,0
SHAM,0.0,00003garden|282|1|4,281,6,4,,,00003garden,,8,0,0
SHAM,0.0,00003garden|282|1|4,281,6,5,,,00003garden,,7,0,0
SHAM,0.0,00003garden|282|1|4,281,6,6,,,00003garden,,8,0,0
SHAM,0.0,00003garden|282|1|4,281,6,7,,,00003garden,,8,0,0
SHAM,0.0,00003garden|282|1|4,281,6,8,,,00003garden,,8,0,0
SHAM,0.0,00003garden|282|1|4,281,6,9,,,00003garden,,8,0,0
SHAM,0.0,00003garden|282|1|4,281,6,10,,,00003garden,,8,0,0
SHAM,0.0,00003garden|282|1|4,281,6,11,,,00003garden,,8,0,0
SHAM,0.0,00003garden|282|1|4,281,6,12,,,00003garden,,8,0,0
SHAM,0.0,00003garden|282|1|4,281,6,13,,,00003garden,,8,0,0
SHAM,0.0,00003garden|282|1|4,281,6,14,,,00003garden,,8,0,0
SHAM,0.0,00003garden|282|1|4,281,6,15,,,00003garden,,8,0,0
SHAM,0.0,00003garden|282|1|4,281,6,16,,,00003garden,,8,0,0
SHAM,0.0,00003garden|282|1|4,281,6,17,,,00003garden,,8,0,0
SHAM,0.0,00003garden|282|1|4,281,6,18,,,00003garden,,8,0,0
SHAM,0.0,00003garden|282|1|4,281,6,19,,,00003garden,,8,0,0
SHAM,0.0,00003garden|282|1|4,281,6,20,,,00003garden,,8,0,0
C2b-INJECTION,0.0,00003garden|282|1|4,281,6,1,,,00003garden,,7,0,0
C2b-INJECTION,0.0,00003garden|282|1|4,281,6,2,,,00003garden,,7,0,0
C2b-INJECTION,0.0,00003garden|282|1|4,281,6,3,,,00003garden,,7,0,0
C2b-INJECTION,0.0,00003garden|282|1|4,281,6,4,,,00003garden,,8,0,0
C2b-INJECTION,0.0,00003garden|282|1|4,281,6,5,,,00003garden,,7,0,0
C2b-INJECTION,0.0,00003garden|282|1|4,281,6,6,,,00003garden,,8,0,0
C2b-INJECTION,0.0,00003garden|282|1|4,281,6,7,,,00003garden,,8,0,0
C2b-INJECTION,0.0,00003garden|282|1|4,281,6,8,,,00003garden,,8,0,0
C2b-INJECTION,0.0,00003garden|282|1|4,281,6,9,,,00003garden,,8,0,0
C2b-INJECTION,0.0,00003garden|282|1|4,281,6,10,,,00003garden,,8,0,0
C2b-INJECTION,0.0,00003garden|282|1|4,281,6,11,,,00003garden,,8,0,0
C2b-INJECTION,0.0,00003garden|282|1|4,281,6,12,,,00003garden,,8,0,0
C2b-INJECTION,0.0,00003garden|282|1|4,281,6,13,,,00003garden,,8,0,0
C2b-INJECTION,0.0,00003garden|282|1|4,281,6,14,,,00003garden,,8,0,0
C2b-INJECTION,0.0,00003garden|282|1|4,281,6,15,,,00003garden,,8,0,0
C2b-INJECTION,0.0,00003garden|282|1|4,281,6,16,,,00003garden,,8,0,0
C2b-INJECTION,0.0,00003garden|282|1|4,281,6,17,,,00003garden,,8,0,0
C2b-INJECTION,0.0,00003garden|282|1|4,281,6,18,,,00003garden,,8,0,0
C2b-INJECTION,0.0,00003garden|282|1|4,281,6,19,,,00003garden,,8,0,0
C2b-INJECTION,0.0,00003garden|282|1|4,281,6,20,,,00003garden,,8,0,0
_META,,00003garden|282|1|4,281,6,0,omitted_for_runtime,omitted_for_runtime,00003garden,,,0,
SHAM,0.0,00003garden|330|2|0,329,2,1,,,00003garden,,8,1,0
SHAM,0.0,00003garden|330|2|0,329,2,2,,,00003garden,,8,1,0
SHAM,0.0,00003garden|330|2|0,329,2,3,,,00003garden,,8,1,0
SHAM,0.0,00003garden|330|2|0,329,2,4,,,00003garden,,8,1,0
SHAM,0.0,00003garden|330|2|0,329,2,5,,,00003garden,,8,1,0
SHAM,0.0,00003garden|330|2|0,329,2,6,,,00003garden,,8,1,0
SHAM,0.0,00003garden|330|2|0,329,2,7,,,00003garden,,8,1,0
SHAM,0.0,00003garden|330|2|0,329,2,8,,,00003garden,,8,1,0
SHAM,0.0,00003garden|330|2|0,329,2,9,,,00003garden,,8,1,0
SHAM,0.0,00003garden|330|2|0,329,2,10,,,00003garden,,8,1,0
SHAM,0.0,00003garden|330|2|0,329,2,11,,,00003garden,,8,1,0
SHAM,0.0,00003garden|330|2|0,329,2,12,,,00003garden,,8,1,0
SHAM,0.0,00003garden|330|2|0,329,2,13,,,00003garden,,8,1,0
SHAM,0.0,00003garden|330|2|0,329,2,14,,,00003garden,,8,1,0
SHAM,0.0,00003garden|330|2|0,329,2,15,,,00003garden,,8,1,0
SHAM,0.0,00003garden|330|2|0,329,2,16,,,00003garden,,8,1,0
SHAM,0.0,00003garden|330|2|0,329,2,17,,,00003garden,,8,1,0
SHAM,0.0,00003garden|330|2|0,329,2,18,,,00003garden,,8,1,0
SHAM,0.0,00003garden|330|2|0,329,2,19,,,00003garden,,8,1,0
SHAM,0.0,00003garden|330|2|0,329,2,20,,,00003garden,,8,1,0
C2b-INJECTION,0.0,00003garden|330|2|0,329,2,1,,,00003garden,,8,1,0
C2b-INJECTION,0.0,00003garden|330|2|0,329,2,2,,,00003garden,,8,1,0
C2b-INJECTION,0.0,00003garden|330|2|0,329,2,3,,,00003garden,,8,1,0
C2b-INJECTION,0.0,00003garden|330|2|0,329,2,4,,,00003garden,,8,1,0
C2b-INJECTION,0.0,00003garden|330|2|0,329,2,5,,,00003garden,,8,1,0
C2b-INJECTION,0.0,00003garden|330|2|0,329,2,6,,,00003garden,,8,1,0
C2b-INJECTION,0.0,00003garden|330|2|0,329,2,7,,,00003garden,,8,1,0
C2b-INJECTION,0.0,00003garden|330|2|0,329,2,8,,,00003garden,,8,1,0
C2b-INJECTION,0.0,00003garden|330|2|0,329,2,9,,,00003garden,,8,1,0
C2b-INJECTION,0.0,00003garden|330|2|0,329,2,10,,,00003garden,,8,1,0
C2b-INJECTION,0.0,00003garden|330|2|0,329,2,11,,,00003garden,,8,1,0
C2b-INJECTION,0.0,00003garden|330|2|0,329,2,12,,,00003garden,,8,1,0
C2b-INJECTION,0.0,00003garden|330|2|0,329,2,13,,,00003garden,,8,1,0
C2b-INJECTION,0.0,00003garden|330|2|0,329,2,14,,,00003garden,,8,1,0
C2b-INJECTION,0.0,00003garden|330|2|0,329,2,15,,,00003garden,,8,1,0
C2b-INJECTION,0.0,00003garden|330|2|0,329,2,16,,,00003garden,,8,1,0
C2b-INJECTION,0.0,00003garden|330|2|0,329,2,17,,,00003garden,,8,1,0
C2b-INJECTION,0.0,00003garden|330|2|0,329,2,18,,,00003garden,,8,1,0
C2b-INJECTION,0.0,00003garden|330|2|0,329,2,19,,,00003garden,,8,1,0
C2b-INJECTION,0.0,00003garden|330|2|0,329,2,20,,,00003garden,,8,1,0
_META,,00003garden|330|2|0,329,2,0,omitted_for_runtime,omitted_for_runtime,00003garden,,,1,
SHAM,0.0,00003garden|371|2|0,370,2,1,,,00003garden,,8,1,0
SHAM,0.0,00003garden|371|2|0,370,2,2,,,00003garden,,8,1,0
SHAM,0.0,00003garden|371|2|0,370,2,3,,,00003garden,,8,1,0
SHAM,0.0,00003garden|371|2|0,370,2,4,,,00003garden,,8,1,0
SHAM,0.0,00003garden|371|2|0,370,2,5,,,00003garden,,8,1,0
SHAM,0.0,00003garden|371|2|0,370,2,6,,,00003garden,,8,1,0
SHAM,0.0,00003garden|371|2|0,370,2,7,,,00003garden,,8,1,0
SHAM,0.0,00003garden|371|2|0,370,2,8,,,00003garden,,8,1,0
SHAM,0.0,00003garden|371|2|0,370,2,9,,,00003garden,,7,1,0
SHAM,0.0,00003garden|371|2|0,370,2,10,,,00003garden,,7,1,0
SHAM,0.0,00003garden|371|2|0,370,2,11,,,00003garden,,7,1,0
SHAM,0.0,00003garden|371|2|0,370,2,12,,,00003garden,,8,1,0
SHAM,0.0,00003garden|371|2|0,370,2,13,,,00003garden,,8,1,0
SHAM,0.0,00003garden|371|2|0,370,2,14,,,00003garden,,8,1,0
SHAM,0.0,00003garden|371|2|0,370,2,15,,,00003garden,,6,1,0
SHAM,0.0,00003garden|371|2|0,370,2,16,,,00003garden,,7,1,0
SHAM,0.0,00003garden|371|2|0,370,2,17,,,00003garden,,7,1,0
SHAM,0.0,00003garden|371|2|0,370,2,18,,,00003garden,,7,1,0
SHAM,0.0,00003garden|371|2|0,370,2,19,,,00003garden,,7,1,0
SHAM,0.0,00003garden|371|2|0,370,2,20,,,00003garden,,7,1,0
C2b-INJECTION,0.0,00003garden|371|2|0,370,2,1,,,00003garden,,8,1,0
C2b-INJECTION,0.0,00003garden|371|2|0,370,2,2,,,00003garden,,8,1,0
C2b-INJECTION,0.0,00003garden|371|2|0,370,2,3,,,00003garden,,8,1,0
C2b-INJECTION,0.0,00003garden|371|2|0,370,2,4,,,00003garden,,8,1,0
C2b-INJECTION,0.0,00003garden|371|2|0,370,2,5,,,00003garden,,8,1,0
C2b-INJECTION,0.0,00003garden|371|2|0,370,2,6,,,00003garden,,8,1,0
C2b-INJECTION,0.0,00003garden|371|2|0,370,2,7,,,00003garden,,8,1,0
C2b-INJECTION,0.0,00003garden|371|2|0,370,2,8,,,00003garden,,8,1,0
C2b-INJECTION,0.0,00003garden|371|2|0,370,2,9,,,00003garden,,7,1,0
C2b-INJECTION,0.0,00003garden|371|2|0,370,2,10,,,00003garden,,7,1,0
C2b-INJECTION,0.0,00003garden|371|2|0,370,2,11,,,00003garden,,7,1,0
C2b-INJECTION,0.0,00003garden|371|2|0,370,2,12,,,00003garden,,8,1,0
C2b-INJECTION,0.0,00003garden|371|2|0,370,2,13,,,00003garden,,8,1,0
C2b-INJECTION,0.0,00003garden|371|2|0,370,2,14,,,00003garden,,8,1,0
C2b-INJECTION,0.0,00003garden|371|2|0,370,2,15,,,00003garden,,6,1,0
C2b-INJECTION,0.0,00003garden|371|2|0,370,2,16,,,00003garden,,7,1,0
C2b-INJECTION,0.0,00003garden|371|2|0,370,2,17,,,00003garden,,7,1,0
C2b-INJECTION,0.0,00003garden|371|2|0,370,2,18,,,00003garden,,7,1,0
C2b-INJECTION,0.0,00003garden|371|2|0,370,2,19,,,00003garden,,7,1,0
C2b-INJECTION,0.0,00003garden|371|2|0,370,2,20,,,00003garden,,7,1,0
_META,,00003garden|371|2|0,370,2,0,omitted_for_runtime,omitted_for_runtime,00003garden,,,1,
SHAM,0.0,00003garden|371|2|1,370,1,1,,,00003garden,,8,1,0
SHAM,0.0,00003garden|371|2|1,370,1,2,,,00003garden,,8,1,0
SHAM,0.0,00003garden|371|2|1,370,1,3,,,00003garden,,8,1,0
SHAM,0.0,00003garden|371|2|1,370,1,4,,,00003garden,,8,1,0
SHAM,0.0,00003garden|371|2|1,370,1,5,,,00003garden,,8,1,0
SHAM,0.0,00003garden|371|2|1,370,1,6,,,00003garden,,8,1,0
SHAM,0.0,00003garden|371|2|1,370,1,7,,,00003garden,,8,1,0
SHAM,0.0,00003garden|371|2|1,370,1,8,,,00003garden,,8,1,0
SHAM,0.0,00003garden|371|2|1,370,1,9,,,00003garden,,7,1,0
SHAM,0.0,00003garden|371|2|1,370,1,10,,,00003garden,,7,1,0
SHAM,0.0,00003garden|371|2|1,370,1,11,,,00003garden,,7,1,0
SHAM,0.0,00003garden|371|2|1,370,1,12,,,00003garden,,8,1,0
SHAM,0.0,00003garden|371|2|1,370,1,13,,,00003garden,,8,1,0
SHAM,0.0,00003garden|371|2|1,370,1,14,,,00003garden,,8,1,0
SHAM,0.0,00003garden|371|2|1,370,1,15,,,00003garden,,6,1,0
SHAM,0.0,00003garden|371|2|1,370,1,16,,,00003garden,,7,1,0
SHAM,0.0,00003garden|371|2|1,370,1,17,,,00003garden,,7,1,0
SHAM,0.0,00003garden|371|2|1,370,1,18,,,00003garden,,7,1,0
SHAM,0.0,00003garden|371|2|1,370,1,19,,,00003garden,,7,1,0
SHAM,0.0,00003garden|371|2|1,370,1,20,,,00003garden,,7,1,0
C2b-INJECTION,0.0,00003garden|371|2|1,370,1,1,,,00003garden,,8,1,0
C2b-INJECTION,0.0,00003garden|371|2|1,370,1,2,,,00003garden,,8,1,0
C2b-INJECTION,0.0,00003garden|371|2|1,370,1,3,,,00003garden,,8,1,0
C2b-INJECTION,0.0,00003garden|371|2|1,370,1,4,,,00003garden,,8,1,0
C2b-INJECTION,0.0,00003garden|371|2|1,370,1,5,,,00003garden,,8,1,0
C2b-INJECTION,0.0,00003garden|371|2|1,370,1,6,,,00003garden,,8,1,0
C2b-INJECTION,0.0,00003garden|371|2|1,370,1,7,,,00003garden,,8,1,0
C2b-INJECTION,0.0,00003garden|371|2|1,370,1,8,,,00003garden,,8,1,0
C2b-INJECTION,0.0,00003garden|371|2|1,370,1,9,,,00003garden,,7,1,0
C2b-INJECTION,0.0,00003garden|371|2|1,370,1,10,,,00003garden,,7,1,0
C2b-INJECTION,0.0,00003garden|371|2|1,370,1,11,,,00003garden,,7,1,0
C2b-INJECTION,0.0,00003garden|371|2|1,370,1,12,,,00003garden,,8,1,0
C2b-INJECTION,0.0,00003garden|371|2|1,370,1,13,,,00003garden,,8,1,0
C2b-INJECTION,0.0,00003garden|371|2|1,370,1,14,,,00003garden,,8,1,0
C2b-INJECTION,0.0,00003garden|371|2|1,370,1,15,,,00003garden,,6,1,0
C2b-INJECTION,0.0,00003garden|371|2|1,370,1,16,,,00003garden,,7,1,0
C2b-INJECTION,0.0,00003garden|371|2|1,370,1,17,,,00003garden,,7,1,0
C2b-INJECTION,0.0,00003garden|371|2|1,370,1,18,,,00003garden,,7,1,0
C2b-INJECTION,0.0,00003garden|371|2|1,370,1,19,,,00003garden,,7,1,0
C2b-INJECTION,0.0,00003garden|371|2|1,370,1,20,,,00003garden,,7,1,0
_META,,00003garden|371|2|1,370,1,0,omitted_for_runtime,omitted_for_runtime,00003garden,,,1,
SHAM,0.0,00003garden|386|1|2,385,3,1,,,00003garden,,7,0,0
SHAM,0.0,00003garden|386|1|2,385,3,2,,,00003garden,,7,0,0
SHAM,0.0,00003garden|386|1|2,385,3,3,,,00003garden,,7,0,0
SHAM,0.0,00003garden|386|1|2,385,3,4,,,00003garden,,7,0,0
SHAM,0.0,00003garden|386|1|2,385,3,5,,,00003garden,,7,0,0
SHAM,0.0,00003garden|386|1|2,385,3,6,,,00003garden,,7,0,0
SHAM,0.0,00003garden|386|1|2,385,3,7,,,00003garden,,7,0,0
SHAM,0.0,00003garden|386|1|2,385,3,8,,,00003garden,,7,0,0
SHAM,0.0,00003garden|386|1|2,385,3,9,,,00003garden,,7,0,0
SHAM,0.0,00003garden|386|1|2,385,3,10,,,00003garden,,7,0,0
SHAM,0.0,00003garden|386|1|2,385,3,11,,,00003garden,,7,0,0
SHAM,0.0,00003garden|386|1|2,385,3,12,,,00003garden,,6,0,0
SHAM,0.0,00003garden|386|1|2,385,3,13,,,00003garden,,7,0,0
SHAM,0.0,00003garden|386|1|2,385,3,14,,,00003garden,,6,0,0
SHAM,0.0,00003garden|386|1|2,385,3,15,,,00003garden,,7,0,0
SHAM,0.0,00003garden|386|1|2,385,3,16,,,00003garden,,7,0,0
SHAM,0.0,00003garden|386|1|2,385,3,17,,,00003garden,,7,0,0
SHAM,0.0,00003garden|386|1|2,385,3,18,,,00003garden,,7,0,0
SHAM,0.0,00003garden|386|1|2,385,3,19,,,00003garden,,8,0,0
SHAM,0.0,00003garden|386|1|2,385,3,20,,,00003garden,,8,0,0
C2b-INJECTION,0.0,00003garden|386|1|2,385,3,1,,,00003garden,,7,0,0
C2b-INJECTION,0.0,00003garden|386|1|2,385,3,2,,,00003garden,,7,0,0
C2b-INJECTION,0.0,00003garden|386|1|2,385,3,3,,,00003garden,,7,0,0
C2b-INJECTION,0.0,00003garden|386|1|2,385,3,4,,,00003garden,,7,0,0
C2b-INJECTION,0.0,00003garden|386|1|2,385,3,5,,,00003garden,,7,0,0
C2b-INJECTION,0.0,00003garden|386|1|2,385,3,6,,,00003garden,,7,0,0
C2b-INJECTION,0.0,00003garden|386|1|2,385,3,7,,,00003garden,,7,0,0
C2b-INJECTION,0.0,00003garden|386|1|2,385,3,8,,,00003garden,,7,0,0
C2b-INJECTION,0.0,00003garden|386|1|2,385,3,9,,,00003garden,,7,0,0
C2b-INJECTION,0.0,00003garden|386|1|2,385,3,10,,,00003garden,,7,0,0
C2b-INJECTION,0.0,00003garden|386|1|2,385,3,11,,,00003garden,,7,0,0
C2b-INJECTION,0.0,00003garden|386|1|2,385,3,12,,,00003garden,,6,0,0
C2b-INJECTION,0.0,00003garden|386|1|2,385,3,13,,,00003garden,,7,0,0
C2b-INJECTION,0.0,00003garden|386|1|2,385,3,14,,,00003garden,,6,0,0
C2b-INJECTION,0.0,00003garden|386|1|2,385,3,15,,,00003garden,,7,0,0
C2b-INJECTION,0.0,00003garden|386|1|2,385,3,16,,,00003garden,,7,0,0
C2b-INJECTION,0.0,00003garden|386|1|2,385,3,17,,,00003garden,,7,0,0
C2b-INJECTION,0.0,00003garden|386|1|2,385,3,18,,,00003garden,,7,0,0
C2b-INJECTION,0.0,00003garden|386|1|2,385,3,19,,,00003garden,,8,0,0
C2b-INJECTION,0.0,00003garden|386|1|2,385,3,20,,,00003garden,,8,0,0
_META,,00003garden|386|1|2,385,3,0,omitted_for_runtime,omitted_for_runtime,00003garden,,,0,
SHAM,0.0,00003garden|386|1|4,385,5,1,,,00003garden,,7,0,0
SHAM,0.0,00003garden|386|1|4,385,5,2,,,00003garden,,7,0,0
SHAM,0.0,00003garden|386|1|4,385,5,3,,,00003garden,,7,0,0
SHAM,0.0,00003garden|386|1|4,385,5,4,,,00003garden,,7,0,0
SHAM,0.0,00003garden|386|1|4,385,5,5,,,00003garden,,7,0,0
SHAM,0.0,00003garden|386|1|4,385,5,6,,,00003garden,,7,0,0
SHAM,0.0,00003garden|386|1|4,385,5,7,,,00003garden,,7,0,0
SHAM,0.0,00003garden|386|1|4,385,5,8,,,00003garden,,7,0,0
SHAM,0.0,00003garden|386|1|4,385,5,9,,,00003garden,,7,0,0
SHAM,0.0,00003garden|386|1|4,385,5,10,,,00003garden,,7,0,0
SHAM,0.0,00003garden|386|1|4,385,5,11,,,00003garden,,7,0,0
SHAM,0.0,00003garden|386|1|4,385,5,12,,,00003garden,,6,0,0
SHAM,0.0,00003garden|386|1|4,385,5,13,,,00003garden,,7,0,0
SHAM,0.0,00003garden|386|1|4,385,5,14,,,00003garden,,6,0,0
SHAM,0.0,00003garden|386|1|4,385,5,15,,,00003garden,,7,0,0
SHAM,0.0,00003garden|386|1|4,385,5,16,,,00003garden,,7,0,0
SHAM,0.0,00003garden|386|1|4,385,5,17,,,00003garden,,7,0,0
SHAM,0.0,00003garden|386|1|4,385,5,18,,,00003garden,,7,0,0
SHAM,0.0,00003garden|386|1|4,385,5,19,,,00003garden,,8,0,0
SHAM,0.0,00003garden|386|1|4,385,5,20,,,00003garden,,8,0,0
C2b-INJECTION,0.0,00003garden|386|1|4,385,5,1,,,00003garden,,7,0,0
C2b-INJECTION,0.0,00003garden|386|1|4,385,5,2,,,00003garden,,7,0,0
C2b-INJECTION,0.0,00003garden|386|1|4,385,5,3,,,00003garden,,7,0,0
C2b-INJECTION,0.0,00003garden|386|1|4,385,5,4,,,00003garden,,7,0,0
C2b-INJECTION,0.0,00003garden|386|1|4,385,5,5,,,00003garden,,7,0,0
C2b-INJECTION,0.0,00003garden|386|1|4,385,5,6,,,00003garden,,7,0,0
C2b-INJECTION,0.0,00003garden|386|1|4,385,5,7,,,00003garden,,7,0,0
C2b-INJECTION,0.0,00003garden|386|1|4,385,5,8,,,00003garden,,7,0,0
C2b-INJECTION,0.0,00003garden|386|1|4,385,5,9,,,00003garden,,7,0,0
C2b-INJECTION,0.0,00003garden|386|1|4,385,5,10,,,00003garden,,7,0,0
C2b-INJECTION,0.0,00003garden|386|1|4,385,5,11,,,00003garden,,7,0,0
C2b-INJECTION,0.0,00003garden|386|1|4,385,5,12,,,00003garden,,6,0,0
C2b-INJECTION,0.0,00003garden|386|1|4,385,5,13,,,00003garden,,7,0,0
C2b-INJECTION,0.0,00003garden|386|1|4,385,5,14,,,00003garden,,6,0,0
C2b-INJECTION,0.0,00003garden|386|1|4,385,5,15,,,00003garden,,7,0,0
C2b-INJECTION,0.0,00003garden|386|1|4,385,5,16,,,00003garden,,7,0,0
C2b-INJECTION,0.0,00003garden|386|1|4,385,5,17,,,00003garden,,7,0,0
C2b-INJECTION,0.0,00003garden|386|1|4,385,5,18,,,00003garden,,7,0,0
C2b-INJECTION,0.0,00003garden|386|1|4,385,5,19,,,00003garden,,8,0,0
C2b-INJECTION,0.0,00003garden|386|1|4,385,5,20,,,00003garden,,8,0,0
_META,,00003garden|386|1|4,385,5,0,omitted_for_runtime,omitted_for_runtime,00003garden,,,0,
SHAM,0.0,00003garden|412|2|0,411,2,1,,,00003garden,,8,1,0
SHAM,0.0,00003garden|412|2|0,411,2,2,,,00003garden,,8,1,0
SHAM,0.0,00003garden|412|2|0,411,2,3,,,00003garden,,8,1,0
SHAM,0.0,00003garden|412|2|0,411,2,4,,,00003garden,,8,1,0
SHAM,0.0,00003garden|412|2|0,411,2,5,,,00003garden,,8,1,0
SHAM,0.0,00003garden|412|2|0,411,2,6,,,00003garden,,8,1,0
SHAM,0.0,00003garden|412|2|0,411,2,7,,,00003garden,,8,1,0
SHAM,0.0,00003garden|412|2|0,411,2,8,,,00003garden,,8,1,0
SHAM,0.0,00003garden|412|2|0,411,2,9,,,00003garden,,8,1,0
SHAM,0.0,00003garden|412|2|0,411,2,10,,,00003garden,,8,1,0
SHAM,0.0,00003garden|412|2|0,411,2,11,,,00003garden,,8,1,0
SHAM,0.0,00003garden|412|2|0,411,2,12,,,00003garden,,8,1,0
SHAM,0.0,00003garden|412|2|0,411,2,13,,,00003garden,,8,1,0
SHAM,0.0,00003garden|412|2|0,411,2,14,,,00003garden,,8,1,0
SHAM,0.0,00003garden|412|2|0,411,2,15,,,00003garden,,8,1,0
SHAM,0.0,00003garden|412|2|0,411,2,16,,,00003garden,,8,1,0
SHAM,0.0,00003garden|412|2|0,411,2,17,,,00003garden,,8,1,0
SHAM,0.0,00003garden|412|2|0,411,2,18,,,00003garden,,8,1,0
SHAM,0.0,00003garden|412|2|0,411,2,19,,,00003garden,,8,1,0
SHAM,0.0,00003garden|412|2|0,411,2,20,,,00003garden,,8,1,0
C2b-INJECTION,0.0,00003garden|412|2|0,411,2,1,,,00003garden,,8,1,0
C2b-INJECTION,0.0,00003garden|412|2|0,411,2,2,,,00003garden,,8,1,0
C2b-INJECTION,0.0,00003garden|412|2|0,411,2,3,,,00003garden,,8,1,0
C2b-INJECTION,0.0,00003garden|412|2|0,411,2,4,,,00003garden,,8,1,0
C2b-INJECTION,0.0,00003garden|412|2|0,411,2,5,,,00003garden,,8,1,0
C2b-INJECTION,0.0,00003garden|412|2|0,411,2,6,,,00003garden,,8,1,0
C2b-INJECTION,0.0,00003garden|412|2|0,411,2,7,,,00003garden,,8,1,0
C2b-INJECTION,0.0,00003garden|412|2|0,411,2,8,,,00003garden,,8,1,0
C2b-INJECTION,0.0,00003garden|412|2|0,411,2,9,,,00003garden,,8,1,0
C2b-INJECTION,0.0,00003garden|412|2|0,411,2,10,,,00003garden,,8,1,0
C2b-INJECTION,0.0,00003garden|412|2|0,411,2,11,,,00003garden,,8,1,0
C2b-INJECTION,0.0,00003garden|412|2|0,411,2,12,,,00003garden,,8,1,0
C2b-INJECTION,0.0,00003garden|412|2|0,411,2,13,,,00003garden,,8,1,0
C2b-INJECTION,0.0,00003garden|412|2|0,411,2,14,,,00003garden,,8,1,0
C2b-INJECTION,0.0,00003garden|412|2|0,411,2,15,,,00003garden,,8,1,0
C2b-INJECTION,0.0,00003garden|412|2|0,411,2,16,,,00003garden,,8,1,0
C2b-INJECTION,0.0,00003garden|412|2|0,411,2,17,,,00003garden,,8,1,0
C2b-INJECTION,0.0,00003garden|412|2|0,411,2,18,,,00003garden,,8,1,0
C2b-INJECTION,0.0,00003garden|412|2|0,411,2,19,,,00003garden,,8,1,0
C2b-INJECTION,0.0,00003garden|412|2|0,411,2,20,,,00003garden,,8,1,0
_META,,00003garden|412|2|0,411,2,0,omitted_for_runtime,omitted_for_runtime,00003garden,,,1,
SHAM,0.0,00003garden|464|1|2,463,4,1,,,00003garden,,8,0,0
SHAM,0.0,00003garden|464|1|2,463,4,2,,,00003garden,,8,0,0
SHAM,0.0,00003garden|464|1|2,463,4,3,,,00003garden,,8,0,0
SHAM,0.0,00003garden|464|1|2,463,4,4,,,00003garden,,8,0,0
SHAM,0.0,00003garden|464|1|2,463,4,5,,,00003garden,,8,0,0
SHAM,0.0,00003garden|464|1|2,463,4,6,,,00003garden,,8,0,0
SHAM,0.0,00003garden|464|1|2,463,4,7,,,00003garden,,8,0,0
SHAM,0.0,00003garden|464|1|2,463,4,8,,,00003garden,,9,0,0
SHAM,0.0,00003garden|464|1|2,463,4,9,,,00003garden,,9,0,0
SHAM,0.0,00003garden|464|1|2,463,4,10,,,00003garden,,8,0,0
SHAM,0.0,00003garden|464|1|2,463,4,11,,,00003garden,,8,0,0
SHAM,0.0,00003garden|464|1|2,463,4,12,,,00003garden,,8,0,0
SHAM,0.0,00003garden|464|1|2,463,4,13,,,00003garden,,9,0,0
SHAM,0.0,00003garden|464|1|2,463,4,14,,,00003garden,,9,0,0
SHAM,0.0,00003garden|464|1|2,463,4,15,,,00003garden,,9,0,0
SHAM,0.0,00003garden|464|1|2,463,4,16,,,00003garden,,9,0,0
SHAM,0.0,00003garden|464|1|2,463,4,17,,,00003garden,,9,0,0
SHAM,0.0,00003garden|464|1|2,463,4,18,,,00003garden,,9,0,0
SHAM,0.0,00003garden|464|1|2,463,4,19,,,00003garden,,8,0,0
SHAM,0.0,00003garden|464|1|2,463,4,20,,,00003garden,,8,0,0
C2b-INJECTION,0.0,00003garden|464|1|2,463,4,1,,,00003garden,,8,0,0
C2b-INJECTION,0.0,00003garden|464|1|2,463,4,2,,,00003garden,,8,0,0
C2b-INJECTION,0.0,00003garden|464|1|2,463,4,3,,,00003garden,,8,0,0
C2b-INJECTION,0.0,00003garden|464|1|2,463,4,4,,,00003garden,,8,0,0
C2b-INJECTION,0.0,00003garden|464|1|2,463,4,5,,,00003garden,,8,0,0
C2b-INJECTION,0.0,00003garden|464|1|2,463,4,6,,,00003garden,,8,0,0
C2b-INJECTION,0.0,00003garden|464|1|2,463,4,7,,,00003garden,,8,0,0
C2b-INJECTION,0.0,00003garden|464|1|2,463,4,8,,,00003garden,,9,0,0
C2b-INJECTION,0.0,00003garden|464|1|2,463,4,9,,,00003garden,,9,0,0
C2b-INJECTION,0.0,00003garden|464|1|2,463,4,10,,,00003garden,,8,0,0
C2b-INJECTION,0.0,00003garden|464|1|2,463,4,11,,,00003garden,,8,0,0
C2b-INJECTION,0.0,00003garden|464|1|2,463,4,12,,,00003garden,,8,0,0
C2b-INJECTION,0.0,00003garden|464|1|2,463,4,13,,,00003garden,,9,0,0
C2b-INJECTION,0.0,00003garden|464|1|2,463,4,14,,,00003garden,,9,0,0
C2b-INJECTION,0.0,00003garden|464|1|2,463,4,15,,,00003garden,,9,0,0
C2b-INJECTION,0.0,00003garden|464|1|2,463,4,16,,,00003garden,,9,0,0
C2b-INJECTION,0.0,00003garden|464|1|2,463,4,17,,,00003garden,,9,0,0
C2b-INJECTION,0.0,00003garden|464|1|2,463,4,18,,,00003garden,,9,0,0
C2b-INJECTION,0.0,00003garden|464|1|2,463,4,19,,,00003garden,,8,0,0
C2b-INJECTION,0.0,00003garden|464|1|2,463,4,20,,,00003garden,,8,0,0
_META,,00003garden|464|1|2,463,4,0,omitted_for_runtime,omitted_for_runtime,00003garden,,,0,
SHAM,0.0,00003garden|464|1|3,463,5,1,,,00003garden,,8,0,0
SHAM,0.0,00003garden|464|1|3,463,5,2,,,00003garden,,8,0,0
SHAM,0.0,00003garden|464|1|3,463,5,3,,,00003garden,,8,0,0
SHAM,0.0,00003garden|464|1|3,463,5,4,,,00003garden,,8,0,0
SHAM,0.0,00003garden|464|1|3,463,5,5,,,00003garden,,8,0,0
SHAM,0.0,00003garden|464|1|3,463,5,6,,,00003garden,,8,0,0
SHAM,0.0,00003garden|464|1|3,463,5,7,,,00003garden,,8,0,0
SHAM,0.0,00003garden|464|1|3,463,5,8,,,00003garden,,9,0,0
SHAM,0.0,00003garden|464|1|3,463,5,9,,,00003garden,,9,0,0
SHAM,0.0,00003garden|464|1|3,463,5,10,,,00003garden,,8,0,0
SHAM,0.0,00003garden|464|1|3,463,5,11,,,00003garden,,8,0,0
SHAM,0.0,00003garden|464|1|3,463,5,12,,,00003garden,,8,0,0
SHAM,0.0,00003garden|464|1|3,463,5,13,,,00003garden,,9,0,0
SHAM,0.0,00003garden|464|1|3,463,5,14,,,00003garden,,9,0,0
SHAM,0.0,00003garden|464|1|3,463,5,15,,,00003garden,,9,0,0
SHAM,0.0,00003garden|464|1|3,463,5,16,,,00003garden,,9,0,0
SHAM,0.0,00003garden|464|1|3,463,5,17,,,00003garden,,9,0,0
SHAM,0.0,00003garden|464|1|3,463,5,18,,,00003garden,,9,0,0
SHAM,0.0,00003garden|464|1|3,463,5,19,,,00003garden,,8,0,0
SHAM,0.0,00003garden|464|1|3,463,5,20,,,00003garden,,8,0,0
C2b-INJECTION,0.0,00003garden|464|1|3,463,5,1,,,00003garden,,8,0,0
C2b-INJECTION,0.0,00003garden|464|1|3,463,5,2,,,00003garden,,8,0,0
C2b-INJECTION,0.0,00003garden|464|1|3,463,5,3,,,00003garden,,8,0,0
C2b-INJECTION,0.0,00003garden|464|1|3,463,5,4,,,00003garden,,8,0,0
C2b-INJECTION,0.0,00003garden|464|1|3,463,5,5,,,00003garden,,8,0,0
C2b-INJECTION,0.0,00003garden|464|1|3,463,5,6,,,00003garden,,8,0,0
C2b-INJECTION,0.0,00003garden|464|1|3,463,5,7,,,00003garden,,8,0,0
C2b-INJECTION,0.0,00003garden|464|1|3,463,5,8,,,00003garden,,9,0,0
C2b-INJECTION,0.0,00003garden|464|1|3,463,5,9,,,00003garden,,9,0,0
C2b-INJECTION,0.0,00003garden|464|1|3,463,5,10,,,00003garden,,8,0,0
C2b-INJECTION,0.0,00003garden|464|1|3,463,5,11,,,00003garden,,8,0,0
C2b-INJECTION,0.0,00003garden|464|1|3,463,5,12,,,00003garden,,8,0,0
C2b-INJECTION,0.0,00003garden|464|1|3,463,5,13,,,00003garden,,9,0,0
C2b-INJECTION,0.0,00003garden|464|1|3,463,5,14,,,00003garden,,9,0,0
C2b-INJECTION,0.0,00003garden|464|1|3,463,5,15,,,00003garden,,9,0,0
C2b-INJECTION,0.0,00003garden|464|1|3,463,5,16,,,00003garden,,9,0,0
C2b-INJECTION,0.0,00003garden|464|1|3,463,5,17,,,00003garden,,9,0,0
C2b-INJECTION,0.0,00003garden|464|1|3,463,5,18,,,00003garden,,9,0,0
C2b-INJECTION,0.0,00003garden|464|1|3,463,5,19,,,00003garden,,8,0,0
C2b-INJECTION,0.0,00003garden|464|1|3,463,5,20,,,00003garden,,8,0,0
_META,,00003garden|464|1|3,463,5,0,omitted_for_runtime,omitted_for_runtime,00003garden,,,0,
SHAM,0.0,00003garden|474|1|2,473,6,1,,,00003garden,,8,0,0
SHAM,0.0,00003garden|474|1|2,473,6,2,,,00003garden,,8,0,0
SHAM,0.0,00003garden|474|1|2,473,6,3,,,00003garden,,9,0,0
SHAM,0.0,00003garden|474|1|2,473,6,4,,,00003garden,,9,0,0
SHAM,0.0,00003garden|474|1|2,473,6,5,,,00003garden,,9,0,0
SHAM,0.0,00003garden|474|1|2,473,6,6,,,00003garden,,9,0,0
SHAM,0.0,00003garden|474|1|2,473,6,7,,,00003garden,,9,0,0
SHAM,0.0,00003garden|474|1|2,473,6,8,,,00003garden,,9,0,0
SHAM,0.0,00003garden|474|1|2,473,6,9,,,00003garden,,8,0,0
SHAM,0.0,00003garden|474|1|2,473,6,10,,,00003garden,,8,0,0
SHAM,0.0,00003garden|474|1|2,473,6,11,,,00003garden,,8,0,0
SHAM,0.0,00003garden|474|1|2,473,6,12,,,00003garden,,8,0,0
SHAM,0.0,00003garden|474|1|2,473,6,13,,,00003garden,,8,0,0
SHAM,0.0,00003garden|474|1|2,473,6,14,,,00003garden,,8,0,0
SHAM,0.0,00003garden|474|1|2,473,6,15,,,00003garden,,8,0,0
SHAM,0.0,00003garden|474|1|2,473,6,16,,,00003garden,,8,0,0
SHAM,0.0,00003garden|474|1|2,473,6,17,,,00003garden,,9,0,0
SHAM,0.0,00003garden|474|1|2,473,6,18,,,00003garden,,9,0,0
SHAM,0.0,00003garden|474|1|2,473,6,19,,,00003garden,,9,0,0
SHAM,0.0,00003garden|474|1|2,473,6,20,,,00003garden,,9,0,0
C2b-INJECTION,,00003garden|474|1|2,473,6,1,,,00003garden,current_target_occupied,0,0,0
C2b-INJECTION,,00003garden|474|1|2,473,6,2,,,00003garden,current_target_occupied,0,0,0
C2b-INJECTION,,00003garden|474|1|2,473,6,3,,,00003garden,current_target_occupied,0,0,0
C2b-INJECTION,,00003garden|474|1|2,473,6,4,,,00003garden,current_target_occupied,0,0,0
C2b-INJECTION,,00003garden|474|1|2,473,6,5,,,00003garden,current_target_occupied,0,0,0
C2b-INJECTION,,00003garden|474|1|2,473,6,6,,,00003garden,current_target_occupied,0,0,0
C2b-INJECTION,,00003garden|474|1|2,473,6,7,,,00003garden,current_target_occupied,0,0,0
C2b-INJECTION,,00003garden|474|1|2,473,6,8,,,00003garden,current_target_occupied,0,0,0
C2b-INJECTION,,00003garden|474|1|2,473,6,9,,,00003garden,current_target_occupied,0,0,0
C2b-INJECTION,,00003garden|474|1|2,473,6,10,,,00003garden,current_target_occupied,0,0,0
C2b-INJECTION,,00003garden|474|1|2,473,6,11,,,00003garden,current_target_occupied,0,0,0
C2b-INJECTION,,00003garden|474|1|2,473,6,12,,,00003garden,current_target_occupied,0,0,0
C2b-INJECTION,,00003garden|474|1|2,473,6,13,,,00003garden,current_target_occupied,0,0,0
C2b-INJECTION,,00003garden|474|1|2,473,6,14,,,00003garden,current_target_occupied,0,0,0
C2b-INJECTION,,00003garden|474|1|2,473,6,15,,,00003garden,current_target_occupied,0,0,0
C2b-INJECTION,,00003garden|474|1|2,473,6,16,,,00003garden,current_target_occupied,0,0,0
C2b-INJECTION,,00003garden|474|1|2,473,6,17,,,00003garden,current_target_occupied,0,0,0
C2b-INJECTION,,00003garden|474|1|2,473,6,18,,,00003garden,current_target_occupied,0,0,0
C2b-INJECTION,,00003garden|474|1|2,473,6,19,,,00003garden,current_target_occupied,0,0,0
C2b-INJECTION,,00003garden|474|1|2,473,6,20,,,00003garden,current_target_occupied,0,0,0
_META,,00003garden|474|1|2,473,6,0,omitted_for_runtime,omitted_for_runtime,00003garden,,,0,
SHAM,0.0,00003garden|494|1|0,493,1,1,,,00003garden,,9,0,0
SHAM,0.0,00003garden|494|1|0,493,1,2,,,00003garden,,8,0,0
SHAM,0.0,00003garden|494|1|0,493,1,3,,,00003garden,,8,0,0
SHAM,0.0,00003garden|494|1|0,493,1,4,,,00003garden,,8,0,0
SHAM,0.0,00003garden|494|1|0,493,1,5,,,00003garden,,8,0,0
SHAM,0.0,00003garden|494|1|0,493,1,6,,,00003garden,,8,0,0
SHAM,0.0,00003garden|494|1|0,493,1,7,,,00003garden,,9,0,0
SHAM,0.0,00003garden|494|1|0,493,1,8,,,00003garden,,9,0,0
SHAM,0.0,00003garden|494|1|0,493,1,9,,,00003garden,,9,0,0
SHAM,0.0,00003garden|494|1|0,493,1,10,,,00003garden,,9,0,0
SHAM,0.0,00003garden|494|1|0,493,1,11,,,00003garden,,9,0,0
SHAM,0.0,00003garden|494|1|0,493,1,12,,,00003garden,,9,0,0
SHAM,0.0,00003garden|494|1|0,493,1,13,,,00003garden,,9,0,0
SHAM,0.1111111111111111,00003garden|494|1|0,493,1,14,,,00003garden,,9,0,1
SHAM,0.0,00003garden|494|1|0,493,1,15,,,00003garden,,8,0,0
SHAM,0.0,00003garden|494|1|0,493,1,16,,,00003garden,,9,0,0
SHAM,0.0,00003garden|494|1|0,493,1,17,,,00003garden,,9,0,0
SHAM,0.0,00003garden|494|1|0,493,1,18,,,00003garden,,9,0,0
SHAM,0.0,00003garden|494|1|0,493,1,19,,,00003garden,,9,0,0
SHAM,0.0,00003garden|494|1|0,493,1,20,,,00003garden,,9,0,0
C2b-INJECTION,,00003garden|494|1|0,493,1,1,,,00003garden,current_target_occupied,0,0,0
C2b-INJECTION,,00003garden|494|1|0,493,1,2,,,00003garden,current_target_occupied,0,0,0
C2b-INJECTION,,00003garden|494|1|0,493,1,3,,,00003garden,current_target_occupied,0,0,0
C2b-INJECTION,,00003garden|494|1|0,493,1,4,,,00003garden,current_target_occupied,0,0,0
C2b-INJECTION,,00003garden|494|1|0,493,1,5,,,00003garden,current_target_occupied,0,0,0
C2b-INJECTION,,00003garden|494|1|0,493,1,6,,,00003garden,current_target_occupied,0,0,0
C2b-INJECTION,,00003garden|494|1|0,493,1,7,,,00003garden,current_target_occupied,0,0,0
C2b-INJECTION,,00003garden|494|1|0,493,1,8,,,00003garden,current_target_occupied,0,0,0
C2b-INJECTION,,00003garden|494|1|0,493,1,9,,,00003garden,current_target_occupied,0,0,0
C2b-INJECTION,,00003garden|494|1|0,493,1,10,,,00003garden,current_target_occupied,0,0,0
C2b-INJECTION,,00003garden|494|1|0,493,1,11,,,00003garden,current_target_occupied,0,0,0
C2b-INJECTION,,00003garden|494|1|0,493,1,12,,,00003garden,current_target_occupied,0,0,0
C2b-INJECTION,,00003garden|494|1|0,493,1,13,,,00003garden,current_target_occupied,0,0,0
C2b-INJECTION,,00003garden|494|1|0,493,1,14,,,00003garden,current_target_occupied,0,0,0
C2b-INJECTION,,00003garden|494|1|0,493,1,15,,,00003garden,current_target_occupied,0,0,0
C2b-INJECTION,,00003garden|494|1|0,493,1,16,,,00003garden,current_target_occupied,0,0,0
C2b-INJECTION,,00003garden|494|1|0,493,1,17,,,00003garden,current_target_occupied,0,0,0
C2b-INJECTION,,00003garden|494|1|0,493,1,18,,,00003garden,current_target_occupied,0,0,0
C2b-INJECTION,,00003garden|494|1|0,493,1,19,,,00003garden,current_target_occupied,0,0,0
C2b-INJECTION,,00003garden|494|1|0,493,1,20,,,00003garden,current_target_occupied,0,0,0
_META,,00003garden|494|1|0,493,1,0,omitted_for_runtime,omitted_for_runtime,00003garden,,,0,
SHAM,0.0,00003garden|505|1|2,504,3,1,,,00003garden,,9,0,0
SHAM,0.0,00003garden|505|1|2,504,3,2,,,00003garden,,9,0,0
SHAM,0.1111111111111111,00003garden|505|1|2,504,3,3,,,00003garden,,9,0,1
SHAM,0.0,00003garden|505|1|2,504,3,4,,,00003garden,,8,0,0
SHAM,0.0,00003garden|505|1|2,504,3,5,,,00003garden,,9,0,0
SHAM,0.0,00003garden|505|1|2,504,3,6,,,00003garden,,9,0,0
SHAM,0.0,00003garden|505|1|2,504,3,7,,,00003garden,,9,0,0
SHAM,0.0,00003garden|505|1|2,504,3,8,,,00003garden,,9,0,0
SHAM,0.0,00003garden|505|1|2,504,3,9,,,00003garden,,9,0,0
SHAM,0.0,00003garden|505|1|2,504,3,10,,,00003garden,,9,0,0
SHAM,0.0,00003garden|505|1|2,504,3,11,,,00003garden,,9,0,0
SHAM,0.0,00003garden|505|1|2,504,3,12,,,00003garden,,9,0,0
SHAM,0.0,00003garden|505|1|2,504,3,13,,,00003garden,,9,0,0
SHAM,0.0,00003garden|505|1|2,504,3,14,,,00003garden,,9,0,0
SHAM,0.0,00003garden|505|1|2,504,3,15,,,00003garden,,9,0,0
SHAM,0.0,00003garden|505|1|2,504,3,16,,,00003garden,,8,0,0
SHAM,0.0,00003garden|505|1|2,504,3,17,,,00003garden,,9,0,0
SHAM,0.0,00003garden|505|1|2,504,3,18,,,00003garden,,9,0,0
SHAM,0.0,00003garden|505|1|2,504,3,19,,,00003garden,,9,0,0
SHAM,0.1111111111111111,00003garden|505|1|2,504,3,20,,,00003garden,,9,0,1
C2b-INJECTION,0.0,00003garden|505|1|2,504,3,1,,,00003garden,,9,0,0
C2b-INJECTION,0.0,00003garden|505|1|2,504,3,2,,,00003garden,,9,0,0
C2b-INJECTION,0.1111111111111111,00003garden|505|1|2,504,3,3,,,00003garden,,9,0,1
C2b-INJECTION,0.0,00003garden|505|1|2,504,3,4,,,00003garden,,8,0,0
C2b-INJECTION,0.0,00003garden|505|1|2,504,3,5,,,00003garden,,9,0,0
C2b-INJECTION,0.0,00003garden|505|1|2,504,3,6,,,00003garden,,9,0,0
C2b-INJECTION,0.0,00003garden|505|1|2,504,3,7,,,00003garden,,9,0,0
C2b-INJECTION,0.0,00003garden|505|1|2,504,3,8,,,00003garden,,9,0,0
C2b-INJECTION,0.0,00003garden|505|1|2,504,3,9,,,00003garden,,9,0,0
C2b-INJECTION,0.0,00003garden|505|1|2,504,3,10,,,00003garden,,9,0,0
C2b-INJECTION,0.0,00003garden|505|1|2,504,3,11,,,00003garden,,9,0,0
C2b-INJECTION,0.0,00003garden|505|1|2,504,3,12,,,00003garden,,9,0,0
C2b-INJECTION,0.0,00003garden|505|1|2,504,3,13,,,00003garden,,9,0,0
C2b-INJECTION,0.0,00003garden|505|1|2,504,3,14,,,00003garden,,9,0,0
C2b-INJECTION,0.0,00003garden|505|1|2,504,3,15,,,00003garden,,9,0,0
C2b-INJECTION,0.0,00003garden|505|1|2,504,3,16,,,00003garden,,8,0,0
C2b-INJECTION,0.0,00003garden|505|1|2,504,3,17,,,00003garden,,9,0,0
C2b-INJECTION,0.0,00003garden|505|1|2,504,3,18,,,00003garden,,9,0,0
C2b-INJECTION,0.0,00003garden|505|1|2,504,3,19,,,00003garden,,9,0,0
C2b-INJECTION,0.1111111111111111,00003garden|505|1|2,504,3,20,,,00003garden,,9,0,1
_META,,00003garden|505|1|2,504,3,0,omitted_for_runtime,omitted_for_runtime,00003garden,,,0,
SHAM,0.0,00003garden|546|1|4,545,3,1,,,00003garden,,9,0,0
SHAM,0.0,00003garden|546|1|4,545,3,2,,,00003garden,,9,0,0
SHAM,0.0,00003garden|546|1|4,545,3,3,,,00003garden,,9,0,0
SHAM,0.0,00003garden|546|1|4,545,3,4,,,00003garden,,9,0,0
SHAM,0.0,00003garden|546|1|4,545,3,5,,,00003garden,,9,0,0
SHAM,0.0,00003garden|546|1|4,545,3,6,,,00003garden,,9,0,0
SHAM,0.0,00003garden|546|1|4,545,3,7,,,00003garden,,9,0,0
SHAM,0.0,00003garden|546|1|4,545,3,8,,,00003garden,,9,0,0
SHAM,0.0,00003garden|546|1|4,545,3,9,,,00003garden,,9,0,0
SHAM,0.0,00003garden|546|1|4,545,3,10,,,00003garden,,9,0,0
SHAM,0.0,00003garden|546|1|4,545,3,11,,,00003garden,,9,0,0
SHAM,0.0,00003garden|546|1|4,545,3,12,,,00003garden,,9,0,0
SHAM,0.0,00003garden|546|1|4,545,3,13,,,00003garden,,9,0,0
SHAM,0.0,00003garden|546|1|4,545,3,14,,,00003garden,,9,0,0
SHAM,0.0,00003garden|546|1|4,545,3,15,,,00003garden,,9,0,0
SHAM,0.0,00003garden|546|1|4,545,3,16,,,00003garden,,9,0,0
SHAM,0.0,00003garden|546|1|4,545,3,17,,,00003garden,,9,0,0
SHAM,0.0,00003garden|546|1|4,545,3,18,,,00003garden,,9,0,0
SHAM,0.0,00003garden|546|1|4,545,3,19,,,00003garden,,9,0,0
SHAM,0.0,00003garden|546|1|4,545,3,20,,,00003garden,,9,0,0
C2b-INJECTION,0.0,00003garden|546|1|4,545,3,1,,,00003garden,,9,0,0
C2b-INJECTION,0.0,00003garden|546|1|4,545,3,2,,,00003garden,,9,0,0
C2b-INJECTION,0.0,00003garden|546|1|4,545,3,3,,,00003garden,,9,0,0
C2b-INJECTION,0.0,00003garden|546|1|4,545,3,4,,,00003garden,,9,0,0
C2b-INJECTION,0.0,00003garden|546|1|4,545,3,5,,,00003garden,,9,0,0
C2b-INJECTION,0.0,00003garden|546|1|4,545,3,6,,,00003garden,,9,0,0
C2b-INJECTION,0.0,00003garden|546|1|4,545,3,7,,,00003garden,,9,0,0
C2b-INJECTION,0.0,00003garden|546|1|4,545,3,8,,,00003garden,,9,0,0
C2b-INJECTION,0.0,00003garden|546|1|4,545,3,9,,,00003garden,,9,0,0
C2b-INJECTION,0.0,00003garden|546|1|4,545,3,10,,,00003garden,,9,0,0
C2b-INJECTION,0.0,00003garden|546|1|4,545,3,11,,,00003garden,,9,0,0
C2b-INJECTION,0.0,00003garden|546|1|4,545,3,12,,,00003garden,,9,0,0
C2b-INJECTION,0.0,00003garden|546|1|4,545,3,13,,,00003garden,,9,0,0
C2b-INJECTION,0.0,00003garden|546|1|4,545,3,14,,,00003garden,,9,0,0
C2b-INJECTION,0.0,00003garden|546|1|4,545,3,15,,,00003garden,,9,0,0
C2b-INJECTION,0.0,00003garden|546|1|4,545,3,16,,,00003garden,,9,0,0
C2b-INJECTION,0.0,00003garden|546|1|4,545,3,17,,,00003garden,,9,0,0
C2b-INJECTION,0.0,00003garden|546|1|4,545,3,18,,,00003garden,,9,0,0
C2b-INJECTION,0.0,00003garden|546|1|4,545,3,19,,,00003garden,,9,0,0
C2b-INJECTION,0.0,00003garden|546|1|4,545,3,20,,,00003garden,,9,0,0
_META,,00003garden|546|1|4,545,3,0,omitted_for_runtime,omitted_for_runtime,00003garden,,,0,
SHAM,0.0,00003garden|555|1|5,554,7,1,,,00003garden,,9,0,0
SHAM,0.0,00003garden|555|1|5,554,7,2,,,00003garden,,9,0,0
SHAM,0.0,00003garden|555|1|5,554,7,3,,,00003garden,,9,0,0
SHAM,0.0,00003garden|555|1|5,554,7,4,,,00003garden,,9,0,0
SHAM,0.0,00003garden|555|1|5,554,7,5,,,00003garden,,9,0,0
SHAM,0.0,00003garden|555|1|5,554,7,6,,,00003garden,,9,0,0
SHAM,0.0,00003garden|555|1|5,554,7,7,,,00003garden,,9,0,0
SHAM,0.0,00003garden|555|1|5,554,7,8,,,00003garden,,9,0,0
SHAM,0.0,00003garden|555|1|5,554,7,9,,,00003garden,,9,0,0
SHAM,0.0,00003garden|555|1|5,554,7,10,,,00003garden,,9,0,0
SHAM,0.0,00003garden|555|1|5,554,7,11,,,00003garden,,9,0,0
SHAM,0.0,00003garden|555|1|5,554,7,12,,,00003garden,,9,0,0
SHAM,0.0,00003garden|555|1|5,554,7,13,,,00003garden,,9,0,0
SHAM,0.0,00003garden|555|1|5,554,7,14,,,00003garden,,9,0,0
SHAM,0.0,00003garden|555|1|5,554,7,15,,,00003garden,,9,0,0
SHAM,0.0,00003garden|555|1|5,554,7,16,,,00003garden,,9,0,0
SHAM,0.0,00003garden|555|1|5,554,7,17,,,00003garden,,9,0,0
SHAM,0.0,00003garden|555|1|5,554,7,18,,,00003garden,,9,0,0
SHAM,0.0,00003garden|555|1|5,554,7,19,,,00003garden,,9,0,0
SHAM,0.0,00003garden|555|1|5,554,7,20,,,00003garden,,9,0,0
C2b-INJECTION,0.0,00003garden|555|1|5,554,7,1,,,00003garden,,9,0,0
C2b-INJECTION,0.0,00003garden|555|1|5,554,7,2,,,00003garden,,9,0,0
C2b-INJECTION,0.0,00003garden|555|1|5,554,7,3,,,00003garden,,9,0,0
C2b-INJECTION,0.0,00003garden|555|1|5,554,7,4,,,00003garden,,9,0,0
C2b-INJECTION,0.0,00003garden|555|1|5,554,7,5,,,00003garden,,9,0,0
C2b-INJECTION,0.0,00003garden|555|1|5,554,7,6,,,00003garden,,9,0,0
C2b-INJECTION,0.0,00003garden|555|1|5,554,7,7,,,00003garden,,9,0,0
C2b-INJECTION,0.0,00003garden|555|1|5,554,7,8,,,00003garden,,9,0,0
C2b-INJECTION,0.0,00003garden|555|1|5,554,7,9,,,00003garden,,9,0,0
C2b-INJECTION,0.0,00003garden|555|1|5,554,7,10,,,00003garden,,9,0,0
C2b-INJECTION,0.0,00003garden|555|1|5,554,7,11,,,00003garden,,9,0,0
C2b-INJECTION,0.0,00003garden|555|1|5,554,7,12,,,00003garden,,9,0,0
C2b-INJECTION,0.0,00003garden|555|1|5,554,7,13,,,00003garden,,9,0,0
C2b-INJECTION,0.0,00003garden|555|1|5,554,7,14,,,00003garden,,9,0,0
C2b-INJECTION,0.0,00003garden|555|1|5,554,7,15,,,00003garden,,9,0,0
C2b-INJECTION,0.0,00003garden|555|1|5,554,7,16,,,00003garden,,9,0,0
C2b-INJECTION,0.0,00003garden|555|1|5,554,7,17,,,00003garden,,9,0,0
C2b-INJECTION,0.0,00003garden|555|1|5,554,7,18,,,00003garden,,9,0,0
C2b-INJECTION,0.0,00003garden|555|1|5,554,7,19,,,00003garden,,9,0,0
C2b-INJECTION,0.0,00003garden|555|1|5,554,7,20,,,00003garden,,9,0,0
_META,,00003garden|555|1|5,554,7,0,omitted_for_runtime,omitted_for_runtime,00003garden,,,0,
SHAM,0.0,00003garden|556|1|5,555,6,1,,,00003garden,,9,0,0
SHAM,0.0,00003garden|556|1|5,555,6,2,,,00003garden,,9,0,0
SHAM,0.0,00003garden|556|1|5,555,6,3,,,00003garden,,9,0,0
SHAM,0.0,00003garden|556|1|5,555,6,4,,,00003garden,,9,0,0
SHAM,0.0,00003garden|556|1|5,555,6,5,,,00003garden,,9,0,0
SHAM,0.0,00003garden|556|1|5,555,6,6,,,00003garden,,9,0,0
SHAM,0.0,00003garden|556|1|5,555,6,7,,,00003garden,,9,0,0
SHAM,0.0,00003garden|556|1|5,555,6,8,,,00003garden,,9,0,0
SHAM,0.0,00003garden|556|1|5,555,6,9,,,00003garden,,9,0,0
SHAM,0.0,00003garden|556|1|5,555,6,10,,,00003garden,,9,0,0
SHAM,0.0,00003garden|556|1|5,555,6,11,,,00003garden,,9,0,0
SHAM,0.0,00003garden|556|1|5,555,6,12,,,00003garden,,9,0,0
SHAM,0.0,00003garden|556|1|5,555,6,13,,,00003garden,,9,0,0
SHAM,0.0,00003garden|556|1|5,555,6,14,,,00003garden,,9,0,0
SHAM,0.0,00003garden|556|1|5,555,6,15,,,00003garden,,9,0,0
SHAM,0.0,00003garden|556|1|5,555,6,16,,,00003garden,,9,0,0
SHAM,0.0,00003garden|556|1|5,555,6,17,,,00003garden,,9,0,0
SHAM,0.0,00003garden|556|1|5,555,6,18,,,00003garden,,9,0,0
SHAM,0.0,00003garden|556|1|5,555,6,19,,,00003garden,,9,0,0
SHAM,0.0,00003garden|556|1|5,555,6,20,,,00003garden,,9,0,0
C2b-INJECTION,0.0,00003garden|556|1|5,555,6,1,,,00003garden,,9,0,0
C2b-INJECTION,0.0,00003garden|556|1|5,555,6,2,,,00003garden,,9,0,0
C2b-INJECTION,0.0,00003garden|556|1|5,555,6,3,,,00003garden,,9,0,0
C2b-INJECTION,0.0,00003garden|556|1|5,555,6,4,,,00003garden,,9,0,0
C2b-INJECTION,0.0,00003garden|556|1|5,555,6,5,,,00003garden,,9,0,0
C2b-INJECTION,0.0,00003garden|556|1|5,555,6,6,,,00003garden,,9,0,0
C2b-INJECTION,0.0,00003garden|556|1|5,555,6,7,,,00003garden,,9,0,0
C2b-INJECTION,0.0,00003garden|556|1|5,555,6,8,,,00003garden,,9,0,0
C2b-INJECTION,0.0,00003garden|556|1|5,555,6,9,,,00003garden,,9,0,0
C2b-INJECTION,0.0,00003garden|556|1|5,555,6,10,,,00003garden,,9,0,0
C2b-INJECTION,0.0,00003garden|556|1|5,555,6,11,,,00003garden,,9,0,0
C2b-INJECTION,0.0,00003garden|556|1|5,555,6,12,,,00003garden,,9,0,0
C2b-INJECTION,0.0,00003garden|556|1|5,555,6,13,,,00003garden,,9,0,0
C2b-INJECTION,0.0,00003garden|556|1|5,555,6,14,,,00003garden,,9,0,0
C2b-INJECTION,0.0,00003garden|556|1|5,555,6,15,,,00003garden,,9,0,0
C2b-INJECTION,0.0,00003garden|556|1|5,555,6,16,,,00003garden,,9,0,0
C2b-INJECTION,0.0,00003garden|556|1|5,555,6,17,,,00003garden,,9,0,0
C2b-INJECTION,0.0,00003garden|556|1|5,555,6,18,,,00003garden,,9,0,0
C2b-INJECTION,0.0,00003garden|556|1|5,555,6,19,,,00003garden,,9,0,0
C2b-INJECTION,0.0,00003garden|556|1|5,555,6,20,,,00003garden,,9,0,0
_META,,00003garden|556|1|5,555,6,0,omitted_for_runtime,omitted_for_runtime,00003garden,,,0,
SHAM,0.0,00003garden|596|1|4,595,7,1,,,00003garden,,9,0,0
SHAM,0.0,00003garden|596|1|4,595,7,2,,,00003garden,,9,0,0
SHAM,0.0,00003garden|596|1|4,595,7,3,,,00003garden,,8,0,0
SHAM,0.0,00003garden|596|1|4,595,7,4,,,00003garden,,9,0,0
SHAM,0.0,00003garden|596|1|4,595,7,5,,,00003garden,,8,0,0
SHAM,0.0,00003garden|596|1|4,595,7,6,,,00003garden,,8,0,0
SHAM,0.0,00003garden|596|1|4,595,7,7,,,00003garden,,8,0,0
SHAM,0.0,00003garden|596|1|4,595,7,8,,,00003garden,,7,0,0
SHAM,0.0,00003garden|596|1|4,595,7,9,,,00003garden,,8,0,0
SHAM,0.0,00003garden|596|1|4,595,7,10,,,00003garden,,8,0,0
SHAM,0.0,00003garden|596|1|4,595,7,11,,,00003garden,,8,0,0
SHAM,0.0,00003garden|596|1|4,595,7,12,,,00003garden,,8,0,0
SHAM,0.0,00003garden|596|1|4,595,7,13,,,00003garden,,8,0,0
SHAM,0.0,00003garden|596|1|4,595,7,14,,,00003garden,,7,0,0
SHAM,0.0,00003garden|596|1|4,595,7,15,,,00003garden,,7,0,0
SHAM,0.1111111111111111,00003garden|596|1|4,595,7,16,,,00003garden,,9,0,1
SHAM,0.0,00003garden|596|1|4,595,7,17,,,00003garden,,7,0,0
SHAM,0.0,00003garden|596|1|4,595,7,18,,,00003garden,,8,0,0
SHAM,0.0,00003garden|596|1|4,595,7,19,,,00003garden,,8,0,0
SHAM,0.0,00003garden|596|1|4,595,7,20,,,00003garden,,8,0,0
C2b-INJECTION,0.0,00003garden|596|1|4,595,7,1,,,00003garden,,9,0,0
C2b-INJECTION,0.0,00003garden|596|1|4,595,7,2,,,00003garden,,9,0,0
C2b-INJECTION,0.0,00003garden|596|1|4,595,7,3,,,00003garden,,8,0,0
C2b-INJECTION,0.0,00003garden|596|1|4,595,7,4,,,00003garden,,9,0,0
C2b-INJECTION,0.0,00003garden|596|1|4,595,7,5,,,00003garden,,8,0,0
C2b-INJECTION,0.0,00003garden|596|1|4,595,7,6,,,00003garden,,8,0,0
C2b-INJECTION,0.0,00003garden|596|1|4,595,7,7,,,00003garden,,8,0,0
C2b-INJECTION,0.0,00003garden|596|1|4,595,7,8,,,00003garden,,7,0,0
C2b-INJECTION,0.0,00003garden|596|1|4,595,7,9,,,00003garden,,8,0,0
C2b-INJECTION,0.0,00003garden|596|1|4,595,7,10,,,00003garden,,8,0,0
C2b-INJECTION,0.0,00003garden|596|1|4,595,7,11,,,00003garden,,8,0,0
C2b-INJECTION,0.0,00003garden|596|1|4,595,7,12,,,00003garden,,8,0,0
C2b-INJECTION,0.0,00003garden|596|1|4,595,7,13,,,00003garden,,8,0,0
C2b-INJECTION,0.0,00003garden|596|1|4,595,7,14,,,00003garden,,7,0,0
C2b-INJECTION,0.0,00003garden|596|1|4,595,7,15,,,00003garden,,7,0,0
C2b-INJECTION,0.1111111111111111,00003garden|596|1|4,595,7,16,,,00003garden,,9,0,1
C2b-INJECTION,0.0,00003garden|596|1|4,595,7,17,,,00003garden,,7,0,0
C2b-INJECTION,0.0,00003garden|596|1|4,595,7,18,,,00003garden,,8,0,0
C2b-INJECTION,0.0,00003garden|596|1|4,595,7,19,,,00003garden,,8,0,0
C2b-INJECTION,0.0,00003garden|596|1|4,595,7,20,,,00003garden,,8,0,0
_META,,00003garden|596|1|4,595,7,0,omitted_for_runtime,omitted_for_runtime,00003garden,,,0,
SHAM,0.0,00003garden|631|1|2,630,3,1,,,00003garden,,9,0,0
SHAM,0.0,00003garden|631|1|2,630,3,2,,,00003garden,,9,0,0
SHAM,0.0,00003garden|631|1|2,630,3,3,,,00003garden,,9,0,0
SHAM,0.0,00003garden|631|1|2,630,3,4,,,00003garden,,9,0,0
SHAM,0.0,00003garden|631|1|2,630,3,5,,,00003garden,,9,0,0
SHAM,0.0,00003garden|631|1|2,630,3,6,,,00003garden,,9,0,0
SHAM,0.0,00003garden|631|1|2,630,3,7,,,00003garden,,9,0,0
SHAM,0.0,00003garden|631|1|2,630,3,8,,,00003garden,,9,0,0
SHAM,0.0,00003garden|631|1|2,630,3,9,,,00003garden,,9,0,0
SHAM,0.0,00003garden|631|1|2,630,3,10,,,00003garden,,9,0,0
SHAM,0.0,00003garden|631|1|2,630,3,11,,,00003garden,,9,0,0
SHAM,0.0,00003garden|631|1|2,630,3,12,,,00003garden,,9,0,0
SHAM,0.0,00003garden|631|1|2,630,3,13,,,00003garden,,9,0,0
SHAM,0.0,00003garden|631|1|2,630,3,14,,,00003garden,,9,0,0
SHAM,0.0,00003garden|631|1|2,630,3,15,,,00003garden,,9,0,0
SHAM,0.0,00003garden|631|1|2,630,3,16,,,00003garden,,9,0,0
SHAM,0.0,00003garden|631|1|2,630,3,17,,,00003garden,,9,0,0
SHAM,0.0,00003garden|631|1|2,630,3,18,,,00003garden,,9,0,0
SHAM,0.0,00003garden|631|1|2,630,3,19,,,00003garden,,8,0,0
SHAM,0.0,00003garden|631|1|2,630,3,20,,,00003garden,,8,0,0
C2b-INJECTION,0.0,00003garden|631|1|2,630,3,1,,,00003garden,,9,0,0
C2b-INJECTION,0.0,00003garden|631|1|2,630,3,2,,,00003garden,,9,0,0
C2b-INJECTION,0.0,00003garden|631|1|2,630,3,3,,,00003garden,,9,0,0
C2b-INJECTION,0.0,00003garden|631|1|2,630,3,4,,,00003garden,,9,0,0
C2b-INJECTION,0.0,00003garden|631|1|2,630,3,5,,,00003garden,,9,0,0
C2b-INJECTION,0.0,00003garden|631|1|2,630,3,6,,,00003garden,,9,0,0
C2b-INJECTION,0.0,00003garden|631|1|2,630,3,7,,,00003garden,,9,0,0
C2b-INJECTION,0.0,00003garden|631|1|2,630,3,8,,,00003garden,,9,0,0
C2b-INJECTION,0.0,00003garden|631|1|2,630,3,9,,,00003garden,,9,0,0
C2b-INJECTION,0.0,00003garden|631|1|2,630,3,10,,,00003garden,,9,0,0
C2b-INJECTION,0.0,00003garden|631|1|2,630,3,11,,,00003garden,,9,0,0
C2b-INJECTION,0.0,00003garden|631|1|2,630,3,12,,,00003garden,,9,0,0
C2b-INJECTION,0.0,00003garden|631|1|2,630,3,13,,,00003garden,,9,0,0
C2b-INJECTION,0.0,00003garden|631|1|2,630,3,14,,,00003garden,,9,0,0
C2b-INJECTION,0.0,00003garden|631|1|2,630,3,15,,,00003garden,,9,0,0
C2b-INJECTION,0.0,00003garden|631|1|2,630,3,16,,,00003garden,,9,0,0
C2b-INJECTION,0.0,00003garden|631|1|2,630,3,17,,,00003garden,,9,0,0
C2b-INJECTION,0.0,00003garden|631|1|2,630,3,18,,,00003garden,,9,0,0
C2b-INJECTION,0.0,00003garden|631|1|2,630,3,19,,,00003garden,,8,0,0
C2b-INJECTION,0.0,00003garden|631|1|2,630,3,20,,,00003garden,,8,0,0
_META,,00003garden|631|1|2,630,3,0,omitted_for_runtime,omitted_for_runtime,00003garden,,,0,
SHAM,0.0,00003garden|638|2|1,637,6,1,,,00003garden,,9,1,0
SHAM,0.0,00003garden|638|2|1,637,6,2,,,00003garden,,9,1,0
SHAM,0.0,00003garden|638|2|1,637,6,3,,,00003garden,,9,1,0
SHAM,0.0,00003garden|638|2|1,637,6,4,,,00003garden,,9,1,0
SHAM,0.0,00003garden|638|2|1,637,6,5,,,00003garden,,9,1,0
SHAM,0.0,00003garden|638|2|1,637,6,6,,,00003garden,,9,1,0
SHAM,0.0,00003garden|638|2|1,637,6,7,,,00003garden,,9,1,0
SHAM,0.0,00003garden|638|2|1,637,6,8,,,00003garden,,9,1,0
SHAM,0.0,00003garden|638|2|1,637,6,9,,,00003garden,,9,1,0
SHAM,0.0,00003garden|638|2|1,637,6,10,,,00003garden,,9,1,0
SHAM,0.0,00003garden|638|2|1,637,6,11,,,00003garden,,9,1,0
SHAM,0.0,00003garden|638|2|1,637,6,12,,,00003garden,,8,1,0
SHAM,0.0,00003garden|638|2|1,637,6,13,,,00003garden,,8,1,0
SHAM,0.1111111111111111,00003garden|638|2|1,637,6,14,,,00003garden,,9,1,1
SHAM,0.1111111111111111,00003garden|638|2|1,637,6,15,,,00003garden,,9,1,1
SHAM,0.1111111111111111,00003garden|638|2|1,637,6,16,,,00003garden,,9,1,1
SHAM,0.1,00003garden|638|2|1,637,6,17,,,00003garden,,10,1,1
SHAM,0.1,00003garden|638|2|1,637,6,18,,,00003garden,,10,1,1
SHAM,0.1111111111111111,00003garden|638|2|1,637,6,19,,,00003garden,,9,1,1
SHAM,0.1111111111111111,00003garden|638|2|1,637,6,20,,,00003garden,,9,1,1
C2b-INJECTION,0.0,00003garden|638|2|1,637,6,1,,,00003garden,,9,1,0
C2b-INJECTION,0.0,00003garden|638|2|1,637,6,2,,,00003garden,,9,1,0
C2b-INJECTION,0.0,00003garden|638|2|1,637,6,3,,,00003garden,,9,1,0
C2b-INJECTION,0.0,00003garden|638|2|1,637,6,4,,,00003garden,,9,1,0
C2b-INJECTION,0.0,00003garden|638|2|1,637,6,5,,,00003garden,,9,1,0
C2b-INJECTION,0.0,00003garden|638|2|1,637,6,6,,,00003garden,,9,1,0
C2b-INJECTION,0.0,00003garden|638|2|1,637,6,7,,,00003garden,,9,1,0
C2b-INJECTION,0.0,00003garden|638|2|1,637,6,8,,,00003garden,,9,1,0
C2b-INJECTION,0.0,00003garden|638|2|1,637,6,9,,,00003garden,,9,1,0
C2b-INJECTION,0.0,00003garden|638|2|1,637,6,10,,,00003garden,,9,1,0
C2b-INJECTION,0.0,00003garden|638|2|1,637,6,11,,,00003garden,,9,1,0
C2b-INJECTION,0.0,00003garden|638|2|1,637,6,12,,,00003garden,,8,1,0
C2b-INJECTION,0.0,00003garden|638|2|1,637,6,13,,,00003garden,,9,1,0
C2b-INJECTION,0.1111111111111111,00003garden|638|2|1,637,6,14,,,00003garden,,9,1,1
C2b-INJECTION,0.1111111111111111,00003garden|638|2|1,637,6,15,,,00003garden,,9,1,1
C2b-INJECTION,0.1111111111111111,00003garden|638|2|1,637,6,16,,,00003garden,,9,1,1
C2b-INJECTION,0.1,00003garden|638|2|1,637,6,17,,,00003garden,,10,1,1
C2b-INJECTION,0.1,00003garden|638|2|1,637,6,18,,,00003garden,,10,1,1
C2b-INJECTION,0.1111111111111111,00003garden|638|2|1,637,6,19,,,00003garden,,9,1,1
C2b-INJECTION,0.1111111111111111,00003garden|638|2|1,637,6,20,,,00003garden,,9,1,1
_META,,00003garden|638|2|1,637,6,0,omitted_for_runtime,omitted_for_runtime,00003garden,,,1,
SHAM,0.1,00003garden|658|1|0,657,1,1,,,00003garden,,10,0,1
SHAM,0.1,00003garden|658|1|0,657,1,2,,,00003garden,,10,0,1
SHAM,0.1111111111111111,00003garden|658|1|0,657,1,3,,,00003garden,,9,0,1
SHAM,0.1,00003garden|658|1|0,657,1,4,,,00003garden,,10,0,1
SHAM,0.1,00003garden|658|1|0,657,1,5,,,00003garden,,10,0,1
SHAM,0.1,00003garden|658|1|0,657,1,6,,,00003garden,,10,0,1
SHAM,0.1,00003garden|658|1|0,657,1,7,,,00003garden,,10,0,1
SHAM,0.1,00003garden|658|1|0,657,1,8,,,00003garden,,10,0,1
SHAM,0.1,00003garden|658|1|0,657,1,9,,,00003garden,,10,0,1
SHAM,0.1,00003garden|658|1|0,657,1,10,,,00003garden,,10,0,1
SHAM,0.1,00003garden|658|1|0,657,1,11,,,00003garden,,10,0,1
SHAM,0.1,00003garden|658|1|0,657,1,12,,,00003garden,,10,0,1
SHAM,0.1,00003garden|658|1|0,657,1,13,,,00003garden,,10,0,1
SHAM,0.1,00003garden|658|1|0,657,1,14,,,00003garden,,10,0,1
SHAM,0.1,00003garden|658|1|0,657,1,15,,,00003garden,,10,0,1
SHAM,0.09090909090909091,00003garden|658|1|0,657,1,16,,,00003garden,,11,0,1
SHAM,0.0,00003garden|658|1|0,657,1,17,,,00003garden,,9,0,0
SHAM,0.0,00003garden|658|1|0,657,1,18,,,00003garden,,10,0,0
SHAM,0.0,00003garden|658|1|0,657,1,19,,,00003garden,,10,0,0
SHAM,0.0,00003garden|658|1|0,657,1,20,,,00003garden,,10,0,0
C2b-INJECTION,0.1,00003garden|658|1|0,657,1,1,,,00003garden,,10,0,1
C2b-INJECTION,0.1,00003garden|658|1|0,657,1,2,,,00003garden,,10,0,1
C2b-INJECTION,0.1111111111111111,00003garden|658|1|0,657,1,3,,,00003garden,,9,0,1
C2b-INJECTION,0.1,00003garden|658|1|0,657,1,4,,,00003garden,,10,0,1
C2b-INJECTION,0.1,00003garden|658|1|0,657,1,5,,,00003garden,,10,0,1
C2b-INJECTION,0.1,00003garden|658|1|0,657,1,6,,,00003garden,,10,0,1
C2b-INJECTION,0.1,00003garden|658|1|0,657,1,7,,,00003garden,,10,0,1
C2b-INJECTION,0.1,00003garden|658|1|0,657,1,8,,,00003garden,,10,0,1
C2b-INJECTION,0.1,00003garden|658|1|0,657,1,9,,,00003garden,,10,0,1
C2b-INJECTION,0.1,00003garden|658|1|0,657,1,10,,,00003garden,,10,0,1
C2b-INJECTION,0.1,00003garden|658|1|0,657,1,11,,,00003garden,,10,0,1
C2b-INJECTION,0.1,00003garden|658|1|0,657,1,12,,,00003garden,,10,0,1
C2b-INJECTION,0.1,00003garden|658|1|0,657,1,13,,,00003garden,,10,0,1
C2b-INJECTION,0.1,00003garden|658|1|0,657,1,14,,,00003garden,,10,0,1
C2b-INJECTION,0.1,00003garden|658|1|0,657,1,15,,,00003garden,,10,0,1
C2b-INJECTION,0.09090909090909091,00003garden|658|1|0,657,1,16,,,00003garden,,11,0,1
C2b-INJECTION,0.0,00003garden|658|1|0,657,1,17,,,00003garden,,9,0,0
C2b-INJECTION,0.0,00003garden|658|1|0,657,1,18,,,00003garden,,10,0,0
C2b-INJECTION,0.0,00003garden|658|1|0,657,1,19,,,00003garden,,10,0,0
C2b-INJECTION,0.0,00003garden|658|1|0,657,1,20,,,00003garden,,10,0,0
_META,,00003garden|658|1|0,657,1,0,omitted_for_runtime,omitted_for_runtime,00003garden,,,0,
SHAM,0.09090909090909091,00003garden|699|2|0,698,2,1,,,00003garden,,11,1,1
SHAM,0.09090909090909091,00003garden|699|2|0,698,2,2,,,00003garden,,11,1,1
SHAM,0.09090909090909091,00003garden|699|2|0,698,2,3,,,00003garden,,11,1,1
SHAM,0.09090909090909091,00003garden|699|2|0,698,2,4,,,00003garden,,11,1,1
SHAM,0.1,00003garden|699|2|0,698,2,5,,,00003garden,,10,1,1
SHAM,0.09090909090909091,00003garden|699|2|0,698,2,6,,,00003garden,,11,1,1
SHAM,0.09090909090909091,00003garden|699|2|0,698,2,7,,,00003garden,,11,1,1
SHAM,0.08333333333333333,00003garden|699|2|0,698,2,8,,,00003garden,,12,1,1
SHAM,0.09090909090909091,00003garden|699|2|0,698,2,9,,,00003garden,,11,1,1
SHAM,0.09090909090909091,00003garden|699|2|0,698,2,10,,,00003garden,,11,1,1
SHAM,0.1,00003garden|699|2|0,698,2,11,,,00003garden,,10,1,1
SHAM,0.08333333333333333,00003garden|699|2|0,698,2,12,,,00003garden,,12,1,1
SHAM,0.08333333333333333,00003garden|699|2|0,698,2,13,,,00003garden,,12,1,1
SHAM,0.07692307692307693,00003garden|699|2|0,698,2,14,,,00003garden,,13,1,1
SHAM,0.07692307692307693,00003garden|699|2|0,698,2,15,,,00003garden,,13,1,1
SHAM,0.07692307692307693,00003garden|699|2|0,698,2,16,,,00003garden,,13,1,1
SHAM,0.08333333333333333,00003garden|699|2|0,698,2,17,,,00003garden,,12,1,1
SHAM,0.07692307692307693,00003garden|699|2|0,698,2,18,,,00003garden,,13,1,1
SHAM,0.08333333333333333,00003garden|699|2|0,698,2,19,,,00003garden,,12,1,1
SHAM,0.08333333333333333,00003garden|699|2|0,698,2,20,,,00003garden,,12,1,1
C2b-INJECTION,0.09090909090909091,00003garden|699|2|0,698,2,1,,,00003garden,,11,1,1
C2b-INJECTION,0.09090909090909091,00003garden|699|2|0,698,2,2,,,00003garden,,11,1,1
C2b-INJECTION,0.09090909090909091,00003garden|699|2|0,698,2,3,,,00003garden,,11,1,1
C2b-INJECTION,0.09090909090909091,00003garden|699|2|0,698,2,4,,,00003garden,,11,1,1
C2b-INJECTION,0.1,00003garden|699|2|0,698,2,5,,,00003garden,,10,1,1
C2b-INJECTION,0.09090909090909091,00003garden|699|2|0,698,2,6,,,00003garden,,11,1,1
C2b-INJECTION,0.09090909090909091,00003garden|699|2|0,698,2,7,,,00003garden,,11,1,1
C2b-INJECTION,0.08333333333333333,00003garden|699|2|0,698,2,8,,,00003garden,,12,1,1
C2b-INJECTION,0.09090909090909091,00003garden|699|2|0,698,2,9,,,00003garden,,11,1,1
C2b-INJECTION,0.09090909090909091,00003garden|699|2|0,698,2,10,,,00003garden,,11,1,1
C2b-INJECTION,0.1,00003garden|699|2|0,698,2,11,,,00003garden,,10,1,1
C2b-INJECTION,0.08333333333333333,00003garden|699|2|0,698,2,12,,,00003garden,,12,1,1
C2b-INJECTION,0.08333333333333333,00003garden|699|2|0,698,2,13,,,00003garden,,12,1,1
C2b-INJECTION,0.07692307692307693,00003garden|699|2|0,698,2,14,,,00003garden,,13,1,1
C2b-INJECTION,0.07692307692307693,00003garden|699|2|0,698,2,15,,,00003garden,,13,1,1
C2b-INJECTION,0.07692307692307693,00003garden|699|2|0,698,2,16,,,00003garden,,13,1,1
C2b-INJECTION,0.08333333333333333,00003garden|699|2|0,698,2,17,,,00003garden,,12,1,1
C2b-INJECTION,0.07692307692307693,00003garden|699|2|0,698,2,18,,,00003garden,,13,1,1
C2b-INJECTION,0.08333333333333333,00003garden|699|2|0,698,2,19,,,00003garden,,12,1,1
C2b-INJECTION,0.08333333333333333,00003garden|699|2|0,698,2,20,,,00003garden,,12,1,1
_META,,00003garden|699|2|0,698,2,0,omitted_for_runtime,omitted_for_runtime,00003garden,,,1,
SHAM,0.09090909090909091,00003garden|699|2|2,698,1,1,,,00003garden,,11,1,1
SHAM,0.09090909090909091,00003garden|699|2|2,698,1,2,,,00003garden,,11,1,1
SHAM,0.09090909090909091,00003garden|699|2|2,698,1,3,,,00003garden,,11,1,1
SHAM,0.09090909090909091,00003garden|699|2|2,698,1,4,,,00003garden,,11,1,1
SHAM,0.1,00003garden|699|2|2,698,1,5,,,00003garden,,10,1,1
SHAM,0.09090909090909091,00003garden|699|2|2,698,1,6,,,00003garden,,11,1,1
SHAM,0.09090909090909091,00003garden|699|2|2,698,1,7,,,00003garden,,11,1,1
SHAM,0.08333333333333333,00003garden|699|2|2,698,1,8,,,00003garden,,12,1,1
SHAM,0.09090909090909091,00003garden|699|2|2,698,1,9,,,00003garden,,11,1,1
SHAM,0.09090909090909091,00003garden|699|2|2,698,1,10,,,00003garden,,11,1,1
SHAM,0.1,00003garden|699|2|2,698,1,11,,,00003garden,,10,1,1
SHAM,0.08333333333333333,00003garden|699|2|2,698,1,12,,,00003garden,,12,1,1
SHAM,0.08333333333333333,00003garden|699|2|2,698,1,13,,,00003garden,,12,1,1
SHAM,0.07692307692307693,00003garden|699|2|2,698,1,14,,,00003garden,,13,1,1
SHAM,0.07692307692307693,00003garden|699|2|2,698,1,15,,,00003garden,,13,1,1
SHAM,0.07692307692307693,00003garden|699|2|2,698,1,16,,,00003garden,,13,1,1
SHAM,0.08333333333333333,00003garden|699|2|2,698,1,17,,,00003garden,,12,1,1
SHAM,0.07692307692307693,00003garden|699|2|2,698,1,18,,,00003garden,,13,1,1
SHAM,0.08333333333333333,00003garden|699|2|2,698,1,19,,,00003garden,,12,1,1
SHAM,0.08333333333333333,00003garden|699|2|2,698,1,20,,,00003garden,,12,1,1
C2b-INJECTION,0.09090909090909091,00003garden|699|2|2,698,1,1,,,00003garden,,11,1,1
C2b-INJECTION,0.09090909090909091,00003garden|699|2|2,698,1,2,,,00003garden,,11,1,1
C2b-INJECTION,0.09090909090909091,00003garden|699|2|2,698,1,3,,,00003garden,,11,1,1
C2b-INJECTION,0.09090909090909091,00003garden|699|2|2,698,1,4,,,00003garden,,11,1,1
C2b-INJECTION,0.1,00003garden|699|2|2,698,1,5,,,00003garden,,10,1,1
C2b-INJECTION,0.09090909090909091,00003garden|699|2|2,698,1,6,,,00003garden,,11,1,1
C2b-INJECTION,0.09090909090909091,00003garden|699|2|2,698,1,7,,,00003garden,,11,1,1
C2b-INJECTION,0.08333333333333333,00003garden|699|2|2,698,1,8,,,00003garden,,12,1,1
C2b-INJECTION,0.09090909090909091,00003garden|699|2|2,698,1,9,,,00003garden,,11,1,1
C2b-INJECTION,0.09090909090909091,00003garden|699|2|2,698,1,10,,,00003garden,,11,1,1
C2b-INJECTION,0.1,00003garden|699|2|2,698,1,11,,,00003garden,,10,1,1
C2b-INJECTION,0.08333333333333333,00003garden|699|2|2,698,1,12,,,00003garden,,12,1,1
C2b-INJECTION,0.08333333333333333,00003garden|699|2|2,698,1,13,,,00003garden,,12,1,1
C2b-INJECTION,0.07692307692307693,00003garden|699|2|2,698,1,14,,,00003garden,,13,1,1
C2b-INJECTION,0.07692307692307693,00003garden|699|2|2,698,1,15,,,00003garden,,13,1,1
C2b-INJECTION,0.07692307692307693,00003garden|699|2|2,698,1,16,,,00003garden,,13,1,1
C2b-INJECTION,0.08333333333333333,00003garden|699|2|2,698,1,17,,,00003garden,,12,1,1
C2b-INJECTION,0.07692307692307693,00003garden|699|2|2,698,1,18,,,00003garden,,13,1,1
C2b-INJECTION,0.08333333333333333,00003garden|699|2|2,698,1,19,,,00003garden,,12,1,1
C2b-INJECTION,0.08333333333333333,00003garden|699|2|2,698,1,20,,,00003garden,,12,1,1
_META,,00003garden|699|2|2,698,1,0,omitted_for_runtime,omitted_for_runtime,00003garden,,,1,
SHAM,0.07692307692307693,00003garden|716|1|1,715,5,1,,,00003garden,,13,0,1
SHAM,0.08333333333333333,00003garden|716|1|1,715,5,2,,,00003garden,,12,0,1
SHAM,0.08333333333333333,00003garden|716|1|1,715,5,3,,,00003garden,,12,0,1
SHAM,0.09090909090909091,00003garden|716|1|1,715,5,4,,,00003garden,,11,0,1
SHAM,0.09090909090909091,00003garden|716|1|1,715,5,5,,,00003garden,,11,0,1
SHAM,0.07692307692307693,00003garden|716|1|1,715,5,6,,,00003garden,,13,0,1
SHAM,0.07692307692307693,00003garden|716|1|1,715,5,7,,,00003garden,,13,0,1
SHAM,0.07692307692307693,00003garden|716|1|1,715,5,8,,,00003garden,,13,0,1
SHAM,0.07692307692307693,00003garden|716|1|1,715,5,9,,,00003garden,,13,0,1
SHAM,0.07692307692307693,00003garden|716|1|1,715,5,10,,,00003garden,,13,0,1
SHAM,0.08333333333333333,00003garden|716|1|1,715,5,11,,,00003garden,,12,0,1
SHAM,0.09090909090909091,00003garden|716|1|1,715,5,12,,,00003garden,,11,0,1
SHAM,0.09090909090909091,00003garden|716|1|1,715,5,13,,,00003garden,,11,0,1
SHAM,0.09090909090909091,00003garden|716|1|1,715,5,14,,,00003garden,,11,0,1
SHAM,0.08333333333333333,00003garden|716|1|1,715,5,15,,,00003garden,,12,0,1
SHAM,0.08333333333333333,00003garden|716|1|1,715,5,16,,,00003garden,,12,0,1
SHAM,0.08333333333333333,00003garden|716|1|1,715,5,17,,,00003garden,,12,0,1
SHAM,0.09090909090909091,00003garden|716|1|1,715,5,18,,,00003garden,,11,0,1
SHAM,0.09090909090909091,00003garden|716|1|1,715,5,19,,,00003garden,,11,0,1
SHAM,0.08333333333333333,00003garden|716|1|1,715,5,20,,,00003garden,,12,0,1
C2b-INJECTION,0.07692307692307693,00003garden|716|1|1,715,5,1,,,00003garden,,13,0,1
C2b-INJECTION,0.08333333333333333,00003garden|716|1|1,715,5,2,,,00003garden,,12,0,1
C2b-INJECTION,0.08333333333333333,00003garden|716|1|1,715,5,3,,,00003garden,,12,0,1
C2b-INJECTION,0.09090909090909091,00003garden|716|1|1,715,5,4,,,00003garden,,11,0,1
C2b-INJECTION,0.09090909090909091,00003garden|716|1|1,715,5,5,,,00003garden,,11,0,1
C2b-INJECTION,0.07692307692307693,00003garden|716|1|1,715,5,6,,,00003garden,,13,0,1
C2b-INJECTION,0.07692307692307693,00003garden|716|1|1,715,5,7,,,00003garden,,13,0,1
C2b-INJECTION,0.07692307692307693,00003garden|716|1|1,715,5,8,,,00003garden,,13,0,1
C2b-INJECTION,0.07692307692307693,00003garden|716|1|1,715,5,9,,,00003garden,,13,0,1
C2b-INJECTION,0.07692307692307693,00003garden|716|1|1,715,5,10,,,00003garden,,13,0,1
C2b-INJECTION,0.08333333333333333,00003garden|716|1|1,715,5,11,,,00003garden,,12,0,1
C2b-INJECTION,0.09090909090909091,00003garden|716|1|1,715,5,12,,,00003garden,,11,0,1
C2b-INJECTION,0.09090909090909091,00003garden|716|1|1,715,5,13,,,00003garden,,11,0,1
C2b-INJECTION,0.09090909090909091,00003garden|716|1|1,715,5,14,,,00003garden,,11,0,1
C2b-INJECTION,0.08333333333333333,00003garden|716|1|1,715,5,15,,,00003garden,,12,0,1
C2b-INJECTION,0.08333333333333333,00003garden|716|1|1,715,5,16,,,00003garden,,12,0,1
C2b-INJECTION,0.08333333333333333,00003garden|716|1|1,715,5,17,,,00003garden,,12,0,1
C2b-INJECTION,0.09090909090909091,00003garden|716|1|1,715,5,18,,,00003garden,,11,0,1
C2b-INJECTION,0.09090909090909091,00003garden|716|1|1,715,5,19,,,00003garden,,11,0,1
C2b-INJECTION,0.08333333333333333,00003garden|716|1|1,715,5,20,,,00003garden,,12,0,1
_META,,00003garden|716|1|1,715,5,0,omitted_for_runtime,omitted_for_runtime,00003garden,,,0,
SHAM,0.09090909090909091,00003garden|720|2|1,719,6,1,,,00003garden,,11,1,1
SHAM,0.07692307692307693,00003garden|720|2|1,719,6,2,,,00003garden,,13,1,1
SHAM,0.07692307692307693,00003garden|720|2|1,719,6,3,,,00003garden,,13,1,1
SHAM,0.07692307692307693,00003garden|720|2|1,719,6,4,,,00003garden,,13,1,1
SHAM,0.07692307692307693,00003garden|720|2|1,719,6,5,,,00003garden,,13,1,1
SHAM,0.07692307692307693,00003garden|720|2|1,719,6,6,,,00003garden,,13,1,1
SHAM,0.08333333333333333,00003garden|720|2|1,719,6,7,,,00003garden,,12,1,1
SHAM,0.09090909090909091,00003garden|720|2|1,719,6,8,,,00003garden,,11,1,1
SHAM,0.09090909090909091,00003garden|720|2|1,719,6,9,,,00003garden,,11,1,1
SHAM,0.09090909090909091,00003garden|720|2|1,719,6,10,,,00003garden,,11,1,1
SHAM,0.08333333333333333,00003garden|720|2|1,719,6,11,,,00003garden,,12,1,1
SHAM,0.08333333333333333,00003garden|720|2|1,719,6,12,,,00003garden,,12,1,1
SHAM,0.08333333333333333,00003garden|720|2|1,719,6,13,,,00003garden,,12,1,1
SHAM,0.09090909090909091,00003garden|720|2|1,719,6,14,,,00003garden,,11,1,1
SHAM,0.09090909090909091,00003garden|720|2|1,719,6,15,,,00003garden,,11,1,1
SHAM,0.08333333333333333,00003garden|720|2|1,719,6,16,,,00003garden,,12,1,1
SHAM,0.08333333333333333,00003garden|720|2|1,719,6,17,,,00003garden,,12,1,1
SHAM,0.08333333333333333,00003garden|720|2|1,719,6,18,,,00003garden,,12,1,1
SHAM,0.09090909090909091,00003garden|720|2|1,719,6,19,,,00003garden,,11,1,1
SHAM,0.1,00003garden|720|2|1,719,6,20,,,00003garden,,10,1,1
C2b-INJECTION,0.09090909090909091,00003garden|720|2|1,719,6,1,,,00003garden,,11,1,1
C2b-INJECTION,0.07692307692307693,00003garden|720|2|1,719,6,2,,,00003garden,,13,1,1
C2b-INJECTION,0.07692307692307693,00003garden|720|2|1,719,6,3,,,00003garden,,13,1,1
C2b-INJECTION,0.07692307692307693,00003garden|720|2|1,719,6,4,,,00003garden,,13,1,1
C2b-INJECTION,0.07692307692307693,00003garden|720|2|1,719,6,5,,,00003garden,,13,1,1
C2b-INJECTION,0.07692307692307693,00003garden|720|2|1,719,6,6,,,00003garden,,13,1,1
C2b-INJECTION,0.08333333333333333,00003garden|720|2|1,719,6,7,,,00003garden,,12,1,1
C2b-INJECTION,0.09090909090909091,00003garden|720|2|1,719,6,8,,,00003garden,,11,1,1
C2b-INJECTION,0.09090909090909091,00003garden|720|2|1,719,6,9,,,00003garden,,11,1,1
C2b-INJECTION,0.09090909090909091,00003garden|720|2|1,719,6,10,,,00003garden,,11,1,1
C2b-INJECTION,0.08333333333333333,00003garden|720|2|1,719,6,11,,,00003garden,,12,1,1
C2b-INJECTION,0.08333333333333333,00003garden|720|2|1,719,6,12,,,00003garden,,12,1,1
C2b-INJECTION,0.08333333333333333,00003garden|720|2|1,719,6,13,,,00003garden,,12,1,1
C2b-INJECTION,0.09090909090909091,00003garden|720|2|1,719,6,14,,,00003garden,,11,1,1
C2b-INJECTION,0.09090909090909091,00003garden|720|2|1,719,6,15,,,00003garden,,11,1,1
C2b-INJECTION,0.08333333333333333,00003garden|720|2|1,719,6,16,,,00003garden,,12,1,1
C2b-INJECTION,0.08333333333333333,00003garden|720|2|1,719,6,17,,,00003garden,,12,1,1
C2b-INJECTION,0.08333333333333333,00003garden|720|2|1,719,6,18,,,00003garden,,12,1,1
C2b-INJECTION,0.09090909090909091,00003garden|720|2|1,719,6,19,,,00003garden,,11,1,1
C2b-INJECTION,0.1,00003garden|720|2|1,719,6,20,,,00003garden,,10,1,1
_META,,00003garden|720|2|1,719,6,0,omitted_for_runtime,omitted_for_runtime,00003garden,,,1,
SHAM,0.2,00003garden|781|1|0,780,1,1,,,00003garden,,10,0,2
SHAM,0.2,00003garden|781|1|0,780,1,2,,,00003garden,,10,0,2
SHAM,0.2,00003garden|781|1|0,780,1,3,,,00003garden,,10,0,2
SHAM,0.2,00003garden|781|1|0,780,1,4,,,00003garden,,10,0,2
SHAM,0.2,00003garden|781|1|0,780,1,5,,,00003garden,,10,0,2
SHAM,0.2,00003garden|781|1|0,780,1,6,,,00003garden,,10,0,2
SHAM,0.2,00003garden|781|1|0,780,1,7,,,00003garden,,10,0,2
SHAM,0.2,00003garden|781|1|0,780,1,8,,,00003garden,,10,0,2
SHAM,0.2,00003garden|781|1|0,780,1,9,,,00003garden,,10,0,2
SHAM,0.2,00003garden|781|1|0,780,1,10,,,00003garden,,10,0,2
SHAM,0.1111111111111111,00003garden|781|1|0,780,1,11,,,00003garden,,9,0,1
SHAM,0.2,00003garden|781|1|0,780,1,12,,,00003garden,,10,0,2
SHAM,0.2,00003garden|781|1|0,780,1,13,,,00003garden,,10,0,2
SHAM,0.2,00003garden|781|1|0,780,1,14,,,00003garden,,10,0,2
SHAM,0.2,00003garden|781|1|0,780,1,15,,,00003garden,,10,0,2
SHAM,0.1111111111111111,00003garden|781|1|0,780,1,16,,,00003garden,,9,0,1
SHAM,0.2,00003garden|781|1|0,780,1,17,,,00003garden,,10,0,2
SHAM,0.1111111111111111,00003garden|781|1|0,780,1,18,,,00003garden,,9,0,1
SHAM,0.125,00003garden|781|1|0,780,1,19,,,00003garden,,8,0,1
SHAM,0.2,00003garden|781|1|0,780,1,20,,,00003garden,,10,0,2
C2b-INJECTION,0.2,00003garden|781|1|0,780,1,1,,,00003garden,,10,0,2
C2b-INJECTION,0.2,00003garden|781|1|0,780,1,2,,,00003garden,,10,0,2
C2b-INJECTION,0.2,00003garden|781|1|0,780,1,3,,,00003garden,,10,0,2
C2b-INJECTION,0.2,00003garden|781|1|0,780,1,4,,,00003garden,,10,0,2
C2b-INJECTION,0.2,00003garden|781|1|0,780,1,5,,,00003garden,,10,0,2
C2b-INJECTION,0.2,00003garden|781|1|0,780,1,6,,,00003garden,,10,0,2
C2b-INJECTION,0.2,00003garden|781|1|0,780,1,7,,,00003garden,,10,0,2
C2b-INJECTION,0.2,00003garden|781|1|0,780,1,8,,,00003garden,,10,0,2
C2b-INJECTION,0.2,00003garden|781|1|0,780,1,9,,,00003garden,,10,0,2
C2b-INJECTION,0.2,00003garden|781|1|0,780,1,10,,,00003garden,,10,0,2
C2b-INJECTION,0.1111111111111111,00003garden|781|1|0,780,1,11,,,00003garden,,9,0,1
C2b-INJECTION,0.2,00003garden|781|1|0,780,1,12,,,00003garden,,10,0,2
C2b-INJECTION,0.2,00003garden|781|1|0,780,1,13,,,00003garden,,10,0,2
C2b-INJECTION,0.2,00003garden|781|1|0,780,1,14,,,00003garden,,10,0,2
C2b-INJECTION,0.2,00003garden|781|1|0,780,1,15,,,00003garden,,10,0,2
C2b-INJECTION,0.2,00003garden|781|1|0,780,1,16,,,00003garden,,10,0,2
C2b-INJECTION,0.1111111111111111,00003garden|781|1|0,780,1,17,,,00003garden,,9,0,1
C2b-INJECTION,0.1111111111111111,00003garden|781|1|0,780,1,18,,,00003garden,,9,0,1
C2b-INJECTION,0.125,00003garden|781|1|0,780,1,19,,,00003garden,,8,0,1
C2b-INJECTION,0.2,00003garden|781|1|0,780,1,20,,,00003garden,,10,0,2
_META,,00003garden|781|1|0,780,1,0,omitted_for_runtime,omitted_for_runtime,00003garden,,,0,
SHAM,0.2,00003garden|794|1|5,793,9,1,,,00003garden,,10,0,2
SHAM,0.2,00003garden|794|1|5,793,9,2,,,00003garden,,10,0,2
SHAM,0.1111111111111111,00003garden|794|1|5,793,9,3,,,00003garden,,9,0,1
SHAM,0.2,00003garden|794|1|5,793,9,4,,,00003garden,,10,0,2
SHAM,0.1111111111111111,00003garden|794|1|5,793,9,5,,,00003garden,,9,0,1
SHAM,0.125,00003garden|794|1|5,793,9,6,,,00003garden,,8,0,1
SHAM,0.2,00003garden|794|1|5,793,9,7,,,00003garden,,10,0,2
SHAM,0.1111111111111111,00003garden|794|1|5,793,9,8,,,00003garden,,9,0,1
SHAM,0.1111111111111111,00003garden|794|1|5,793,9,9,,,00003garden,,9,0,1
SHAM,0.1111111111111111,00003garden|794|1|5,793,9,10,,,00003garden,,9,0,1
SHAM,0.1111111111111111,00003garden|794|1|5,793,9,11,,,00003garden,,9,0,1
SHAM,0.1111111111111111,00003garden|794|1|5,793,9,12,,,00003garden,,9,0,1
SHAM,0.2,00003garden|794|1|5,793,9,13,,,00003garden,,10,0,2
SHAM,0.1111111111111111,00003garden|794|1|5,793,9,14,,,00003garden,,9,0,1
SHAM,0.2,00003garden|794|1|5,793,9,15,,,00003garden,,10,0,2
SHAM,0.2,00003garden|794|1|5,793,9,16,,,00003garden,,10,0,2
SHAM,0.2,00003garden|794|1|5,793,9,17,,,00003garden,,10,0,2
SHAM,0.2,00003garden|794|1|5,793,9,18,,,00003garden,,10,0,2
SHAM,0.2,00003garden|794|1|5,793,9,19,,,00003garden,,10,0,2
SHAM,0.2222222222222222,00003garden|794|1|5,793,9,20,,,00003garden,,9,0,2
C2b-INJECTION,0.1111111111111111,00003garden|794|1|5,793,9,1,,,00003garden,,9,0,1
C2b-INJECTION,0.2,00003garden|794|1|5,793,9,2,,,00003garden,,10,0,2
C2b-INJECTION,0.1111111111111111,00003garden|794|1|5,793,9,3,,,00003garden,,9,0,1
C2b-INJECTION,0.2,00003garden|794|1|5,793,9,4,,,00003garden,,10,0,2
C2b-INJECTION,0.1111111111111111,00003garden|794|1|5,793,9,5,,,00003garden,,9,0,1
C2b-INJECTION,0.125,00003garden|794|1|5,793,9,6,,,00003garden,,8,0,1
C2b-INJECTION,0.2,00003garden|794|1|5,793,9,7,,,00003garden,,10,0,2
C2b-INJECTION,0.1111111111111111,00003garden|794|1|5,793,9,8,,,00003garden,,9,0,1
C2b-INJECTION,0.1111111111111111,00003garden|794|1|5,793,9,9,,,00003garden,,9,0,1
C2b-INJECTION,0.1111111111111111,00003garden|794|1|5,793,9,10,,,00003garden,,9,0,1
C2b-INJECTION,0.1111111111111111,00003garden|794|1|5,793,9,11,,,00003garden,,9,0,1
C2b-INJECTION,0.1111111111111111,00003garden|794|1|5,793,9,12,,,00003garden,,9,0,1
C2b-INJECTION,0.2,00003garden|794|1|5,793,9,13,,,00003garden,,10,0,2
C2b-INJECTION,0.1111111111111111,00003garden|794|1|5,793,9,14,,,00003garden,,9,0,1
C2b-INJECTION,0.2,00003garden|794|1|5,793,9,15,,,00003garden,,10,0,2
C2b-INJECTION,0.2,00003garden|794|1|5,793,9,16,,,00003garden,,10,0,2
C2b-INJECTION,0.2,00003garden|794|1|5,793,9,17,,,00003garden,,10,0,2
C2b-INJECTION,0.2,00003garden|794|1|5,793,9,18,,,00003garden,,10,0,2
C2b-INJECTION,0.2,00003garden|794|1|5,793,9,19,,,00003garden,,10,0,2
C2b-INJECTION,0.2222222222222222,00003garden|794|1|5,793,9,20,,,00003garden,,9,0,2
_META,,00003garden|794|1|5,793,9,0,omitted_for_runtime,omitted_for_runtime,00003garden,,,0,
SHAM,0.1111111111111111,00003garden|822|2|1,821,2,1,,,00003garden,,9,1,1
SHAM,0.1111111111111111,00003garden|822|2|1,821,2,2,,,00003garden,,9,1,1
SHAM,0.1111111111111111,00003garden|822|2|1,821,2,3,,,00003garden,,9,1,1
SHAM,0.1111111111111111,00003garden|822|2|1,821,2,4,,,00003garden,,9,1,1
SHAM,0.1111111111111111,00003garden|822|2|1,821,2,5,,,00003garden,,9,1,1
SHAM,0.1111111111111111,00003garden|822|2|1,821,2,6,,,00003garden,,9,1,1
SHAM,0.125,00003garden|822|2|1,821,2,7,,,00003garden,,8,1,1
SHAM,0.125,00003garden|822|2|1,821,2,8,,,00003garden,,8,1,1
SHAM,0.1111111111111111,00003garden|822|2|1,821,2,9,,,00003garden,,9,1,1
SHAM,0.1111111111111111,00003garden|822|2|1,821,2,10,,,00003garden,,9,1,1
SHAM,0.1111111111111111,00003garden|822|2|1,821,2,11,,,00003garden,,9,1,1
SHAM,0.2,00003garden|822|2|1,821,2,12,,,00003garden,,10,1,2
SHAM,0.1111111111111111,00003garden|822|2|1,821,2,13,,,00003garden,,9,1,1
SHAM,0.2,00003garden|822|2|1,821,2,14,,,00003garden,,10,1,2
SHAM,0.25,00003garden|822|2|1,821,2,15,,,00003garden,,8,1,2
SHAM,0.2222222222222222,00003garden|822|2|1,821,2,16,,,00003garden,,9,1,2
SHAM,0.2,00003garden|822|2|1,821,2,17,,,00003garden,,10,1,2
SHAM,0.2222222222222222,00003garden|822|2|1,821,2,18,,,00003garden,,9,1,2
SHAM,0.2,00003garden|822|2|1,821,2,19,,,00003garden,,10,1,2
SHAM,0.2,00003garden|822|2|1,821,2,20,,,00003garden,,10,1,2
C2b-INJECTION,0.1111111111111111,00003garden|822|2|1,821,2,1,,,00003garden,,9,1,1
C2b-INJECTION,0.1111111111111111,00003garden|822|2|1,821,2,2,,,00003garden,,9,1,1
C2b-INJECTION,0.1111111111111111,00003garden|822|2|1,821,2,3,,,00003garden,,9,1,1
C2b-INJECTION,0.1111111111111111,00003garden|822|2|1,821,2,4,,,00003garden,,9,1,1
C2b-INJECTION,0.1111111111111111,00003garden|822|2|1,821,2,5,,,00003garden,,9,1,1
C2b-INJECTION,0.1111111111111111,00003garden|822|2|1,821,2,6,,,00003garden,,9,1,1
C2b-INJECTION,0.125,00003garden|822|2|1,821,2,7,,,00003garden,,8,1,1
C2b-INJECTION,0.125,00003garden|822|2|1,821,2,8,,,00003garden,,8,1,1
C2b-INJECTION,0.1111111111111111,00003garden|822|2|1,821,2,9,,,00003garden,,9,1,1
C2b-INJECTION,0.1111111111111111,00003garden|822|2|1,821,2,10,,,00003garden,,9,1,1
C2b-INJECTION,0.1111111111111111,00003garden|822|2|1,821,2,11,,,00003garden,,9,1,1
C2b-INJECTION,0.2,00003garden|822|2|1,821,2,12,,,00003garden,,10,1,2
C2b-INJECTION,0.1111111111111111,00003garden|822|2|1,821,2,13,,,00003garden,,9,1,1
C2b-INJECTION,0.2,00003garden|822|2|1,821,2,14,,,00003garden,,10,1,2
C2b-INJECTION,0.25,00003garden|822|2|1,821,2,15,,,00003garden,,8,1,2
C2b-INJECTION,0.2222222222222222,00003garden|822|2|1,821,2,16,,,00003garden,,9,1,2
C2b-INJECTION,0.2,00003garden|822|2|1,821,2,17,,,00003garden,,10,1,2
C2b-INJECTION,0.2222222222222222,00003garden|822|2|1,821,2,18,,,00003garden,,9,1,2
C2b-INJECTION,0.2,00003garden|822|2|1,821,2,19,,,00003garden,,10,1,2
C2b-INJECTION,0.2,00003garden|822|2|1,821,2,20,,,00003garden,,10,1,2
_META,,00003garden|822|2|1,821,2,0,omitted_for_runtime,omitted_for_runtime,00003garden,,,1,
SHAM,0.1,00003garden|904|1|0,903,1,1,,,00003garden,,10,0,1
SHAM,0.1,00003garden|904|1|0,903,1,2,,,00003garden,,10,0,1
SHAM,0.1,00003garden|904|1|0,903,1,3,,,00003garden,,10,0,1
SHAM,0.1,00003garden|904|1|0,903,1,4,,,00003garden,,10,0,1
SHAM,0.1,00003garden|904|1|0,903,1,5,,,00003garden,,10,0,1
SHAM,0.0,00003garden|904|1|0,903,1,6,,,00003garden,,10,0,0
SHAM,0.0,00003garden|904|1|0,903,1,7,,,00003garden,,10,0,0
SHAM,0.0,00003garden|904|1|0,903,1,8,,,00003garden,,9,0,0
SHAM,0.0,00003garden|904|1|0,903,1,9,,,00003garden,,10,0,0
SHAM,0.1,00003garden|904|1|0,903,1,10,,,00003garden,,10,0,1
SHAM,0.1,00003garden|904|1|0,903,1,11,,,00003garden,,10,0,1
SHAM,0.1,00003garden|904|1|0,903,1,12,,,00003garden,,10,0,1
SHAM,0.1,00003garden|904|1|0,903,1,13,,,00003garden,,10,0,1
SHAM,0.1,00003garden|904|1|0,903,1,14,,,00003garden,,10,0,1
SHAM,0.09090909090909091,00003garden|904|1|0,903,1,15,,,00003garden,,11,0,1
SHAM,0.09090909090909091,00003garden|904|1|0,903,1,16,,,00003garden,,11,0,1
SHAM,0.09090909090909091,00003garden|904|1|0,903,1,17,,,00003garden,,11,0,1
SHAM,0.09090909090909091,00003garden|904|1|0,903,1,18,,,00003garden,,11,0,1
SHAM,0.09090909090909091,00003garden|904|1|0,903,1,19,,,00003garden,,11,0,1
SHAM,0.09090909090909091,00003garden|904|1|0,903,1,20,,,00003garden,,11,0,1
C2b-INJECTION,0.1,00003garden|904|1|0,903,1,1,,,00003garden,,10,0,1
C2b-INJECTION,0.1,00003garden|904|1|0,903,1,2,,,00003garden,,10,0,1
C2b-INJECTION,0.1,00003garden|904|1|0,903,1,3,,,00003garden,,10,0,1
C2b-INJECTION,0.1,00003garden|904|1|0,903,1,4,,,00003garden,,10,0,1
C2b-INJECTION,0.1,00003garden|904|1|0,903,1,5,,,00003garden,,10,0,1
C2b-INJECTION,0.0,00003garden|904|1|0,903,1,6,,,00003garden,,10,0,0
C2b-INJECTION,0.0,00003garden|904|1|0,903,1,7,,,00003garden,,10,0,0
C2b-INJECTION,0.0,00003garden|904|1|0,903,1,8,,,00003garden,,9,0,0
C2b-INJECTION,0.0,00003garden|904|1|0,903,1,9,,,00003garden,,10,0,0
C2b-INJECTION,0.1,00003garden|904|1|0,903,1,10,,,00003garden,,10,0,1
C2b-INJECTION,0.1,00003garden|904|1|0,903,1,11,,,00003garden,,10,0,1
C2b-INJECTION,0.1,00003garden|904|1|0,903,1,12,,,00003garden,,10,0,1
C2b-INJECTION,0.1,00003garden|904|1|0,903,1,13,,,00003garden,,10,0,1
C2b-INJECTION,0.1,00003garden|904|1|0,903,1,14,,,00003garden,,10,0,1
C2b-INJECTION,0.09090909090909091,00003garden|904|1|0,903,1,15,,,00003garden,,11,0,1
C2b-INJECTION,0.09090909090909091,00003garden|904|1|0,903,1,16,,,00003garden,,11,0,1
C2b-INJECTION,0.09090909090909091,00003garden|904|1|0,903,1,17,,,00003garden,,11,0,1
C2b-INJECTION,0.09090909090909091,00003garden|904|1|0,903,1,18,,,00003garden,,11,0,1
C2b-INJECTION,0.09090909090909091,00003garden|904|1|0,903,1,19,,,00003garden,,11,0,1
C2b-INJECTION,0.09090909090909091,00003garden|904|1|0,903,1,20,,,00003garden,,11,0,1
_META,,00003garden|904|1|0,903,1,0,omitted_for_runtime,omitted_for_runtime,00003garden,,,0,
SHAM,0.09090909090909091,00003garden|918|1|2,917,5,1,,,00003garden,,11,0,1
SHAM,0.09090909090909091,00003garden|918|1|2,917,5,2,,,00003garden,,11,0,1
SHAM,0.09090909090909091,00003garden|918|1|2,917,5,3,,,00003garden,,11,0,1
SHAM,0.09090909090909091,00003garden|918|1|2,917,5,4,,,00003garden,,11,0,1
SHAM,0.09090909090909091,00003garden|918|1|2,917,5,5,,,00003garden,,11,0,1
SHAM,0.09090909090909091,00003garden|918|1|2,917,5,6,,,00003garden,,11,0,1
SHAM,0.09090909090909091,00003garden|918|1|2,917,5,7,,,00003garden,,11,0,1
SHAM,0.09090909090909091,00003garden|918|1|2,917,5,8,,,00003garden,,11,0,1
SHAM,0.09090909090909091,00003garden|918|1|2,917,5,9,,,00003garden,,11,0,1
SHAM,0.09090909090909091,00003garden|918|1|2,917,5,10,,,00003garden,,11,0,1
SHAM,0.1,00003garden|918|1|2,917,5,11,,,00003garden,,10,0,1
SHAM,0.1,00003garden|918|1|2,917,5,12,,,00003garden,,10,0,1
SHAM,0.0,00003garden|918|1|2,917,5,13,,,00003garden,,9,0,0
SHAM,0.09090909090909091,00003garden|918|1|2,917,5,14,,,00003garden,,11,0,1
SHAM,0.1111111111111111,00003garden|918|1|2,917,5,15,,,00003garden,,9,0,1
SHAM,0.09090909090909091,00003garden|918|1|2,917,5,16,,,00003garden,,11,0,1
SHAM,0.09090909090909091,00003garden|918|1|2,917,5,17,,,00003garden,,11,0,1
SHAM,0.09090909090909091,00003garden|918|1|2,917,5,18,,,00003garden,,11,0,1
SHAM,0.0,00003garden|918|1|2,917,5,19,,,00003garden,,10,0,0
SHAM,0.09090909090909091,00003garden|918|1|2,917,5,20,,,00003garden,,11,0,1
C2b-INJECTION,0.09090909090909091,00003garden|918|1|2,917,5,1,,,00003garden,,11,0,1
C2b-INJECTION,0.09090909090909091,00003garden|918|1|2,917,5,2,,,00003garden,,11,0,1
C2b-INJECTION,0.09090909090909091,00003garden|918|1|2,917,5,3,,,00003garden,,11,0,1
C2b-INJECTION,0.09090909090909091,00003garden|918|1|2,917,5,4,,,00003garden,,11,0,1
C2b-INJECTION,0.09090909090909091,00003garden|918|1|2,917,5,5,,,00003garden,,11,0,1
C2b-INJECTION,0.09090909090909091,00003garden|918|1|2,917,5,6,,,00003garden,,11,0,1
C2b-INJECTION,0.09090909090909091,00003garden|918|1|2,917,5,7,,,00003garden,,11,0,1
C2b-INJECTION,0.09090909090909091,00003garden|918|1|2,917,5,8,,,00003garden,,11,0,1
C2b-INJECTION,0.09090909090909091,00003garden|918|1|2,917,5,9,,,00003garden,,11,0,1
C2b-INJECTION,0.09090909090909091,00003garden|918|1|2,917,5,10,,,00003garden,,11,0,1
C2b-INJECTION,0.1,00003garden|918|1|2,917,5,11,,,00003garden,,10,0,1
C2b-INJECTION,0.1,00003garden|918|1|2,917,5,12,,,00003garden,,10,0,1
C2b-INJECTION,0.0,00003garden|918|1|2,917,5,13,,,00003garden,,9,0,0
C2b-INJECTION,0.09090909090909091,00003garden|918|1|2,917,5,14,,,00003garden,,11,0,1
C2b-INJECTION,0.1111111111111111,00003garden|918|1|2,917,5,15,,,00003garden,,9,0,1
C2b-INJECTION,0.09090909090909091,00003garden|918|1|2,917,5,16,,,00003garden,,11,0,1
C2b-INJECTION,0.09090909090909091,00003garden|918|1|2,917,5,17,,,00003garden,,11,0,1
C2b-INJECTION,0.09090909090909091,00003garden|918|1|2,917,5,18,,,00003garden,,11,0,1
C2b-INJECTION,0.0,00003garden|918|1|2,917,5,19,,,00003garden,,10,0,0
C2b-INJECTION,0.09090909090909091,00003garden|918|1|2,917,5,20,,,00003garden,,11,0,1
_META,,00003garden|918|1|2,917,5,0,omitted_for_runtime,omitted_for_runtime,00003garden,,,0,
SHAM,0.09090909090909091,00003garden|931|1|6,930,8,1,,,00003garden,,11,0,1
SHAM,0.1111111111111111,00003garden|931|1|6,930,8,2,,,00003garden,,9,0,1
SHAM,0.09090909090909091,00003garden|931|1|6,930,8,3,,,00003garden,,11,0,1
SHAM,0.09090909090909091,00003garden|931|1|6,930,8,4,,,00003garden,,11,0,1
SHAM,0.09090909090909091,00003garden|931|1|6,930,8,5,,,00003garden,,11,0,1
SHAM,0.0,00003garden|931|1|6,930,8,6,,,00003garden,,10,0,0
SHAM,0.09090909090909091,00003garden|931|1|6,930,8,7,,,00003garden,,11,0,1
SHAM,0.09090909090909091,00003garden|931|1|6,930,8,8,,,00003garden,,11,0,1
SHAM,0.09090909090909091,00003garden|931|1|6,930,8,9,,,00003garden,,11,0,1
SHAM,0.09090909090909091,00003garden|931|1|6,930,8,10,,,00003garden,,11,0,1
SHAM,0.1,00003garden|931|1|6,930,8,11,,,00003garden,,10,0,1
SHAM,0.09090909090909091,00003garden|931|1|6,930,8,12,,,00003garden,,11,0,1
SHAM,0.0,00003garden|931|1|6,930,8,13,,,00003garden,,10,0,0
SHAM,0.09090909090909091,00003garden|931|1|6,930,8,14,,,00003garden,,11,0,1
SHAM,0.09090909090909091,00003garden|931|1|6,930,8,15,,,00003garden,,11,0,1
SHAM,0.0,00003garden|931|1|6,930,8,16,,,00003garden,,11,0,0
SHAM,0.0,00003garden|931|1|6,930,8,17,,,00003garden,,11,0,0
SHAM,0.09090909090909091,00003garden|931|1|6,930,8,18,,,00003garden,,11,0,1
SHAM,0.0,00003garden|931|1|6,930,8,19,,,00003garden,,10,0,0
SHAM,0.0,00003garden|931|1|6,930,8,20,,,00003garden,,10,0,0
C2b-INJECTION,0.09090909090909091,00003garden|931|1|6,930,8,1,,,00003garden,,11,0,1
C2b-INJECTION,0.1111111111111111,00003garden|931|1|6,930,8,2,,,00003garden,,9,0,1
C2b-INJECTION,0.09090909090909091,00003garden|931|1|6,930,8,3,,,00003garden,,11,0,1
C2b-INJECTION,0.09090909090909091,00003garden|931|1|6,930,8,4,,,00003garden,,11,0,1
C2b-INJECTION,0.09090909090909091,00003garden|931|1|6,930,8,5,,,00003garden,,11,0,1
C2b-INJECTION,0.0,00003garden|931|1|6,930,8,6,,,00003garden,,10,0,0
C2b-INJECTION,0.09090909090909091,00003garden|931|1|6,930,8,7,,,00003garden,,11,0,1
C2b-INJECTION,0.09090909090909091,00003garden|931|1|6,930,8,8,,,00003garden,,11,0,1
C2b-INJECTION,0.09090909090909091,00003garden|931|1|6,930,8,9,,,00003garden,,11,0,1
C2b-INJECTION,0.09090909090909091,00003garden|931|1|6,930,8,10,,,00003garden,,11,0,1
C2b-INJECTION,0.1,00003garden|931|1|6,930,8,11,,,00003garden,,10,0,1
C2b-INJECTION,0.09090909090909091,00003garden|931|1|6,930,8,12,,,00003garden,,11,0,1
C2b-INJECTION,0.0,00003garden|931|1|6,930,8,13,,,00003garden,,10,0,0
C2b-INJECTION,0.09090909090909091,00003garden|931|1|6,930,8,14,,,00003garden,,11,0,1
C2b-INJECTION,0.09090909090909091,00003garden|931|1|6,930,8,15,,,00003garden,,11,0,1
C2b-INJECTION,0.0,00003garden|931|1|6,930,8,16,,,00003garden,,10,0,0
C2b-INJECTION,0.0,00003garden|931|1|6,930,8,17,,,00003garden,,11,0,0
C2b-INJECTION,0.09090909090909091,00003garden|931|1|6,930,8,18,,,00003garden,,11,0,1
C2b-INJECTION,0.0,00003garden|931|1|6,930,8,19,,,00003garden,,10,0,0
C2b-INJECTION,0.0,00003garden|931|1|6,930,8,20,,,00003garden,,10,0,0
_META,,00003garden|931|1|6,930,8,0,omitted_for_runtime,omitted_for_runtime,00003garden,,,0,
SHAM,0.0,00003garden|989|2|0,988,4,1,,,00003garden,,10,1,0
SHAM,0.0,00003garden|989|2|0,988,4,2,,,00003garden,,10,1,0
SHAM,0.0,00003garden|989|2|0,988,4,3,,,00003garden,,10,1,0
SHAM,0.0,00003garden|989|2|0,988,4,4,,,00003garden,,10,1,0
SHAM,0.0,00003garden|989|2|0,988,4,5,,,00003garden,,10,1,0
SHAM,0.0,00003garden|989|2|0,988,4,6,,,00003garden,,10,1,0
SHAM,0.0,00003garden|989|2|0,988,4,7,,,00003garden,,10,1,0
SHAM,0.0,00003garden|989|2|0,988,4,8,,,00003garden,,10,1,0
SHAM,0.0,00003garden|989|2|0,988,4,9,,,00003garden,,9,1,0
SHAM,0.0,00003garden|989|2|0,988,4,10,,,00003garden,,8,1,0
SHAM,0.0,00003garden|989|2|0,988,4,11,,,00003garden,,8,1,0
SHAM,0.0,00003garden|989|2|0,988,4,12,,,00003garden,,9,1,0
SHAM,0.0,00003garden|989|2|0,988,4,13,,,00003garden,,9,1,0
SHAM,0.0,00003garden|989|2|0,988,4,14,,,00003garden,,9,1,0
SHAM,0.0,00003garden|989|2|0,988,4,15,,,00003garden,,10,1,0
SHAM,0.0,00003garden|989|2|0,988,4,16,,,00003garden,,9,1,0
SHAM,0.0,00003garden|989|2|0,988,4,17,,,00003garden,,9,1,0
SHAM,0.0,00003garden|989|2|0,988,4,18,,,00003garden,,9,1,0
SHAM,0.0,00003garden|989|2|0,988,4,19,,,00003garden,,9,1,0
SHAM,0.0,00003garden|989|2|0,988,4,20,,,00003garden,,8,1,0
C2b-INJECTION,0.0,00003garden|989|2|0,988,4,1,,,00003garden,,10,1,0
C2b-INJECTION,0.0,00003garden|989|2|0,988,4,2,,,00003garden,,10,1,0
C2b-INJECTION,0.0,00003garden|989|2|0,988,4,3,,,00003garden,,10,1,0
C2b-INJECTION,0.0,00003garden|989|2|0,988,4,4,,,00003garden,,10,1,0
C2b-INJECTION,0.0,00003garden|989|2|0,988,4,5,,,00003garden,,10,1,0
C2b-INJECTION,0.0,00003garden|989|2|0,988,4,6,,,00003garden,,10,1,0
C2b-INJECTION,0.0,00003garden|989|2|0,988,4,7,,,00003garden,,10,1,0
C2b-INJECTION,0.0,00003garden|989|2|0,988,4,8,,,00003garden,,10,1,0
C2b-INJECTION,0.0,00003garden|989|2|0,988,4,9,,,00003garden,,9,1,0
C2b-INJECTION,0.0,00003garden|989|2|0,988,4,10,,,00003garden,,8,1,0
C2b-INJECTION,0.0,00003garden|989|2|0,988,4,11,,,00003garden,,8,1,0
C2b-INJECTION,0.0,00003garden|989|2|0,988,4,12,,,00003garden,,9,1,0
C2b-INJECTION,0.0,00003garden|989|2|0,988,4,13,,,00003garden,,9,1,0
C2b-INJECTION,0.0,00003garden|989|2|0,988,4,14,,,00003garden,,9,1,0
C2b-INJECTION,0.0,00003garden|989|2|0,988,4,15,,,00003garden,,10,1,0
C2b-INJECTION,0.0,00003garden|989|2|0,988,4,16,,,00003garden,,9,1,0
C2b-INJECTION,0.0,00003garden|989|2|0,988,4,17,,,00003garden,,9,1,0
C2b-INJECTION,0.0,00003garden|989|2|0,988,4,18,,,00003garden,,9,1,0
C2b-INJECTION,0.0,00003garden|989|2|0,988,4,19,,,00003garden,,9,1,0
C2b-INJECTION,0.0,00003garden|989|2|0,988,4,20,,,00003garden,,8,1,0
_META,,00003garden|989|2|0,988,4,0,omitted_for_runtime,omitted_for_runtime,00003garden,,,1,
SHAM,0.0,00003garden|1027|1|2,1026,2,1,,,00003garden,,9,0,0
SHAM,0.0,00003garden|1027|1|2,1026,2,2,,,00003garden,,9,0,0
SHAM,0.0,00003garden|1027|1|2,1026,2,3,,,00003garden,,9,0,0
SHAM,0.0,00003garden|1027|1|2,1026,2,4,,,00003garden,,9,0,0
SHAM,0.0,00003garden|1027|1|2,1026,2,5,,,00003garden,,8,0,0
SHAM,0.0,00003garden|1027|1|2,1026,2,6,,,00003garden,,9,0,0
SHAM,0.0,00003garden|1027|1|2,1026,2,7,,,00003garden,,9,0,0
SHAM,0.0,00003garden|1027|1|2,1026,2,8,,,00003garden,,10,0,0
SHAM,0.0,00003garden|1027|1|2,1026,2,9,,,00003garden,,10,0,0
SHAM,0.0,00003garden|1027|1|2,1026,2,10,,,00003garden,,10,0,0
SHAM,0.0,00003garden|1027|1|2,1026,2,11,,,00003garden,,10,0,0
SHAM,0.0,00003garden|1027|1|2,1026,2,12,,,00003garden,,8,0,0
SHAM,0.0,00003garden|1027|1|2,1026,2,13,,,00003garden,,8,0,0
SHAM,0.0,00003garden|1027|1|2,1026,2,14,,,00003garden,,9,0,0
SHAM,0.0,00003garden|1027|1|2,1026,2,15,,,00003garden,,8,0,0
SHAM,0.0,00003garden|1027|1|2,1026,2,16,,,00003garden,,9,0,0
SHAM,0.0,00003garden|1027|1|2,1026,2,17,,,00003garden,,9,0,0
SHAM,0.0,00003garden|1027|1|2,1026,2,18,,,00003garden,,9,0,0
SHAM,0.0,00003garden|1027|1|2,1026,2,19,,,00003garden,,9,0,0
SHAM,0.0,00003garden|1027|1|2,1026,2,20,,,00003garden,,8,0,0
C2b-INJECTION,0.0,00003garden|1027|1|2,1026,2,1,,,00003garden,,9,0,0
C2b-INJECTION,0.0,00003garden|1027|1|2,1026,2,2,,,00003garden,,9,0,0
C2b-INJECTION,0.0,00003garden|1027|1|2,1026,2,3,,,00003garden,,9,0,0
C2b-INJECTION,0.0,00003garden|1027|1|2,1026,2,4,,,00003garden,,9,0,0
C2b-INJECTION,0.0,00003garden|1027|1|2,1026,2,5,,,00003garden,,8,0,0
C2b-INJECTION,0.0,00003garden|1027|1|2,1026,2,6,,,00003garden,,10,0,0
C2b-INJECTION,0.0,00003garden|1027|1|2,1026,2,7,,,00003garden,,10,0,0
C2b-INJECTION,0.0,00003garden|1027|1|2,1026,2,8,,,00003garden,,10,0,0
C2b-INJECTION,0.0,00003garden|1027|1|2,1026,2,9,,,00003garden,,10,0,0
C2b-INJECTION,0.0,00003garden|1027|1|2,1026,2,10,,,00003garden,,10,0,0
C2b-INJECTION,0.0,00003garden|1027|1|2,1026,2,11,,,00003garden,,10,0,0
C2b-INJECTION,0.0,00003garden|1027|1|2,1026,2,12,,,00003garden,,8,0,0
C2b-INJECTION,0.0,00003garden|1027|1|2,1026,2,13,,,00003garden,,8,0,0
C2b-INJECTION,0.0,00003garden|1027|1|2,1026,2,14,,,00003garden,,9,0,0
C2b-INJECTION,0.0,00003garden|1027|1|2,1026,2,15,,,00003garden,,8,0,0
C2b-INJECTION,0.0,00003garden|1027|1|2,1026,2,16,,,00003garden,,9,0,0
C2b-INJECTION,0.0,00003garden|1027|1|2,1026,2,17,,,00003garden,,9,0,0
C2b-INJECTION,0.0,00003garden|1027|1|2,1026,2,18,,,00003garden,,9,0,0
C2b-INJECTION,0.0,00003garden|1027|1|2,1026,2,19,,,00003garden,,9,0,0
C2b-INJECTION,0.0,00003garden|1027|1|2,1026,2,20,,,00003garden,,8,0,0
_META,,00003garden|1027|1|2,1026,2,0,omitted_for_runtime,omitted_for_runtime,00003garden,,,0,
SHAM,0.0,00003garden|1052|1|3,1051,5,1,,,00003garden,,9,0,0
SHAM,0.0,00003garden|1052|1|3,1051,5,2,,,00003garden,,10,0,0
SHAM,0.0,00003garden|1052|1|3,1051,5,3,,,00003garden,,10,0,0
SHAM,0.0,00003garden|1052|1|3,1051,5,4,,,00003garden,,10,0,0
SHAM,0.0,00003garden|1052|1|3,1051,5,5,,,00003garden,,10,0,0
SHAM,0.0,00003garden|1052|1|3,1051,5,6,,,00003garden,,10,0,0
SHAM,0.0,00003garden|1052|1|3,1051,5,7,,,00003garden,,10,0,0
SHAM,0.0,00003garden|1052|1|3,1051,5,8,,,00003garden,,10,0,0
SHAM,0.0,00003garden|1052|1|3,1051,5,9,,,00003garden,,10,0,0
SHAM,0.0,00003garden|1052|1|3,1051,5,10,,,00003garden,,10,0,0
SHAM,0.0,00003garden|1052|1|3,1051,5,11,,,00003garden,,9,0,0
SHAM,0.0,00003garden|1052|1|3,1051,5,12,,,00003garden,,10,0,0
SHAM,0.0,00003garden|1052|1|3,1051,5,13,,,00003garden,,10,0,0
SHAM,0.0,00003garden|1052|1|3,1051,5,14,,,00003garden,,10,0,0
SHAM,0.0,00003garden|1052|1|3,1051,5,15,,,00003garden,,10,0,0
SHAM,0.0,00003garden|1052|1|3,1051,5,16,,,00003garden,,9,0,0
SHAM,0.0,00003garden|1052|1|3,1051,5,17,,,00003garden,,10,0,0
SHAM,0.0,00003garden|1052|1|3,1051,5,18,,,00003garden,,9,0,0
SHAM,0.0,00003garden|1052|1|3,1051,5,19,,,00003garden,,8,0,0
SHAM,0.0,00003garden|1052|1|3,1051,5,20,,,00003garden,,9,0,0
C2b-INJECTION,0.0,00003garden|1052|1|3,1051,5,1,,,00003garden,,9,0,0
C2b-INJECTION,0.0,00003garden|1052|1|3,1051,5,2,,,00003garden,,10,0,0
C2b-INJECTION,0.0,00003garden|1052|1|3,1051,5,3,,,00003garden,,10,0,0
C2b-INJECTION,0.0,00003garden|1052|1|3,1051,5,4,,,00003garden,,10,0,0
C2b-INJECTION,0.0,00003garden|1052|1|3,1051,5,5,,,00003garden,,10,0,0
C2b-INJECTION,0.0,00003garden|1052|1|3,1051,5,6,,,00003garden,,10,0,0
C2b-INJECTION,0.0,00003garden|1052|1|3,1051,5,7,,,00003garden,,10,0,0
C2b-INJECTION,0.0,00003garden|1052|1|3,1051,5,8,,,00003garden,,10,0,0
C2b-INJECTION,0.0,00003garden|1052|1|3,1051,5,9,,,00003garden,,10,0,0
C2b-INJECTION,0.0,00003garden|1052|1|3,1051,5,10,,,00003garden,,10,0,0
C2b-INJECTION,0.0,00003garden|1052|1|3,1051,5,11,,,00003garden,,10,0,0
C2b-INJECTION,0.0,00003garden|1052|1|3,1051,5,12,,,00003garden,,10,0,0
C2b-INJECTION,0.0,00003garden|1052|1|3,1051,5,13,,,00003garden,,10,0,0
C2b-INJECTION,0.0,00003garden|1052|1|3,1051,5,14,,,00003garden,,10,0,0
C2b-INJECTION,0.0,00003garden|1052|1|3,1051,5,15,,,00003garden,,10,0,0
C2b-INJECTION,0.0,00003garden|1052|1|3,1051,5,16,,,00003garden,,9,0,0
C2b-INJECTION,0.0,00003garden|1052|1|3,1051,5,17,,,00003garden,,10,0,0
C2b-INJECTION,0.0,00003garden|1052|1|3,1051,5,18,,,00003garden,,9,0,0
C2b-INJECTION,0.0,00003garden|1052|1|3,1051,5,19,,,00003garden,,8,0,0
C2b-INJECTION,0.0,00003garden|1052|1|3,1051,5,20,,,00003garden,,9,0,0
_META,,00003garden|1052|1|3,1051,5,0,omitted_for_runtime,omitted_for_runtime,00003garden,,,0,
SHAM,0.0,00003garden|1052|1|5,1051,3,1,,,00003garden,,9,0,0
SHAM,0.0,00003garden|1052|1|5,1051,3,2,,,00003garden,,10,0,0
SHAM,0.0,00003garden|1052|1|5,1051,3,3,,,00003garden,,10,0,0
SHAM,0.0,00003garden|1052|1|5,1051,3,4,,,00003garden,,10,0,0
SHAM,0.0,00003garden|1052|1|5,1051,3,5,,,00003garden,,10,0,0
SHAM,0.0,00003garden|1052|1|5,1051,3,6,,,00003garden,,10,0,0
SHAM,0.0,00003garden|1052|1|5,1051,3,7,,,00003garden,,10,0,0
SHAM,0.0,00003garden|1052|1|5,1051,3,8,,,00003garden,,10,0,0
SHAM,0.0,00003garden|1052|1|5,1051,3,9,,,00003garden,,10,0,0
SHAM,0.0,00003garden|1052|1|5,1051,3,10,,,00003garden,,10,0,0
SHAM,0.0,00003garden|1052|1|5,1051,3,11,,,00003garden,,9,0,0
SHAM,0.0,00003garden|1052|1|5,1051,3,12,,,00003garden,,10,0,0
SHAM,0.0,00003garden|1052|1|5,1051,3,13,,,00003garden,,10,0,0
SHAM,0.0,00003garden|1052|1|5,1051,3,14,,,00003garden,,10,0,0
SHAM,0.0,00003garden|1052|1|5,1051,3,15,,,00003garden,,10,0,0
SHAM,0.0,00003garden|1052|1|5,1051,3,16,,,00003garden,,9,0,0
SHAM,0.0,00003garden|1052|1|5,1051,3,17,,,00003garden,,10,0,0
SHAM,0.0,00003garden|1052|1|5,1051,3,18,,,00003garden,,9,0,0
SHAM,0.0,00003garden|1052|1|5,1051,3,19,,,00003garden,,8,0,0
SHAM,0.0,00003garden|1052|1|5,1051,3,20,,,00003garden,,9,0,0
C2b-INJECTION,0.0,00003garden|1052|1|5,1051,3,1,,,00003garden,,9,0,0
C2b-INJECTION,0.0,00003garden|1052|1|5,1051,3,2,,,00003garden,,10,0,0
C2b-INJECTION,0.0,00003garden|1052|1|5,1051,3,3,,,00003garden,,10,0,0
C2b-INJECTION,0.0,00003garden|1052|1|5,1051,3,4,,,00003garden,,10,0,0
C2b-INJECTION,0.0,00003garden|1052|1|5,1051,3,5,,,00003garden,,10,0,0
C2b-INJECTION,0.0,00003garden|1052|1|5,1051,3,6,,,00003garden,,10,0,0
C2b-INJECTION,0.0,00003garden|1052|1|5,1051,3,7,,,00003garden,,10,0,0
C2b-INJECTION,0.0,00003garden|1052|1|5,1051,3,8,,,00003garden,,10,0,0
C2b-INJECTION,0.0,00003garden|1052|1|5,1051,3,9,,,00003garden,,10,0,0
C2b-INJECTION,0.0,00003garden|1052|1|5,1051,3,10,,,00003garden,,10,0,0
C2b-INJECTION,0.0,00003garden|1052|1|5,1051,3,11,,,00003garden,,10,0,0
C2b-INJECTION,0.0,00003garden|1052|1|5,1051,3,12,,,00003garden,,10,0,0
C2b-INJECTION,0.0,00003garden|1052|1|5,1051,3,13,,,00003garden,,10,0,0
C2b-INJECTION,0.0,00003garden|1052|1|5,1051,3,14,,,00003garden,,10,0,0
C2b-INJECTION,0.0,00003garden|1052|1|5,1051,3,15,,,00003garden,,10,0,0
C2b-INJECTION,0.0,00003garden|1052|1|5,1051,3,16,,,00003garden,,9,0,0
C2b-INJECTION,0.0,00003garden|1052|1|5,1051,3,17,,,00003garden,,10,0,0
C2b-INJECTION,0.0,00003garden|1052|1|5,1051,3,18,,,00003garden,,9,0,0
C2b-INJECTION,0.0,00003garden|1052|1|5,1051,3,19,,,00003garden,,8,0,0
C2b-INJECTION,0.0,00003garden|1052|1|5,1051,3,20,,,00003garden,,9,0,0
_META,,00003garden|1052|1|5,1051,3,0,omitted_for_runtime,omitted_for_runtime,00003garden,,,0,
SHAM,0.0,00003garden|1105|1|1,1104,6,1,,,00003garden,,8,0,0
SHAM,0.0,00003garden|1105|1|1,1104,6,2,,,00003garden,,8,0,0
SHAM,0.0,00003garden|1105|1|1,1104,6,3,,,00003garden,,8,0,0
SHAM,0.0,00003garden|1105|1|1,1104,6,4,,,00003garden,,8,0,0
SHAM,0.0,00003garden|1105|1|1,1104,6,5,,,00003garden,,8,0,0
SHAM,0.0,00003garden|1105|1|1,1104,6,6,,,00003garden,,8,0,0
SHAM,0.0,00003garden|1105|1|1,1104,6,7,,,00003garden,,8,0,0
SHAM,0.0,00003garden|1105|1|1,1104,6,8,,,00003garden,,8,0,0
SHAM,0.0,00003garden|1105|1|1,1104,6,9,,,00003garden,,8,0,0
SHAM,0.0,00003garden|1105|1|1,1104,6,10,,,00003garden,,7,0,0
SHAM,0.0,00003garden|1105|1|1,1104,6,11,,,00003garden,,8,0,0
SHAM,0.0,00003garden|1105|1|1,1104,6,12,,,00003garden,,8,0,0
SHAM,0.0,00003garden|1105|1|1,1104,6,13,,,00003garden,,8,0,0
SHAM,0.0,00003garden|1105|1|1,1104,6,14,,,00003garden,,8,0,0
SHAM,0.0,00003garden|1105|1|1,1104,6,15,,,00003garden,,8,0,0
SHAM,0.0,00003garden|1105|1|1,1104,6,16,,,00003garden,,8,0,0
SHAM,0.0,00003garden|1105|1|1,1104,6,17,,,00003garden,,8,0,0
SHAM,0.0,00003garden|1105|1|1,1104,6,18,,,00003garden,,8,0,0
SHAM,0.0,00003garden|1105|1|1,1104,6,19,,,00003garden,,8,0,0
SHAM,0.0,00003garden|1105|1|1,1104,6,20,,,00003garden,,8,0,0
C2b-INJECTION,0.0,00003garden|1105|1|1,1104,6,1,,,00003garden,,8,0,0
C2b-INJECTION,0.0,00003garden|1105|1|1,1104,6,2,,,00003garden,,8,0,0
C2b-INJECTION,0.0,00003garden|1105|1|1,1104,6,3,,,00003garden,,8,0,0
C2b-INJECTION,0.0,00003garden|1105|1|1,1104,6,4,,,00003garden,,8,0,0
C2b-INJECTION,0.0,00003garden|1105|1|1,1104,6,5,,,00003garden,,8,0,0
C2b-INJECTION,0.0,00003garden|1105|1|1,1104,6,6,,,00003garden,,8,0,0
C2b-INJECTION,0.0,00003garden|1105|1|1,1104,6,7,,,00003garden,,8,0,0
C2b-INJECTION,0.0,00003garden|1105|1|1,1104,6,8,,,00003garden,,8,0,0
C2b-INJECTION,0.0,00003garden|1105|1|1,1104,6,9,,,00003garden,,8,0,0
C2b-INJECTION,0.0,00003garden|1105|1|1,1104,6,10,,,00003garden,,7,0,0
C2b-INJECTION,0.0,00003garden|1105|1|1,1104,6,11,,,00003garden,,8,0,0
C2b-INJECTION,0.0,00003garden|1105|1|1,1104,6,12,,,00003garden,,8,0,0
C2b-INJECTION,0.0,00003garden|1105|1|1,1104,6,13,,,00003garden,,8,0,0
C2b-INJECTION,0.0,00003garden|1105|1|1,1104,6,14,,,00003garden,,8,0,0
C2b-INJECTION,0.0,00003garden|1105|1|1,1104,6,15,,,00003garden,,8,0,0
C2b-INJECTION,0.0,00003garden|1105|1|1,1104,6,16,,,00003garden,,8,0,0
C2b-INJECTION,0.0,00003garden|1105|1|1,1104,6,17,,,00003garden,,8,0,0
C2b-INJECTION,0.0,00003garden|1105|1|1,1104,6,18,,,00003garden,,8,0,0
C2b-INJECTION,0.0,00003garden|1105|1|1,1104,6,19,,,00003garden,,8,0,0
C2b-INJECTION,0.0,00003garden|1105|1|1,1104,6,20,,,00003garden,,8,0,0
_META,,00003garden|1105|1|1,1104,6,0,omitted_for_runtime,omitted_for_runtime,00003garden,,,0,
SHAM,0.0,00003garden|1112|1|1,1111,4,1,,,00003garden,,8,0,0
SHAM,0.0,00003garden|1112|1|1,1111,4,2,,,00003garden,,8,0,0
SHAM,0.0,00003garden|1112|1|1,1111,4,3,,,00003garden,,7,0,0
SHAM,0.0,00003garden|1112|1|1,1111,4,4,,,00003garden,,8,0,0
SHAM,0.0,00003garden|1112|1|1,1111,4,5,,,00003garden,,8,0,0
SHAM,0.0,00003garden|1112|1|1,1111,4,6,,,00003garden,,8,0,0
SHAM,0.0,00003garden|1112|1|1,1111,4,7,,,00003garden,,8,0,0
SHAM,0.0,00003garden|1112|1|1,1111,4,8,,,00003garden,,8,0,0
SHAM,0.0,00003garden|1112|1|1,1111,4,9,,,00003garden,,8,0,0
SHAM,0.0,00003garden|1112|1|1,1111,4,10,,,00003garden,,8,0,0
SHAM,0.0,00003garden|1112|1|1,1111,4,11,,,00003garden,,8,0,0
SHAM,0.0,00003garden|1112|1|1,1111,4,12,,,00003garden,,8,0,0
SHAM,0.0,00003garden|1112|1|1,1111,4,13,,,00003garden,,8,0,0
SHAM,0.0,00003garden|1112|1|1,1111,4,14,,,00003garden,,8,0,0
SHAM,0.0,00003garden|1112|1|1,1111,4,15,,,00003garden,,8,0,0
SHAM,0.0,00003garden|1112|1|1,1111,4,16,,,00003garden,,7,0,0
SHAM,0.0,00003garden|1112|1|1,1111,4,17,,,00003garden,,7,0,0
SHAM,0.0,00003garden|1112|1|1,1111,4,18,,,00003garden,,7,0,0
SHAM,0.0,00003garden|1112|1|1,1111,4,19,,,00003garden,,7,0,0
SHAM,0.0,00003garden|1112|1|1,1111,4,20,,,00003garden,,8,0,0
C2b-INJECTION,0.0,00003garden|1112|1|1,1111,4,1,,,00003garden,,8,0,0
C2b-INJECTION,0.0,00003garden|1112|1|1,1111,4,2,,,00003garden,,8,0,0
C2b-INJECTION,0.0,00003garden|1112|1|1,1111,4,3,,,00003garden,,7,0,0
C2b-INJECTION,0.0,00003garden|1112|1|1,1111,4,4,,,00003garden,,8,0,0
C2b-INJECTION,0.0,00003garden|1112|1|1,1111,4,5,,,00003garden,,8,0,0
C2b-INJECTION,0.0,00003garden|1112|1|1,1111,4,6,,,00003garden,,8,0,0
C2b-INJECTION,0.0,00003garden|1112|1|1,1111,4,7,,,00003garden,,8,0,0
C2b-INJECTION,0.0,00003garden|1112|1|1,1111,4,8,,,00003garden,,8,0,0
C2b-INJECTION,0.0,00003garden|1112|1|1,1111,4,9,,,00003garden,,8,0,0
C2b-INJECTION,0.0,00003garden|1112|1|1,1111,4,10,,,00003garden,,8,0,0
C2b-INJECTION,0.0,00003garden|1112|1|1,1111,4,11,,,00003garden,,8,0,0
C2b-INJECTION,0.0,00003garden|1112|1|1,1111,4,12,,,00003garden,,8,0,0
C2b-INJECTION,0.0,00003garden|1112|1|1,1111,4,13,,,00003garden,,8,0,0
C2b-INJECTION,0.0,00003garden|1112|1|1,1111,4,14,,,00003garden,,8,0,0
C2b-INJECTION,0.0,00003garden|1112|1|1,1111,4,15,,,00003garden,,8,0,0
C2b-INJECTION,0.0,00003garden|1112|1|1,1111,4,16,,,00003garden,,7,0,0
C2b-INJECTION,0.0,00003garden|1112|1|1,1111,4,17,,,00003garden,,7,0,0
C2b-INJECTION,0.0,00003garden|1112|1|1,1111,4,18,,,00003garden,,7,0,0
C2b-INJECTION,0.0,00003garden|1112|1|1,1111,4,19,,,00003garden,,7,0,0
C2b-INJECTION,0.0,00003garden|1112|1|1,1111,4,20,,,00003garden,,8,0,0
_META,,00003garden|1112|1|1,1111,4,0,omitted_for_runtime,omitted_for_runtime,00003garden,,,0,
SHAM,0.0,00003garden|1161|1|0,1160,4,1,,,00003garden,,7,0,0
SHAM,0.0,00003garden|1161|1|0,1160,4,2,,,00003garden,,7,0,0
SHAM,0.0,00003garden|1161|1|0,1160,4,3,,,00003garden,,7,0,0
SHAM,0.0,00003garden|1161|1|0,1160,4,4,,,00003garden,,7,0,0
SHAM,0.0,00003garden|1161|1|0,1160,4,5,,,00003garden,,7,0,0
SHAM,0.0,00003garden|1161|1|0,1160,4,6,,,00003garden,,7,0,0
SHAM,0.0,00003garden|1161|1|0,1160,4,7,,,00003garden,,7,0,0
SHAM,0.0,00003garden|1161|1|0,1160,4,8,,,00003garden,,7,0,0
SHAM,0.0,00003garden|1161|1|0,1160,4,9,,,00003garden,,7,0,0
SHAM,0.0,00003garden|1161|1|0,1160,4,10,,,00003garden,,7,0,0
SHAM,0.0,00003garden|1161|1|0,1160,4,11,,,00003garden,,7,0,0
SHAM,0.0,00003garden|1161|1|0,1160,4,12,,,00003garden,,7,0,0
SHAM,0.0,00003garden|1161|1|0,1160,4,13,,,00003garden,,7,0,0
SHAM,0.0,00003garden|1161|1|0,1160,4,14,,,00003garden,,7,0,0
SHAM,0.0,00003garden|1161|1|0,1160,4,15,,,00003garden,,7,0,0
SHAM,0.0,00003garden|1161|1|0,1160,4,16,,,00003garden,,7,0,0
SHAM,0.0,00003garden|1161|1|0,1160,4,17,,,00003garden,,7,0,0
SHAM,0.0,00003garden|1161|1|0,1160,4,18,,,00003garden,,7,0,0
SHAM,0.0,00003garden|1161|1|0,1160,4,19,,,00003garden,,7,0,0
SHAM,0.0,00003garden|1161|1|0,1160,4,20,,,00003garden,,7,0,0
C2b-INJECTION,0.0,00003garden|1161|1|0,1160,4,1,,,00003garden,,7,0,0
C2b-INJECTION,0.0,00003garden|1161|1|0,1160,4,2,,,00003garden,,7,0,0
C2b-INJECTION,0.0,00003garden|1161|1|0,1160,4,3,,,00003garden,,7,0,0
C2b-INJECTION,0.0,00003garden|1161|1|0,1160,4,4,,,00003garden,,7,0,0
C2b-INJECTION,0.0,00003garden|1161|1|0,1160,4,5,,,00003garden,,7,0,0
C2b-INJECTION,0.0,00003garden|1161|1|0,1160,4,6,,,00003garden,,7,0,0
C2b-INJECTION,0.0,00003garden|1161|1|0,1160,4,7,,,00003garden,,7,0,0
C2b-INJECTION,0.0,00003garden|1161|1|0,1160,4,8,,,00003garden,,7,0,0
C2b-INJECTION,0.0,00003garden|1161|1|0,1160,4,9,,,00003garden,,7,0,0
C2b-INJECTION,0.0,00003garden|1161|1|0,1160,4,10,,,00003garden,,7,0,0
C2b-INJECTION,0.0,00003garden|1161|1|0,1160,4,11,,,00003garden,,7,0,0
C2b-INJECTION,0.0,00003garden|1161|1|0,1160,4,12,,,00003garden,,7,0,0
C2b-INJECTION,0.0,00003garden|1161|1|0,1160,4,13,,,00003garden,,7,0,0
C2b-INJECTION,0.0,00003garden|1161|1|0,1160,4,14,,,00003garden,,7,0,0
C2b-INJECTION,0.0,00003garden|1161|1|0,1160,4,15,,,00003garden,,7,0,0
C2b-INJECTION,0.0,00003garden|1161|1|0,1160,4,16,,,00003garden,,7,0,0
C2b-INJECTION,0.0,00003garden|1161|1|0,1160,4,17,,,00003garden,,7,0,0
C2b-INJECTION,0.0,00003garden|1161|1|0,1160,4,18,,,00003garden,,7,0,0
C2b-INJECTION,0.0,00003garden|1161|1|0,1160,4,19,,,00003garden,,7,0,0
C2b-INJECTION,0.0,00003garden|1161|1|0,1160,4,20,,,00003garden,,7,0,0
_META,,00003garden|1161|1|0,1160,4,0,omitted_for_runtime,omitted_for_runtime,00003garden,,,0,
SHAM,0.0,00003garden|1191|1|2,1190,2,1,,,00003garden,,7,0,0
SHAM,0.0,00003garden|1191|1|2,1190,2,2,,,00003garden,,7,0,0
SHAM,0.0,00003garden|1191|1|2,1190,2,3,,,00003garden,,7,0,0
SHAM,0.0,00003garden|1191|1|2,1190,2,4,,,00003garden,,7,0,0
SHAM,0.0,00003garden|1191|1|2,1190,2,5,,,00003garden,,7,0,0
SHAM,0.0,00003garden|1191|1|2,1190,2,6,,,00003garden,,7,0,0
SHAM,0.0,00003garden|1191|1|2,1190,2,7,,,00003garden,,7,0,0
SHAM,0.0,00003garden|1191|1|2,1190,2,8,,,00003garden,,7,0,0
SHAM,0.0,00003garden|1191|1|2,1190,2,9,,,00003garden,,7,0,0
SHAM,0.0,00003garden|1191|1|2,1190,2,10,,,00003garden,,7,0,0
SHAM,0.0,00003garden|1191|1|2,1190,2,11,,,00003garden,,7,0,0
SHAM,0.0,00003garden|1191|1|2,1190,2,12,,,00003garden,,7,0,0
SHAM,0.0,00003garden|1191|1|2,1190,2,13,,,00003garden,,7,0,0
SHAM,0.0,00003garden|1191|1|2,1190,2,14,,,00003garden,,7,0,0
SHAM,0.0,00003garden|1191|1|2,1190,2,15,,,00003garden,,7,0,0
SHAM,0.0,00003garden|1191|1|2,1190,2,16,,,00003garden,,6,0,0
SHAM,0.0,00003garden|1191|1|2,1190,2,17,,,00003garden,,7,0,0
SHAM,0.0,00003garden|1191|1|2,1190,2,18,,,00003garden,,7,0,0
SHAM,0.0,00003garden|1191|1|2,1190,2,19,,,00003garden,,7,0,0
SHAM,0.0,00003garden|1191|1|2,1190,2,20,,,00003garden,,7,0,0
C2b-INJECTION,0.0,00003garden|1191|1|2,1190,2,1,,,00003garden,,7,0,0
C2b-INJECTION,0.0,00003garden|1191|1|2,1190,2,2,,,00003garden,,7,0,0
C2b-INJECTION,0.0,00003garden|1191|1|2,1190,2,3,,,00003garden,,7,0,0
C2b-INJECTION,0.0,00003garden|1191|1|2,1190,2,4,,,00003garden,,7,0,0
C2b-INJECTION,0.0,00003garden|1191|1|2,1190,2,5,,,00003garden,,7,0,0
C2b-INJECTION,0.0,00003garden|1191|1|2,1190,2,6,,,00003garden,,7,0,0
C2b-INJECTION,0.0,00003garden|1191|1|2,1190,2,7,,,00003garden,,7,0,0
C2b-INJECTION,0.0,00003garden|1191|1|2,1190,2,8,,,00003garden,,7,0,0
C2b-INJECTION,0.0,00003garden|1191|1|2,1190,2,9,,,00003garden,,7,0,0
C2b-INJECTION,0.0,00003garden|1191|1|2,1190,2,10,,,00003garden,,7,0,0
C2b-INJECTION,0.0,00003garden|1191|1|2,1190,2,11,,,00003garden,,7,0,0
C2b-INJECTION,0.0,00003garden|1191|1|2,1190,2,12,,,00003garden,,7,0,0
C2b-INJECTION,0.0,00003garden|1191|1|2,1190,2,13,,,00003garden,,7,0,0
C2b-INJECTION,0.0,00003garden|1191|1|2,1190,2,14,,,00003garden,,7,0,0
C2b-INJECTION,0.0,00003garden|1191|1|2,1190,2,15,,,00003garden,,7,0,0
C2b-INJECTION,0.0,00003garden|1191|1|2,1190,2,16,,,00003garden,,6,0,0
C2b-INJECTION,0.0,00003garden|1191|1|2,1190,2,17,,,00003garden,,7,0,0
C2b-INJECTION,0.0,00003garden|1191|1|2,1190,2,18,,,00003garden,,7,0,0
C2b-INJECTION,0.0,00003garden|1191|1|2,1190,2,19,,,00003garden,,7,0,0
C2b-INJECTION,0.0,00003garden|1191|1|2,1190,2,20,,,00003garden,,7,0,0
_META,,00003garden|1191|1|2,1190,2,0,omitted_for_runtime,omitted_for_runtime,00003garden,,,0,
SHAM,0.0,00003garden|1228|1|3,1227,6,1,,,00003garden,,6,0,0
SHAM,0.0,00003garden|1228|1|3,1227,6,2,,,00003garden,,6,0,0
SHAM,0.0,00003garden|1228|1|3,1227,6,3,,,00003garden,,6,0,0
SHAM,0.0,00003garden|1228|1|3,1227,6,4,,,00003garden,,7,0,0
SHAM,0.0,00003garden|1228|1|3,1227,6,5,,,00003garden,,7,0,0
SHAM,0.0,00003garden|1228|1|3,1227,6,6,,,00003garden,,7,0,0
SHAM,0.0,00003garden|1228|1|3,1227,6,7,,,00003garden,,7,0,0
SHAM,0.0,00003garden|1228|1|3,1227,6,8,,,00003garden,,7,0,0
SHAM,0.0,00003garden|1228|1|3,1227,6,9,,,00003garden,,7,0,0
SHAM,0.0,00003garden|1228|1|3,1227,6,10,,,00003garden,,7,0,0
SHAM,0.0,00003garden|1228|1|3,1227,6,11,,,00003garden,,7,0,0
SHAM,0.0,00003garden|1228|1|3,1227,6,12,,,00003garden,,7,0,0
SHAM,0.0,00003garden|1228|1|3,1227,6,13,,,00003garden,,7,0,0
SHAM,0.0,00003garden|1228|1|3,1227,6,14,,,00003garden,,7,0,0
SHAM,0.0,00003garden|1228|1|3,1227,6,15,,,00003garden,,7,0,0
SHAM,0.0,00003garden|1228|1|3,1227,6,16,,,00003garden,,7,0,0
SHAM,0.0,00003garden|1228|1|3,1227,6,17,,,00003garden,,7,0,0
SHAM,0.0,00003garden|1228|1|3,1227,6,18,,,00003garden,,7,0,0
SHAM,0.0,00003garden|1228|1|3,1227,6,19,,,00003garden,,7,0,0
SHAM,0.0,00003garden|1228|1|3,1227,6,20,,,00003garden,,7,0,0
C2b-INJECTION,0.0,00003garden|1228|1|3,1227,6,1,,,00003garden,,6,0,0
C2b-INJECTION,0.0,00003garden|1228|1|3,1227,6,2,,,00003garden,,6,0,0
C2b-INJECTION,0.0,00003garden|1228|1|3,1227,6,3,,,00003garden,,6,0,0
C2b-INJECTION,0.0,00003garden|1228|1|3,1227,6,4,,,00003garden,,7,0,0
C2b-INJECTION,0.0,00003garden|1228|1|3,1227,6,5,,,00003garden,,7,0,0
C2b-INJECTION,0.0,00003garden|1228|1|3,1227,6,6,,,00003garden,,7,0,0
C2b-INJECTION,0.0,00003garden|1228|1|3,1227,6,7,,,00003garden,,7,0,0
C2b-INJECTION,0.0,00003garden|1228|1|3,1227,6,8,,,00003garden,,7,0,0
C2b-INJECTION,0.0,00003garden|1228|1|3,1227,6,9,,,00003garden,,7,0,0
C2b-INJECTION,0.0,00003garden|1228|1|3,1227,6,10,,,00003garden,,7,0,0
C2b-INJECTION,0.0,00003garden|1228|1|3,1227,6,11,,,00003garden,,7,0,0
C2b-INJECTION,0.0,00003garden|1228|1|3,1227,6,12,,,00003garden,,7,0,0
C2b-INJECTION,0.0,00003garden|1228|1|3,1227,6,13,,,00003garden,,7,0,0
C2b-INJECTION,0.0,00003garden|1228|1|3,1227,6,14,,,00003garden,,7,0,0
C2b-INJECTION,0.0,00003garden|1228|1|3,1227,6,15,,,00003garden,,7,0,0
C2b-INJECTION,0.0,00003garden|1228|1|3,1227,6,16,,,00003garden,,7,0,0
C2b-INJECTION,0.0,00003garden|1228|1|3,1227,6,17,,,00003garden,,7,0,0
C2b-INJECTION,0.0,00003garden|1228|1|3,1227,6,18,,,00003garden,,7,0,0
C2b-INJECTION,0.0,00003garden|1228|1|3,1227,6,19,,,00003garden,,7,0,0
C2b-INJECTION,0.0,00003garden|1228|1|3,1227,6,20,,,00003garden,,7,0,0
_META,,00003garden|1228|1|3,1227,6,0,omitted_for_runtime,omitted_for_runtime,00003garden,,,0,
SHAM,0.0,00003garden|1287|1|3,1286,6,1,,,00003garden,,7,0,0
SHAM,0.125,00003garden|1287|1|3,1286,6,2,,,00003garden,,8,0,1
SHAM,0.125,00003garden|1287|1|3,1286,6,3,,,00003garden,,8,0,1
SHAM,0.0,00003garden|1287|1|3,1286,6,4,,,00003garden,,6,0,0
SHAM,0.14285714285714285,00003garden|1287|1|3,1286,6,5,,,00003garden,,7,0,1
SHAM,0.125,00003garden|1287|1|3,1286,6,6,,,00003garden,,8,0,1
SHAM,0.125,00003garden|1287|1|3,1286,6,7,,,00003garden,,8,0,1
SHAM,0.125,00003garden|1287|1|3,1286,6,8,,,00003garden,,8,0,1
SHAM,0.125,00003garden|1287|1|3,1286,6,9,,,00003garden,,8,0,1
SHAM,0.125,00003garden|1287|1|3,1286,6,10,,,00003garden,,8,0,1
SHAM,0.125,00003garden|1287|1|3,1286,6,11,,,00003garden,,8,0,1
SHAM,0.125,00003garden|1287|1|3,1286,6,12,,,00003garden,,8,0,1
SHAM,0.125,00003garden|1287|1|3,1286,6,13,,,00003garden,,8,0,1
SHAM,0.125,00003garden|1287|1|3,1286,6,14,,,00003garden,,8,0,1
SHAM,0.125,00003garden|1287|1|3,1286,6,15,,,00003garden,,8,0,1
SHAM,0.125,00003garden|1287|1|3,1286,6,16,,,00003garden,,8,0,1
SHAM,0.125,00003garden|1287|1|3,1286,6,17,,,00003garden,,8,0,1
SHAM,0.0,00003garden|1287|1|3,1286,6,18,,,00003garden,,8,0,0
SHAM,0.0,00003garden|1287|1|3,1286,6,19,,,00003garden,,8,0,0
SHAM,0.0,00003garden|1287|1|3,1286,6,20,,,00003garden,,8,0,0
C2b-INJECTION,0.0,00003garden|1287|1|3,1286,6,1,,,00003garden,,7,0,0
C2b-INJECTION,0.14285714285714285,00003garden|1287|1|3,1286,6,2,,,00003garden,,7,0,1
C2b-INJECTION,0.125,00003garden|1287|1|3,1286,6,3,,,00003garden,,8,0,1
C2b-INJECTION,0.14285714285714285,00003garden|1287|1|3,1286,6,4,,,00003garden,,7,0,1
C2b-INJECTION,0.14285714285714285,00003garden|1287|1|3,1286,6,5,,,00003garden,,7,0,1
C2b-INJECTION,0.125,00003garden|1287|1|3,1286,6,6,,,00003garden,,8,0,1
C2b-INJECTION,0.125,00003garden|1287|1|3,1286,6,7,,,00003garden,,8,0,1
C2b-INJECTION,0.125,00003garden|1287|1|3,1286,6,8,,,00003garden,,8,0,1
C2b-INJECTION,0.125,00003garden|1287|1|3,1286,6,9,,,00003garden,,8,0,1
C2b-INJECTION,0.125,00003garden|1287|1|3,1286,6,10,,,00003garden,,8,0,1
C2b-INJECTION,0.125,00003garden|1287|1|3,1286,6,11,,,00003garden,,8,0,1
C2b-INJECTION,0.125,00003garden|1287|1|3,1286,6,12,,,00003garden,,8,0,1
C2b-INJECTION,0.125,00003garden|1287|1|3,1286,6,13,,,00003garden,,8,0,1
C2b-INJECTION,0.125,00003garden|1287|1|3,1286,6,14,,,00003garden,,8,0,1
C2b-INJECTION,0.125,00003garden|1287|1|3,1286,6,15,,,00003garden,,8,0,1
C2b-INJECTION,0.0,00003garden|1287|1|3,1286,6,16,,,00003garden,,8,0,0
C2b-INJECTION,0.0,00003garden|1287|1|3,1286,6,17,,,00003garden,,8,0,0
C2b-INJECTION,0.0,00003garden|1287|1|3,1286,6,18,,,00003garden,,8,0,0
C2b-INJECTION,0.0,00003garden|1287|1|3,1286,6,19,,,00003garden,,8,0,0
C2b-INJECTION,0.0,00003garden|1287|1|3,1286,6,20,,,00003garden,,8,0,0
_META,,00003garden|1287|1|3,1286,6,0,omitted_for_runtime,omitted_for_runtime,00003garden,,,0,
SHAM,0.0,00003garden|1313|1|5,1312,5,1,,,00003garden,,8,0,0
SHAM,0.0,00003garden|1313|1|5,1312,5,2,,,00003garden,,8,0,0
SHAM,0.0,00003garden|1313|1|5,1312,5,3,,,00003garden,,8,0,0
SHAM,0.0,00003garden|1313|1|5,1312,5,4,,,00003garden,,8,0,0
SHAM,0.0,00003garden|1313|1|5,1312,5,5,,,00003garden,,8,0,0
SHAM,0.0,00003garden|1313|1|5,1312,5,6,,,00003garden,,8,0,0
SHAM,0.0,00003garden|1313|1|5,1312,5,7,,,00003garden,,8,0,0
SHAM,0.0,00003garden|1313|1|5,1312,5,8,,,00003garden,,8,0,0
SHAM,0.0,00003garden|1313|1|5,1312,5,9,,,00003garden,,8,0,0
SHAM,0.0,00003garden|1313|1|5,1312,5,10,,,00003garden,,8,0,0
SHAM,0.0,00003garden|1313|1|5,1312,5,11,,,00003garden,,8,0,0
SHAM,0.0,00003garden|1313|1|5,1312,5,12,,,00003garden,,8,0,0
SHAM,0.0,00003garden|1313|1|5,1312,5,13,,,00003garden,,8,0,0
SHAM,0.0,00003garden|1313|1|5,1312,5,14,,,00003garden,,8,0,0
SHAM,0.0,00003garden|1313|1|5,1312,5,15,,,00003garden,,8,0,0
SHAM,0.0,00003garden|1313|1|5,1312,5,16,,,00003garden,,8,0,0
SHAM,0.0,00003garden|1313|1|5,1312,5,17,,,00003garden,,8,0,0
SHAM,0.0,00003garden|1313|1|5,1312,5,18,,,00003garden,,8,0,0
SHAM,0.0,00003garden|1313|1|5,1312,5,19,,,00003garden,,8,0,0
SHAM,0.0,00003garden|1313|1|5,1312,5,20,,,00003garden,,8,0,0
C2b-INJECTION,0.0,00003garden|1313|1|5,1312,5,1,,,00003garden,,8,0,0
C2b-INJECTION,0.0,00003garden|1313|1|5,1312,5,2,,,00003garden,,8,0,0
C2b-INJECTION,0.0,00003garden|1313|1|5,1312,5,3,,,00003garden,,8,0,0
C2b-INJECTION,0.0,00003garden|1313|1|5,1312,5,4,,,00003garden,,8,0,0
C2b-INJECTION,0.0,00003garden|1313|1|5,1312,5,5,,,00003garden,,8,0,0
C2b-INJECTION,0.0,00003garden|1313|1|5,1312,5,6,,,00003garden,,8,0,0
C2b-INJECTION,0.0,00003garden|1313|1|5,1312,5,7,,,00003garden,,8,0,0
C2b-INJECTION,0.0,00003garden|1313|1|5,1312,5,8,,,00003garden,,8,0,0
C2b-INJECTION,0.0,00003garden|1313|1|5,1312,5,9,,,00003garden,,8,0,0
C2b-INJECTION,0.0,00003garden|1313|1|5,1312,5,10,,,00003garden,,8,0,0
C2b-INJECTION,0.0,00003garden|1313|1|5,1312,5,11,,,00003garden,,8,0,0
C2b-INJECTION,0.0,00003garden|1313|1|5,1312,5,12,,,00003garden,,8,0,0
C2b-INJECTION,0.0,00003garden|1313|1|5,1312,5,13,,,00003garden,,8,0,0
C2b-INJECTION,0.0,00003garden|1313|1|5,1312,5,14,,,00003garden,,8,0,0
C2b-INJECTION,0.0,00003garden|1313|1|5,1312,5,15,,,00003garden,,8,0,0
C2b-INJECTION,0.0,00003garden|1313|1|5,1312,5,16,,,00003garden,,8,0,0
C2b-INJECTION,0.0,00003garden|1313|1|5,1312,5,17,,,00003garden,,8,0,0
C2b-INJECTION,0.0,00003garden|1313|1|5,1312,5,18,,,00003garden,,8,0,0
C2b-INJECTION,0.0,00003garden|1313|1|5,1312,5,19,,,00003garden,,8,0,0
C2b-INJECTION,0.0,00003garden|1313|1|5,1312,5,20,,,00003garden,,8,0,0
_META,,00003garden|1313|1|5,1312,5,0,omitted_for_runtime,omitted_for_runtime,00003garden,,,0,
SHAM,0.0,00003garden|1355|2|1,1354,1,1,,,00003garden,,8,1,0
SHAM,0.0,00003garden|1355|2|1,1354,1,2,,,00003garden,,8,1,0
SHAM,0.0,00003garden|1355|2|1,1354,1,3,,,00003garden,,8,1,0
SHAM,0.0,00003garden|1355|2|1,1354,1,4,,,00003garden,,8,1,0
SHAM,0.0,00003garden|1355|2|1,1354,1,5,,,00003garden,,8,1,0
SHAM,0.0,00003garden|1355|2|1,1354,1,6,,,00003garden,,8,1,0
SHAM,0.0,00003garden|1355|2|1,1354,1,7,,,00003garden,,8,1,0
SHAM,0.0,00003garden|1355|2|1,1354,1,8,,,00003garden,,7,1,0
SHAM,0.0,00003garden|1355|2|1,1354,1,9,,,00003garden,,7,1,0
SHAM,0.0,00003garden|1355|2|1,1354,1,10,,,00003garden,,8,1,0
SHAM,0.0,00003garden|1355|2|1,1354,1,11,,,00003garden,,8,1,0
SHAM,0.0,00003garden|1355|2|1,1354,1,12,,,00003garden,,8,1,0
SHAM,0.0,00003garden|1355|2|1,1354,1,13,,,00003garden,,8,1,0
SHAM,0.0,00003garden|1355|2|1,1354,1,14,,,00003garden,,8,1,0
SHAM,0.0,00003garden|1355|2|1,1354,1,15,,,00003garden,,8,1,0
SHAM,0.0,00003garden|1355|2|1,1354,1,16,,,00003garden,,8,1,0
SHAM,0.0,00003garden|1355|2|1,1354,1,17,,,00003garden,,8,1,0
SHAM,0.0,00003garden|1355|2|1,1354,1,18,,,00003garden,,8,1,0
SHAM,0.0,00003garden|1355|2|1,1354,1,19,,,00003garden,,7,1,0
SHAM,0.0,00003garden|1355|2|1,1354,1,20,,,00003garden,,7,1,0
C2b-INJECTION,0.0,00003garden|1355|2|1,1354,1,1,,,00003garden,,8,1,0
C2b-INJECTION,0.0,00003garden|1355|2|1,1354,1,2,,,00003garden,,8,1,0
C2b-INJECTION,0.0,00003garden|1355|2|1,1354,1,3,,,00003garden,,8,1,0
C2b-INJECTION,0.0,00003garden|1355|2|1,1354,1,4,,,00003garden,,8,1,0
C2b-INJECTION,0.0,00003garden|1355|2|1,1354,1,5,,,00003garden,,8,1,0
C2b-INJECTION,0.0,00003garden|1355|2|1,1354,1,6,,,00003garden,,8,1,0
C2b-INJECTION,0.0,00003garden|1355|2|1,1354,1,7,,,00003garden,,8,1,0
C2b-INJECTION,0.0,00003garden|1355|2|1,1354,1,8,,,00003garden,,7,1,0
C2b-INJECTION,0.0,00003garden|1355|2|1,1354,1,9,,,00003garden,,7,1,0
C2b-INJECTION,0.0,00003garden|1355|2|1,1354,1,10,,,00003garden,,8,1,0
C2b-INJECTION,0.0,00003garden|1355|2|1,1354,1,11,,,00003garden,,8,1,0
C2b-INJECTION,0.0,00003garden|1355|2|1,1354,1,12,,,00003garden,,8,1,0
C2b-INJECTION,0.0,00003garden|1355|2|1,1354,1,13,,,00003garden,,8,1,0
C2b-INJECTION,0.0,00003garden|1355|2|1,1354,1,14,,,00003garden,,8,1,0
C2b-INJECTION,0.0,00003garden|1355|2|1,1354,1,15,,,00003garden,,8,1,0
C2b-INJECTION,0.0,00003garden|1355|2|1,1354,1,16,,,00003garden,,8,1,0
C2b-INJECTION,0.0,00003garden|1355|2|1,1354,1,17,,,00003garden,,8,1,0
C2b-INJECTION,0.0,00003garden|1355|2|1,1354,1,18,,,00003garden,,8,1,0
C2b-INJECTION,0.0,00003garden|1355|2|1,1354,1,19,,,00003garden,,7,1,0
C2b-INJECTION,0.0,00003garden|1355|2|1,1354,1,20,,,00003garden,,7,1,0
_META,,00003garden|1355|2|1,1354,1,0,omitted_for_runtime,omitted_for_runtime,00003garden,,,1,
SHAM,0.0,00003garden|1385|1|0,1384,10,1,,,00003garden,,7,0,0
SHAM,0.0,00003garden|1385|1|0,1384,10,2,,,00003garden,,7,0,0
SHAM,0.0,00003garden|1385|1|0,1384,10,3,,,00003garden,,7,0,0
SHAM,0.0,00003garden|1385|1|0,1384,10,4,,,00003garden,,7,0,0
SHAM,0.0,00003garden|1385|1|0,1384,10,5,,,00003garden,,7,0,0
SHAM,0.0,00003garden|1385|1|0,1384,10,6,,,00003garden,,7,0,0
SHAM,0.0,00003garden|1385|1|0,1384,10,7,,,00003garden,,7,0,0
SHAM,0.0,00003garden|1385|1|0,1384,10,8,,,00003garden,,7,0,0
SHAM,0.0,00003garden|1385|1|0,1384,10,9,,,00003garden,,7,0,0
SHAM,0.0,00003garden|1385|1|0,1384,10,10,,,00003garden,,8,0,0
SHAM,0.0,00003garden|1385|1|0,1384,10,11,,,00003garden,,8,0,0
SHAM,0.0,00003garden|1385|1|0,1384,10,12,,,00003garden,,8,0,0
SHAM,0.0,00003garden|1385|1|0,1384,10,13,,,00003garden,,8,0,0
SHAM,0.0,00003garden|1385|1|0,1384,10,14,,,00003garden,,8,0,0
SHAM,0.0,00003garden|1385|1|0,1384,10,15,,,00003garden,,8,0,0
SHAM,0.0,00003garden|1385|1|0,1384,10,16,,,00003garden,,8,0,0
SHAM,0.0,00003garden|1385|1|0,1384,10,17,,,00003garden,,8,0,0
SHAM,0.0,00003garden|1385|1|0,1384,10,18,,,00003garden,,8,0,0
SHAM,0.0,00003garden|1385|1|0,1384,10,19,,,00003garden,,8,0,0
SHAM,0.0,00003garden|1385|1|0,1384,10,20,,,00003garden,,8,0,0
C2b-INJECTION,0.0,00003garden|1385|1|0,1384,10,1,,,00003garden,,7,0,0
C2b-INJECTION,0.0,00003garden|1385|1|0,1384,10,2,,,00003garden,,7,0,0
C2b-INJECTION,0.0,00003garden|1385|1|0,1384,10,3,,,00003garden,,7,0,0
C2b-INJECTION,0.0,00003garden|1385|1|0,1384,10,4,,,00003garden,,7,0,0
C2b-INJECTION,0.0,00003garden|1385|1|0,1384,10,5,,,00003garden,,7,0,0
C2b-INJECTION,0.0,00003garden|1385|1|0,1384,10,6,,,00003garden,,7,0,0
C2b-INJECTION,0.0,00003garden|1385|1|0,1384,10,7,,,00003garden,,7,0,0
C2b-INJECTION,0.0,00003garden|1385|1|0,1384,10,8,,,00003garden,,7,0,0
C2b-INJECTION,0.0,00003garden|1385|1|0,1384,10,9,,,00003garden,,7,0,0
C2b-INJECTION,0.0,00003garden|1385|1|0,1384,10,10,,,00003garden,,8,0,0
C2b-INJECTION,0.0,00003garden|1385|1|0,1384,10,11,,,00003garden,,8,0,0
C2b-INJECTION,0.0,00003garden|1385|1|0,1384,10,12,,,00003garden,,8,0,0
C2b-INJECTION,0.0,00003garden|1385|1|0,1384,10,13,,,00003garden,,8,0,0
C2b-INJECTION,0.0,00003garden|1385|1|0,1384,10,14,,,00003garden,,8,0,0
C2b-INJECTION,0.0,00003garden|1385|1|0,1384,10,15,,,00003garden,,8,0,0
C2b-INJECTION,0.0,00003garden|1385|1|0,1384,10,16,,,00003garden,,8,0,0
C2b-INJECTION,0.0,00003garden|1385|1|0,1384,10,17,,,00003garden,,8,0,0
C2b-INJECTION,0.0,00003garden|1385|1|0,1384,10,18,,,00003garden,,8,0,0
C2b-INJECTION,0.0,00003garden|1385|1|0,1384,10,19,,,00003garden,,8,0,0
C2b-INJECTION,0.0,00003garden|1385|1|0,1384,10,20,,,00003garden,,8,0,0
_META,,00003garden|1385|1|0,1384,10,0,omitted_for_runtime,omitted_for_runtime,00003garden,,,0,
SHAM,0.0,00003garden|1457|1|5,1456,4,1,,,00003garden,,11,0,0
SHAM,0.0,00003garden|1457|1|5,1456,4,2,,,00003garden,,10,0,0
SHAM,0.0,00003garden|1457|1|5,1456,4,3,,,00003garden,,10,0,0
SHAM,0.0,00003garden|1457|1|5,1456,4,4,,,00003garden,,11,0,0
SHAM,0.0,00003garden|1457|1|5,1456,4,5,,,00003garden,,11,0,0
SHAM,0.0,00003garden|1457|1|5,1456,4,6,,,00003garden,,9,0,0
SHAM,0.0,00003garden|1457|1|5,1456,4,7,,,00003garden,,10,0,0
SHAM,0.0,00003garden|1457|1|5,1456,4,8,,,00003garden,,10,0,0
SHAM,0.0,00003garden|1457|1|5,1456,4,9,,,00003garden,,9,0,0
SHAM,0.0,00003garden|1457|1|5,1456,4,10,,,00003garden,,10,0,0
SHAM,0.0,00003garden|1457|1|5,1456,4,11,,,00003garden,,10,0,0
SHAM,0.0,00003garden|1457|1|5,1456,4,12,,,00003garden,,10,0,0
SHAM,0.0,00003garden|1457|1|5,1456,4,13,,,00003garden,,9,0,0
SHAM,0.0,00003garden|1457|1|5,1456,4,14,,,00003garden,,10,0,0
SHAM,0.0,00003garden|1457|1|5,1456,4,15,,,00003garden,,10,0,0
SHAM,0.0,00003garden|1457|1|5,1456,4,16,,,00003garden,,9,0,0
SHAM,0.0,00003garden|1457|1|5,1456,4,17,,,00003garden,,10,0,0
SHAM,0.0,00003garden|1457|1|5,1456,4,18,,,00003garden,,8,0,0
SHAM,0.0,00003garden|1457|1|5,1456,4,19,,,00003garden,,9,0,0
SHAM,0.0,00003garden|1457|1|5,1456,4,20,,,00003garden,,9,0,0
C2b-INJECTION,0.0,00003garden|1457|1|5,1456,4,1,,,00003garden,,11,0,0
C2b-INJECTION,0.0,00003garden|1457|1|5,1456,4,2,,,00003garden,,10,0,0
C2b-INJECTION,0.0,00003garden|1457|1|5,1456,4,3,,,00003garden,,10,0,0
C2b-INJECTION,0.0,00003garden|1457|1|5,1456,4,4,,,00003garden,,11,0,0
C2b-INJECTION,0.0,00003garden|1457|1|5,1456,4,5,,,00003garden,,11,0,0
C2b-INJECTION,0.0,00003garden|1457|1|5,1456,4,6,,,00003garden,,9,0,0
C2b-INJECTION,0.0,00003garden|1457|1|5,1456,4,7,,,00003garden,,10,0,0
C2b-INJECTION,0.0,00003garden|1457|1|5,1456,4,8,,,00003garden,,10,0,0
C2b-INJECTION,0.0,00003garden|1457|1|5,1456,4,9,,,00003garden,,9,0,0
C2b-INJECTION,0.0,00003garden|1457|1|5,1456,4,10,,,00003garden,,10,0,0
C2b-INJECTION,0.0,00003garden|1457|1|5,1456,4,11,,,00003garden,,10,0,0
C2b-INJECTION,0.0,00003garden|1457|1|5,1456,4,12,,,00003garden,,10,0,0
C2b-INJECTION,0.0,00003garden|1457|1|5,1456,4,13,,,00003garden,,9,0,0
C2b-INJECTION,0.0,00003garden|1457|1|5,1456,4,14,,,00003garden,,10,0,0
C2b-INJECTION,0.0,00003garden|1457|1|5,1456,4,15,,,00003garden,,10,0,0
C2b-INJECTION,0.0,00003garden|1457|1|5,1456,4,16,,,00003garden,,9,0,0
C2b-INJECTION,0.0,00003garden|1457|1|5,1456,4,17,,,00003garden,,9,0,0
C2b-INJECTION,0.0,00003garden|1457|1|5,1456,4,18,,,00003garden,,8,0,0
C2b-INJECTION,0.0,00003garden|1457|1|5,1456,4,19,,,00003garden,,9,0,0
C2b-INJECTION,0.0,00003garden|1457|1|5,1456,4,20,,,00003garden,,9,0,0
_META,,00003garden|1457|1|5,1456,4,0,omitted_for_runtime,omitted_for_runtime,00003garden,,,0,
SHAM,0.0,00003garden|1465|1|7,1464,11,1,,,00003garden,,9,0,0
SHAM,0.0,00003garden|1465|1|7,1464,11,2,,,00003garden,,10,0,0
SHAM,0.0,00003garden|1465|1|7,1464,11,3,,,00003garden,,10,0,0
SHAM,0.0,00003garden|1465|1|7,1464,11,4,,,00003garden,,10,0,0
SHAM,0.0,00003garden|1465|1|7,1464,11,5,,,00003garden,,9,0,0
SHAM,0.0,00003garden|1465|1|7,1464,11,6,,,00003garden,,10,0,0
SHAM,0.0,00003garden|1465|1|7,1464,11,7,,,00003garden,,10,0,0
SHAM,0.0,00003garden|1465|1|7,1464,11,8,,,00003garden,,9,0,0
SHAM,0.0,00003garden|1465|1|7,1464,11,9,,,00003garden,,10,0,0
SHAM,0.0,00003garden|1465|1|7,1464,11,10,,,00003garden,,8,0,0
SHAM,0.0,00003garden|1465|1|7,1464,11,11,,,00003garden,,9,0,0
SHAM,0.0,00003garden|1465|1|7,1464,11,12,,,00003garden,,9,0,0
SHAM,0.0,00003garden|1465|1|7,1464,11,13,,,00003garden,,9,0,0
SHAM,0.0,00003garden|1465|1|7,1464,11,14,,,00003garden,,8,0,0
SHAM,0.0,00003garden|1465|1|7,1464,11,15,,,00003garden,,9,0,0
SHAM,0.0,00003garden|1465|1|7,1464,11,16,,,00003garden,,9,0,0
SHAM,0.0,00003garden|1465|1|7,1464,11,17,,,00003garden,,9,0,0
SHAM,0.0,00003garden|1465|1|7,1464,11,18,,,00003garden,,9,0,0
SHAM,0.0,00003garden|1465|1|7,1464,11,19,,,00003garden,,8,0,0
SHAM,0.0,00003garden|1465|1|7,1464,11,20,,,00003garden,,8,0,0
C2b-INJECTION,0.0,00003garden|1465|1|7,1464,11,1,,,00003garden,,9,0,0
C2b-INJECTION,0.0,00003garden|1465|1|7,1464,11,2,,,00003garden,,10,0,0
C2b-INJECTION,0.0,00003garden|1465|1|7,1464,11,3,,,00003garden,,10,0,0
C2b-INJECTION,0.0,00003garden|1465|1|7,1464,11,4,,,00003garden,,10,0,0
C2b-INJECTION,0.0,00003garden|1465|1|7,1464,11,5,,,00003garden,,9,0,0
C2b-INJECTION,0.0,00003garden|1465|1|7,1464,11,6,,,00003garden,,10,0,0
C2b-INJECTION,0.0,00003garden|1465|1|7,1464,11,7,,,00003garden,,10,0,0
C2b-INJECTION,0.0,00003garden|1465|1|7,1464,11,8,,,00003garden,,9,0,0
C2b-INJECTION,0.0,00003garden|1465|1|7,1464,11,9,,,00003garden,,10,0,0
C2b-INJECTION,0.0,00003garden|1465|1|7,1464,11,10,,,00003garden,,8,0,0
C2b-INJECTION,0.0,00003garden|1465|1|7,1464,11,11,,,00003garden,,9,0,0
C2b-INJECTION,0.0,00003garden|1465|1|7,1464,11,12,,,00003garden,,9,0,0
C2b-INJECTION,0.0,00003garden|1465|1|7,1464,11,13,,,00003garden,,9,0,0
C2b-INJECTION,0.0,00003garden|1465|1|7,1464,11,14,,,00003garden,,8,0,0
C2b-INJECTION,0.0,00003garden|1465|1|7,1464,11,15,,,00003garden,,9,0,0
C2b-INJECTION,0.0,00003garden|1465|1|7,1464,11,16,,,00003garden,,9,0,0
C2b-INJECTION,0.0,00003garden|1465|1|7,1464,11,17,,,00003garden,,9,0,0
C2b-INJECTION,0.0,00003garden|1465|1|7,1464,11,18,,,00003garden,,9,0,0
C2b-INJECTION,0.0,00003garden|1465|1|7,1464,11,19,,,00003garden,,8,0,0
C2b-INJECTION,0.0,00003garden|1465|1|7,1464,11,20,,,00003garden,,8,0,0
_META,,00003garden|1465|1|7,1464,11,0,omitted_for_runtime,omitted_for_runtime,00003garden,,,0,
SHAM,0.0,00003garden|1498|1|5,1497,4,1,,,00003garden,,10,0,0
SHAM,0.0,00003garden|1498|1|5,1497,4,2,,,00003garden,,9,0,0
SHAM,0.0,00003garden|1498|1|5,1497,4,3,,,00003garden,,10,0,0
SHAM,0.0,00003garden|1498|1|5,1497,4,4,,,00003garden,,10,0,0
SHAM,0.0,00003garden|1498|1|5,1497,4,5,,,00003garden,,9,0,0
SHAM,0.0,00003garden|1498|1|5,1497,4,6,,,00003garden,,10,0,0
SHAM,0.0,00003garden|1498|1|5,1497,4,7,,,00003garden,,10,0,0
SHAM,0.0,00003garden|1498|1|5,1497,4,8,,,00003garden,,10,0,0
SHAM,0.0,00003garden|1498|1|5,1497,4,9,,,00003garden,,9,0,0
SHAM,0.0,00003garden|1498|1|5,1497,4,10,,,00003garden,,9,0,0
SHAM,0.0,00003garden|1498|1|5,1497,4,11,,,00003garden,,10,0,0
SHAM,0.0,00003garden|1498|1|5,1497,4,12,,,00003garden,,10,0,0
SHAM,0.0,00003garden|1498|1|5,1497,4,13,,,00003garden,,10,0,0
SHAM,0.0,00003garden|1498|1|5,1497,4,14,,,00003garden,,9,0,0
SHAM,0.0,00003garden|1498|1|5,1497,4,15,,,00003garden,,10,0,0
SHAM,0.0,00003garden|1498|1|5,1497,4,16,,,00003garden,,9,0,0
SHAM,0.0,00003garden|1498|1|5,1497,4,17,,,00003garden,,8,0,0
SHAM,0.0,00003garden|1498|1|5,1497,4,18,,,00003garden,,9,0,0
SHAM,0.0,00003garden|1498|1|5,1497,4,19,,,00003garden,,9,0,0
SHAM,0.0,00003garden|1498|1|5,1497,4,20,,,00003garden,,9,0,0
C2b-INJECTION,0.0,00003garden|1498|1|5,1497,4,1,,,00003garden,,10,0,0
C2b-INJECTION,0.0,00003garden|1498|1|5,1497,4,2,,,00003garden,,9,0,0
C2b-INJECTION,0.0,00003garden|1498|1|5,1497,4,3,,,00003garden,,10,0,0
C2b-INJECTION,0.0,00003garden|1498|1|5,1497,4,4,,,00003garden,,10,0,0
C2b-INJECTION,0.0,00003garden|1498|1|5,1497,4,5,,,00003garden,,9,0,0
C2b-INJECTION,0.0,00003garden|1498|1|5,1497,4,6,,,00003garden,,10,0,0
C2b-INJECTION,0.0,00003garden|1498|1|5,1497,4,7,,,00003garden,,10,0,0
C2b-INJECTION,0.0,00003garden|1498|1|5,1497,4,8,,,00003garden,,10,0,0
C2b-INJECTION,0.0,00003garden|1498|1|5,1497,4,9,,,00003garden,,9,0,0
C2b-INJECTION,0.0,00003garden|1498|1|5,1497,4,10,,,00003garden,,9,0,0
C2b-INJECTION,0.0,00003garden|1498|1|5,1497,4,11,,,00003garden,,10,0,0
C2b-INJECTION,0.0,00003garden|1498|1|5,1497,4,12,,,00003garden,,10,0,0
C2b-INJECTION,0.0,00003garden|1498|1|5,1497,4,13,,,00003garden,,10,0,0
C2b-INJECTION,0.0,00003garden|1498|1|5,1497,4,14,,,00003garden,,9,0,0
C2b-INJECTION,0.0,00003garden|1498|1|5,1497,4,15,,,00003garden,,10,0,0
C2b-INJECTION,0.0,00003garden|1498|1|5,1497,4,16,,,00003garden,,9,0,0
C2b-INJECTION,0.0,00003garden|1498|1|5,1497,4,17,,,00003garden,,8,0,0
C2b-INJECTION,0.0,00003garden|1498|1|5,1497,4,18,,,00003garden,,9,0,0
C2b-INJECTION,0.0,00003garden|1498|1|5,1497,4,19,,,00003garden,,9,0,0
C2b-INJECTION,0.0,00003garden|1498|1|5,1497,4,20,,,00003garden,,9,0,0
_META,,00003garden|1498|1|5,1497,4,0,omitted_for_runtime,omitted_for_runtime,00003garden,,,0,
SHAM,0.0,00003garden|1508|1|6,1507,6,1,,,00003garden,,10,0,0
SHAM,0.0,00003garden|1508|1|6,1507,6,2,,,00003garden,,10,0,0
SHAM,0.0,00003garden|1508|1|6,1507,6,3,,,00003garden,,10,0,0
SHAM,0.0,00003garden|1508|1|6,1507,6,4,,,00003garden,,9,0,0
SHAM,0.0,00003garden|1508|1|6,1507,6,5,,,00003garden,,10,0,0
SHAM,0.0,00003garden|1508|1|6,1507,6,6,,,00003garden,,9,0,0
SHAM,0.0,00003garden|1508|1|6,1507,6,7,,,00003garden,,8,0,0
SHAM,0.0,00003garden|1508|1|6,1507,6,8,,,00003garden,,9,0,0
SHAM,0.0,00003garden|1508|1|6,1507,6,9,,,00003garden,,9,0,0
SHAM,0.0,00003garden|1508|1|6,1507,6,10,,,00003garden,,9,0,0
SHAM,0.0,00003garden|1508|1|6,1507,6,11,,,00003garden,,9,0,0
SHAM,0.0,00003garden|1508|1|6,1507,6,12,,,00003garden,,9,0,0
SHAM,0.0,00003garden|1508|1|6,1507,6,13,,,00003garden,,10,0,0
SHAM,0.0,00003garden|1508|1|6,1507,6,14,,,00003garden,,9,0,0
SHAM,0.0,00003garden|1508|1|6,1507,6,15,,,00003garden,,9,0,0
SHAM,0.0,00003garden|1508|1|6,1507,6,16,,,00003garden,,8,0,0
SHAM,0.0,00003garden|1508|1|6,1507,6,17,,,00003garden,,8,0,0
SHAM,0.0,00003garden|1508|1|6,1507,6,18,,,00003garden,,8,0,0
SHAM,0.0,00003garden|1508|1|6,1507,6,19,,,00003garden,,8,0,0
SHAM,0.0,00003garden|1508|1|6,1507,6,20,,,00003garden,,8,0,0
C2b-INJECTION,0.0,00003garden|1508|1|6,1507,6,1,,,00003garden,,10,0,0
C2b-INJECTION,0.0,00003garden|1508|1|6,1507,6,2,,,00003garden,,10,0,0
C2b-INJECTION,0.0,00003garden|1508|1|6,1507,6,3,,,00003garden,,10,0,0
C2b-INJECTION,0.0,00003garden|1508|1|6,1507,6,4,,,00003garden,,9,0,0
C2b-INJECTION,0.0,00003garden|1508|1|6,1507,6,5,,,00003garden,,10,0,0
C2b-INJECTION,0.0,00003garden|1508|1|6,1507,6,6,,,00003garden,,9,0,0
C2b-INJECTION,0.0,00003garden|1508|1|6,1507,6,7,,,00003garden,,8,0,0
C2b-INJECTION,0.0,00003garden|1508|1|6,1507,6,8,,,00003garden,,9,0,0
C2b-INJECTION,0.0,00003garden|1508|1|6,1507,6,9,,,00003garden,,9,0,0
C2b-INJECTION,0.0,00003garden|1508|1|6,1507,6,10,,,00003garden,,9,0,0
C2b-INJECTION,0.0,00003garden|1508|1|6,1507,6,11,,,00003garden,,9,0,0
C2b-INJECTION,0.0,00003garden|1508|1|6,1507,6,12,,,00003garden,,9,0,0
C2b-INJECTION,0.0,00003garden|1508|1|6,1507,6,13,,,00003garden,,10,0,0
C2b-INJECTION,0.0,00003garden|1508|1|6,1507,6,14,,,00003garden,,9,0,0
C2b-INJECTION,0.0,00003garden|1508|1|6,1507,6,15,,,00003garden,,9,0,0
C2b-INJECTION,0.0,00003garden|1508|1|6,1507,6,16,,,00003garden,,8,0,0
C2b-INJECTION,0.0,00003garden|1508|1|6,1507,6,17,,,00003garden,,8,0,0
C2b-INJECTION,0.0,00003garden|1508|1|6,1507,6,18,,,00003garden,,8,0,0
C2b-INJECTION,0.0,00003garden|1508|1|6,1507,6,19,,,00003garden,,8,0,0
C2b-INJECTION,0.0,00003garden|1508|1|6,1507,6,20,,,00003garden,,8,0,0
_META,,00003garden|1508|1|6,1507,6,0,omitted_for_runtime,omitted_for_runtime,00003garden,,,0,
SHAM,0.0,00003garden|1519|1|0,1518,1,1,,,00003garden,,9,0,0
SHAM,0.0,00003garden|1519|1|0,1518,1,2,,,00003garden,,10,0,0
SHAM,0.0,00003garden|1519|1|0,1518,1,3,,,00003garden,,9,0,0
SHAM,0.0,00003garden|1519|1|0,1518,1,4,,,00003garden,,9,0,0
SHAM,0.0,00003garden|1519|1|0,1518,1,5,,,00003garden,,8,0,0
SHAM,0.0,00003garden|1519|1|0,1518,1,6,,,00003garden,,8,0,0
SHAM,0.0,00003garden|1519|1|0,1518,1,7,,,00003garden,,8,0,0
SHAM,0.0,00003garden|1519|1|0,1518,1,8,,,00003garden,,8,0,0
SHAM,0.0,00003garden|1519|1|0,1518,1,9,,,00003garden,,8,0,0
SHAM,0.0,00003garden|1519|1|0,1518,1,10,,,00003garden,,9,0,0
SHAM,0.0,00003garden|1519|1|0,1518,1,11,,,00003garden,,9,0,0
SHAM,0.0,00003garden|1519|1|0,1518,1,12,,,00003garden,,9,0,0
SHAM,0.0,00003garden|1519|1|0,1518,1,13,,,00003garden,,9,0,0
SHAM,0.0,00003garden|1519|1|0,1518,1,14,,,00003garden,,9,0,0
SHAM,0.0,00003garden|1519|1|0,1518,1,15,,,00003garden,,8,0,0
SHAM,0.0,00003garden|1519|1|0,1518,1,16,,,00003garden,,9,0,0
SHAM,0.0,00003garden|1519|1|0,1518,1,17,,,00003garden,,9,0,0
SHAM,0.0,00003garden|1519|1|0,1518,1,18,,,00003garden,,9,0,0
SHAM,0.0,00003garden|1519|1|0,1518,1,19,,,00003garden,,9,0,0
SHAM,0.0,00003garden|1519|1|0,1518,1,20,,,00003garden,,9,0,0
C2b-INJECTION,0.0,00003garden|1519|1|0,1518,1,1,,,00003garden,,9,0,0
C2b-INJECTION,0.0,00003garden|1519|1|0,1518,1,2,,,00003garden,,10,0,0
C2b-INJECTION,0.0,00003garden|1519|1|0,1518,1,3,,,00003garden,,9,0,0
C2b-INJECTION,0.0,00003garden|1519|1|0,1518,1,4,,,00003garden,,9,0,0
C2b-INJECTION,0.0,00003garden|1519|1|0,1518,1,5,,,00003garden,,8,0,0
C2b-INJECTION,0.0,00003garden|1519|1|0,1518,1,6,,,00003garden,,8,0,0
C2b-INJECTION,0.0,00003garden|1519|1|0,1518,1,7,,,00003garden,,8,0,0
C2b-INJECTION,0.0,00003garden|1519|1|0,1518,1,8,,,00003garden,,8,0,0
C2b-INJECTION,0.0,00003garden|1519|1|0,1518,1,9,,,00003garden,,8,0,0
C2b-INJECTION,0.0,00003garden|1519|1|0,1518,1,10,,,00003garden,,9,0,0
C2b-INJECTION,0.0,00003garden|1519|1|0,1518,1,11,,,00003garden,,9,0,0
C2b-INJECTION,0.0,00003garden|1519|1|0,1518,1,12,,,00003garden,,9,0,0
C2b-INJECTION,0.0,00003garden|1519|1|0,1518,1,13,,,00003garden,,9,0,0
C2b-INJECTION,0.0,00003garden|1519|1|0,1518,1,14,,,00003garden,,9,0,0
C2b-INJECTION,0.0,00003garden|1519|1|0,1518,1,15,,,00003garden,,8,0,0
C2b-INJECTION,0.0,00003garden|1519|1|0,1518,1,16,,,00003garden,,9,0,0
C2b-INJECTION,0.0,00003garden|1519|1|0,1518,1,17,,,00003garden,,9,0,0
C2b-INJECTION,0.0,00003garden|1519|1|0,1518,1,18,,,00003garden,,9,0,0
C2b-INJECTION,0.0,00003garden|1519|1|0,1518,1,19,,,00003garden,,9,0,0
C2b-INJECTION,0.0,00003garden|1519|1|0,1518,1,20,,,00003garden,,9,0,0
_META,,00003garden|1519|1|0,1518,1,0,omitted_for_runtime,omitted_for_runtime,00003garden,,,0,
SHAM,0.0,00003garden|1524|1|2,1523,13,1,,,00003garden,,8,0,0
SHAM,0.0,00003garden|1524|1|2,1523,13,2,,,00003garden,,8,0,0
SHAM,0.0,00003garden|1524|1|2,1523,13,3,,,00003garden,,8,0,0
SHAM,0.0,00003garden|1524|1|2,1523,13,4,,,00003garden,,8,0,0
SHAM,0.0,00003garden|1524|1|2,1523,13,5,,,00003garden,,9,0,0
SHAM,0.0,00003garden|1524|1|2,1523,13,6,,,00003garden,,9,0,0
SHAM,0.0,00003garden|1524|1|2,1523,13,7,,,00003garden,,9,0,0
SHAM,0.0,00003garden|1524|1|2,1523,13,8,,,00003garden,,9,0,0
SHAM,0.0,00003garden|1524|1|2,1523,13,9,,,00003garden,,9,0,0
SHAM,0.0,00003garden|1524|1|2,1523,13,10,,,00003garden,,8,0,0
SHAM,0.0,00003garden|1524|1|2,1523,13,11,,,00003garden,,9,0,0
SHAM,0.0,00003garden|1524|1|2,1523,13,12,,,00003garden,,9,0,0
SHAM,0.0,00003garden|1524|1|2,1523,13,13,,,00003garden,,9,0,0
SHAM,0.0,00003garden|1524|1|2,1523,13,14,,,00003garden,,9,0,0
SHAM,0.0,00003garden|1524|1|2,1523,13,15,,,00003garden,,9,0,0
SHAM,0.0,00003garden|1524|1|2,1523,13,16,,,00003garden,,9,0,0
SHAM,0.0,00003garden|1524|1|2,1523,13,17,,,00003garden,,9,0,0
SHAM,0.0,00003garden|1524|1|2,1523,13,18,,,00003garden,,8,0,0
SHAM,0.0,00003garden|1524|1|2,1523,13,19,,,00003garden,,9,0,0
SHAM,0.0,00003garden|1524|1|2,1523,13,20,,,00003garden,,9,0,0
C2b-INJECTION,0.0,00003garden|1524|1|2,1523,13,1,,,00003garden,,8,0,0
C2b-INJECTION,0.0,00003garden|1524|1|2,1523,13,2,,,00003garden,,8,0,0
C2b-INJECTION,0.0,00003garden|1524|1|2,1523,13,3,,,00003garden,,8,0,0
C2b-INJECTION,0.0,00003garden|1524|1|2,1523,13,4,,,00003garden,,8,0,0
C2b-INJECTION,0.0,00003garden|1524|1|2,1523,13,5,,,00003garden,,9,0,0
C2b-INJECTION,0.0,00003garden|1524|1|2,1523,13,6,,,00003garden,,9,0,0
C2b-INJECTION,0.0,00003garden|1524|1|2,1523,13,7,,,00003garden,,9,0,0
C2b-INJECTION,0.0,00003garden|1524|1|2,1523,13,8,,,00003garden,,9,0,0
C2b-INJECTION,0.0,00003garden|1524|1|2,1523,13,9,,,00003garden,,9,0,0
C2b-INJECTION,0.0,00003garden|1524|1|2,1523,13,10,,,00003garden,,8,0,0
C2b-INJECTION,0.0,00003garden|1524|1|2,1523,13,11,,,00003garden,,9,0,0
C2b-INJECTION,0.0,00003garden|1524|1|2,1523,13,12,,,00003garden,,9,0,0
C2b-INJECTION,0.0,00003garden|1524|1|2,1523,13,13,,,00003garden,,9,0,0
C2b-INJECTION,0.0,00003garden|1524|1|2,1523,13,14,,,00003garden,,9,0,0
C2b-INJECTION,0.0,00003garden|1524|1|2,1523,13,15,,,00003garden,,9,0,0
C2b-INJECTION,0.0,00003garden|1524|1|2,1523,13,16,,,00003garden,,9,0,0
C2b-INJECTION,0.0,00003garden|1524|1|2,1523,13,17,,,00003garden,,9,0,0
C2b-INJECTION,0.0,00003garden|1524|1|2,1523,13,18,,,00003garden,,8,0,0
C2b-INJECTION,0.0,00003garden|1524|1|2,1523,13,19,,,00003garden,,9,0,0
C2b-INJECTION,0.0,00003garden|1524|1|2,1523,13,20,,,00003garden,,9,0,0
_META,,00003garden|1524|1|2,1523,13,0,omitted_for_runtime,omitted_for_runtime,00003garden,,,0,
SHAM,0.1111111111111111,00003garden|1590|1|4,1589,10,1,,,00003garden,,9,0,1
SHAM,0.1111111111111111,00003garden|1590|1|4,1589,10,2,,,00003garden,,9,0,1
SHAM,0.1111111111111111,00003garden|1590|1|4,1589,10,3,,,00003garden,,9,0,1
SHAM,0.1111111111111111,00003garden|1590|1|4,1589,10,4,,,00003garden,,9,0,1
SHAM,0.1111111111111111,00003garden|1590|1|4,1589,10,5,,,00003garden,,9,0,1
SHAM,0.0,00003garden|1590|1|4,1589,10,6,,,00003garden,,8,0,0
SHAM,0.1111111111111111,00003garden|1590|1|4,1589,10,7,,,00003garden,,9,0,1
SHAM,0.1111111111111111,00003garden|1590|1|4,1589,10,8,,,00003garden,,9,0,1
SHAM,0.1111111111111111,00003garden|1590|1|4,1589,10,9,,,00003garden,,9,0,1
SHAM,0.1111111111111111,00003garden|1590|1|4,1589,10,10,,,00003garden,,9,0,1
SHAM,0.1111111111111111,00003garden|1590|1|4,1589,10,11,,,00003garden,,9,0,1
SHAM,0.1111111111111111,00003garden|1590|1|4,1589,10,12,,,00003garden,,9,0,1
SHAM,0.1111111111111111,00003garden|1590|1|4,1589,10,13,,,00003garden,,9,0,1
SHAM,0.1111111111111111,00003garden|1590|1|4,1589,10,14,,,00003garden,,9,0,1
SHAM,0.1111111111111111,00003garden|1590|1|4,1589,10,15,,,00003garden,,9,0,1
SHAM,0.1,00003garden|1590|1|4,1589,10,16,,,00003garden,,10,0,1
SHAM,0.1,00003garden|1590|1|4,1589,10,17,,,00003garden,,10,0,1
SHAM,0.1,00003garden|1590|1|4,1589,10,18,,,00003garden,,10,0,1
SHAM,0.1,00003garden|1590|1|4,1589,10,19,,,00003garden,,10,0,1
SHAM,0.1,00003garden|1590|1|4,1589,10,20,,,00003garden,,10,0,1
C2b-INJECTION,0.1111111111111111,00003garden|1590|1|4,1589,10,1,,,00003garden,,9,0,1
C2b-INJECTION,0.1111111111111111,00003garden|1590|1|4,1589,10,2,,,00003garden,,9,0,1
C2b-INJECTION,0.1111111111111111,00003garden|1590|1|4,1589,10,3,,,00003garden,,9,0,1
C2b-INJECTION,0.1111111111111111,00003garden|1590|1|4,1589,10,4,,,00003garden,,9,0,1
C2b-INJECTION,0.125,00003garden|1590|1|4,1589,10,5,,,00003garden,,8,0,1
C2b-INJECTION,0.0,00003garden|1590|1|4,1589,10,6,,,00003garden,,8,0,0
C2b-INJECTION,0.1111111111111111,00003garden|1590|1|4,1589,10,7,,,00003garden,,9,0,1
C2b-INJECTION,0.1111111111111111,00003garden|1590|1|4,1589,10,8,,,00003garden,,9,0,1
C2b-INJECTION,0.1111111111111111,00003garden|1590|1|4,1589,10,9,,,00003garden,,9,0,1
C2b-INJECTION,0.1111111111111111,00003garden|1590|1|4,1589,10,10,,,00003garden,,9,0,1
C2b-INJECTION,0.1111111111111111,00003garden|1590|1|4,1589,10,11,,,00003garden,,9,0,1
C2b-INJECTION,0.1111111111111111,00003garden|1590|1|4,1589,10,12,,,00003garden,,9,0,1
C2b-INJECTION,0.1111111111111111,00003garden|1590|1|4,1589,10,13,,,00003garden,,9,0,1
C2b-INJECTION,0.1111111111111111,00003garden|1590|1|4,1589,10,14,,,00003garden,,9,0,1
C2b-INJECTION,0.1111111111111111,00003garden|1590|1|4,1589,10,15,,,00003garden,,9,0,1
C2b-INJECTION,0.1,00003garden|1590|1|4,1589,10,16,,,00003garden,,10,0,1
C2b-INJECTION,0.1,00003garden|1590|1|4,1589,10,17,,,00003garden,,10,0,1
C2b-INJECTION,0.1,00003garden|1590|1|4,1589,10,18,,,00003garden,,10,0,1
C2b-INJECTION,0.1,00003garden|1590|1|4,1589,10,19,,,00003garden,,10,0,1
C2b-INJECTION,0.1,00003garden|1590|1|4,1589,10,20,,,00003garden,,10,0,1
_META,,00003garden|1590|1|4,1589,10,0,omitted_for_runtime,omitted_for_runtime,00003garden,,,0,
SHAM,0.0,00003garden|1636|1|0,1635,1,1,,,00003garden,,9,0,0
SHAM,0.0,00003garden|1636|1|0,1635,1,2,,,00003garden,,8,0,0
SHAM,0.0,00003garden|1636|1|0,1635,1,3,,,00003garden,,8,0,0
SHAM,0.0,00003garden|1636|1|0,1635,1,4,,,00003garden,,8,0,0
SHAM,0.0,00003garden|1636|1|0,1635,1,5,,,00003garden,,8,0,0
SHAM,0.0,00003garden|1636|1|0,1635,1,6,,,00003garden,,9,0,0
SHAM,0.0,00003garden|1636|1|0,1635,1,7,,,00003garden,,9,0,0
SHAM,0.0,00003garden|1636|1|0,1635,1,8,,,00003garden,,8,0,0
SHAM,0.0,00003garden|1636|1|0,1635,1,9,,,00003garden,,8,0,0
SHAM,0.0,00003garden|1636|1|0,1635,1,10,,,00003garden,,8,0,0
SHAM,0.0,00003garden|1636|1|0,1635,1,11,,,00003garden,,8,0,0
SHAM,0.0,00003garden|1636|1|0,1635,1,12,,,00003garden,,7,0,0
SHAM,0.0,00003garden|1636|1|0,1635,1,13,,,00003garden,,7,0,0
SHAM,0.0,00003garden|1636|1|0,1635,1,14,,,00003garden,,7,0,0
SHAM,0.0,00003garden|1636|1|0,1635,1,15,,,00003garden,,7,0,0
SHAM,0.0,00003garden|1636|1|0,1635,1,16,,,00003garden,,7,0,0
SHAM,0.0,00003garden|1636|1|0,1635,1,17,,,00003garden,,7,0,0
SHAM,0.0,00003garden|1636|1|0,1635,1,18,,,00003garden,,7,0,0
SHAM,0.0,00003garden|1636|1|0,1635,1,19,,,00003garden,,8,0,0
SHAM,0.0,00003garden|1636|1|0,1635,1,20,,,00003garden,,7,0,0
C2b-INJECTION,0.0,00003garden|1636|1|0,1635,1,1,,,00003garden,,9,0,0
C2b-INJECTION,0.0,00003garden|1636|1|0,1635,1,2,,,00003garden,,8,0,0
C2b-INJECTION,0.0,00003garden|1636|1|0,1635,1,3,,,00003garden,,8,0,0
C2b-INJECTION,0.0,00003garden|1636|1|0,1635,1,4,,,00003garden,,8,0,0
C2b-INJECTION,0.0,00003garden|1636|1|0,1635,1,5,,,00003garden,,8,0,0
C2b-INJECTION,0.0,00003garden|1636|1|0,1635,1,6,,,00003garden,,9,0,0
C2b-INJECTION,0.0,00003garden|1636|1|0,1635,1,7,,,00003garden,,9,0,0
C2b-INJECTION,0.0,00003garden|1636|1|0,1635,1,8,,,00003garden,,8,0,0
C2b-INJECTION,0.0,00003garden|1636|1|0,1635,1,9,,,00003garden,,8,0,0
C2b-INJECTION,0.0,00003garden|1636|1|0,1635,1,10,,,00003garden,,8,0,0
C2b-INJECTION,0.0,00003garden|1636|1|0,1635,1,11,,,00003garden,,8,0,0
C2b-INJECTION,0.0,00003garden|1636|1|0,1635,1,12,,,00003garden,,7,0,0
C2b-INJECTION,0.0,00003garden|1636|1|0,1635,1,13,,,00003garden,,7,0,0
C2b-INJECTION,0.0,00003garden|1636|1|0,1635,1,14,,,00003garden,,7,0,0
C2b-INJECTION,0.0,00003garden|1636|1|0,1635,1,15,,,00003garden,,7,0,0
C2b-INJECTION,0.0,00003garden|1636|1|0,1635,1,16,,,00003garden,,7,0,0
C2b-INJECTION,0.0,00003garden|1636|1|0,1635,1,17,,,00003garden,,7,0,0
C2b-INJECTION,0.0,00003garden|1636|1|0,1635,1,18,,,00003garden,,7,0,0
C2b-INJECTION,0.0,00003garden|1636|1|0,1635,1,19,,,00003garden,,8,0,0
C2b-INJECTION,0.0,00003garden|1636|1|0,1635,1,20,,,00003garden,,7,0,0
_META,,00003garden|1636|1|0,1635,1,0,omitted_for_runtime,omitted_for_runtime,00003garden,,,0,
SHAM,0.0,00003garden|1636|1|3,1635,4,1,,,00003garden,,9,0,0
SHAM,0.0,00003garden|1636|1|3,1635,4,2,,,00003garden,,8,0,0
SHAM,0.0,00003garden|1636|1|3,1635,4,3,,,00003garden,,8,0,0
SHAM,0.0,00003garden|1636|1|3,1635,4,4,,,00003garden,,8,0,0
SHAM,0.0,00003garden|1636|1|3,1635,4,5,,,00003garden,,8,0,0
SHAM,0.0,00003garden|1636|1|3,1635,4,6,,,00003garden,,9,0,0
SHAM,0.0,00003garden|1636|1|3,1635,4,7,,,00003garden,,9,0,0
SHAM,0.0,00003garden|1636|1|3,1635,4,8,,,00003garden,,8,0,0
SHAM,0.0,00003garden|1636|1|3,1635,4,9,,,00003garden,,8,0,0
SHAM,0.0,00003garden|1636|1|3,1635,4,10,,,00003garden,,8,0,0
SHAM,0.0,00003garden|1636|1|3,1635,4,11,,,00003garden,,8,0,0
SHAM,0.0,00003garden|1636|1|3,1635,4,12,,,00003garden,,7,0,0
SHAM,0.0,00003garden|1636|1|3,1635,4,13,,,00003garden,,7,0,0
SHAM,0.0,00003garden|1636|1|3,1635,4,14,,,00003garden,,7,0,0
SHAM,0.0,00003garden|1636|1|3,1635,4,15,,,00003garden,,7,0,0
SHAM,0.0,00003garden|1636|1|3,1635,4,16,,,00003garden,,7,0,0
SHAM,0.0,00003garden|1636|1|3,1635,4,17,,,00003garden,,7,0,0
SHAM,0.0,00003garden|1636|1|3,1635,4,18,,,00003garden,,7,0,0
SHAM,0.0,00003garden|1636|1|3,1635,4,19,,,00003garden,,8,0,0
SHAM,0.0,00003garden|1636|1|3,1635,4,20,,,00003garden,,7,0,0
C2b-INJECTION,0.0,00003garden|1636|1|3,1635,4,1,,,00003garden,,9,0,0
C2b-INJECTION,0.0,00003garden|1636|1|3,1635,4,2,,,00003garden,,8,0,0
C2b-INJECTION,0.0,00003garden|1636|1|3,1635,4,3,,,00003garden,,8,0,0
C2b-INJECTION,0.0,00003garden|1636|1|3,1635,4,4,,,00003garden,,8,0,0
C2b-INJECTION,0.0,00003garden|1636|1|3,1635,4,5,,,00003garden,,8,0,0
C2b-INJECTION,0.0,00003garden|1636|1|3,1635,4,6,,,00003garden,,9,0,0
C2b-INJECTION,0.0,00003garden|1636|1|3,1635,4,7,,,00003garden,,9,0,0
C2b-INJECTION,0.0,00003garden|1636|1|3,1635,4,8,,,00003garden,,8,0,0
C2b-INJECTION,0.0,00003garden|1636|1|3,1635,4,9,,,00003garden,,8,0,0
C2b-INJECTION,0.0,00003garden|1636|1|3,1635,4,10,,,00003garden,,8,0,0
C2b-INJECTION,0.0,00003garden|1636|1|3,1635,4,11,,,00003garden,,8,0,0
C2b-INJECTION,0.0,00003garden|1636|1|3,1635,4,12,,,00003garden,,7,0,0
C2b-INJECTION,0.0,00003garden|1636|1|3,1635,4,13,,,00003garden,,7,0,0
C2b-INJECTION,0.0,00003garden|1636|1|3,1635,4,14,,,00003garden,,7,0,0
C2b-INJECTION,0.0,00003garden|1636|1|3,1635,4,15,,,00003garden,,7,0,0
C2b-INJECTION,0.0,00003garden|1636|1|3,1635,4,16,,,00003garden,,7,0,0
C2b-INJECTION,0.0,00003garden|1636|1|3,1635,4,17,,,00003garden,,7,0,0
C2b-INJECTION,0.0,00003garden|1636|1|3,1635,4,18,,,00003garden,,7,0,0
C2b-INJECTION,0.0,00003garden|1636|1|3,1635,4,19,,,00003garden,,8,0,0
C2b-INJECTION,0.0,00003garden|1636|1|3,1635,4,20,,,00003garden,,7,0,0
_META,,00003garden|1636|1|3,1635,4,0,omitted_for_runtime,omitted_for_runtime,00003garden,,,0,
SHAM,0.0,00003garden|1636|1|4,1635,12,1,,,00003garden,,9,0,0
SHAM,0.0,00003garden|1636|1|4,1635,12,2,,,00003garden,,8,0,0
SHAM,0.0,00003garden|1636|1|4,1635,12,3,,,00003garden,,8,0,0
SHAM,0.0,00003garden|1636|1|4,1635,12,4,,,00003garden,,8,0,0
SHAM,0.0,00003garden|1636|1|4,1635,12,5,,,00003garden,,8,0,0
SHAM,0.0,00003garden|1636|1|4,1635,12,6,,,00003garden,,9,0,0
SHAM,0.0,00003garden|1636|1|4,1635,12,7,,,00003garden,,9,0,0
SHAM,0.0,00003garden|1636|1|4,1635,12,8,,,00003garden,,8,0,0
SHAM,0.0,00003garden|1636|1|4,1635,12,9,,,00003garden,,8,0,0
SHAM,0.0,00003garden|1636|1|4,1635,12,10,,,00003garden,,8,0,0
SHAM,0.0,00003garden|1636|1|4,1635,12,11,,,00003garden,,8,0,0
SHAM,0.0,00003garden|1636|1|4,1635,12,12,,,00003garden,,7,0,0
SHAM,0.0,00003garden|1636|1|4,1635,12,13,,,00003garden,,7,0,0
SHAM,0.0,00003garden|1636|1|4,1635,12,14,,,00003garden,,7,0,0
SHAM,0.0,00003garden|1636|1|4,1635,12,15,,,00003garden,,7,0,0
SHAM,0.0,00003garden|1636|1|4,1635,12,16,,,00003garden,,7,0,0
SHAM,0.0,00003garden|1636|1|4,1635,12,17,,,00003garden,,7,0,0
SHAM,0.0,00003garden|1636|1|4,1635,12,18,,,00003garden,,7,0,0
SHAM,0.0,00003garden|1636|1|4,1635,12,19,,,00003garden,,8,0,0
SHAM,0.0,00003garden|1636|1|4,1635,12,20,,,00003garden,,7,0,0
C2b-INJECTION,0.0,00003garden|1636|1|4,1635,12,1,,,00003garden,,9,0,0
C2b-INJECTION,0.0,00003garden|1636|1|4,1635,12,2,,,00003garden,,8,0,0
C2b-INJECTION,0.0,00003garden|1636|1|4,1635,12,3,,,00003garden,,8,0,0
C2b-INJECTION,0.0,00003garden|1636|1|4,1635,12,4,,,00003garden,,8,0,0
C2b-INJECTION,0.0,00003garden|1636|1|4,1635,12,5,,,00003garden,,8,0,0
C2b-INJECTION,0.0,00003garden|1636|1|4,1635,12,6,,,00003garden,,9,0,0
C2b-INJECTION,0.0,00003garden|1636|1|4,1635,12,7,,,00003garden,,9,0,0
C2b-INJECTION,0.0,00003garden|1636|1|4,1635,12,8,,,00003garden,,8,0,0
C2b-INJECTION,0.0,00003garden|1636|1|4,1635,12,9,,,00003garden,,8,0,0
C2b-INJECTION,0.0,00003garden|1636|1|4,1635,12,10,,,00003garden,,8,0,0
C2b-INJECTION,0.0,00003garden|1636|1|4,1635,12,11,,,00003garden,,8,0,0
C2b-INJECTION,0.0,00003garden|1636|1|4,1635,12,12,,,00003garden,,7,0,0
C2b-INJECTION,0.0,00003garden|1636|1|4,1635,12,13,,,00003garden,,7,0,0
C2b-INJECTION,0.0,00003garden|1636|1|4,1635,12,14,,,00003garden,,7,0,0
C2b-INJECTION,0.0,00003garden|1636|1|4,1635,12,15,,,00003garden,,7,0,0
C2b-INJECTION,0.0,00003garden|1636|1|4,1635,12,16,,,00003garden,,7,0,0
C2b-INJECTION,0.0,00003garden|1636|1|4,1635,12,17,,,00003garden,,7,0,0
C2b-INJECTION,0.0,00003garden|1636|1|4,1635,12,18,,,00003garden,,7,0,0
C2b-INJECTION,0.0,00003garden|1636|1|4,1635,12,19,,,00003garden,,8,0,0
C2b-INJECTION,0.0,00003garden|1636|1|4,1635,12,20,,,00003garden,,7,0,0
_META,,00003garden|1636|1|4,1635,12,0,omitted_for_runtime,omitted_for_runtime,00003garden,,,0,
SHAM,0.0,00003garden|1636|1|5,1635,10,1,,,00003garden,,9,0,0
SHAM,0.0,00003garden|1636|1|5,1635,10,2,,,00003garden,,8,0,0
SHAM,0.0,00003garden|1636|1|5,1635,10,3,,,00003garden,,8,0,0
SHAM,0.0,00003garden|1636|1|5,1635,10,4,,,00003garden,,8,0,0
SHAM,0.0,00003garden|1636|1|5,1635,10,5,,,00003garden,,8,0,0
SHAM,0.0,00003garden|1636|1|5,1635,10,6,,,00003garden,,9,0,0
SHAM,0.0,00003garden|1636|1|5,1635,10,7,,,00003garden,,9,0,0
SHAM,0.0,00003garden|1636|1|5,1635,10,8,,,00003garden,,8,0,0
SHAM,0.0,00003garden|1636|1|5,1635,10,9,,,00003garden,,8,0,0
SHAM,0.0,00003garden|1636|1|5,1635,10,10,,,00003garden,,8,0,0
SHAM,0.0,00003garden|1636|1|5,1635,10,11,,,00003garden,,8,0,0
SHAM,0.0,00003garden|1636|1|5,1635,10,12,,,00003garden,,7,0,0
SHAM,0.0,00003garden|1636|1|5,1635,10,13,,,00003garden,,7,0,0
SHAM,0.0,00003garden|1636|1|5,1635,10,14,,,00003garden,,7,0,0
SHAM,0.0,00003garden|1636|1|5,1635,10,15,,,00003garden,,7,0,0
SHAM,0.0,00003garden|1636|1|5,1635,10,16,,,00003garden,,7,0,0
SHAM,0.0,00003garden|1636|1|5,1635,10,17,,,00003garden,,7,0,0
SHAM,0.0,00003garden|1636|1|5,1635,10,18,,,00003garden,,7,0,0
SHAM,0.0,00003garden|1636|1|5,1635,10,19,,,00003garden,,8,0,0
SHAM,0.0,00003garden|1636|1|5,1635,10,20,,,00003garden,,7,0,0
C2b-INJECTION,0.0,00003garden|1636|1|5,1635,10,1,,,00003garden,,9,0,0
C2b-INJECTION,0.0,00003garden|1636|1|5,1635,10,2,,,00003garden,,8,0,0
C2b-INJECTION,0.0,00003garden|1636|1|5,1635,10,3,,,00003garden,,8,0,0
C2b-INJECTION,0.0,00003garden|1636|1|5,1635,10,4,,,00003garden,,8,0,0
C2b-INJECTION,0.0,00003garden|1636|1|5,1635,10,5,,,00003garden,,8,0,0
C2b-INJECTION,0.0,00003garden|1636|1|5,1635,10,6,,,00003garden,,9,0,0
C2b-INJECTION,0.0,00003garden|1636|1|5,1635,10,7,,,00003garden,,9,0,0
C2b-INJECTION,0.0,00003garden|1636|1|5,1635,10,8,,,00003garden,,8,0,0
C2b-INJECTION,0.0,00003garden|1636|1|5,1635,10,9,,,00003garden,,8,0,0
C2b-INJECTION,0.0,00003garden|1636|1|5,1635,10,10,,,00003garden,,8,0,0
C2b-INJECTION,0.0,00003garden|1636|1|5,1635,10,11,,,00003garden,,8,0,0
C2b-INJECTION,0.0,00003garden|1636|1|5,1635,10,12,,,00003garden,,7,0,0
C2b-INJECTION,0.0,00003garden|1636|1|5,1635,10,13,,,00003garden,,7,0,0
C2b-INJECTION,0.0,00003garden|1636|1|5,1635,10,14,,,00003garden,,7,0,0
C2b-INJECTION,0.0,00003garden|1636|1|5,1635,10,15,,,00003garden,,7,0,0
C2b-INJECTION,0.0,00003garden|1636|1|5,1635,10,16,,,00003garden,,7,0,0
C2b-INJECTION,0.0,00003garden|1636|1|5,1635,10,17,,,00003garden,,7,0,0
C2b-INJECTION,0.0,00003garden|1636|1|5,1635,10,18,,,00003garden,,7,0,0
C2b-INJECTION,0.0,00003garden|1636|1|5,1635,10,19,,,00003garden,,8,0,0
C2b-INJECTION,0.0,00003garden|1636|1|5,1635,10,20,,,00003garden,,7,0,0
_META,,00003garden|1636|1|5,1635,10,0,omitted_for_runtime,omitted_for_runtime,00003garden,,,0,
SHAM,0.11538461538461539,00005garden|2|1|10,1,9,1,,,00005garden,,26,0,3
SHAM,0.16,00005garden|2|1|10,1,9,2,,,00005garden,,25,0,4
SHAM,0.11538461538461539,00005garden|2|1|10,1,9,3,,,00005garden,,26,0,3
SHAM,0.04,00005garden|2|1|10,1,9,4,,,00005garden,,25,0,1
SHAM,0.08,00005garden|2|1|10,1,9,5,,,00005garden,,25,0,2
SHAM,0.07692307692307693,00005garden|2|1|10,1,9,6,,,00005garden,,26,0,2
SHAM,0.08333333333333333,00005garden|2|1|10,1,9,7,,,00005garden,,24,0,2
SHAM,0.08,00005garden|2|1|10,1,9,8,,,00005garden,,25,0,2
SHAM,0.08,00005garden|2|1|10,1,9,9,,,00005garden,,25,0,2
SHAM,0.041666666666666664,00005garden|2|1|10,1,9,10,,,00005garden,,24,0,1
SHAM,0.043478260869565216,00005garden|2|1|10,1,9,11,,,00005garden,,23,0,1
SHAM,0.043478260869565216,00005garden|2|1|10,1,9,12,,,00005garden,,23,0,1
SHAM,0.043478260869565216,00005garden|2|1|10,1,9,13,,,00005garden,,23,0,1
SHAM,0.045454545454545456,00005garden|2|1|10,1,9,14,,,00005garden,,22,0,1
SHAM,0.043478260869565216,00005garden|2|1|10,1,9,15,,,00005garden,,23,0,1
SHAM,0.043478260869565216,00005garden|2|1|10,1,9,16,,,00005garden,,23,0,1
SHAM,0.043478260869565216,00005garden|2|1|10,1,9,17,,,00005garden,,23,0,1
SHAM,0.043478260869565216,00005garden|2|1|10,1,9,18,,,00005garden,,23,0,1
SHAM,0.043478260869565216,00005garden|2|1|10,1,9,19,,,00005garden,,23,0,1
SHAM,0.0,00005garden|2|1|10,1,9,20,,,00005garden,,25,0,0
C2b-INJECTION,0.11538461538461539,00005garden|2|1|10,1,9,1,,,00005garden,,26,0,3
C2b-INJECTION,0.16,00005garden|2|1|10,1,9,2,,,00005garden,,25,0,4
C2b-INJECTION,0.11538461538461539,00005garden|2|1|10,1,9,3,,,00005garden,,26,0,3
C2b-INJECTION,0.04,00005garden|2|1|10,1,9,4,,,00005garden,,25,0,1
C2b-INJECTION,0.08,00005garden|2|1|10,1,9,5,,,00005garden,,25,0,2
C2b-INJECTION,0.07692307692307693,00005garden|2|1|10,1,9,6,,,00005garden,,26,0,2
C2b-INJECTION,0.08333333333333333,00005garden|2|1|10,1,9,7,,,00005garden,,24,0,2
C2b-INJECTION,0.08,00005garden|2|1|10,1,9,8,,,00005garden,,25,0,2
C2b-INJECTION,0.08,00005garden|2|1|10,1,9,9,,,00005garden,,25,0,2
C2b-INJECTION,0.041666666666666664,00005garden|2|1|10,1,9,10,,,00005garden,,24,0,1
C2b-INJECTION,0.043478260869565216,00005garden|2|1|10,1,9,11,,,00005garden,,23,0,1
C2b-INJECTION,0.043478260869565216,00005garden|2|1|10,1,9,12,,,00005garden,,23,0,1
C2b-INJECTION,0.043478260869565216,00005garden|2|1|10,1,9,13,,,00005garden,,23,0,1
C2b-INJECTION,0.045454545454545456,00005garden|2|1|10,1,9,14,,,00005garden,,22,0,1
C2b-INJECTION,0.043478260869565216,00005garden|2|1|10,1,9,15,,,00005garden,,23,0,1
C2b-INJECTION,0.043478260869565216,00005garden|2|1|10,1,9,16,,,00005garden,,23,0,1
C2b-INJECTION,0.043478260869565216,00005garden|2|1|10,1,9,17,,,00005garden,,23,0,1
C2b-INJECTION,0.043478260869565216,00005garden|2|1|10,1,9,18,,,00005garden,,23,0,1
C2b-INJECTION,0.043478260869565216,00005garden|2|1|10,1,9,19,,,00005garden,,23,0,1
C2b-INJECTION,0.0,00005garden|2|1|10,1,9,20,,,00005garden,,25,0,0
_META,,00005garden|2|1|10,1,9,0,0d8368504f284abdd23470c9059277e2330b0e03afc6f3480c7b389c8758abbd,26690194bcfd97fe5c8edfba911053da105c2b86ea1bc460544191215df240e1,00005garden,,,0,
SHAM,0.11538461538461539,00005garden|2|1|13,1,2,1,,,00005garden,,26,0,3
SHAM,0.16,00005garden|2|1|13,1,2,2,,,00005garden,,25,0,4
SHAM,0.11538461538461539,00005garden|2|1|13,1,2,3,,,00005garden,,26,0,3
SHAM,0.04,00005garden|2|1|13,1,2,4,,,00005garden,,25,0,1
SHAM,0.08,00005garden|2|1|13,1,2,5,,,00005garden,,25,0,2
SHAM,0.07692307692307693,00005garden|2|1|13,1,2,6,,,00005garden,,26,0,2
SHAM,0.08333333333333333,00005garden|2|1|13,1,2,7,,,00005garden,,24,0,2
SHAM,0.08,00005garden|2|1|13,1,2,8,,,00005garden,,25,0,2
SHAM,0.08,00005garden|2|1|13,1,2,9,,,00005garden,,25,0,2
SHAM,0.041666666666666664,00005garden|2|1|13,1,2,10,,,00005garden,,24,0,1
SHAM,0.043478260869565216,00005garden|2|1|13,1,2,11,,,00005garden,,23,0,1
SHAM,0.043478260869565216,00005garden|2|1|13,1,2,12,,,00005garden,,23,0,1
SHAM,0.043478260869565216,00005garden|2|1|13,1,2,13,,,00005garden,,23,0,1
SHAM,0.045454545454545456,00005garden|2|1|13,1,2,14,,,00005garden,,22,0,1
SHAM,0.043478260869565216,00005garden|2|1|13,1,2,15,,,00005garden,,23,0,1
SHAM,0.043478260869565216,00005garden|2|1|13,1,2,16,,,00005garden,,23,0,1
SHAM,0.043478260869565216,00005garden|2|1|13,1,2,17,,,00005garden,,23,0,1
SHAM,0.043478260869565216,00005garden|2|1|13,1,2,18,,,00005garden,,23,0,1
SHAM,0.043478260869565216,00005garden|2|1|13,1,2,19,,,00005garden,,23,0,1
SHAM,0.0,00005garden|2|1|13,1,2,20,,,00005garden,,25,0,0
C2b-INJECTION,0.11538461538461539,00005garden|2|1|13,1,2,1,,,00005garden,,26,0,3
C2b-INJECTION,0.16,00005garden|2|1|13,1,2,2,,,00005garden,,25,0,4
C2b-INJECTION,0.11538461538461539,00005garden|2|1|13,1,2,3,,,00005garden,,26,0,3
C2b-INJECTION,0.04,00005garden|2|1|13,1,2,4,,,00005garden,,25,0,1
C2b-INJECTION,0.08,00005garden|2|1|13,1,2,5,,,00005garden,,25,0,2
C2b-INJECTION,0.07692307692307693,00005garden|2|1|13,1,2,6,,,00005garden,,26,0,2
C2b-INJECTION,0.08333333333333333,00005garden|2|1|13,1,2,7,,,00005garden,,24,0,2
C2b-INJECTION,0.08,00005garden|2|1|13,1,2,8,,,00005garden,,25,0,2
C2b-INJECTION,0.08,00005garden|2|1|13,1,2,9,,,00005garden,,25,0,2
C2b-INJECTION,0.041666666666666664,00005garden|2|1|13,1,2,10,,,00005garden,,24,0,1
C2b-INJECTION,0.043478260869565216,00005garden|2|1|13,1,2,11,,,00005garden,,23,0,1
C2b-INJECTION,0.043478260869565216,00005garden|2|1|13,1,2,12,,,00005garden,,23,0,1
C2b-INJECTION,0.043478260869565216,00005garden|2|1|13,1,2,13,,,00005garden,,23,0,1
C2b-INJECTION,0.045454545454545456,00005garden|2|1|13,1,2,14,,,00005garden,,22,0,1
C2b-INJECTION,0.043478260869565216,00005garden|2|1|13,1,2,15,,,00005garden,,23,0,1
C2b-INJECTION,0.043478260869565216,00005garden|2|1|13,1,2,16,,,00005garden,,23,0,1
C2b-INJECTION,0.043478260869565216,00005garden|2|1|13,1,2,17,,,00005garden,,23,0,1
C2b-INJECTION,0.043478260869565216,00005garden|2|1|13,1,2,18,,,00005garden,,23,0,1
C2b-INJECTION,0.043478260869565216,00005garden|2|1|13,1,2,19,,,00005garden,,23,0,1
C2b-INJECTION,0.0,00005garden|2|1|13,1,2,20,,,00005garden,,25,0,0
_META,,00005garden|2|1|13,1,2,0,omitted_for_runtime,omitted_for_runtime,00005garden,,,0,
SHAM,0.11538461538461539,00005garden|2|1|5,1,10,1,,,00005garden,,26,0,3
SHAM,0.16,00005garden|2|1|5,1,10,2,,,00005garden,,25,0,4
SHAM,0.11538461538461539,00005garden|2|1|5,1,10,3,,,00005garden,,26,0,3
SHAM,0.04,00005garden|2|1|5,1,10,4,,,00005garden,,25,0,1
SHAM,0.08,00005garden|2|1|5,1,10,5,,,00005garden,,25,0,2
SHAM,0.07692307692307693,00005garden|2|1|5,1,10,6,,,00005garden,,26,0,2
SHAM,0.08333333333333333,00005garden|2|1|5,1,10,7,,,00005garden,,24,0,2
SHAM,0.08,00005garden|2|1|5,1,10,8,,,00005garden,,25,0,2
SHAM,0.08,00005garden|2|1|5,1,10,9,,,00005garden,,25,0,2
SHAM,0.041666666666666664,00005garden|2|1|5,1,10,10,,,00005garden,,24,0,1
SHAM,0.043478260869565216,00005garden|2|1|5,1,10,11,,,00005garden,,23,0,1
SHAM,0.043478260869565216,00005garden|2|1|5,1,10,12,,,00005garden,,23,0,1
SHAM,0.043478260869565216,00005garden|2|1|5,1,10,13,,,00005garden,,23,0,1
SHAM,0.045454545454545456,00005garden|2|1|5,1,10,14,,,00005garden,,22,0,1
SHAM,0.043478260869565216,00005garden|2|1|5,1,10,15,,,00005garden,,23,0,1
SHAM,0.043478260869565216,00005garden|2|1|5,1,10,16,,,00005garden,,23,0,1
SHAM,0.043478260869565216,00005garden|2|1|5,1,10,17,,,00005garden,,23,0,1
SHAM,0.043478260869565216,00005garden|2|1|5,1,10,18,,,00005garden,,23,0,1
SHAM,0.043478260869565216,00005garden|2|1|5,1,10,19,,,00005garden,,23,0,1
SHAM,0.0,00005garden|2|1|5,1,10,20,,,00005garden,,25,0,0
C2b-INJECTION,0.15384615384615385,00005garden|2|1|5,1,10,1,,,00005garden,,26,0,4
C2b-INJECTION,0.16,00005garden|2|1|5,1,10,2,,,00005garden,,25,0,4
C2b-INJECTION,0.11538461538461539,00005garden|2|1|5,1,10,3,,,00005garden,,26,0,3
C2b-INJECTION,0.04,00005garden|2|1|5,1,10,4,,,00005garden,,25,0,1
C2b-INJECTION,0.08,00005garden|2|1|5,1,10,5,,,00005garden,,25,0,2
C2b-INJECTION,0.07692307692307693,00005garden|2|1|5,1,10,6,,,00005garden,,26,0,2
C2b-INJECTION,0.08333333333333333,00005garden|2|1|5,1,10,7,,,00005garden,,24,0,2
C2b-INJECTION,0.08,00005garden|2|1|5,1,10,8,,,00005garden,,25,0,2
C2b-INJECTION,0.08,00005garden|2|1|5,1,10,9,,,00005garden,,25,0,2
C2b-INJECTION,0.041666666666666664,00005garden|2|1|5,1,10,10,,,00005garden,,24,0,1
C2b-INJECTION,0.043478260869565216,00005garden|2|1|5,1,10,11,,,00005garden,,23,0,1
C2b-INJECTION,0.043478260869565216,00005garden|2|1|5,1,10,12,,,00005garden,,23,0,1
C2b-INJECTION,0.043478260869565216,00005garden|2|1|5,1,10,13,,,00005garden,,23,0,1
C2b-INJECTION,0.045454545454545456,00005garden|2|1|5,1,10,14,,,00005garden,,22,0,1
C2b-INJECTION,0.043478260869565216,00005garden|2|1|5,1,10,15,,,00005garden,,23,0,1
C2b-INJECTION,0.043478260869565216,00005garden|2|1|5,1,10,16,,,00005garden,,23,0,1
C2b-INJECTION,0.043478260869565216,00005garden|2|1|5,1,10,17,,,00005garden,,23,0,1
C2b-INJECTION,0.043478260869565216,00005garden|2|1|5,1,10,18,,,00005garden,,23,0,1
C2b-INJECTION,0.043478260869565216,00005garden|2|1|5,1,10,19,,,00005garden,,23,0,1
C2b-INJECTION,0.0,00005garden|2|1|5,1,10,20,,,00005garden,,25,0,0
_META,,00005garden|2|1|5,1,10,0,omitted_for_runtime,omitted_for_runtime,00005garden,,,0,
SHAM,0.11538461538461539,00005garden|2|1|6,1,4,1,,,00005garden,,26,0,3
SHAM,0.16,00005garden|2|1|6,1,4,2,,,00005garden,,25,0,4
SHAM,0.11538461538461539,00005garden|2|1|6,1,4,3,,,00005garden,,26,0,3
SHAM,0.04,00005garden|2|1|6,1,4,4,,,00005garden,,25,0,1
SHAM,0.08,00005garden|2|1|6,1,4,5,,,00005garden,,25,0,2
SHAM,0.07692307692307693,00005garden|2|1|6,1,4,6,,,00005garden,,26,0,2
SHAM,0.08333333333333333,00005garden|2|1|6,1,4,7,,,00005garden,,24,0,2
SHAM,0.08,00005garden|2|1|6,1,4,8,,,00005garden,,25,0,2
SHAM,0.08,00005garden|2|1|6,1,4,9,,,00005garden,,25,0,2
SHAM,0.041666666666666664,00005garden|2|1|6,1,4,10,,,00005garden,,24,0,1
SHAM,0.043478260869565216,00005garden|2|1|6,1,4,11,,,00005garden,,23,0,1
SHAM,0.043478260869565216,00005garden|2|1|6,1,4,12,,,00005garden,,23,0,1
SHAM,0.043478260869565216,00005garden|2|1|6,1,4,13,,,00005garden,,23,0,1
SHAM,0.045454545454545456,00005garden|2|1|6,1,4,14,,,00005garden,,22,0,1
SHAM,0.043478260869565216,00005garden|2|1|6,1,4,15,,,00005garden,,23,0,1
SHAM,0.043478260869565216,00005garden|2|1|6,1,4,16,,,00005garden,,23,0,1
SHAM,0.043478260869565216,00005garden|2|1|6,1,4,17,,,00005garden,,23,0,1
SHAM,0.043478260869565216,00005garden|2|1|6,1,4,18,,,00005garden,,23,0,1
SHAM,0.043478260869565216,00005garden|2|1|6,1,4,19,,,00005garden,,23,0,1
SHAM,0.0,00005garden|2|1|6,1,4,20,,,00005garden,,25,0,0
C2b-INJECTION,0.11538461538461539,00005garden|2|1|6,1,4,1,,,00005garden,,26,0,3
C2b-INJECTION,0.16,00005garden|2|1|6,1,4,2,,,00005garden,,25,0,4
C2b-INJECTION,0.11538461538461539,00005garden|2|1|6,1,4,3,,,00005garden,,26,0,3
C2b-INJECTION,0.08,00005garden|2|1|6,1,4,4,,,00005garden,,25,0,2
C2b-INJECTION,0.08,00005garden|2|1|6,1,4,5,,,00005garden,,25,0,2
C2b-INJECTION,0.07692307692307693,00005garden|2|1|6,1,4,6,,,00005garden,,26,0,2
C2b-INJECTION,0.08333333333333333,00005garden|2|1|6,1,4,7,,,00005garden,,24,0,2
C2b-INJECTION,0.08,00005garden|2|1|6,1,4,8,,,00005garden,,25,0,2
C2b-INJECTION,0.04,00005garden|2|1|6,1,4,9,,,00005garden,,25,0,1
C2b-INJECTION,0.041666666666666664,00005garden|2|1|6,1,4,10,,,00005garden,,24,0,1
C2b-INJECTION,0.043478260869565216,00005garden|2|1|6,1,4,11,,,00005garden,,23,0,1
C2b-INJECTION,0.043478260869565216,00005garden|2|1|6,1,4,12,,,00005garden,,23,0,1
C2b-INJECTION,0.043478260869565216,00005garden|2|1|6,1,4,13,,,00005garden,,23,0,1
C2b-INJECTION,0.045454545454545456,00005garden|2|1|6,1,4,14,,,00005garden,,22,0,1
C2b-INJECTION,0.043478260869565216,00005garden|2|1|6,1,4,15,,,00005garden,,23,0,1
C2b-INJECTION,0.043478260869565216,00005garden|2|1|6,1,4,16,,,00005garden,,23,0,1
C2b-INJECTION,0.043478260869565216,00005garden|2|1|6,1,4,17,,,00005garden,,23,0,1
C2b-INJECTION,0.043478260869565216,00005garden|2|1|6,1,4,18,,,00005garden,,23,0,1
C2b-INJECTION,0.043478260869565216,00005garden|2|1|6,1,4,19,,,00005garden,,23,0,1
C2b-INJECTION,0.0,00005garden|2|1|6,1,4,20,,,00005garden,,25,0,0
_META,,00005garden|2|1|6,1,4,0,omitted_for_runtime,omitted_for_runtime,00005garden,,,0,
SHAM,0.11538461538461539,00005garden|2|1|9,1,18,1,,,00005garden,,26,0,3
SHAM,0.16,00005garden|2|1|9,1,18,2,,,00005garden,,25,0,4
SHAM,0.11538461538461539,00005garden|2|1|9,1,18,3,,,00005garden,,26,0,3
SHAM,0.04,00005garden|2|1|9,1,18,4,,,00005garden,,25,0,1
SHAM,0.08,00005garden|2|1|9,1,18,5,,,00005garden,,25,0,2
SHAM,0.07692307692307693,00005garden|2|1|9,1,18,6,,,00005garden,,26,0,2
SHAM,0.08333333333333333,00005garden|2|1|9,1,18,7,,,00005garden,,24,0,2
SHAM,0.08,00005garden|2|1|9,1,18,8,,,00005garden,,25,0,2
SHAM,0.08,00005garden|2|1|9,1,18,9,,,00005garden,,25,0,2
SHAM,0.041666666666666664,00005garden|2|1|9,1,18,10,,,00005garden,,24,0,1
SHAM,0.043478260869565216,00005garden|2|1|9,1,18,11,,,00005garden,,23,0,1
SHAM,0.043478260869565216,00005garden|2|1|9,1,18,12,,,00005garden,,23,0,1
SHAM,0.043478260869565216,00005garden|2|1|9,1,18,13,,,00005garden,,23,0,1
SHAM,0.045454545454545456,00005garden|2|1|9,1,18,14,,,00005garden,,22,0,1
SHAM,0.043478260869565216,00005garden|2|1|9,1,18,15,,,00005garden,,23,0,1
SHAM,0.043478260869565216,00005garden|2|1|9,1,18,16,,,00005garden,,23,0,1
SHAM,0.043478260869565216,00005garden|2|1|9,1,18,17,,,00005garden,,23,0,1
SHAM,0.043478260869565216,00005garden|2|1|9,1,18,18,,,00005garden,,23,0,1
SHAM,0.043478260869565216,00005garden|2|1|9,1,18,19,,,00005garden,,23,0,1
SHAM,0.0,00005garden|2|1|9,1,18,20,,,00005garden,,25,0,0
C2b-INJECTION,0.15384615384615385,00005garden|2|1|9,1,18,1,,,00005garden,,26,0,4
C2b-INJECTION,0.2,00005garden|2|1|9,1,18,2,,,00005garden,,25,0,5
C2b-INJECTION,0.15384615384615385,00005garden|2|1|9,1,18,3,,,00005garden,,26,0,4
C2b-INJECTION,0.08,00005garden|2|1|9,1,18,4,,,00005garden,,25,0,2
C2b-INJECTION,0.12,00005garden|2|1|9,1,18,5,,,00005garden,,25,0,3
C2b-INJECTION,0.11538461538461539,00005garden|2|1|9,1,18,6,,,00005garden,,26,0,3
C2b-INJECTION,0.125,00005garden|2|1|9,1,18,7,,,00005garden,,24,0,3
C2b-INJECTION,0.12,00005garden|2|1|9,1,18,8,,,00005garden,,25,0,3
C2b-INJECTION,0.12,00005garden|2|1|9,1,18,9,,,00005garden,,25,0,3
C2b-INJECTION,0.08333333333333333,00005garden|2|1|9,1,18,10,,,00005garden,,24,0,2
C2b-INJECTION,0.08695652173913043,00005garden|2|1|9,1,18,11,,,00005garden,,23,0,2
C2b-INJECTION,0.08695652173913043,00005garden|2|1|9,1,18,12,,,00005garden,,23,0,2
C2b-INJECTION,0.08695652173913043,00005garden|2|1|9,1,18,13,,,00005garden,,23,0,2
C2b-INJECTION,0.09090909090909091,00005garden|2|1|9,1,18,14,,,00005garden,,22,0,2
C2b-INJECTION,0.08695652173913043,00005garden|2|1|9,1,18,15,,,00005garden,,23,0,2
C2b-INJECTION,0.08695652173913043,00005garden|2|1|9,1,18,16,,,00005garden,,23,0,2
C2b-INJECTION,0.08695652173913043,00005garden|2|1|9,1,18,17,,,00005garden,,23,0,2
C2b-INJECTION,0.08695652173913043,00005garden|2|1|9,1,18,18,,,00005garden,,23,0,2
C2b-INJECTION,0.08695652173913043,00005garden|2|1|9,1,18,19,,,00005garden,,23,0,2
C2b-INJECTION,0.04,00005garden|2|1|9,1,18,20,,,00005garden,,25,0,1
_META,,00005garden|2|1|9,1,18,0,omitted_for_runtime,omitted_for_runtime,00005garden,,,0,
SHAM,0.11538461538461539,00005garden|4|1|19,3,21,1,,,00005garden,,26,0,3
SHAM,0.04,00005garden|4|1|19,3,21,2,,,00005garden,,25,0,1
SHAM,0.08,00005garden|4|1|19,3,21,3,,,00005garden,,25,0,2
SHAM,0.07692307692307693,00005garden|4|1|19,3,21,4,,,00005garden,,26,0,2
SHAM,0.08333333333333333,00005garden|4|1|19,3,21,5,,,00005garden,,24,0,2
SHAM,0.08,00005garden|4|1|19,3,21,6,,,00005garden,,25,0,2
SHAM,0.08,00005garden|4|1|19,3,21,7,,,00005garden,,25,0,2
SHAM,0.041666666666666664,00005garden|4|1|19,3,21,8,,,00005garden,,24,0,1
SHAM,0.043478260869565216,00005garden|4|1|19,3,21,9,,,00005garden,,23,0,1
SHAM,0.043478260869565216,00005garden|4|1|19,3,21,10,,,00005garden,,23,0,1
SHAM,0.043478260869565216,00005garden|4|1|19,3,21,11,,,00005garden,,23,0,1
SHAM,0.045454545454545456,00005garden|4|1|19,3,21,12,,,00005garden,,22,0,1
SHAM,0.043478260869565216,00005garden|4|1|19,3,21,13,,,00005garden,,23,0,1
SHAM,0.043478260869565216,00005garden|4|1|19,3,21,14,,,00005garden,,23,0,1
SHAM,0.043478260869565216,00005garden|4|1|19,3,21,15,,,00005garden,,23,0,1
SHAM,0.043478260869565216,00005garden|4|1|19,3,21,16,,,00005garden,,23,0,1
SHAM,0.043478260869565216,00005garden|4|1|19,3,21,17,,,00005garden,,23,0,1
SHAM,0.0,00005garden|4|1|19,3,21,18,,,00005garden,,25,0,0
SHAM,0.04,00005garden|4|1|19,3,21,19,,,00005garden,,25,0,1
SHAM,0.07692307692307693,00005garden|4|1|19,3,21,20,,,00005garden,,26,0,2
C2b-INJECTION,0.11538461538461539,00005garden|4|1|19,3,21,1,,,00005garden,,26,0,3
C2b-INJECTION,0.04,00005garden|4|1|19,3,21,2,,,00005garden,,25,0,1
C2b-INJECTION,0.08,00005garden|4|1|19,3,21,3,,,00005garden,,25,0,2
C2b-INJECTION,0.07692307692307693,00005garden|4|1|19,3,21,4,,,00005garden,,26,0,2
C2b-INJECTION,0.08333333333333333,00005garden|4|1|19,3,21,5,,,00005garden,,24,0,2
C2b-INJECTION,0.08,00005garden|4|1|19,3,21,6,,,00005garden,,25,0,2
C2b-INJECTION,0.08,00005garden|4|1|19,3,21,7,,,00005garden,,25,0,2
C2b-INJECTION,0.041666666666666664,00005garden|4|1|19,3,21,8,,,00005garden,,24,0,1
C2b-INJECTION,0.043478260869565216,00005garden|4|1|19,3,21,9,,,00005garden,,23,0,1
C2b-INJECTION,0.043478260869565216,00005garden|4|1|19,3,21,10,,,00005garden,,23,0,1
C2b-INJECTION,0.043478260869565216,00005garden|4|1|19,3,21,11,,,00005garden,,23,0,1
C2b-INJECTION,0.045454545454545456,00005garden|4|1|19,3,21,12,,,00005garden,,22,0,1
C2b-INJECTION,0.043478260869565216,00005garden|4|1|19,3,21,13,,,00005garden,,23,0,1
C2b-INJECTION,0.043478260869565216,00005garden|4|1|19,3,21,14,,,00005garden,,23,0,1
C2b-INJECTION,0.043478260869565216,00005garden|4|1|19,3,21,15,,,00005garden,,23,0,1
C2b-INJECTION,0.043478260869565216,00005garden|4|1|19,3,21,16,,,00005garden,,23,0,1
C2b-INJECTION,0.043478260869565216,00005garden|4|1|19,3,21,17,,,00005garden,,23,0,1
C2b-INJECTION,0.0,00005garden|4|1|19,3,21,18,,,00005garden,,25,0,0
C2b-INJECTION,0.04,00005garden|4|1|19,3,21,19,,,00005garden,,25,0,1
C2b-INJECTION,0.07692307692307693,00005garden|4|1|19,3,21,20,,,00005garden,,26,0,2
_META,,00005garden|4|1|19,3,21,0,omitted_for_runtime,omitted_for_runtime,00005garden,,,0,
SHAM,0.04,00005garden|5|1|15,4,12,1,,,00005garden,,25,0,1
SHAM,0.08,00005garden|5|1|15,4,12,2,,,00005garden,,25,0,2
SHAM,0.07692307692307693,00005garden|5|1|15,4,12,3,,,00005garden,,26,0,2
SHAM,0.08333333333333333,00005garden|5|1|15,4,12,4,,,00005garden,,24,0,2
SHAM,0.08,00005garden|5|1|15,4,12,5,,,00005garden,,25,0,2
SHAM,0.08,00005garden|5|1|15,4,12,6,,,00005garden,,25,0,2
SHAM,0.041666666666666664,00005garden|5|1|15,4,12,7,,,00005garden,,24,0,1
SHAM,0.043478260869565216,00005garden|5|1|15,4,12,8,,,00005garden,,23,0,1
SHAM,0.043478260869565216,00005garden|5|1|15,4,12,9,,,00005garden,,23,0,1
SHAM,0.043478260869565216,00005garden|5|1|15,4,12,10,,,00005garden,,23,0,1
SHAM,0.045454545454545456,00005garden|5|1|15,4,12,11,,,00005garden,,22,0,1
SHAM,0.043478260869565216,00005garden|5|1|15,4,12,12,,,00005garden,,23,0,1
SHAM,0.043478260869565216,00005garden|5|1|15,4,12,13,,,00005garden,,23,0,1
SHAM,0.043478260869565216,00005garden|5|1|15,4,12,14,,,00005garden,,23,0,1
SHAM,0.043478260869565216,00005garden|5|1|15,4,12,15,,,00005garden,,23,0,1
SHAM,0.043478260869565216,00005garden|5|1|15,4,12,16,,,00005garden,,23,0,1
SHAM,0.0,00005garden|5|1|15,4,12,17,,,00005garden,,25,0,0
SHAM,0.04,00005garden|5|1|15,4,12,18,,,00005garden,,25,0,1
SHAM,0.07692307692307693,00005garden|5|1|15,4,12,19,,,00005garden,,26,0,2
SHAM,0.08,00005garden|5|1|15,4,12,20,,,00005garden,,25,0,2
C2b-INJECTION,0.04,00005garden|5|1|15,4,12,1,,,00005garden,,25,0,1
C2b-INJECTION,0.08,00005garden|5|1|15,4,12,2,,,00005garden,,25,0,2
C2b-INJECTION,0.07692307692307693,00005garden|5|1|15,4,12,3,,,00005garden,,26,0,2
C2b-INJECTION,0.08333333333333333,00005garden|5|1|15,4,12,4,,,00005garden,,24,0,2
C2b-INJECTION,0.08,00005garden|5|1|15,4,12,5,,,00005garden,,25,0,2
C2b-INJECTION,0.08,00005garden|5|1|15,4,12,6,,,00005garden,,25,0,2
C2b-INJECTION,0.041666666666666664,00005garden|5|1|15,4,12,7,,,00005garden,,24,0,1
C2b-INJECTION,0.043478260869565216,00005garden|5|1|15,4,12,8,,,00005garden,,23,0,1
C2b-INJECTION,0.043478260869565216,00005garden|5|1|15,4,12,9,,,00005garden,,23,0,1
C2b-INJECTION,0.043478260869565216,00005garden|5|1|15,4,12,10,,,00005garden,,23,0,1
C2b-INJECTION,0.045454545454545456,00005garden|5|1|15,4,12,11,,,00005garden,,22,0,1
C2b-INJECTION,0.043478260869565216,00005garden|5|1|15,4,12,12,,,00005garden,,23,0,1
C2b-INJECTION,0.043478260869565216,00005garden|5|1|15,4,12,13,,,00005garden,,23,0,1
C2b-INJECTION,0.043478260869565216,00005garden|5|1|15,4,12,14,,,00005garden,,23,0,1
C2b-INJECTION,0.043478260869565216,00005garden|5|1|15,4,12,15,,,00005garden,,23,0,1
C2b-INJECTION,0.043478260869565216,00005garden|5|1|15,4,12,16,,,00005garden,,23,0,1
C2b-INJECTION,0.0,00005garden|5|1|15,4,12,17,,,00005garden,,25,0,0
C2b-INJECTION,0.04,00005garden|5|1|15,4,12,18,,,00005garden,,25,0,1
C2b-INJECTION,0.07692307692307693,00005garden|5|1|15,4,12,19,,,00005garden,,26,0,2
C2b-INJECTION,0.08,00005garden|5|1|15,4,12,20,,,00005garden,,25,0,2
_META,,00005garden|5|1|15,4,12,0,omitted_for_runtime,omitted_for_runtime,00005garden,,,0,
SHAM,0.1111111111111111,00005garden|43|1|1,42,3,1,,,00005garden,,27,0,3
SHAM,0.11538461538461539,00005garden|43|1|1,42,3,2,,,00005garden,,26,0,3
SHAM,0.11538461538461539,00005garden|43|1|1,42,3,3,,,00005garden,,26,0,3
SHAM,0.04,00005garden|43|1|1,42,3,4,,,00005garden,,25,0,1
SHAM,0.041666666666666664,00005garden|43|1|1,42,3,5,,,00005garden,,24,0,1
SHAM,0.04,00005garden|43|1|1,42,3,6,,,00005garden,,25,0,1
SHAM,0.038461538461538464,00005garden|43|1|1,42,3,7,,,00005garden,,26,0,1
SHAM,0.04,00005garden|43|1|1,42,3,8,,,00005garden,,25,0,1
SHAM,0.08,00005garden|43|1|1,42,3,9,,,00005garden,,25,0,2
SHAM,0.07692307692307693,00005garden|43|1|1,42,3,10,,,00005garden,,26,0,2
SHAM,0.07692307692307693,00005garden|43|1|1,42,3,11,,,00005garden,,26,0,2
SHAM,0.04,00005garden|43|1|1,42,3,12,,,00005garden,,25,0,1
SHAM,0.07692307692307693,00005garden|43|1|1,42,3,13,,,00005garden,,26,0,2
SHAM,0.041666666666666664,00005garden|43|1|1,42,3,14,,,00005garden,,24,0,1
SHAM,0.041666666666666664,00005garden|43|1|1,42,3,15,,,00005garden,,24,0,1
SHAM,0.041666666666666664,00005garden|43|1|1,42,3,16,,,00005garden,,24,0,1
SHAM,0.041666666666666664,00005garden|43|1|1,42,3,17,,,00005garden,,24,0,1
SHAM,0.0,00005garden|43|1|1,42,3,18,,,00005garden,,22,0,0
SHAM,0.041666666666666664,00005garden|43|1|1,42,3,19,,,00005garden,,24,0,1
SHAM,0.0,00005garden|43|1|1,42,3,20,,,00005garden,,23,0,0
C2b-INJECTION,0.1111111111111111,00005garden|43|1|1,42,3,1,,,00005garden,,27,0,3
C2b-INJECTION,0.11538461538461539,00005garden|43|1|1,42,3,2,,,00005garden,,26,0,3
C2b-INJECTION,0.11538461538461539,00005garden|43|1|1,42,3,3,,,00005garden,,26,0,3
C2b-INJECTION,0.04,00005garden|43|1|1,42,3,4,,,00005garden,,25,0,1
C2b-INJECTION,0.041666666666666664,00005garden|43|1|1,42,3,5,,,00005garden,,24,0,1
C2b-INJECTION,0.04,00005garden|43|1|1,42,3,6,,,00005garden,,25,0,1
C2b-INJECTION,0.038461538461538464,00005garden|43|1|1,42,3,7,,,00005garden,,26,0,1
C2b-INJECTION,0.04,00005garden|43|1|1,42,3,8,,,00005garden,,25,0,1
C2b-INJECTION,0.08,00005garden|43|1|1,42,3,9,,,00005garden,,25,0,2
C2b-INJECTION,0.07692307692307693,00005garden|43|1|1,42,3,10,,,00005garden,,26,0,2
C2b-INJECTION,0.07692307692307693,00005garden|43|1|1,42,3,11,,,00005garden,,26,0,2
C2b-INJECTION,0.04,00005garden|43|1|1,42,3,12,,,00005garden,,25,0,1
C2b-INJECTION,0.07692307692307693,00005garden|43|1|1,42,3,13,,,00005garden,,26,0,2
C2b-INJECTION,0.041666666666666664,00005garden|43|1|1,42,3,14,,,00005garden,,24,0,1
C2b-INJECTION,0.041666666666666664,00005garden|43|1|1,42,3,15,,,00005garden,,24,0,1
C2b-INJECTION,0.041666666666666664,00005garden|43|1|1,42,3,16,,,00005garden,,24,0,1
C2b-INJECTION,0.041666666666666664,00005garden|43|1|1,42,3,17,,,00005garden,,24,0,1
C2b-INJECTION,0.0,00005garden|43|1|1,42,3,18,,,00005garden,,22,0,0
C2b-INJECTION,0.041666666666666664,00005garden|43|1|1,42,3,19,,,00005garden,,24,0,1
C2b-INJECTION,0.0,00005garden|43|1|1,42,3,20,,,00005garden,,23,0,0
_META,,00005garden|43|1|1,42,3,0,omitted_for_runtime,omitted_for_runtime,00005garden,,,0,
SHAM,0.1111111111111111,00005garden|43|1|11,42,18,1,,,00005garden,,27,0,3
SHAM,0.11538461538461539,00005garden|43|1|11,42,18,2,,,00005garden,,26,0,3
SHAM,0.11538461538461539,00005garden|43|1|11,42,18,3,,,00005garden,,26,0,3
SHAM,0.04,00005garden|43|1|11,42,18,4,,,00005garden,,25,0,1
SHAM,0.041666666666666664,00005garden|43|1|11,42,18,5,,,00005garden,,24,0,1
SHAM,0.04,00005garden|43|1|11,42,18,6,,,00005garden,,25,0,1
SHAM,0.038461538461538464,00005garden|43|1|11,42,18,7,,,00005garden,,26,0,1
SHAM,0.04,00005garden|43|1|11,42,18,8,,,00005garden,,25,0,1
SHAM,0.08,00005garden|43|1|11,42,18,9,,,00005garden,,25,0,2
SHAM,0.07692307692307693,00005garden|43|1|11,42,18,10,,,00005garden,,26,0,2
SHAM,0.07692307692307693,00005garden|43|1|11,42,18,11,,,00005garden,,26,0,2
SHAM,0.04,00005garden|43|1|11,42,18,12,,,00005garden,,25,0,1
SHAM,0.07692307692307693,00005garden|43|1|11,42,18,13,,,00005garden,,26,0,2
SHAM,0.041666666666666664,00005garden|43|1|11,42,18,14,,,00005garden,,24,0,1
SHAM,0.041666666666666664,00005garden|43|1|11,42,18,15,,,00005garden,,24,0,1
SHAM,0.041666666666666664,00005garden|43|1|11,42,18,16,,,00005garden,,24,0,1
SHAM,0.041666666666666664,00005garden|43|1|11,42,18,17,,,00005garden,,24,0,1
SHAM,0.0,00005garden|43|1|11,42,18,18,,,00005garden,,22,0,0
SHAM,0.041666666666666664,00005garden|43|1|11,42,18,19,,,00005garden,,24,0,1
SHAM,0.0,00005garden|43|1|11,42,18,20,,,00005garden,,23,0,0
C2b-INJECTION,0.1111111111111111,00005garden|43|1|11,42,18,1,,,00005garden,,27,0,3
C2b-INJECTION,0.11538461538461539,00005garden|43|1|11,42,18,2,,,00005garden,,26,0,3
C2b-INJECTION,0.11538461538461539,00005garden|43|1|11,42,18,3,,,00005garden,,26,0,3
C2b-INJECTION,0.04,00005garden|43|1|11,42,18,4,,,00005garden,,25,0,1
C2b-INJECTION,0.041666666666666664,00005garden|43|1|11,42,18,5,,,00005garden,,24,0,1
C2b-INJECTION,0.04,00005garden|43|1|11,42,18,6,,,00005garden,,25,0,1
C2b-INJECTION,0.038461538461538464,00005garden|43|1|11,42,18,7,,,00005garden,,26,0,1
C2b-INJECTION,0.04,00005garden|43|1|11,42,18,8,,,00005garden,,25,0,1
C2b-INJECTION,0.08,00005garden|43|1|11,42,18,9,,,00005garden,,25,0,2
C2b-INJECTION,0.07692307692307693,00005garden|43|1|11,42,18,10,,,00005garden,,26,0,2
C2b-INJECTION,0.07692307692307693,00005garden|43|1|11,42,18,11,,,00005garden,,26,0,2
C2b-INJECTION,0.04,00005garden|43|1|11,42,18,12,,,00005garden,,25,0,1
C2b-INJECTION,0.07692307692307693,00005garden|43|1|11,42,18,13,,,00005garden,,26,0,2
C2b-INJECTION,0.041666666666666664,00005garden|43|1|11,42,18,14,,,00005garden,,24,0,1
C2b-INJECTION,0.041666666666666664,00005garden|43|1|11,42,18,15,,,00005garden,,24,0,1
C2b-INJECTION,0.041666666666666664,00005garden|43|1|11,42,18,16,,,00005garden,,24,0,1
C2b-INJECTION,0.041666666666666664,00005garden|43|1|11,42,18,17,,,00005garden,,24,0,1
C2b-INJECTION,0.0,00005garden|43|1|11,42,18,18,,,00005garden,,22,0,0
C2b-INJECTION,0.041666666666666664,00005garden|43|1|11,42,18,19,,,00005garden,,24,0,1
C2b-INJECTION,0.0,00005garden|43|1|11,42,18,20,,,00005garden,,23,0,0
_META,,00005garden|43|1|11,42,18,0,omitted_for_runtime,omitted_for_runtime,00005garden,,,0,
SHAM,0.1111111111111111,00005garden|43|1|12,42,2,1,,,00005garden,,27,0,3
SHAM,0.11538461538461539,00005garden|43|1|12,42,2,2,,,00005garden,,26,0,3
SHAM,0.11538461538461539,00005garden|43|1|12,42,2,3,,,00005garden,,26,0,3
SHAM,0.04,00005garden|43|1|12,42,2,4,,,00005garden,,25,0,1
SHAM,0.041666666666666664,00005garden|43|1|12,42,2,5,,,00005garden,,24,0,1
SHAM,0.04,00005garden|43|1|12,42,2,6,,,00005garden,,25,0,1
SHAM,0.038461538461538464,00005garden|43|1|12,42,2,7,,,00005garden,,26,0,1
SHAM,0.04,00005garden|43|1|12,42,2,8,,,00005garden,,25,0,1
SHAM,0.08,00005garden|43|1|12,42,2,9,,,00005garden,,25,0,2
SHAM,0.07692307692307693,00005garden|43|1|12,42,2,10,,,00005garden,,26,0,2
SHAM,0.07692307692307693,00005garden|43|1|12,42,2,11,,,00005garden,,26,0,2
SHAM,0.04,00005garden|43|1|12,42,2,12,,,00005garden,,25,0,1
SHAM,0.07692307692307693,00005garden|43|1|12,42,2,13,,,00005garden,,26,0,2
SHAM,0.041666666666666664,00005garden|43|1|12,42,2,14,,,00005garden,,24,0,1
SHAM,0.041666666666666664,00005garden|43|1|12,42,2,15,,,00005garden,,24,0,1
SHAM,0.041666666666666664,00005garden|43|1|12,42,2,16,,,00005garden,,24,0,1
SHAM,0.041666666666666664,00005garden|43|1|12,42,2,17,,,00005garden,,24,0,1
SHAM,0.0,00005garden|43|1|12,42,2,18,,,00005garden,,22,0,0
SHAM,0.041666666666666664,00005garden|43|1|12,42,2,19,,,00005garden,,24,0,1
SHAM,0.0,00005garden|43|1|12,42,2,20,,,00005garden,,23,0,0
C2b-INJECTION,0.1111111111111111,00005garden|43|1|12,42,2,1,,,00005garden,,27,0,3
C2b-INJECTION,0.11538461538461539,00005garden|43|1|12,42,2,2,,,00005garden,,26,0,3
C2b-INJECTION,0.11538461538461539,00005garden|43|1|12,42,2,3,,,00005garden,,26,0,3
C2b-INJECTION,0.04,00005garden|43|1|12,42,2,4,,,00005garden,,25,0,1
C2b-INJECTION,0.041666666666666664,00005garden|43|1|12,42,2,5,,,00005garden,,24,0,1
C2b-INJECTION,0.04,00005garden|43|1|12,42,2,6,,,00005garden,,25,0,1
C2b-INJECTION,0.038461538461538464,00005garden|43|1|12,42,2,7,,,00005garden,,26,0,1
C2b-INJECTION,0.04,00005garden|43|1|12,42,2,8,,,00005garden,,25,0,1
C2b-INJECTION,0.08,00005garden|43|1|12,42,2,9,,,00005garden,,25,0,2
C2b-INJECTION,0.07692307692307693,00005garden|43|1|12,42,2,10,,,00005garden,,26,0,2
C2b-INJECTION,0.07692307692307693,00005garden|43|1|12,42,2,11,,,00005garden,,26,0,2
C2b-INJECTION,0.04,00005garden|43|1|12,42,2,12,,,00005garden,,25,0,1
C2b-INJECTION,0.07692307692307693,00005garden|43|1|12,42,2,13,,,00005garden,,26,0,2
C2b-INJECTION,0.041666666666666664,00005garden|43|1|12,42,2,14,,,00005garden,,24,0,1
C2b-INJECTION,0.041666666666666664,00005garden|43|1|12,42,2,15,,,00005garden,,24,0,1
C2b-INJECTION,0.041666666666666664,00005garden|43|1|12,42,2,16,,,00005garden,,24,0,1
C2b-INJECTION,0.041666666666666664,00005garden|43|1|12,42,2,17,,,00005garden,,24,0,1
C2b-INJECTION,0.0,00005garden|43|1|12,42,2,18,,,00005garden,,22,0,0
C2b-INJECTION,0.041666666666666664,00005garden|43|1|12,42,2,19,,,00005garden,,24,0,1
C2b-INJECTION,0.0,00005garden|43|1|12,42,2,20,,,00005garden,,23,0,0
_META,,00005garden|43|1|12,42,2,0,omitted_for_runtime,omitted_for_runtime,00005garden,,,0,
SHAM,0.1111111111111111,00005garden|43|1|16,42,17,1,,,00005garden,,27,0,3
SHAM,0.11538461538461539,00005garden|43|1|16,42,17,2,,,00005garden,,26,0,3
SHAM,0.11538461538461539,00005garden|43|1|16,42,17,3,,,00005garden,,26,0,3
SHAM,0.04,00005garden|43|1|16,42,17,4,,,00005garden,,25,0,1
SHAM,0.041666666666666664,00005garden|43|1|16,42,17,5,,,00005garden,,24,0,1
SHAM,0.04,00005garden|43|1|16,42,17,6,,,00005garden,,25,0,1
SHAM,0.038461538461538464,00005garden|43|1|16,42,17,7,,,00005garden,,26,0,1
SHAM,0.04,00005garden|43|1|16,42,17,8,,,00005garden,,25,0,1
SHAM,0.08,00005garden|43|1|16,42,17,9,,,00005garden,,25,0,2
SHAM,0.07692307692307693,00005garden|43|1|16,42,17,10,,,00005garden,,26,0,2
SHAM,0.07692307692307693,00005garden|43|1|16,42,17,11,,,00005garden,,26,0,2
SHAM,0.04,00005garden|43|1|16,42,17,12,,,00005garden,,25,0,1
SHAM,0.07692307692307693,00005garden|43|1|16,42,17,13,,,00005garden,,26,0,2
SHAM,0.041666666666666664,00005garden|43|1|16,42,17,14,,,00005garden,,24,0,1
SHAM,0.041666666666666664,00005garden|43|1|16,42,17,15,,,00005garden,,24,0,1
SHAM,0.041666666666666664,00005garden|43|1|16,42,17,16,,,00005garden,,24,0,1
SHAM,0.041666666666666664,00005garden|43|1|16,42,17,17,,,00005garden,,24,0,1
SHAM,0.0,00005garden|43|1|16,42,17,18,,,00005garden,,22,0,0
SHAM,0.041666666666666664,00005garden|43|1|16,42,17,19,,,00005garden,,24,0,1
SHAM,0.0,00005garden|43|1|16,42,17,20,,,00005garden,,23,0,0
C2b-INJECTION,,00005garden|43|1|16,42,17,1,,,00005garden,current_target_occupied,0,0,0
C2b-INJECTION,,00005garden|43|1|16,42,17,2,,,00005garden,current_target_occupied,0,0,0
C2b-INJECTION,,00005garden|43|1|16,42,17,3,,,00005garden,current_target_occupied,0,0,0
C2b-INJECTION,,00005garden|43|1|16,42,17,4,,,00005garden,current_target_occupied,0,0,0
C2b-INJECTION,,00005garden|43|1|16,42,17,5,,,00005garden,current_target_occupied,0,0,0
C2b-INJECTION,,00005garden|43|1|16,42,17,6,,,00005garden,current_target_occupied,0,0,0
C2b-INJECTION,,00005garden|43|1|16,42,17,7,,,00005garden,current_target_occupied,0,0,0
C2b-INJECTION,,00005garden|43|1|16,42,17,8,,,00005garden,current_target_occupied,0,0,0
C2b-INJECTION,,00005garden|43|1|16,42,17,9,,,00005garden,current_target_occupied,0,0,0
C2b-INJECTION,,00005garden|43|1|16,42,17,10,,,00005garden,current_target_occupied,0,0,0
C2b-INJECTION,,00005garden|43|1|16,42,17,11,,,00005garden,current_target_occupied,0,0,0
C2b-INJECTION,,00005garden|43|1|16,42,17,12,,,00005garden,current_target_occupied,0,0,0
C2b-INJECTION,,00005garden|43|1|16,42,17,13,,,00005garden,current_target_occupied,0,0,0
C2b-INJECTION,,00005garden|43|1|16,42,17,14,,,00005garden,current_target_occupied,0,0,0
C2b-INJECTION,,00005garden|43|1|16,42,17,15,,,00005garden,current_target_occupied,0,0,0
C2b-INJECTION,,00005garden|43|1|16,42,17,16,,,00005garden,current_target_occupied,0,0,0
C2b-INJECTION,,00005garden|43|1|16,42,17,17,,,00005garden,current_target_occupied,0,0,0
C2b-INJECTION,,00005garden|43|1|16,42,17,18,,,00005garden,current_target_occupied,0,0,0
C2b-INJECTION,,00005garden|43|1|16,42,17,19,,,00005garden,current_target_occupied,0,0,0
C2b-INJECTION,,00005garden|43|1|16,42,17,20,,,00005garden,current_target_occupied,0,0,0
_META,,00005garden|43|1|16,42,17,0,omitted_for_runtime,omitted_for_runtime,00005garden,,,0,
SHAM,0.1111111111111111,00005garden|43|1|19,42,8,1,,,00005garden,,27,0,3
SHAM,0.11538461538461539,00005garden|43|1|19,42,8,2,,,00005garden,,26,0,3
SHAM,0.11538461538461539,00005garden|43|1|19,42,8,3,,,00005garden,,26,0,3
SHAM,0.04,00005garden|43|1|19,42,8,4,,,00005garden,,25,0,1
SHAM,0.041666666666666664,00005garden|43|1|19,42,8,5,,,00005garden,,24,0,1
SHAM,0.04,00005garden|43|1|19,42,8,6,,,00005garden,,25,0,1
SHAM,0.038461538461538464,00005garden|43|1|19,42,8,7,,,00005garden,,26,0,1
SHAM,0.04,00005garden|43|1|19,42,8,8,,,00005garden,,25,0,1
SHAM,0.08,00005garden|43|1|19,42,8,9,,,00005garden,,25,0,2
SHAM,0.07692307692307693,00005garden|43|1|19,42,8,10,,,00005garden,,26,0,2
SHAM,0.07692307692307693,00005garden|43|1|19,42,8,11,,,00005garden,,26,0,2
SHAM,0.04,00005garden|43|1|19,42,8,12,,,00005garden,,25,0,1
SHAM,0.07692307692307693,00005garden|43|1|19,42,8,13,,,00005garden,,26,0,2
SHAM,0.041666666666666664,00005garden|43|1|19,42,8,14,,,00005garden,,24,0,1
SHAM,0.041666666666666664,00005garden|43|1|19,42,8,15,,,00005garden,,24,0,1
SHAM,0.041666666666666664,00005garden|43|1|19,42,8,16,,,00005garden,,24,0,1
SHAM,0.041666666666666664,00005garden|43|1|19,42,8,17,,,00005garden,,24,0,1
SHAM,0.0,00005garden|43|1|19,42,8,18,,,00005garden,,22,0,0
SHAM,0.041666666666666664,00005garden|43|1|19,42,8,19,,,00005garden,,24,0,1
SHAM,0.0,00005garden|43|1|19,42,8,20,,,00005garden,,23,0,0
C2b-INJECTION,0.1111111111111111,00005garden|43|1|19,42,8,1,,,00005garden,,27,0,3
C2b-INJECTION,0.11538461538461539,00005garden|43|1|19,42,8,2,,,00005garden,,26,0,3
C2b-INJECTION,0.11538461538461539,00005garden|43|1|19,42,8,3,,,00005garden,,26,0,3
C2b-INJECTION,0.04,00005garden|43|1|19,42,8,4,,,00005garden,,25,0,1
C2b-INJECTION,0.041666666666666664,00005garden|43|1|19,42,8,5,,,00005garden,,24,0,1
C2b-INJECTION,0.04,00005garden|43|1|19,42,8,6,,,00005garden,,25,0,1
C2b-INJECTION,0.038461538461538464,00005garden|43|1|19,42,8,7,,,00005garden,,26,0,1
C2b-INJECTION,0.04,00005garden|43|1|19,42,8,8,,,00005garden,,25,0,1
C2b-INJECTION,0.08,00005garden|43|1|19,42,8,9,,,00005garden,,25,0,2
C2b-INJECTION,0.07692307692307693,00005garden|43|1|19,42,8,10,,,00005garden,,26,0,2
C2b-INJECTION,0.07692307692307693,00005garden|43|1|19,42,8,11,,,00005garden,,26,0,2
C2b-INJECTION,0.04,00005garden|43|1|19,42,8,12,,,00005garden,,25,0,1
C2b-INJECTION,0.07692307692307693,00005garden|43|1|19,42,8,13,,,00005garden,,26,0,2
C2b-INJECTION,0.041666666666666664,00005garden|43|1|19,42,8,14,,,00005garden,,24,0,1
C2b-INJECTION,0.041666666666666664,00005garden|43|1|19,42,8,15,,,00005garden,,24,0,1
C2b-INJECTION,0.041666666666666664,00005garden|43|1|19,42,8,16,,,00005garden,,24,0,1
C2b-INJECTION,0.041666666666666664,00005garden|43|1|19,42,8,17,,,00005garden,,24,0,1
C2b-INJECTION,0.0,00005garden|43|1|19,42,8,18,,,00005garden,,22,0,0
C2b-INJECTION,0.041666666666666664,00005garden|43|1|19,42,8,19,,,00005garden,,24,0,1
C2b-INJECTION,0.0,00005garden|43|1|19,42,8,20,,,00005garden,,23,0,0
_META,,00005garden|43|1|19,42,8,0,omitted_for_runtime,omitted_for_runtime,00005garden,,,0,
SHAM,0.1111111111111111,00005garden|43|1|4,42,7,1,,,00005garden,,27,0,3
SHAM,0.11538461538461539,00005garden|43|1|4,42,7,2,,,00005garden,,26,0,3
SHAM,0.11538461538461539,00005garden|43|1|4,42,7,3,,,00005garden,,26,0,3
SHAM,0.04,00005garden|43|1|4,42,7,4,,,00005garden,,25,0,1
SHAM,0.041666666666666664,00005garden|43|1|4,42,7,5,,,00005garden,,24,0,1
SHAM,0.04,00005garden|43|1|4,42,7,6,,,00005garden,,25,0,1
SHAM,0.038461538461538464,00005garden|43|1|4,42,7,7,,,00005garden,,26,0,1
SHAM,0.04,00005garden|43|1|4,42,7,8,,,00005garden,,25,0,1
SHAM,0.08,00005garden|43|1|4,42,7,9,,,00005garden,,25,0,2
SHAM,0.07692307692307693,00005garden|43|1|4,42,7,10,,,00005garden,,26,0,2
SHAM,0.07692307692307693,00005garden|43|1|4,42,7,11,,,00005garden,,26,0,2
SHAM,0.04,00005garden|43|1|4,42,7,12,,,00005garden,,25,0,1
SHAM,0.07692307692307693,00005garden|43|1|4,42,7,13,,,00005garden,,26,0,2
SHAM,0.041666666666666664,00005garden|43|1|4,42,7,14,,,00005garden,,24,0,1
SHAM,0.041666666666666664,00005garden|43|1|4,42,7,15,,,00005garden,,24,0,1
SHAM,0.041666666666666664,00005garden|43|1|4,42,7,16,,,00005garden,,24,0,1
SHAM,0.041666666666666664,00005garden|43|1|4,42,7,17,,,00005garden,,24,0,1
SHAM,0.0,00005garden|43|1|4,42,7,18,,,00005garden,,22,0,0
SHAM,0.041666666666666664,00005garden|43|1|4,42,7,19,,,00005garden,,24,0,1
SHAM,0.0,00005garden|43|1|4,42,7,20,,,00005garden,,23,0,0
C2b-INJECTION,0.1111111111111111,00005garden|43|1|4,42,7,1,,,00005garden,,27,0,3
C2b-INJECTION,0.11538461538461539,00005garden|43|1|4,42,7,2,,,00005garden,,26,0,3
C2b-INJECTION,0.11538461538461539,00005garden|43|1|4,42,7,3,,,00005garden,,26,0,3
C2b-INJECTION,0.04,00005garden|43|1|4,42,7,4,,,00005garden,,25,0,1
C2b-INJECTION,0.041666666666666664,00005garden|43|1|4,42,7,5,,,00005garden,,24,0,1
C2b-INJECTION,0.04,00005garden|43|1|4,42,7,6,,,00005garden,,25,0,1
C2b-INJECTION,0.038461538461538464,00005garden|43|1|4,42,7,7,,,00005garden,,26,0,1
C2b-INJECTION,0.04,00005garden|43|1|4,42,7,8,,,00005garden,,25,0,1
C2b-INJECTION,0.08,00005garden|43|1|4,42,7,9,,,00005garden,,25,0,2
C2b-INJECTION,0.07692307692307693,00005garden|43|1|4,42,7,10,,,00005garden,,26,0,2
C2b-INJECTION,0.07692307692307693,00005garden|43|1|4,42,7,11,,,00005garden,,26,0,2
C2b-INJECTION,0.04,00005garden|43|1|4,42,7,12,,,00005garden,,25,0,1
C2b-INJECTION,0.07692307692307693,00005garden|43|1|4,42,7,13,,,00005garden,,26,0,2
C2b-INJECTION,0.041666666666666664,00005garden|43|1|4,42,7,14,,,00005garden,,24,0,1
C2b-INJECTION,0.041666666666666664,00005garden|43|1|4,42,7,15,,,00005garden,,24,0,1
C2b-INJECTION,0.041666666666666664,00005garden|43|1|4,42,7,16,,,00005garden,,24,0,1
C2b-INJECTION,0.041666666666666664,00005garden|43|1|4,42,7,17,,,00005garden,,24,0,1
C2b-INJECTION,0.0,00005garden|43|1|4,42,7,18,,,00005garden,,22,0,0
C2b-INJECTION,0.041666666666666664,00005garden|43|1|4,42,7,19,,,00005garden,,24,0,1
C2b-INJECTION,0.0,00005garden|43|1|4,42,7,20,,,00005garden,,23,0,0
_META,,00005garden|43|1|4,42,7,0,omitted_for_runtime,omitted_for_runtime,00005garden,,,0,
SHAM,0.1111111111111111,00005garden|43|1|6,42,4,1,,,00005garden,,27,0,3
SHAM,0.11538461538461539,00005garden|43|1|6,42,4,2,,,00005garden,,26,0,3
SHAM,0.11538461538461539,00005garden|43|1|6,42,4,3,,,00005garden,,26,0,3
SHAM,0.04,00005garden|43|1|6,42,4,4,,,00005garden,,25,0,1
SHAM,0.041666666666666664,00005garden|43|1|6,42,4,5,,,00005garden,,24,0,1
SHAM,0.04,00005garden|43|1|6,42,4,6,,,00005garden,,25,0,1
SHAM,0.038461538461538464,00005garden|43|1|6,42,4,7,,,00005garden,,26,0,1
SHAM,0.04,00005garden|43|1|6,42,4,8,,,00005garden,,25,0,1
SHAM,0.08,00005garden|43|1|6,42,4,9,,,00005garden,,25,0,2
SHAM,0.07692307692307693,00005garden|43|1|6,42,4,10,,,00005garden,,26,0,2
SHAM,0.07692307692307693,00005garden|43|1|6,42,4,11,,,00005garden,,26,0,2
SHAM,0.04,00005garden|43|1|6,42,4,12,,,00005garden,,25,0,1
SHAM,0.07692307692307693,00005garden|43|1|6,42,4,13,,,00005garden,,26,0,2
SHAM,0.041666666666666664,00005garden|43|1|6,42,4,14,,,00005garden,,24,0,1
SHAM,0.041666666666666664,00005garden|43|1|6,42,4,15,,,00005garden,,24,0,1
SHAM,0.041666666666666664,00005garden|43|1|6,42,4,16,,,00005garden,,24,0,1
SHAM,0.041666666666666664,00005garden|43|1|6,42,4,17,,,00005garden,,24,0,1
SHAM,0.0,00005garden|43|1|6,42,4,18,,,00005garden,,22,0,0
SHAM,0.041666666666666664,00005garden|43|1|6,42,4,19,,,00005garden,,24,0,1
SHAM,0.0,00005garden|43|1|6,42,4,20,,,00005garden,,23,0,0
C2b-INJECTION,0.1111111111111111,00005garden|43|1|6,42,4,1,,,00005garden,,27,0,3
C2b-INJECTION,0.11538461538461539,00005garden|43|1|6,42,4,2,,,00005garden,,26,0,3
C2b-INJECTION,0.11538461538461539,00005garden|43|1|6,42,4,3,,,00005garden,,26,0,3
C2b-INJECTION,0.04,00005garden|43|1|6,42,4,4,,,00005garden,,25,0,1
C2b-INJECTION,0.041666666666666664,00005garden|43|1|6,42,4,5,,,00005garden,,24,0,1
C2b-INJECTION,0.04,00005garden|43|1|6,42,4,6,,,00005garden,,25,0,1
C2b-INJECTION,0.038461538461538464,00005garden|43|1|6,42,4,7,,,00005garden,,26,0,1
C2b-INJECTION,0.04,00005garden|43|1|6,42,4,8,,,00005garden,,25,0,1
C2b-INJECTION,0.08,00005garden|43|1|6,42,4,9,,,00005garden,,25,0,2
C2b-INJECTION,0.07692307692307693,00005garden|43|1|6,42,4,10,,,00005garden,,26,0,2
C2b-INJECTION,0.07692307692307693,00005garden|43|1|6,42,4,11,,,00005garden,,26,0,2
C2b-INJECTION,0.04,00005garden|43|1|6,42,4,12,,,00005garden,,25,0,1
C2b-INJECTION,0.07692307692307693,00005garden|43|1|6,42,4,13,,,00005garden,,26,0,2
C2b-INJECTION,0.041666666666666664,00005garden|43|1|6,42,4,14,,,00005garden,,24,0,1
C2b-INJECTION,0.041666666666666664,00005garden|43|1|6,42,4,15,,,00005garden,,24,0,1
C2b-INJECTION,0.041666666666666664,00005garden|43|1|6,42,4,16,,,00005garden,,24,0,1
C2b-INJECTION,0.041666666666666664,00005garden|43|1|6,42,4,17,,,00005garden,,24,0,1
C2b-INJECTION,0.0,00005garden|43|1|6,42,4,18,,,00005garden,,22,0,0
C2b-INJECTION,0.041666666666666664,00005garden|43|1|6,42,4,19,,,00005garden,,24,0,1
C2b-INJECTION,0.0,00005garden|43|1|6,42,4,20,,,00005garden,,23,0,0
_META,,00005garden|43|1|6,42,4,0,omitted_for_runtime,omitted_for_runtime,00005garden,,,0,
SHAM,0.1111111111111111,00005garden|43|1|7,42,19,1,,,00005garden,,27,0,3
SHAM,0.11538461538461539,00005garden|43|1|7,42,19,2,,,00005garden,,26,0,3
SHAM,0.11538461538461539,00005garden|43|1|7,42,19,3,,,00005garden,,26,0,3
SHAM,0.04,00005garden|43|1|7,42,19,4,,,00005garden,,25,0,1
SHAM,0.041666666666666664,00005garden|43|1|7,42,19,5,,,00005garden,,24,0,1
SHAM,0.04,00005garden|43|1|7,42,19,6,,,00005garden,,25,0,1
SHAM,0.038461538461538464,00005garden|43|1|7,42,19,7,,,00005garden,,26,0,1
SHAM,0.04,00005garden|43|1|7,42,19,8,,,00005garden,,25,0,1
SHAM,0.08,00005garden|43|1|7,42,19,9,,,00005garden,,25,0,2
SHAM,0.07692307692307693,00005garden|43|1|7,42,19,10,,,00005garden,,26,0,2
SHAM,0.07692307692307693,00005garden|43|1|7,42,19,11,,,00005garden,,26,0,2
SHAM,0.04,00005garden|43|1|7,42,19,12,,,00005garden,,25,0,1
SHAM,0.07692307692307693,00005garden|43|1|7,42,19,13,,,00005garden,,26,0,2
SHAM,0.041666666666666664,00005garden|43|1|7,42,19,14,,,00005garden,,24,0,1
SHAM,0.041666666666666664,00005garden|43|1|7,42,19,15,,,00005garden,,24,0,1
SHAM,0.041666666666666664,00005garden|43|1|7,42,19,16,,,00005garden,,24,0,1
SHAM,0.041666666666666664,00005garden|43|1|7,42,19,17,,,00005garden,,24,0,1
SHAM,0.0,00005garden|43|1|7,42,19,18,,,00005garden,,22,0,0
SHAM,0.041666666666666664,00005garden|43|1|7,42,19,19,,,00005garden,,24,0,1
SHAM,0.0,00005garden|43|1|7,42,19,20,,,00005garden,,23,0,0
C2b-INJECTION,,00005garden|43|1|7,42,19,1,,,00005garden,current_target_occupied,0,0,0
C2b-INJECTION,,00005garden|43|1|7,42,19,2,,,00005garden,current_target_occupied,0,0,0
C2b-INJECTION,,00005garden|43|1|7,42,19,3,,,00005garden,current_target_occupied,0,0,0
C2b-INJECTION,,00005garden|43|1|7,42,19,4,,,00005garden,current_target_occupied,0,0,0
C2b-INJECTION,,00005garden|43|1|7,42,19,5,,,00005garden,current_target_occupied,0,0,0
C2b-INJECTION,,00005garden|43|1|7,42,19,6,,,00005garden,current_target_occupied,0,0,0
C2b-INJECTION,,00005garden|43|1|7,42,19,7,,,00005garden,current_target_occupied,0,0,0
C2b-INJECTION,,00005garden|43|1|7,42,19,8,,,00005garden,current_target_occupied,0,0,0
C2b-INJECTION,,00005garden|43|1|7,42,19,9,,,00005garden,current_target_occupied,0,0,0
C2b-INJECTION,,00005garden|43|1|7,42,19,10,,,00005garden,current_target_occupied,0,0,0
C2b-INJECTION,,00005garden|43|1|7,42,19,11,,,00005garden,current_target_occupied,0,0,0
C2b-INJECTION,,00005garden|43|1|7,42,19,12,,,00005garden,current_target_occupied,0,0,0
C2b-INJECTION,,00005garden|43|1|7,42,19,13,,,00005garden,current_target_occupied,0,0,0
C2b-INJECTION,,00005garden|43|1|7,42,19,14,,,00005garden,current_target_occupied,0,0,0
C2b-INJECTION,,00005garden|43|1|7,42,19,15,,,00005garden,current_target_occupied,0,0,0
C2b-INJECTION,,00005garden|43|1|7,42,19,16,,,00005garden,current_target_occupied,0,0,0
C2b-INJECTION,,00005garden|43|1|7,42,19,17,,,00005garden,current_target_occupied,0,0,0
C2b-INJECTION,,00005garden|43|1|7,42,19,18,,,00005garden,current_target_occupied,0,0,0
C2b-INJECTION,,00005garden|43|1|7,42,19,19,,,00005garden,current_target_occupied,0,0,0
C2b-INJECTION,,00005garden|43|1|7,42,19,20,,,00005garden,current_target_occupied,0,0,0
_META,,00005garden|43|1|7,42,19,0,omitted_for_runtime,omitted_for_runtime,00005garden,,,0,
SHAM,0.11538461538461539,00005garden|44|1|19,43,11,1,,,00005garden,,26,0,3
SHAM,0.11538461538461539,00005garden|44|1|19,43,11,2,,,00005garden,,26,0,3
SHAM,0.04,00005garden|44|1|19,43,11,3,,,00005garden,,25,0,1
SHAM,0.041666666666666664,00005garden|44|1|19,43,11,4,,,00005garden,,24,0,1
SHAM,0.04,00005garden|44|1|19,43,11,5,,,00005garden,,25,0,1
SHAM,0.038461538461538464,00005garden|44|1|19,43,11,6,,,00005garden,,26,0,1
SHAM,0.04,00005garden|44|1|19,43,11,7,,,00005garden,,25,0,1
SHAM,0.08,00005garden|44|1|19,43,11,8,,,00005garden,,25,0,2
SHAM,0.07692307692307693,00005garden|44|1|19,43,11,9,,,00005garden,,26,0,2
SHAM,0.07692307692307693,00005garden|44|1|19,43,11,10,,,00005garden,,26,0,2
SHAM,0.04,00005garden|44|1|19,43,11,11,,,00005garden,,25,0,1
SHAM,0.07692307692307693,00005garden|44|1|19,43,11,12,,,00005garden,,26,0,2
SHAM,0.041666666666666664,00005garden|44|1|19,43,11,13,,,00005garden,,24,0,1
SHAM,0.041666666666666664,00005garden|44|1|19,43,11,14,,,00005garden,,24,0,1
SHAM,0.041666666666666664,00005garden|44|1|19,43,11,15,,,00005garden,,24,0,1
SHAM,0.041666666666666664,00005garden|44|1|19,43,11,16,,,00005garden,,24,0,1
SHAM,0.0,00005garden|44|1|19,43,11,17,,,00005garden,,22,0,0
SHAM,0.041666666666666664,00005garden|44|1|19,43,11,18,,,00005garden,,24,0,1
SHAM,0.0,00005garden|44|1|19,43,11,19,,,00005garden,,23,0,0
SHAM,0.043478260869565216,00005garden|44|1|19,43,11,20,,,00005garden,,23,0,1
C2b-INJECTION,,00005garden|44|1|19,43,11,1,,,00005garden,current_target_occupied,0,0,0
C2b-INJECTION,,00005garden|44|1|19,43,11,2,,,00005garden,current_target_occupied,0,0,0
C2b-INJECTION,,00005garden|44|1|19,43,11,3,,,00005garden,current_target_occupied,0,0,0
C2b-INJECTION,,00005garden|44|1|19,43,11,4,,,00005garden,current_target_occupied,0,0,0
C2b-INJECTION,,00005garden|44|1|19,43,11,5,,,00005garden,current_target_occupied,0,0,0
C2b-INJECTION,,00005garden|44|1|19,43,11,6,,,00005garden,current_target_occupied,0,0,0
C2b-INJECTION,,00005garden|44|1|19,43,11,7,,,00005garden,current_target_occupied,0,0,0
C2b-INJECTION,,00005garden|44|1|19,43,11,8,,,00005garden,current_target_occupied,0,0,0
C2b-INJECTION,,00005garden|44|1|19,43,11,9,,,00005garden,current_target_occupied,0,0,0
C2b-INJECTION,,00005garden|44|1|19,43,11,10,,,00005garden,current_target_occupied,0,0,0
C2b-INJECTION,,00005garden|44|1|19,43,11,11,,,00005garden,current_target_occupied,0,0,0
C2b-INJECTION,,00005garden|44|1|19,43,11,12,,,00005garden,current_target_occupied,0,0,0
C2b-INJECTION,,00005garden|44|1|19,43,11,13,,,00005garden,current_target_occupied,0,0,0
C2b-INJECTION,,00005garden|44|1|19,43,11,14,,,00005garden,current_target_occupied,0,0,0
C2b-INJECTION,,00005garden|44|1|19,43,11,15,,,00005garden,current_target_occupied,0,0,0
C2b-INJECTION,,00005garden|44|1|19,43,11,16,,,00005garden,current_target_occupied,0,0,0
C2b-INJECTION,,00005garden|44|1|19,43,11,17,,,00005garden,current_target_occupied,0,0,0
C2b-INJECTION,,00005garden|44|1|19,43,11,18,,,00005garden,current_target_occupied,0,0,0
C2b-INJECTION,,00005garden|44|1|19,43,11,19,,,00005garden,current_target_occupied,0,0,0
C2b-INJECTION,,00005garden|44|1|19,43,11,20,,,00005garden,current_target_occupied,0,0,0
_META,,00005garden|44|1|19,43,11,0,omitted_for_runtime,omitted_for_runtime,00005garden,,,0,
SHAM,0.11538461538461539,00005garden|44|1|21,43,13,1,,,00005garden,,26,0,3
SHAM,0.11538461538461539,00005garden|44|1|21,43,13,2,,,00005garden,,26,0,3
SHAM,0.04,00005garden|44|1|21,43,13,3,,,00005garden,,25,0,1
SHAM,0.041666666666666664,00005garden|44|1|21,43,13,4,,,00005garden,,24,0,1
SHAM,0.04,00005garden|44|1|21,43,13,5,,,00005garden,,25,0,1
SHAM,0.038461538461538464,00005garden|44|1|21,43,13,6,,,00005garden,,26,0,1
SHAM,0.04,00005garden|44|1|21,43,13,7,,,00005garden,,25,0,1
SHAM,0.08,00005garden|44|1|21,43,13,8,,,00005garden,,25,0,2
SHAM,0.07692307692307693,00005garden|44|1|21,43,13,9,,,00005garden,,26,0,2
SHAM,0.07692307692307693,00005garden|44|1|21,43,13,10,,,00005garden,,26,0,2
SHAM,0.04,00005garden|44|1|21,43,13,11,,,00005garden,,25,0,1
SHAM,0.07692307692307693,00005garden|44|1|21,43,13,12,,,00005garden,,26,0,2
SHAM,0.041666666666666664,00005garden|44|1|21,43,13,13,,,00005garden,,24,0,1
SHAM,0.041666666666666664,00005garden|44|1|21,43,13,14,,,00005garden,,24,0,1
SHAM,0.041666666666666664,00005garden|44|1|21,43,13,15,,,00005garden,,24,0,1
SHAM,0.041666666666666664,00005garden|44|1|21,43,13,16,,,00005garden,,24,0,1
SHAM,0.0,00005garden|44|1|21,43,13,17,,,00005garden,,22,0,0
SHAM,0.041666666666666664,00005garden|44|1|21,43,13,18,,,00005garden,,24,0,1
SHAM,0.0,00005garden|44|1|21,43,13,19,,,00005garden,,23,0,0
SHAM,0.043478260869565216,00005garden|44|1|21,43,13,20,,,00005garden,,23,0,1
C2b-INJECTION,0.11538461538461539,00005garden|44|1|21,43,13,1,,,00005garden,,26,0,3
C2b-INJECTION,0.11538461538461539,00005garden|44|1|21,43,13,2,,,00005garden,,26,0,3
C2b-INJECTION,0.04,00005garden|44|1|21,43,13,3,,,00005garden,,25,0,1
C2b-INJECTION,0.041666666666666664,00005garden|44|1|21,43,13,4,,,00005garden,,24,0,1
C2b-INJECTION,0.04,00005garden|44|1|21,43,13,5,,,00005garden,,25,0,1
C2b-INJECTION,0.038461538461538464,00005garden|44|1|21,43,13,6,,,00005garden,,26,0,1
C2b-INJECTION,0.04,00005garden|44|1|21,43,13,7,,,00005garden,,25,0,1
C2b-INJECTION,0.08,00005garden|44|1|21,43,13,8,,,00005garden,,25,0,2
C2b-INJECTION,0.07692307692307693,00005garden|44|1|21,43,13,9,,,00005garden,,26,0,2
C2b-INJECTION,0.07692307692307693,00005garden|44|1|21,43,13,10,,,00005garden,,26,0,2
C2b-INJECTION,0.04,00005garden|44|1|21,43,13,11,,,00005garden,,25,0,1
C2b-INJECTION,0.07692307692307693,00005garden|44|1|21,43,13,12,,,00005garden,,26,0,2
C2b-INJECTION,0.041666666666666664,00005garden|44|1|21,43,13,13,,,00005garden,,24,0,1
C2b-INJECTION,0.041666666666666664,00005garden|44|1|21,43,13,14,,,00005garden,,24,0,1
C2b-INJECTION,0.041666666666666664,00005garden|44|1|21,43,13,15,,,00005garden,,24,0,1
C2b-INJECTION,0.041666666666666664,00005garden|44|1|21,43,13,16,,,00005garden,,24,0,1
C2b-INJECTION,0.0,00005garden|44|1|21,43,13,17,,,00005garden,,22,0,0
C2b-INJECTION,0.041666666666666664,00005garden|44|1|21,43,13,18,,,00005garden,,24,0,1
C2b-INJECTION,0.0,00005garden|44|1|21,43,13,19,,,00005garden,,23,0,0
C2b-INJECTION,0.043478260869565216,00005garden|44|1|21,43,13,20,,,00005garden,,23,0,1
_META,,00005garden|44|1|21,43,13,0,omitted_for_runtime,omitted_for_runtime,00005garden,,,0,
SHAM,0.125,00005garden|84|1|2,83,6,1,,,00005garden,,24,0,3
SHAM,0.125,00005garden|84|1|2,83,6,2,,,00005garden,,24,0,3
SHAM,0.08695652173913043,00005garden|84|1|2,83,6,3,,,00005garden,,23,0,2
SHAM,0.08695652173913043,00005garden|84|1|2,83,6,4,,,00005garden,,23,0,2
SHAM,0.043478260869565216,00005garden|84|1|2,83,6,5,,,00005garden,,23,0,1
SHAM,0.12,00005garden|84|1|2,83,6,6,,,00005garden,,25,0,3
SHAM,0.12,00005garden|84|1|2,83,6,7,,,00005garden,,25,0,3
SHAM,0.08,00005garden|84|1|2,83,6,8,,,00005garden,,25,0,2
SHAM,0.11538461538461539,00005garden|84|1|2,83,6,9,,,00005garden,,26,0,3
SHAM,0.11538461538461539,00005garden|84|1|2,83,6,10,,,00005garden,,26,0,3
SHAM,0.11538461538461539,00005garden|84|1|2,83,6,11,,,00005garden,,26,0,3
SHAM,0.11538461538461539,00005garden|84|1|2,83,6,12,,,00005garden,,26,0,3
SHAM,0.08,00005garden|84|1|2,83,6,13,,,00005garden,,25,0,2
SHAM,0.08,00005garden|84|1|2,83,6,14,,,00005garden,,25,0,2
SHAM,0.11538461538461539,00005garden|84|1|2,83,6,15,,,00005garden,,26,0,3
SHAM,0.08,00005garden|84|1|2,83,6,16,,,00005garden,,25,0,2
SHAM,0.12,00005garden|84|1|2,83,6,17,,,00005garden,,25,0,3
SHAM,0.1111111111111111,00005garden|84|1|2,83,6,18,,,00005garden,,27,0,3
SHAM,0.11538461538461539,00005garden|84|1|2,83,6,19,,,00005garden,,26,0,3
SHAM,0.19230769230769232,00005garden|84|1|2,83,6,20,,,00005garden,,26,0,5
C2b-INJECTION,0.125,00005garden|84|1|2,83,6,1,,,00005garden,,24,0,3
C2b-INJECTION,0.125,00005garden|84|1|2,83,6,2,,,00005garden,,24,0,3
C2b-INJECTION,0.08695652173913043,00005garden|84|1|2,83,6,3,,,00005garden,,23,0,2
C2b-INJECTION,0.08695652173913043,00005garden|84|1|2,83,6,4,,,00005garden,,23,0,2
C2b-INJECTION,0.043478260869565216,00005garden|84|1|2,83,6,5,,,00005garden,,23,0,1
C2b-INJECTION,0.12,00005garden|84|1|2,83,6,6,,,00005garden,,25,0,3
C2b-INJECTION,0.12,00005garden|84|1|2,83,6,7,,,00005garden,,25,0,3
C2b-INJECTION,0.08,00005garden|84|1|2,83,6,8,,,00005garden,,25,0,2
C2b-INJECTION,0.11538461538461539,00005garden|84|1|2,83,6,9,,,00005garden,,26,0,3
C2b-INJECTION,0.11538461538461539,00005garden|84|1|2,83,6,10,,,00005garden,,26,0,3
C2b-INJECTION,0.11538461538461539,00005garden|84|1|2,83,6,11,,,00005garden,,26,0,3
C2b-INJECTION,0.11538461538461539,00005garden|84|1|2,83,6,12,,,00005garden,,26,0,3
C2b-INJECTION,0.08,00005garden|84|1|2,83,6,13,,,00005garden,,25,0,2
C2b-INJECTION,0.08,00005garden|84|1|2,83,6,14,,,00005garden,,25,0,2
C2b-INJECTION,0.11538461538461539,00005garden|84|1|2,83,6,15,,,00005garden,,26,0,3
C2b-INJECTION,0.08,00005garden|84|1|2,83,6,16,,,00005garden,,25,0,2
C2b-INJECTION,0.12,00005garden|84|1|2,83,6,17,,,00005garden,,25,0,3
C2b-INJECTION,0.1111111111111111,00005garden|84|1|2,83,6,18,,,00005garden,,27,0,3
C2b-INJECTION,0.11538461538461539,00005garden|84|1|2,83,6,19,,,00005garden,,26,0,3
C2b-INJECTION,0.19230769230769232,00005garden|84|1|2,83,6,20,,,00005garden,,26,0,5
_META,,00005garden|84|1|2,83,6,0,omitted_for_runtime,omitted_for_runtime,00005garden,,,0,
SHAM,0.125,00005garden|84|1|6,83,19,1,,,00005garden,,24,0,3
SHAM,0.125,00005garden|84|1|6,83,19,2,,,00005garden,,24,0,3
SHAM,0.08695652173913043,00005garden|84|1|6,83,19,3,,,00005garden,,23,0,2
SHAM,0.08695652173913043,00005garden|84|1|6,83,19,4,,,00005garden,,23,0,2
SHAM,0.043478260869565216,00005garden|84|1|6,83,19,5,,,00005garden,,23,0,1
SHAM,0.12,00005garden|84|1|6,83,19,6,,,00005garden,,25,0,3
SHAM,0.12,00005garden|84|1|6,83,19,7,,,00005garden,,25,0,3
SHAM,0.08,00005garden|84|1|6,83,19,8,,,00005garden,,25,0,2
SHAM,0.11538461538461539,00005garden|84|1|6,83,19,9,,,00005garden,,26,0,3
SHAM,0.11538461538461539,00005garden|84|1|6,83,19,10,,,00005garden,,26,0,3
SHAM,0.11538461538461539,00005garden|84|1|6,83,19,11,,,00005garden,,26,0,3
SHAM,0.11538461538461539,00005garden|84|1|6,83,19,12,,,00005garden,,26,0,3
SHAM,0.08,00005garden|84|1|6,83,19,13,,,00005garden,,25,0,2
SHAM,0.08,00005garden|84|1|6,83,19,14,,,00005garden,,25,0,2
SHAM,0.11538461538461539,00005garden|84|1|6,83,19,15,,,00005garden,,26,0,3
SHAM,0.08,00005garden|84|1|6,83,19,16,,,00005garden,,25,0,2
SHAM,0.12,00005garden|84|1|6,83,19,17,,,00005garden,,25,0,3
SHAM,0.1111111111111111,00005garden|84|1|6,83,19,18,,,00005garden,,27,0,3
SHAM,0.11538461538461539,00005garden|84|1|6,83,19,19,,,00005garden,,26,0,3
SHAM,0.19230769230769232,00005garden|84|1|6,83,19,20,,,00005garden,,26,0,5
C2b-INJECTION,0.125,00005garden|84|1|6,83,19,1,,,00005garden,,24,0,3
C2b-INJECTION,0.125,00005garden|84|1|6,83,19,2,,,00005garden,,24,0,3
C2b-INJECTION,0.08695652173913043,00005garden|84|1|6,83,19,3,,,00005garden,,23,0,2
C2b-INJECTION,0.08695652173913043,00005garden|84|1|6,83,19,4,,,00005garden,,23,0,2
C2b-INJECTION,0.08333333333333333,00005garden|84|1|6,83,19,5,,,00005garden,,24,0,2
C2b-INJECTION,0.12,00005garden|84|1|6,83,19,6,,,00005garden,,25,0,3
C2b-INJECTION,0.12,00005garden|84|1|6,83,19,7,,,00005garden,,25,0,3
C2b-INJECTION,0.08,00005garden|84|1|6,83,19,8,,,00005garden,,25,0,2
C2b-INJECTION,0.11538461538461539,00005garden|84|1|6,83,19,9,,,00005garden,,26,0,3
C2b-INJECTION,0.11538461538461539,00005garden|84|1|6,83,19,10,,,00005garden,,26,0,3
C2b-INJECTION,0.11538461538461539,00005garden|84|1|6,83,19,11,,,00005garden,,26,0,3
C2b-INJECTION,0.11538461538461539,00005garden|84|1|6,83,19,12,,,00005garden,,26,0,3
C2b-INJECTION,0.08,00005garden|84|1|6,83,19,13,,,00005garden,,25,0,2
C2b-INJECTION,0.08,00005garden|84|1|6,83,19,14,,,00005garden,,25,0,2
C2b-INJECTION,0.11538461538461539,00005garden|84|1|6,83,19,15,,,00005garden,,26,0,3
C2b-INJECTION,0.08,00005garden|84|1|6,83,19,16,,,00005garden,,25,0,2
C2b-INJECTION,0.12,00005garden|84|1|6,83,19,17,,,00005garden,,25,0,3
C2b-INJECTION,0.1111111111111111,00005garden|84|1|6,83,19,18,,,00005garden,,27,0,3
C2b-INJECTION,0.11538461538461539,00005garden|84|1|6,83,19,19,,,00005garden,,26,0,3
C2b-INJECTION,0.19230769230769232,00005garden|84|1|6,83,19,20,,,00005garden,,26,0,5
_META,,00005garden|84|1|6,83,19,0,omitted_for_runtime,omitted_for_runtime,00005garden,,,0,
SHAM,0.125,00005garden|84|1|8,83,2,1,,,00005garden,,24,0,3
SHAM,0.125,00005garden|84|1|8,83,2,2,,,00005garden,,24,0,3
SHAM,0.08695652173913043,00005garden|84|1|8,83,2,3,,,00005garden,,23,0,2
SHAM,0.08695652173913043,00005garden|84|1|8,83,2,4,,,00005garden,,23,0,2
SHAM,0.043478260869565216,00005garden|84|1|8,83,2,5,,,00005garden,,23,0,1
SHAM,0.12,00005garden|84|1|8,83,2,6,,,00005garden,,25,0,3
SHAM,0.12,00005garden|84|1|8,83,2,7,,,00005garden,,25,0,3
SHAM,0.08,00005garden|84|1|8,83,2,8,,,00005garden,,25,0,2
SHAM,0.11538461538461539,00005garden|84|1|8,83,2,9,,,00005garden,,26,0,3
SHAM,0.11538461538461539,00005garden|84|1|8,83,2,10,,,00005garden,,26,0,3
SHAM,0.11538461538461539,00005garden|84|1|8,83,2,11,,,00005garden,,26,0,3
SHAM,0.11538461538461539,00005garden|84|1|8,83,2,12,,,00005garden,,26,0,3
SHAM,0.08,00005garden|84|1|8,83,2,13,,,00005garden,,25,0,2
SHAM,0.08,00005garden|84|1|8,83,2,14,,,00005garden,,25,0,2
SHAM,0.11538461538461539,00005garden|84|1|8,83,2,15,,,00005garden,,26,0,3
SHAM,0.08,00005garden|84|1|8,83,2,16,,,00005garden,,25,0,2
SHAM,0.12,00005garden|84|1|8,83,2,17,,,00005garden,,25,0,3
SHAM,0.1111111111111111,00005garden|84|1|8,83,2,18,,,00005garden,,27,0,3
SHAM,0.11538461538461539,00005garden|84|1|8,83,2,19,,,00005garden,,26,0,3
SHAM,0.19230769230769232,00005garden|84|1|8,83,2,20,,,00005garden,,26,0,5
C2b-INJECTION,0.125,00005garden|84|1|8,83,2,1,,,00005garden,,24,0,3
C2b-INJECTION,0.125,00005garden|84|1|8,83,2,2,,,00005garden,,24,0,3
C2b-INJECTION,0.08695652173913043,00005garden|84|1|8,83,2,3,,,00005garden,,23,0,2
C2b-INJECTION,0.08695652173913043,00005garden|84|1|8,83,2,4,,,00005garden,,23,0,2
C2b-INJECTION,0.08333333333333333,00005garden|84|1|8,83,2,5,,,00005garden,,24,0,2
C2b-INJECTION,0.12,00005garden|84|1|8,83,2,6,,,00005garden,,25,0,3
C2b-INJECTION,0.12,00005garden|84|1|8,83,2,7,,,00005garden,,25,0,3
C2b-INJECTION,0.08,00005garden|84|1|8,83,2,8,,,00005garden,,25,0,2
C2b-INJECTION,0.11538461538461539,00005garden|84|1|8,83,2,9,,,00005garden,,26,0,3
C2b-INJECTION,0.11538461538461539,00005garden|84|1|8,83,2,10,,,00005garden,,26,0,3
C2b-INJECTION,0.11538461538461539,00005garden|84|1|8,83,2,11,,,00005garden,,26,0,3
C2b-INJECTION,0.11538461538461539,00005garden|84|1|8,83,2,12,,,00005garden,,26,0,3
C2b-INJECTION,0.08,00005garden|84|1|8,83,2,13,,,00005garden,,25,0,2
C2b-INJECTION,0.08,00005garden|84|1|8,83,2,14,,,00005garden,,25,0,2
C2b-INJECTION,0.11538461538461539,00005garden|84|1|8,83,2,15,,,00005garden,,26,0,3
C2b-INJECTION,0.08,00005garden|84|1|8,83,2,16,,,00005garden,,25,0,2
C2b-INJECTION,0.12,00005garden|84|1|8,83,2,17,,,00005garden,,25,0,3
C2b-INJECTION,0.1111111111111111,00005garden|84|1|8,83,2,18,,,00005garden,,27,0,3
C2b-INJECTION,0.11538461538461539,00005garden|84|1|8,83,2,19,,,00005garden,,26,0,3
C2b-INJECTION,0.19230769230769232,00005garden|84|1|8,83,2,20,,,00005garden,,26,0,5
_META,,00005garden|84|1|8,83,2,0,omitted_for_runtime,omitted_for_runtime,00005garden,,,0,
SHAM,0.08,00005garden|125|1|6,124,10,1,,,00005garden,,25,0,2
SHAM,0.04,00005garden|125|1|6,124,10,2,,,00005garden,,25,0,1
SHAM,0.08,00005garden|125|1|6,124,10,3,,,00005garden,,25,0,2
SHAM,0.07692307692307693,00005garden|125|1|6,124,10,4,,,00005garden,,26,0,2
SHAM,0.07692307692307693,00005garden|125|1|6,124,10,5,,,00005garden,,26,0,2
SHAM,0.13043478260869565,00005garden|125|1|6,124,10,6,,,00005garden,,23,0,3
SHAM,0.043478260869565216,00005garden|125|1|6,124,10,7,,,00005garden,,23,0,1
SHAM,0.08,00005garden|125|1|6,124,10,8,,,00005garden,,25,0,2
SHAM,0.08,00005garden|125|1|6,124,10,9,,,00005garden,,25,0,2
SHAM,0.08333333333333333,00005garden|125|1|6,124,10,10,,,00005garden,,24,0,2
SHAM,0.041666666666666664,00005garden|125|1|6,124,10,11,,,00005garden,,24,0,1
SHAM,0.12,00005garden|125|1|6,124,10,12,,,00005garden,,25,0,3
SHAM,0.041666666666666664,00005garden|125|1|6,124,10,13,,,00005garden,,24,0,1
SHAM,0.125,00005garden|125|1|6,124,10,14,,,00005garden,,24,0,3
SHAM,0.08333333333333333,00005garden|125|1|6,124,10,15,,,00005garden,,24,0,2
SHAM,0.11538461538461539,00005garden|125|1|6,124,10,16,,,00005garden,,26,0,3
SHAM,0.07407407407407407,00005garden|125|1|6,124,10,17,,,00005garden,,27,0,2
SHAM,0.14814814814814814,00005garden|125|1|6,124,10,18,,,00005garden,,27,0,4
SHAM,0.07407407407407407,00005garden|125|1|6,124,10,19,,,00005garden,,27,0,2
SHAM,0.12,00005garden|125|1|6,124,10,20,,,00005garden,,25,0,3
C2b-INJECTION,,00005garden|125|1|6,124,10,1,,,00005garden,current_target_occupied,0,0,0
C2b-INJECTION,,00005garden|125|1|6,124,10,2,,,00005garden,current_target_occupied,0,0,0
C2b-INJECTION,,00005garden|125|1|6,124,10,3,,,00005garden,current_target_occupied,0,0,0
C2b-INJECTION,,00005garden|125|1|6,124,10,4,,,00005garden,current_target_occupied,0,0,0
C2b-INJECTION,,00005garden|125|1|6,124,10,5,,,00005garden,current_target_occupied,0,0,0
C2b-INJECTION,,00005garden|125|1|6,124,10,6,,,00005garden,current_target_occupied,0,0,0
C2b-INJECTION,,00005garden|125|1|6,124,10,7,,,00005garden,current_target_occupied,0,0,0
C2b-INJECTION,,00005garden|125|1|6,124,10,8,,,00005garden,current_target_occupied,0,0,0
C2b-INJECTION,,00005garden|125|1|6,124,10,9,,,00005garden,current_target_occupied,0,0,0
C2b-INJECTION,,00005garden|125|1|6,124,10,10,,,00005garden,current_target_occupied,0,0,0
C2b-INJECTION,,00005garden|125|1|6,124,10,11,,,00005garden,current_target_occupied,0,0,0
C2b-INJECTION,,00005garden|125|1|6,124,10,12,,,00005garden,current_target_occupied,0,0,0
C2b-INJECTION,,00005garden|125|1|6,124,10,13,,,00005garden,current_target_occupied,0,0,0
C2b-INJECTION,,00005garden|125|1|6,124,10,14,,,00005garden,current_target_occupied,0,0,0
C2b-INJECTION,,00005garden|125|1|6,124,10,15,,,00005garden,current_target_occupied,0,0,0
C2b-INJECTION,,00005garden|125|1|6,124,10,16,,,00005garden,current_target_occupied,0,0,0
C2b-INJECTION,,00005garden|125|1|6,124,10,17,,,00005garden,current_target_occupied,0,0,0
C2b-INJECTION,,00005garden|125|1|6,124,10,18,,,00005garden,current_target_occupied,0,0,0
C2b-INJECTION,,00005garden|125|1|6,124,10,19,,,00005garden,current_target_occupied,0,0,0
C2b-INJECTION,,00005garden|125|1|6,124,10,20,,,00005garden,current_target_occupied,0,0,0
_META,,00005garden|125|1|6,124,10,0,omitted_for_runtime,omitted_for_runtime,00005garden,,,0,
SHAM,0.08,00005garden|125|1|8,124,6,1,,,00005garden,,25,0,2
SHAM,0.04,00005garden|125|1|8,124,6,2,,,00005garden,,25,0,1
SHAM,0.08,00005garden|125|1|8,124,6,3,,,00005garden,,25,0,2
SHAM,0.07692307692307693,00005garden|125|1|8,124,6,4,,,00005garden,,26,0,2
SHAM,0.07692307692307693,00005garden|125|1|8,124,6,5,,,00005garden,,26,0,2
SHAM,0.13043478260869565,00005garden|125|1|8,124,6,6,,,00005garden,,23,0,3
SHAM,0.043478260869565216,00005garden|125|1|8,124,6,7,,,00005garden,,23,0,1
SHAM,0.08,00005garden|125|1|8,124,6,8,,,00005garden,,25,0,2
SHAM,0.08,00005garden|125|1|8,124,6,9,,,00005garden,,25,0,2
SHAM,0.08333333333333333,00005garden|125|1|8,124,6,10,,,00005garden,,24,0,2
SHAM,0.041666666666666664,00005garden|125|1|8,124,6,11,,,00005garden,,24,0,1
SHAM,0.12,00005garden|125|1|8,124,6,12,,,00005garden,,25,0,3
SHAM,0.041666666666666664,00005garden|125|1|8,124,6,13,,,00005garden,,24,0,1
SHAM,0.125,00005garden|125|1|8,124,6,14,,,00005garden,,24,0,3
SHAM,0.08333333333333333,00005garden|125|1|8,124,6,15,,,00005garden,,24,0,2
SHAM,0.11538461538461539,00005garden|125|1|8,124,6,16,,,00005garden,,26,0,3
SHAM,0.07407407407407407,00005garden|125|1|8,124,6,17,,,00005garden,,27,0,2
SHAM,0.14814814814814814,00005garden|125|1|8,124,6,18,,,00005garden,,27,0,4
SHAM,0.07407407407407407,00005garden|125|1|8,124,6,19,,,00005garden,,27,0,2
SHAM,0.12,00005garden|125|1|8,124,6,20,,,00005garden,,25,0,3
C2b-INJECTION,,00005garden|125|1|8,124,6,1,,,00005garden,current_target_occupied,0,0,0
C2b-INJECTION,,00005garden|125|1|8,124,6,2,,,00005garden,current_target_occupied,0,0,0
C2b-INJECTION,,00005garden|125|1|8,124,6,3,,,00005garden,current_target_occupied,0,0,0
C2b-INJECTION,,00005garden|125|1|8,124,6,4,,,00005garden,current_target_occupied,0,0,0
C2b-INJECTION,,00005garden|125|1|8,124,6,5,,,00005garden,current_target_occupied,0,0,0
C2b-INJECTION,,00005garden|125|1|8,124,6,6,,,00005garden,current_target_occupied,0,0,0
C2b-INJECTION,,00005garden|125|1|8,124,6,7,,,00005garden,current_target_occupied,0,0,0
C2b-INJECTION,,00005garden|125|1|8,124,6,8,,,00005garden,current_target_occupied,0,0,0
C2b-INJECTION,,00005garden|125|1|8,124,6,9,,,00005garden,current_target_occupied,0,0,0
C2b-INJECTION,,00005garden|125|1|8,124,6,10,,,00005garden,current_target_occupied,0,0,0
C2b-INJECTION,,00005garden|125|1|8,124,6,11,,,00005garden,current_target_occupied,0,0,0
C2b-INJECTION,,00005garden|125|1|8,124,6,12,,,00005garden,current_target_occupied,0,0,0
C2b-INJECTION,,00005garden|125|1|8,124,6,13,,,00005garden,current_target_occupied,0,0,0
C2b-INJECTION,,00005garden|125|1|8,124,6,14,,,00005garden,current_target_occupied,0,0,0
C2b-INJECTION,,00005garden|125|1|8,124,6,15,,,00005garden,current_target_occupied,0,0,0
C2b-INJECTION,,00005garden|125|1|8,124,6,16,,,00005garden,current_target_occupied,0,0,0
C2b-INJECTION,,00005garden|125|1|8,124,6,17,,,00005garden,current_target_occupied,0,0,0
C2b-INJECTION,,00005garden|125|1|8,124,6,18,,,00005garden,current_target_occupied,0,0,0
C2b-INJECTION,,00005garden|125|1|8,124,6,19,,,00005garden,current_target_occupied,0,0,0
C2b-INJECTION,,00005garden|125|1|8,124,6,20,,,00005garden,current_target_occupied,0,0,0
_META,,00005garden|125|1|8,124,6,0,omitted_for_runtime,omitted_for_runtime,00005garden,,,0,
SHAM,0.07692307692307693,00005garden|128|1|16,127,12,1,,,00005garden,,26,0,2
SHAM,0.07692307692307693,00005garden|128|1|16,127,12,2,,,00005garden,,26,0,2
SHAM,0.13043478260869565,00005garden|128|1|16,127,12,3,,,00005garden,,23,0,3
SHAM,0.043478260869565216,00005garden|128|1|16,127,12,4,,,00005garden,,23,0,1
SHAM,0.08,00005garden|128|1|16,127,12,5,,,00005garden,,25,0,2
SHAM,0.08,00005garden|128|1|16,127,12,6,,,00005garden,,25,0,2
SHAM,0.08333333333333333,00005garden|128|1|16,127,12,7,,,00005garden,,24,0,2
SHAM,0.041666666666666664,00005garden|128|1|16,127,12,8,,,00005garden,,24,0,1
SHAM,0.12,00005garden|128|1|16,127,12,9,,,00005garden,,25,0,3
SHAM,0.041666666666666664,00005garden|128|1|16,127,12,10,,,00005garden,,24,0,1
SHAM,0.125,00005garden|128|1|16,127,12,11,,,00005garden,,24,0,3
SHAM,0.08333333333333333,00005garden|128|1|16,127,12,12,,,00005garden,,24,0,2
SHAM,0.11538461538461539,00005garden|128|1|16,127,12,13,,,00005garden,,26,0,3
SHAM,0.07407407407407407,00005garden|128|1|16,127,12,14,,,00005garden,,27,0,2
SHAM,0.14814814814814814,00005garden|128|1|16,127,12,15,,,00005garden,,27,0,4
SHAM,0.07407407407407407,00005garden|128|1|16,127,12,16,,,00005garden,,27,0,2
SHAM,0.12,00005garden|128|1|16,127,12,17,,,00005garden,,25,0,3
SHAM,0.08333333333333333,00005garden|128|1|16,127,12,18,,,00005garden,,24,0,2
SHAM,0.07692307692307693,00005garden|128|1|16,127,12,19,,,00005garden,,26,0,2
SHAM,0.07407407407407407,00005garden|128|1|16,127,12,20,,,00005garden,,27,0,2
C2b-INJECTION,0.07692307692307693,00005garden|128|1|16,127,12,1,,,00005garden,,26,0,2
C2b-INJECTION,0.07692307692307693,00005garden|128|1|16,127,12,2,,,00005garden,,26,0,2
C2b-INJECTION,0.13043478260869565,00005garden|128|1|16,127,12,3,,,00005garden,,23,0,3
C2b-INJECTION,0.043478260869565216,00005garden|128|1|16,127,12,4,,,00005garden,,23,0,1
C2b-INJECTION,0.08,00005garden|128|1|16,127,12,5,,,00005garden,,25,0,2
C2b-INJECTION,0.08,00005garden|128|1|16,127,12,6,,,00005garden,,25,0,2
C2b-INJECTION,0.08333333333333333,00005garden|128|1|16,127,12,7,,,00005garden,,24,0,2
C2b-INJECTION,0.041666666666666664,00005garden|128|1|16,127,12,8,,,00005garden,,24,0,1
C2b-INJECTION,0.12,00005garden|128|1|16,127,12,9,,,00005garden,,25,0,3
C2b-INJECTION,0.041666666666666664,00005garden|128|1|16,127,12,10,,,00005garden,,24,0,1
C2b-INJECTION,0.041666666666666664,00005garden|128|1|16,127,12,11,,,00005garden,,24,0,1
C2b-INJECTION,0.08333333333333333,00005garden|128|1|16,127,12,12,,,00005garden,,24,0,2
C2b-INJECTION,0.11538461538461539,00005garden|128|1|16,127,12,13,,,00005garden,,26,0,3
C2b-INJECTION,0.07692307692307693,00005garden|128|1|16,127,12,14,,,00005garden,,26,0,2
C2b-INJECTION,0.14814814814814814,00005garden|128|1|16,127,12,15,,,00005garden,,27,0,4
C2b-INJECTION,0.07407407407407407,00005garden|128|1|16,127,12,16,,,00005garden,,27,0,2
C2b-INJECTION,0.12,00005garden|128|1|16,127,12,17,,,00005garden,,25,0,3
C2b-INJECTION,0.08333333333333333,00005garden|128|1|16,127,12,18,,,00005garden,,24,0,2
C2b-INJECTION,0.07692307692307693,00005garden|128|1|16,127,12,19,,,00005garden,,26,0,2
C2b-INJECTION,0.07407407407407407,00005garden|128|1|16,127,12,20,,,00005garden,,27,0,2
_META,,00005garden|128|1|16,127,12,0,omitted_for_runtime,omitted_for_runtime,00005garden,,,0,
SHAM,0.125,00005garden|138|1|19,137,15,1,,,00005garden,,24,0,3
SHAM,0.08333333333333333,00005garden|138|1|19,137,15,2,,,00005garden,,24,0,2
SHAM,0.11538461538461539,00005garden|138|1|19,137,15,3,,,00005garden,,26,0,3
SHAM,0.07407407407407407,00005garden|138|1|19,137,15,4,,,00005garden,,27,0,2
SHAM,0.14814814814814814,00005garden|138|1|19,137,15,5,,,00005garden,,27,0,4
SHAM,0.07407407407407407,00005garden|138|1|19,137,15,6,,,00005garden,,27,0,2
SHAM,0.12,00005garden|138|1|19,137,15,7,,,00005garden,,25,0,3
SHAM,0.08333333333333333,00005garden|138|1|19,137,15,8,,,00005garden,,24,0,2
SHAM,0.07692307692307693,00005garden|138|1|19,137,15,9,,,00005garden,,26,0,2
SHAM,0.07407407407407407,00005garden|138|1|19,137,15,10,,,00005garden,,27,0,2
SHAM,0.07407407407407407,00005garden|138|1|19,137,15,11,,,00005garden,,27,0,2
SHAM,0.08,00005garden|138|1|19,137,15,12,,,00005garden,,25,0,2
SHAM,0.07692307692307693,00005garden|138|1|19,137,15,13,,,00005garden,,26,0,2
SHAM,0.07692307692307693,00005garden|138|1|19,137,15,14,,,00005garden,,26,0,2
SHAM,0.07692307692307693,00005garden|138|1|19,137,15,15,,,00005garden,,26,0,2
SHAM,0.07692307692307693,00005garden|138|1|19,137,15,16,,,00005garden,,26,0,2
SHAM,0.07692307692307693,00005garden|138|1|19,137,15,17,,,00005garden,,26,0,2
SHAM,0.08,00005garden|138|1|19,137,15,18,,,00005garden,,25,0,2
SHAM,0.07692307692307693,00005garden|138|1|19,137,15,19,,,00005garden,,26,0,2
SHAM,0.1111111111111111,00005garden|138|1|19,137,15,20,,,00005garden,,27,0,3
C2b-INJECTION,0.125,00005garden|138|1|19,137,15,1,,,00005garden,,24,0,3
C2b-INJECTION,0.08333333333333333,00005garden|138|1|19,137,15,2,,,00005garden,,24,0,2
C2b-INJECTION,0.11538461538461539,00005garden|138|1|19,137,15,3,,,00005garden,,26,0,3
C2b-INJECTION,0.07407407407407407,00005garden|138|1|19,137,15,4,,,00005garden,,27,0,2
C2b-INJECTION,0.14814814814814814,00005garden|138|1|19,137,15,5,,,00005garden,,27,0,4
C2b-INJECTION,0.07407407407407407,00005garden|138|1|19,137,15,6,,,00005garden,,27,0,2
C2b-INJECTION,0.12,00005garden|138|1|19,137,15,7,,,00005garden,,25,0,3
C2b-INJECTION,0.08333333333333333,00005garden|138|1|19,137,15,8,,,00005garden,,24,0,2
C2b-INJECTION,0.07692307692307693,00005garden|138|1|19,137,15,9,,,00005garden,,26,0,2
C2b-INJECTION,0.07407407407407407,00005garden|138|1|19,137,15,10,,,00005garden,,27,0,2
C2b-INJECTION,0.07407407407407407,00005garden|138|1|19,137,15,11,,,00005garden,,27,0,2
C2b-INJECTION,0.08,00005garden|138|1|19,137,15,12,,,00005garden,,25,0,2
C2b-INJECTION,0.07692307692307693,00005garden|138|1|19,137,15,13,,,00005garden,,26,0,2
C2b-INJECTION,0.07692307692307693,00005garden|138|1|19,137,15,14,,,00005garden,,26,0,2
C2b-INJECTION,0.07692307692307693,00005garden|138|1|19,137,15,15,,,00005garden,,26,0,2
C2b-INJECTION,0.07692307692307693,00005garden|138|1|19,137,15,16,,,00005garden,,26,0,2
C2b-INJECTION,0.07692307692307693,00005garden|138|1|19,137,15,17,,,00005garden,,26,0,2
C2b-INJECTION,0.08,00005garden|138|1|19,137,15,18,,,00005garden,,25,0,2
C2b-INJECTION,0.07692307692307693,00005garden|138|1|19,137,15,19,,,00005garden,,26,0,2
C2b-INJECTION,0.1111111111111111,00005garden|138|1|19,137,15,20,,,00005garden,,27,0,3
_META,,00005garden|138|1|19,137,15,0,omitted_for_runtime,omitted_for_runtime,00005garden,,,0,
SHAM,0.08,00005garden|158|1|20,157,26,1,,,00005garden,,25,0,2
SHAM,0.043478260869565216,00005garden|158|1|20,157,26,2,,,00005garden,,23,0,1
SHAM,0.041666666666666664,00005garden|158|1|20,157,26,3,,,00005garden,,24,0,1
SHAM,0.08,00005garden|158|1|20,157,26,4,,,00005garden,,25,0,2
SHAM,0.041666666666666664,00005garden|158|1|20,157,26,5,,,00005garden,,24,0,1
SHAM,0.041666666666666664,00005garden|158|1|20,157,26,6,,,00005garden,,24,0,1
SHAM,0.041666666666666664,00005garden|158|1|20,157,26,7,,,00005garden,,24,0,1
SHAM,0.04,00005garden|158|1|20,157,26,8,,,00005garden,,25,0,1
SHAM,0.04,00005garden|158|1|20,157,26,9,,,00005garden,,25,0,1
SHAM,0.04,00005garden|158|1|20,157,26,10,,,00005garden,,25,0,1
SHAM,0.038461538461538464,00005garden|158|1|20,157,26,11,,,00005garden,,26,0,1
SHAM,0.041666666666666664,00005garden|158|1|20,157,26,12,,,00005garden,,24,0,1
SHAM,0.038461538461538464,00005garden|158|1|20,157,26,13,,,00005garden,,26,0,1
SHAM,0.037037037037037035,00005garden|158|1|20,157,26,14,,,00005garden,,27,0,1
SHAM,0.038461538461538464,00005garden|158|1|20,157,26,15,,,00005garden,,26,0,1
SHAM,0.041666666666666664,00005garden|158|1|20,157,26,16,,,00005garden,,24,0,1
SHAM,0.043478260869565216,00005garden|158|1|20,157,26,17,,,00005garden,,23,0,1
SHAM,0.08695652173913043,00005garden|158|1|20,157,26,18,,,00005garden,,23,0,2
SHAM,0.037037037037037035,00005garden|158|1|20,157,26,19,,,00005garden,,27,0,1
SHAM,0.043478260869565216,00005garden|158|1|20,157,26,20,,,00005garden,,23,0,1
C2b-INJECTION,,00005garden|158|1|20,157,26,1,,,00005garden,current_target_occupied,0,0,0
C2b-INJECTION,,00005garden|158|1|20,157,26,2,,,00005garden,current_target_occupied,0,0,0
C2b-INJECTION,,00005garden|158|1|20,157,26,3,,,00005garden,current_target_occupied,0,0,0
C2b-INJECTION,,00005garden|158|1|20,157,26,4,,,00005garden,current_target_occupied,0,0,0
C2b-INJECTION,,00005garden|158|1|20,157,26,5,,,00005garden,current_target_occupied,0,0,0
C2b-INJECTION,,00005garden|158|1|20,157,26,6,,,00005garden,current_target_occupied,0,0,0
C2b-INJECTION,,00005garden|158|1|20,157,26,7,,,00005garden,current_target_occupied,0,0,0
C2b-INJECTION,,00005garden|158|1|20,157,26,8,,,00005garden,current_target_occupied,0,0,0
C2b-INJECTION,,00005garden|158|1|20,157,26,9,,,00005garden,current_target_occupied,0,0,0
C2b-INJECTION,,00005garden|158|1|20,157,26,10,,,00005garden,current_target_occupied,0,0,0
C2b-INJECTION,,00005garden|158|1|20,157,26,11,,,00005garden,current_target_occupied,0,0,0
C2b-INJECTION,,00005garden|158|1|20,157,26,12,,,00005garden,current_target_occupied,0,0,0
C2b-INJECTION,,00005garden|158|1|20,157,26,13,,,00005garden,current_target_occupied,0,0,0
C2b-INJECTION,,00005garden|158|1|20,157,26,14,,,00005garden,current_target_occupied,0,0,0
C2b-INJECTION,,00005garden|158|1|20,157,26,15,,,00005garden,current_target_occupied,0,0,0
C2b-INJECTION,,00005garden|158|1|20,157,26,16,,,00005garden,current_target_occupied,0,0,0
C2b-INJECTION,,00005garden|158|1|20,157,26,17,,,00005garden,current_target_occupied,0,0,0
C2b-INJECTION,,00005garden|158|1|20,157,26,18,,,00005garden,current_target_occupied,0,0,0
C2b-INJECTION,,00005garden|158|1|20,157,26,19,,,00005garden,current_target_occupied,0,0,0
C2b-INJECTION,,00005garden|158|1|20,157,26,20,,,00005garden,current_target_occupied,0,0,0
_META,,00005garden|158|1|20,157,26,0,omitted_for_runtime,omitted_for_runtime,00005garden,,,0,
SHAM,0.04,00005garden|166|1|1,165,1,1,,,00005garden,,25,0,1
SHAM,0.04,00005garden|166|1|1,165,1,2,,,00005garden,,25,0,1
SHAM,0.038461538461538464,00005garden|166|1|1,165,1,3,,,00005garden,,26,0,1
SHAM,0.041666666666666664,00005garden|166|1|1,165,1,4,,,00005garden,,24,0,1
SHAM,0.038461538461538464,00005garden|166|1|1,165,1,5,,,00005garden,,26,0,1
SHAM,0.037037037037037035,00005garden|166|1|1,165,1,6,,,00005garden,,27,0,1
SHAM,0.038461538461538464,00005garden|166|1|1,165,1,7,,,00005garden,,26,0,1
SHAM,0.041666666666666664,00005garden|166|1|1,165,1,8,,,00005garden,,24,0,1
SHAM,0.043478260869565216,00005garden|166|1|1,165,1,9,,,00005garden,,23,0,1
SHAM,0.08695652173913043,00005garden|166|1|1,165,1,10,,,00005garden,,23,0,2
SHAM,0.037037037037037035,00005garden|166|1|1,165,1,11,,,00005garden,,27,0,1
SHAM,0.043478260869565216,00005garden|166|1|1,165,1,12,,,00005garden,,23,0,1
SHAM,0.04,00005garden|166|1|1,165,1,13,,,00005garden,,25,0,1
SHAM,0.041666666666666664,00005garden|166|1|1,165,1,14,,,00005garden,,24,0,1
SHAM,0.04,00005garden|166|1|1,165,1,15,,,00005garden,,25,0,1
SHAM,0.04,00005garden|166|1|1,165,1,16,,,00005garden,,25,0,1
SHAM,0.04,00005garden|166|1|1,165,1,17,,,00005garden,,25,0,1
SHAM,0.04,00005garden|166|1|1,165,1,18,,,00005garden,,25,0,1
SHAM,0.038461538461538464,00005garden|166|1|1,165,1,19,,,00005garden,,26,0,1
SHAM,0.04,00005garden|166|1|1,165,1,20,,,00005garden,,25,0,1
C2b-INJECTION,0.04,00005garden|166|1|1,165,1,1,,,00005garden,,25,0,1
C2b-INJECTION,0.04,00005garden|166|1|1,165,1,2,,,00005garden,,25,0,1
C2b-INJECTION,0.038461538461538464,00005garden|166|1|1,165,1,3,,,00005garden,,26,0,1
C2b-INJECTION,0.041666666666666664,00005garden|166|1|1,165,1,4,,,00005garden,,24,0,1
C2b-INJECTION,0.038461538461538464,00005garden|166|1|1,165,1,5,,,00005garden,,26,0,1
C2b-INJECTION,0.037037037037037035,00005garden|166|1|1,165,1,6,,,00005garden,,27,0,1
C2b-INJECTION,0.038461538461538464,00005garden|166|1|1,165,1,7,,,00005garden,,26,0,1
C2b-INJECTION,0.041666666666666664,00005garden|166|1|1,165,1,8,,,00005garden,,24,0,1
C2b-INJECTION,0.043478260869565216,00005garden|166|1|1,165,1,9,,,00005garden,,23,0,1
C2b-INJECTION,0.08695652173913043,00005garden|166|1|1,165,1,10,,,00005garden,,23,0,2
C2b-INJECTION,0.037037037037037035,00005garden|166|1|1,165,1,11,,,00005garden,,27,0,1
C2b-INJECTION,0.043478260869565216,00005garden|166|1|1,165,1,12,,,00005garden,,23,0,1
C2b-INJECTION,0.04,00005garden|166|1|1,165,1,13,,,00005garden,,25,0,1
C2b-INJECTION,0.041666666666666664,00005garden|166|1|1,165,1,14,,,00005garden,,24,0,1
C2b-INJECTION,0.04,00005garden|166|1|1,165,1,15,,,00005garden,,25,0,1
C2b-INJECTION,0.04,00005garden|166|1|1,165,1,16,,,00005garden,,25,0,1
C2b-INJECTION,0.04,00005garden|166|1|1,165,1,17,,,00005garden,,25,0,1
C2b-INJECTION,0.04,00005garden|166|1|1,165,1,18,,,00005garden,,25,0,1
C2b-INJECTION,0.038461538461538464,00005garden|166|1|1,165,1,19,,,00005garden,,26,0,1
C2b-INJECTION,0.04,00005garden|166|1|1,165,1,20,,,00005garden,,25,0,1
_META,,00005garden|166|1|1,165,1,0,omitted_for_runtime,omitted_for_runtime,00005garden,,,0,
SHAM,0.04,00005garden|166|1|12,165,9,1,,,00005garden,,25,0,1
SHAM,0.04,00005garden|166|1|12,165,9,2,,,00005garden,,25,0,1
SHAM,0.038461538461538464,00005garden|166|1|12,165,9,3,,,00005garden,,26,0,1
SHAM,0.041666666666666664,00005garden|166|1|12,165,9,4,,,00005garden,,24,0,1
SHAM,0.038461538461538464,00005garden|166|1|12,165,9,5,,,00005garden,,26,0,1
SHAM,0.037037037037037035,00005garden|166|1|12,165,9,6,,,00005garden,,27,0,1
SHAM,0.038461538461538464,00005garden|166|1|12,165,9,7,,,00005garden,,26,0,1
SHAM,0.041666666666666664,00005garden|166|1|12,165,9,8,,,00005garden,,24,0,1
SHAM,0.043478260869565216,00005garden|166|1|12,165,9,9,,,00005garden,,23,0,1
SHAM,0.08695652173913043,00005garden|166|1|12,165,9,10,,,00005garden,,23,0,2
SHAM,0.037037037037037035,00005garden|166|1|12,165,9,11,,,00005garden,,27,0,1
SHAM,0.043478260869565216,00005garden|166|1|12,165,9,12,,,00005garden,,23,0,1
SHAM,0.04,00005garden|166|1|12,165,9,13,,,00005garden,,25,0,1
SHAM,0.041666666666666664,00005garden|166|1|12,165,9,14,,,00005garden,,24,0,1
SHAM,0.04,00005garden|166|1|12,165,9,15,,,00005garden,,25,0,1
SHAM,0.04,00005garden|166|1|12,165,9,16,,,00005garden,,25,0,1
SHAM,0.04,00005garden|166|1|12,165,9,17,,,00005garden,,25,0,1
SHAM,0.04,00005garden|166|1|12,165,9,18,,,00005garden,,25,0,1
SHAM,0.038461538461538464,00005garden|166|1|12,165,9,19,,,00005garden,,26,0,1
SHAM,0.04,00005garden|166|1|12,165,9,20,,,00005garden,,25,0,1
C2b-INJECTION,0.04,00005garden|166|1|12,165,9,1,,,00005garden,,25,0,1
C2b-INJECTION,0.04,00005garden|166|1|12,165,9,2,,,00005garden,,25,0,1
C2b-INJECTION,0.038461538461538464,00005garden|166|1|12,165,9,3,,,00005garden,,26,0,1
C2b-INJECTION,0.041666666666666664,00005garden|166|1|12,165,9,4,,,00005garden,,24,0,1
C2b-INJECTION,0.038461538461538464,00005garden|166|1|12,165,9,5,,,00005garden,,26,0,1
C2b-INJECTION,0.037037037037037035,00005garden|166|1|12,165,9,6,,,00005garden,,27,0,1
C2b-INJECTION,0.038461538461538464,00005garden|166|1|12,165,9,7,,,00005garden,,26,0,1
C2b-INJECTION,0.041666666666666664,00005garden|166|1|12,165,9,8,,,00005garden,,24,0,1
C2b-INJECTION,0.043478260869565216,00005garden|166|1|12,165,9,9,,,00005garden,,23,0,1
C2b-INJECTION,0.08695652173913043,00005garden|166|1|12,165,9,10,,,00005garden,,23,0,2
C2b-INJECTION,0.037037037037037035,00005garden|166|1|12,165,9,11,,,00005garden,,27,0,1
C2b-INJECTION,0.043478260869565216,00005garden|166|1|12,165,9,12,,,00005garden,,23,0,1
C2b-INJECTION,0.04,00005garden|166|1|12,165,9,13,,,00005garden,,25,0,1
C2b-INJECTION,0.041666666666666664,00005garden|166|1|12,165,9,14,,,00005garden,,24,0,1
C2b-INJECTION,0.04,00005garden|166|1|12,165,9,15,,,00005garden,,25,0,1
C2b-INJECTION,0.04,00005garden|166|1|12,165,9,16,,,00005garden,,25,0,1
C2b-INJECTION,0.04,00005garden|166|1|12,165,9,17,,,00005garden,,25,0,1
C2b-INJECTION,0.041666666666666664,00005garden|166|1|12,165,9,18,,,00005garden,,24,0,1
C2b-INJECTION,0.038461538461538464,00005garden|166|1|12,165,9,19,,,00005garden,,26,0,1
C2b-INJECTION,0.04,00005garden|166|1|12,165,9,20,,,00005garden,,25,0,1
_META,,00005garden|166|1|12,165,9,0,omitted_for_runtime,omitted_for_runtime,00005garden,,,0,
SHAM,0.04,00005garden|166|1|7,165,10,1,,,00005garden,,25,0,1
SHAM,0.04,00005garden|166|1|7,165,10,2,,,00005garden,,25,0,1
SHAM,0.038461538461538464,00005garden|166|1|7,165,10,3,,,00005garden,,26,0,1
SHAM,0.041666666666666664,00005garden|166|1|7,165,10,4,,,00005garden,,24,0,1
SHAM,0.038461538461538464,00005garden|166|1|7,165,10,5,,,00005garden,,26,0,1
SHAM,0.037037037037037035,00005garden|166|1|7,165,10,6,,,00005garden,,27,0,1
SHAM,0.038461538461538464,00005garden|166|1|7,165,10,7,,,00005garden,,26,0,1
SHAM,0.041666666666666664,00005garden|166|1|7,165,10,8,,,00005garden,,24,0,1
SHAM,0.043478260869565216,00005garden|166|1|7,165,10,9,,,00005garden,,23,0,1
SHAM,0.08695652173913043,00005garden|166|1|7,165,10,10,,,00005garden,,23,0,2
SHAM,0.037037037037037035,00005garden|166|1|7,165,10,11,,,00005garden,,27,0,1
SHAM,0.043478260869565216,00005garden|166|1|7,165,10,12,,,00005garden,,23,0,1
SHAM,0.04,00005garden|166|1|7,165,10,13,,,00005garden,,25,0,1
SHAM,0.041666666666666664,00005garden|166|1|7,165,10,14,,,00005garden,,24,0,1
SHAM,0.04,00005garden|166|1|7,165,10,15,,,00005garden,,25,0,1
SHAM,0.04,00005garden|166|1|7,165,10,16,,,00005garden,,25,0,1
SHAM,0.04,00005garden|166|1|7,165,10,17,,,00005garden,,25,0,1
SHAM,0.04,00005garden|166|1|7,165,10,18,,,00005garden,,25,0,1
SHAM,0.038461538461538464,00005garden|166|1|7,165,10,19,,,00005garden,,26,0,1
SHAM,0.04,00005garden|166|1|7,165,10,20,,,00005garden,,25,0,1
C2b-INJECTION,0.04,00005garden|166|1|7,165,10,1,,,00005garden,,25,0,1
C2b-INJECTION,0.04,00005garden|166|1|7,165,10,2,,,00005garden,,25,0,1
C2b-INJECTION,0.038461538461538464,00005garden|166|1|7,165,10,3,,,00005garden,,26,0,1
C2b-INJECTION,0.041666666666666664,00005garden|166|1|7,165,10,4,,,00005garden,,24,0,1
C2b-INJECTION,0.038461538461538464,00005garden|166|1|7,165,10,5,,,00005garden,,26,0,1
C2b-INJECTION,0.037037037037037035,00005garden|166|1|7,165,10,6,,,00005garden,,27,0,1
C2b-INJECTION,0.038461538461538464,00005garden|166|1|7,165,10,7,,,00005garden,,26,0,1
C2b-INJECTION,0.041666666666666664,00005garden|166|1|7,165,10,8,,,00005garden,,24,0,1
C2b-INJECTION,0.043478260869565216,00005garden|166|1|7,165,10,9,,,00005garden,,23,0,1
C2b-INJECTION,0.08695652173913043,00005garden|166|1|7,165,10,10,,,00005garden,,23,0,2
C2b-INJECTION,0.037037037037037035,00005garden|166|1|7,165,10,11,,,00005garden,,27,0,1
C2b-INJECTION,0.043478260869565216,00005garden|166|1|7,165,10,12,,,00005garden,,23,0,1
C2b-INJECTION,0.04,00005garden|166|1|7,165,10,13,,,00005garden,,25,0,1
C2b-INJECTION,0.041666666666666664,00005garden|166|1|7,165,10,14,,,00005garden,,24,0,1
C2b-INJECTION,0.04,00005garden|166|1|7,165,10,15,,,00005garden,,25,0,1
C2b-INJECTION,0.04,00005garden|166|1|7,165,10,16,,,00005garden,,25,0,1
C2b-INJECTION,0.04,00005garden|166|1|7,165,10,17,,,00005garden,,25,0,1
C2b-INJECTION,0.04,00005garden|166|1|7,165,10,18,,,00005garden,,25,0,1
C2b-INJECTION,0.038461538461538464,00005garden|166|1|7,165,10,19,,,00005garden,,26,0,1
C2b-INJECTION,0.04,00005garden|166|1|7,165,10,20,,,00005garden,,25,0,1
_META,,00005garden|166|1|7,165,10,0,omitted_for_runtime,omitted_for_runtime,00005garden,,,0,
SHAM,0.04,00005garden|166|1|8,165,6,1,,,00005garden,,25,0,1
SHAM,0.04,00005garden|166|1|8,165,6,2,,,00005garden,,25,0,1
SHAM,0.038461538461538464,00005garden|166|1|8,165,6,3,,,00005garden,,26,0,1
SHAM,0.041666666666666664,00005garden|166|1|8,165,6,4,,,00005garden,,24,0,1
SHAM,0.038461538461538464,00005garden|166|1|8,165,6,5,,,00005garden,,26,0,1
SHAM,0.037037037037037035,00005garden|166|1|8,165,6,6,,,00005garden,,27,0,1
SHAM,0.038461538461538464,00005garden|166|1|8,165,6,7,,,00005garden,,26,0,1
SHAM,0.041666666666666664,00005garden|166|1|8,165,6,8,,,00005garden,,24,0,1
SHAM,0.043478260869565216,00005garden|166|1|8,165,6,9,,,00005garden,,23,0,1
SHAM,0.08695652173913043,00005garden|166|1|8,165,6,10,,,00005garden,,23,0,2
SHAM,0.037037037037037035,00005garden|166|1|8,165,6,11,,,00005garden,,27,0,1
SHAM,0.043478260869565216,00005garden|166|1|8,165,6,12,,,00005garden,,23,0,1
SHAM,0.04,00005garden|166|1|8,165,6,13,,,00005garden,,25,0,1
SHAM,0.041666666666666664,00005garden|166|1|8,165,6,14,,,00005garden,,24,0,1
SHAM,0.04,00005garden|166|1|8,165,6,15,,,00005garden,,25,0,1
SHAM,0.04,00005garden|166|1|8,165,6,16,,,00005garden,,25,0,1
SHAM,0.04,00005garden|166|1|8,165,6,17,,,00005garden,,25,0,1
SHAM,0.04,00005garden|166|1|8,165,6,18,,,00005garden,,25,0,1
SHAM,0.038461538461538464,00005garden|166|1|8,165,6,19,,,00005garden,,26,0,1
SHAM,0.04,00005garden|166|1|8,165,6,20,,,00005garden,,25,0,1
C2b-INJECTION,0.04,00005garden|166|1|8,165,6,1,,,00005garden,,25,0,1
C2b-INJECTION,0.04,00005garden|166|1|8,165,6,2,,,00005garden,,25,0,1
C2b-INJECTION,0.038461538461538464,00005garden|166|1|8,165,6,3,,,00005garden,,26,0,1
C2b-INJECTION,0.041666666666666664,00005garden|166|1|8,165,6,4,,,00005garden,,24,0,1
C2b-INJECTION,0.038461538461538464,00005garden|166|1|8,165,6,5,,,00005garden,,26,0,1
C2b-INJECTION,0.037037037037037035,00005garden|166|1|8,165,6,6,,,00005garden,,27,0,1
C2b-INJECTION,0.038461538461538464,00005garden|166|1|8,165,6,7,,,00005garden,,26,0,1
C2b-INJECTION,0.041666666666666664,00005garden|166|1|8,165,6,8,,,00005garden,,24,0,1
C2b-INJECTION,0.043478260869565216,00005garden|166|1|8,165,6,9,,,00005garden,,23,0,1
C2b-INJECTION,0.08695652173913043,00005garden|166|1|8,165,6,10,,,00005garden,,23,0,2
C2b-INJECTION,0.037037037037037035,00005garden|166|1|8,165,6,11,,,00005garden,,27,0,1
C2b-INJECTION,0.043478260869565216,00005garden|166|1|8,165,6,12,,,00005garden,,23,0,1
C2b-INJECTION,0.04,00005garden|166|1|8,165,6,13,,,00005garden,,25,0,1
C2b-INJECTION,0.041666666666666664,00005garden|166|1|8,165,6,14,,,00005garden,,24,0,1
C2b-INJECTION,0.04,00005garden|166|1|8,165,6,15,,,00005garden,,25,0,1
C2b-INJECTION,0.04,00005garden|166|1|8,165,6,16,,,00005garden,,25,0,1
C2b-INJECTION,0.04,00005garden|166|1|8,165,6,17,,,00005garden,,25,0,1
C2b-INJECTION,0.04,00005garden|166|1|8,165,6,18,,,00005garden,,25,0,1
C2b-INJECTION,0.038461538461538464,00005garden|166|1|8,165,6,19,,,00005garden,,26,0,1
C2b-INJECTION,0.04,00005garden|166|1|8,165,6,20,,,00005garden,,25,0,1
_META,,00005garden|166|1|8,165,6,0,omitted_for_runtime,omitted_for_runtime,00005garden,,,0,
SHAM,0.038461538461538464,00005garden|170|1|14,169,24,1,,,00005garden,,26,0,1
SHAM,0.037037037037037035,00005garden|170|1|14,169,24,2,,,00005garden,,27,0,1
SHAM,0.038461538461538464,00005garden|170|1|14,169,24,3,,,00005garden,,26,0,1
SHAM,0.041666666666666664,00005garden|170|1|14,169,24,4,,,00005garden,,24,0,1
SHAM,0.043478260869565216,00005garden|170|1|14,169,24,5,,,00005garden,,23,0,1
SHAM,0.08695652173913043,00005garden|170|1|14,169,24,6,,,00005garden,,23,0,2
SHAM,0.037037037037037035,00005garden|170|1|14,169,24,7,,,00005garden,,27,0,1
SHAM,0.043478260869565216,00005garden|170|1|14,169,24,8,,,00005garden,,23,0,1
SHAM,0.04,00005garden|170|1|14,169,24,9,,,00005garden,,25,0,1
SHAM,0.041666666666666664,00005garden|170|1|14,169,24,10,,,00005garden,,24,0,1
SHAM,0.04,00005garden|170|1|14,169,24,11,,,00005garden,,25,0,1
SHAM,0.04,00005garden|170|1|14,169,24,12,,,00005garden,,25,0,1
SHAM,0.04,00005garden|170|1|14,169,24,13,,,00005garden,,25,0,1
SHAM,0.04,00005garden|170|1|14,169,24,14,,,00005garden,,25,0,1
SHAM,0.038461538461538464,00005garden|170|1|14,169,24,15,,,00005garden,,26,0,1
SHAM,0.04,00005garden|170|1|14,169,24,16,,,00005garden,,25,0,1
SHAM,0.038461538461538464,00005garden|170|1|14,169,24,17,,,00005garden,,26,0,1
SHAM,0.038461538461538464,00005garden|170|1|14,169,24,18,,,00005garden,,26,0,1
SHAM,0.07407407407407407,00005garden|170|1|14,169,24,19,,,00005garden,,27,0,2
SHAM,0.07407407407407407,00005garden|170|1|14,169,24,20,,,00005garden,,27,0,2
C2b-INJECTION,0.038461538461538464,00005garden|170|1|14,169,24,1,,,00005garden,,26,0,1
C2b-INJECTION,0.037037037037037035,00005garden|170|1|14,169,24,2,,,00005garden,,27,0,1
C2b-INJECTION,0.038461538461538464,00005garden|170|1|14,169,24,3,,,00005garden,,26,0,1
C2b-INJECTION,0.041666666666666664,00005garden|170|1|14,169,24,4,,,00005garden,,24,0,1
C2b-INJECTION,0.043478260869565216,00005garden|170|1|14,169,24,5,,,00005garden,,23,0,1
C2b-INJECTION,0.08695652173913043,00005garden|170|1|14,169,24,6,,,00005garden,,23,0,2
C2b-INJECTION,0.037037037037037035,00005garden|170|1|14,169,24,7,,,00005garden,,27,0,1
C2b-INJECTION,0.043478260869565216,00005garden|170|1|14,169,24,8,,,00005garden,,23,0,1
C2b-INJECTION,0.04,00005garden|170|1|14,169,24,9,,,00005garden,,25,0,1
C2b-INJECTION,0.041666666666666664,00005garden|170|1|14,169,24,10,,,00005garden,,24,0,1
C2b-INJECTION,0.04,00005garden|170|1|14,169,24,11,,,00005garden,,25,0,1
C2b-INJECTION,0.04,00005garden|170|1|14,169,24,12,,,00005garden,,25,0,1
C2b-INJECTION,0.04,00005garden|170|1|14,169,24,13,,,00005garden,,25,0,1
C2b-INJECTION,0.041666666666666664,00005garden|170|1|14,169,24,14,,,00005garden,,24,0,1
C2b-INJECTION,0.038461538461538464,00005garden|170|1|14,169,24,15,,,00005garden,,26,0,1
C2b-INJECTION,0.041666666666666664,00005garden|170|1|14,169,24,16,,,00005garden,,24,0,1
C2b-INJECTION,0.038461538461538464,00005garden|170|1|14,169,24,17,,,00005garden,,26,0,1
C2b-INJECTION,0.038461538461538464,00005garden|170|1|14,169,24,18,,,00005garden,,26,0,1
C2b-INJECTION,0.07407407407407407,00005garden|170|1|14,169,24,19,,,00005garden,,27,0,2
C2b-INJECTION,0.07407407407407407,00005garden|170|1|14,169,24,20,,,00005garden,,27,0,2
_META,,00005garden|170|1|14,169,24,0,omitted_for_runtime,omitted_for_runtime,00005garden,,,0,
SHAM,0.038461538461538464,00005garden|172|1|18,171,11,1,,,00005garden,,26,0,1
SHAM,0.041666666666666664,00005garden|172|1|18,171,11,2,,,00005garden,,24,0,1
SHAM,0.043478260869565216,00005garden|172|1|18,171,11,3,,,00005garden,,23,0,1
SHAM,0.08695652173913043,00005garden|172|1|18,171,11,4,,,00005garden,,23,0,2
SHAM,0.037037037037037035,00005garden|172|1|18,171,11,5,,,00005garden,,27,0,1
SHAM,0.043478260869565216,00005garden|172|1|18,171,11,6,,,00005garden,,23,0,1
SHAM,0.04,00005garden|172|1|18,171,11,7,,,00005garden,,25,0,1
SHAM,0.041666666666666664,00005garden|172|1|18,171,11,8,,,00005garden,,24,0,1
SHAM,0.04,00005garden|172|1|18,171,11,9,,,00005garden,,25,0,1
SHAM,0.04,00005garden|172|1|18,171,11,10,,,00005garden,,25,0,1
SHAM,0.04,00005garden|172|1|18,171,11,11,,,00005garden,,25,0,1
SHAM,0.04,00005garden|172|1|18,171,11,12,,,00005garden,,25,0,1
SHAM,0.038461538461538464,00005garden|172|1|18,171,11,13,,,00005garden,,26,0,1
SHAM,0.04,00005garden|172|1|18,171,11,14,,,00005garden,,25,0,1
SHAM,0.038461538461538464,00005garden|172|1|18,171,11,15,,,00005garden,,26,0,1
SHAM,0.038461538461538464,00005garden|172|1|18,171,11,16,,,00005garden,,26,0,1
SHAM,0.07407407407407407,00005garden|172|1|18,171,11,17,,,00005garden,,27,0,2
SHAM,0.07407407407407407,00005garden|172|1|18,171,11,18,,,00005garden,,27,0,2
SHAM,0.07142857142857142,00005garden|172|1|18,171,11,19,,,00005garden,,28,0,2
SHAM,0.07142857142857142,00005garden|172|1|18,171,11,20,,,00005garden,,28,0,2
C2b-INJECTION,0.038461538461538464,00005garden|172|1|18,171,11,1,,,00005garden,,26,0,1
C2b-INJECTION,0.041666666666666664,00005garden|172|1|18,171,11,2,,,00005garden,,24,0,1
C2b-INJECTION,0.043478260869565216,00005garden|172|1|18,171,11,3,,,00005garden,,23,0,1
C2b-INJECTION,0.08695652173913043,00005garden|172|1|18,171,11,4,,,00005garden,,23,0,2
C2b-INJECTION,0.037037037037037035,00005garden|172|1|18,171,11,5,,,00005garden,,27,0,1
C2b-INJECTION,0.043478260869565216,00005garden|172|1|18,171,11,6,,,00005garden,,23,0,1
C2b-INJECTION,0.04,00005garden|172|1|18,171,11,7,,,00005garden,,25,0,1
C2b-INJECTION,0.041666666666666664,00005garden|172|1|18,171,11,8,,,00005garden,,24,0,1
C2b-INJECTION,0.04,00005garden|172|1|18,171,11,9,,,00005garden,,25,0,1
C2b-INJECTION,0.04,00005garden|172|1|18,171,11,10,,,00005garden,,25,0,1
C2b-INJECTION,0.04,00005garden|172|1|18,171,11,11,,,00005garden,,25,0,1
C2b-INJECTION,0.04,00005garden|172|1|18,171,11,12,,,00005garden,,25,0,1
C2b-INJECTION,0.038461538461538464,00005garden|172|1|18,171,11,13,,,00005garden,,26,0,1
C2b-INJECTION,0.04,00005garden|172|1|18,171,11,14,,,00005garden,,25,0,1
C2b-INJECTION,0.038461538461538464,00005garden|172|1|18,171,11,15,,,00005garden,,26,0,1
C2b-INJECTION,0.038461538461538464,00005garden|172|1|18,171,11,16,,,00005garden,,26,0,1
C2b-INJECTION,0.07407407407407407,00005garden|172|1|18,171,11,17,,,00005garden,,27,0,2
C2b-INJECTION,0.07407407407407407,00005garden|172|1|18,171,11,18,,,00005garden,,27,0,2
C2b-INJECTION,0.07142857142857142,00005garden|172|1|18,171,11,19,,,00005garden,,28,0,2
C2b-INJECTION,0.07142857142857142,00005garden|172|1|18,171,11,20,,,00005garden,,28,0,2
_META,,00005garden|172|1|18,171,11,0,omitted_for_runtime,omitted_for_runtime,00005garden,,,0,
SHAM,0.08695652173913043,00005garden|175|1|0,174,5,1,,,00005garden,,23,0,2
SHAM,0.037037037037037035,00005garden|175|1|0,174,5,2,,,00005garden,,27,0,1
SHAM,0.043478260869565216,00005garden|175|1|0,174,5,3,,,00005garden,,23,0,1
SHAM,0.04,00005garden|175|1|0,174,5,4,,,00005garden,,25,0,1
SHAM,0.041666666666666664,00005garden|175|1|0,174,5,5,,,00005garden,,24,0,1
SHAM,0.04,00005garden|175|1|0,174,5,6,,,00005garden,,25,0,1
SHAM,0.04,00005garden|175|1|0,174,5,7,,,00005garden,,25,0,1
SHAM,0.04,00005garden|175|1|0,174,5,8,,,00005garden,,25,0,1
SHAM,0.04,00005garden|175|1|0,174,5,9,,,00005garden,,25,0,1
SHAM,0.038461538461538464,00005garden|175|1|0,174,5,10,,,00005garden,,26,0,1
SHAM,0.04,00005garden|175|1|0,174,5,11,,,00005garden,,25,0,1
SHAM,0.038461538461538464,00005garden|175|1|0,174,5,12,,,00005garden,,26,0,1
SHAM,0.038461538461538464,00005garden|175|1|0,174,5,13,,,00005garden,,26,0,1
SHAM,0.07407407407407407,00005garden|175|1|0,174,5,14,,,00005garden,,27,0,2
SHAM,0.07407407407407407,00005garden|175|1|0,174,5,15,,,00005garden,,27,0,2
SHAM,0.07142857142857142,00005garden|175|1|0,174,5,16,,,00005garden,,28,0,2
SHAM,0.07142857142857142,00005garden|175|1|0,174,5,17,,,00005garden,,28,0,2
SHAM,0.07407407407407407,00005garden|175|1|0,174,5,18,,,00005garden,,27,0,2
SHAM,0.04,00005garden|175|1|0,174,5,19,,,00005garden,,25,0,1
SHAM,0.04,00005garden|175|1|0,174,5,20,,,00005garden,,25,0,1
C2b-INJECTION,0.08695652173913043,00005garden|175|1|0,174,5,1,,,00005garden,,23,0,2
C2b-INJECTION,0.037037037037037035,00005garden|175|1|0,174,5,2,,,00005garden,,27,0,1
C2b-INJECTION,0.043478260869565216,00005garden|175|1|0,174,5,3,,,00005garden,,23,0,1
C2b-INJECTION,0.04,00005garden|175|1|0,174,5,4,,,00005garden,,25,0,1
C2b-INJECTION,0.041666666666666664,00005garden|175|1|0,174,5,5,,,00005garden,,24,0,1
C2b-INJECTION,0.04,00005garden|175|1|0,174,5,6,,,00005garden,,25,0,1
C2b-INJECTION,0.04,00005garden|175|1|0,174,5,7,,,00005garden,,25,0,1
C2b-INJECTION,0.04,00005garden|175|1|0,174,5,8,,,00005garden,,25,0,1
C2b-INJECTION,0.04,00005garden|175|1|0,174,5,9,,,00005garden,,25,0,1
C2b-INJECTION,0.038461538461538464,00005garden|175|1|0,174,5,10,,,00005garden,,26,0,1
C2b-INJECTION,0.04,00005garden|175|1|0,174,5,11,,,00005garden,,25,0,1
C2b-INJECTION,0.038461538461538464,00005garden|175|1|0,174,5,12,,,00005garden,,26,0,1
C2b-INJECTION,0.038461538461538464,00005garden|175|1|0,174,5,13,,,00005garden,,26,0,1
C2b-INJECTION,0.07407407407407407,00005garden|175|1|0,174,5,14,,,00005garden,,27,0,2
C2b-INJECTION,0.07407407407407407,00005garden|175|1|0,174,5,15,,,00005garden,,27,0,2
C2b-INJECTION,0.07142857142857142,00005garden|175|1|0,174,5,16,,,00005garden,,28,0,2
C2b-INJECTION,0.07142857142857142,00005garden|175|1|0,174,5,17,,,00005garden,,28,0,2
C2b-INJECTION,0.07407407407407407,00005garden|175|1|0,174,5,18,,,00005garden,,27,0,2
C2b-INJECTION,0.04,00005garden|175|1|0,174,5,19,,,00005garden,,25,0,1
C2b-INJECTION,0.04,00005garden|175|1|0,174,5,20,,,00005garden,,25,0,1
_META,,00005garden|175|1|0,174,5,0,omitted_for_runtime,omitted_for_runtime,00005garden,,,0,
SHAM,0.04,00005garden|185|1|19,184,15,1,,,00005garden,,25,0,1
SHAM,0.038461538461538464,00005garden|185|1|19,184,15,2,,,00005garden,,26,0,1
SHAM,0.038461538461538464,00005garden|185|1|19,184,15,3,,,00005garden,,26,0,1
SHAM,0.07407407407407407,00005garden|185|1|19,184,15,4,,,00005garden,,27,0,2
SHAM,0.07407407407407407,00005garden|185|1|19,184,15,5,,,00005garden,,27,0,2
SHAM,0.07142857142857142,00005garden|185|1|19,184,15,6,,,00005garden,,28,0,2
SHAM,0.07142857142857142,00005garden|185|1|19,184,15,7,,,00005garden,,28,0,2
SHAM,0.07407407407407407,00005garden|185|1|19,184,15,8,,,00005garden,,27,0,2
SHAM,0.04,00005garden|185|1|19,184,15,9,,,00005garden,,25,0,1
SHAM,0.04,00005garden|185|1|19,184,15,10,,,00005garden,,25,0,1
SHAM,0.037037037037037035,00005garden|185|1|19,184,15,11,,,00005garden,,27,0,1
SHAM,0.038461538461538464,00005garden|185|1|19,184,15,12,,,00005garden,,26,0,1
SHAM,0.04,00005garden|185|1|19,184,15,13,,,00005garden,,25,0,1
SHAM,0.037037037037037035,00005garden|185|1|19,184,15,14,,,00005garden,,27,0,1
SHAM,0.041666666666666664,00005garden|185|1|19,184,15,15,,,00005garden,,24,0,1
SHAM,0.038461538461538464,00005garden|185|1|19,184,15,16,,,00005garden,,26,0,1
SHAM,0.04,00005garden|185|1|19,184,15,17,,,00005garden,,25,0,1
SHAM,0.041666666666666664,00005garden|185|1|19,184,15,18,,,00005garden,,24,0,1
SHAM,0.041666666666666664,00005garden|185|1|19,184,15,19,,,00005garden,,24,0,1
SHAM,0.038461538461538464,00005garden|185|1|19,184,15,20,,,00005garden,,26,0,1
C2b-INJECTION,0.04,00005garden|185|1|19,184,15,1,,,00005garden,,25,0,1
C2b-INJECTION,0.038461538461538464,00005garden|185|1|19,184,15,2,,,00005garden,,26,0,1
C2b-INJECTION,0.04,00005garden|185|1|19,184,15,3,,,00005garden,,25,0,1
C2b-INJECTION,0.07407407407407407,00005garden|185|1|19,184,15,4,,,00005garden,,27,0,2
C2b-INJECTION,0.07407407407407407,00005garden|185|1|19,184,15,5,,,00005garden,,27,0,2
C2b-INJECTION,0.07142857142857142,00005garden|185|1|19,184,15,6,,,00005garden,,28,0,2
C2b-INJECTION,0.07407407407407407,00005garden|185|1|19,184,15,7,,,00005garden,,27,0,2
C2b-INJECTION,0.07407407407407407,00005garden|185|1|19,184,15,8,,,00005garden,,27,0,2
C2b-INJECTION,0.04,00005garden|185|1|19,184,15,9,,,00005garden,,25,0,1
C2b-INJECTION,0.041666666666666664,00005garden|185|1|19,184,15,10,,,00005garden,,24,0,1
C2b-INJECTION,0.037037037037037035,00005garden|185|1|19,184,15,11,,,00005garden,,27,0,1
C2b-INJECTION,0.038461538461538464,00005garden|185|1|19,184,15,12,,,00005garden,,26,0,1
C2b-INJECTION,0.04,00005garden|185|1|19,184,15,13,,,00005garden,,25,0,1
C2b-INJECTION,0.037037037037037035,00005garden|185|1|19,184,15,14,,,00005garden,,27,0,1
C2b-INJECTION,0.04,00005garden|185|1|19,184,15,15,,,00005garden,,25,0,1
C2b-INJECTION,0.038461538461538464,00005garden|185|1|19,184,15,16,,,00005garden,,26,0,1
C2b-INJECTION,0.04,00005garden|185|1|19,184,15,17,,,00005garden,,25,0,1
C2b-INJECTION,0.041666666666666664,00005garden|185|1|19,184,15,18,,,00005garden,,24,0,1
C2b-INJECTION,0.041666666666666664,00005garden|185|1|19,184,15,19,,,00005garden,,24,0,1
C2b-INJECTION,0.038461538461538464,00005garden|185|1|19,184,15,20,,,00005garden,,26,0,1
_META,,00005garden|185|1|19,184,15,0,omitted_for_runtime,omitted_for_runtime,00005garden,,,0,
SHAM,0.041666666666666664,00005garden|207|1|15,206,7,1,,,00005garden,,24,0,1
SHAM,0.041666666666666664,00005garden|207|1|15,206,7,2,,,00005garden,,24,0,1
SHAM,0.041666666666666664,00005garden|207|1|15,206,7,3,,,00005garden,,24,0,1
SHAM,0.08695652173913043,00005garden|207|1|15,206,7,4,,,00005garden,,23,0,2
SHAM,0.043478260869565216,00005garden|207|1|15,206,7,5,,,00005garden,,23,0,1
SHAM,0.043478260869565216,00005garden|207|1|15,206,7,6,,,00005garden,,23,0,1
SHAM,0.043478260869565216,00005garden|207|1|15,206,7,7,,,00005garden,,23,0,1
SHAM,0.043478260869565216,00005garden|207|1|15,206,7,8,,,00005garden,,23,0,1
SHAM,0.043478260869565216,00005garden|207|1|15,206,7,9,,,00005garden,,23,0,1
SHAM,0.041666666666666664,00005garden|207|1|15,206,7,10,,,00005garden,,24,0,1
SHAM,0.12,00005garden|207|1|15,206,7,11,,,00005garden,,25,0,3
SHAM,0.041666666666666664,00005garden|207|1|15,206,7,12,,,00005garden,,24,0,1
SHAM,0.08333333333333333,00005garden|207|1|15,206,7,13,,,00005garden,,24,0,2
SHAM,0.041666666666666664,00005garden|207|1|15,206,7,14,,,00005garden,,24,0,1
SHAM,0.041666666666666664,00005garden|207|1|15,206,7,15,,,00005garden,,24,0,1
SHAM,0.041666666666666664,00005garden|207|1|15,206,7,16,,,00005garden,,24,0,1
SHAM,0.08,00005garden|207|1|15,206,7,17,,,00005garden,,25,0,2
SHAM,0.08,00005garden|207|1|15,206,7,18,,,00005garden,,25,0,2
SHAM,0.08,00005garden|207|1|15,206,7,19,,,00005garden,,25,0,2
SHAM,0.08,00005garden|207|1|15,206,7,20,,,00005garden,,25,0,2
C2b-INJECTION,0.041666666666666664,00005garden|207|1|15,206,7,1,,,00005garden,,24,0,1
C2b-INJECTION,0.041666666666666664,00005garden|207|1|15,206,7,2,,,00005garden,,24,0,1
C2b-INJECTION,0.041666666666666664,00005garden|207|1|15,206,7,3,,,00005garden,,24,0,1
C2b-INJECTION,0.08695652173913043,00005garden|207|1|15,206,7,4,,,00005garden,,23,0,2
C2b-INJECTION,0.043478260869565216,00005garden|207|1|15,206,7,5,,,00005garden,,23,0,1
C2b-INJECTION,0.043478260869565216,00005garden|207|1|15,206,7,6,,,00005garden,,23,0,1
C2b-INJECTION,0.043478260869565216,00005garden|207|1|15,206,7,7,,,00005garden,,23,0,1
C2b-INJECTION,0.043478260869565216,00005garden|207|1|15,206,7,8,,,00005garden,,23,0,1
C2b-INJECTION,0.043478260869565216,00005garden|207|1|15,206,7,9,,,00005garden,,23,0,1
C2b-INJECTION,0.041666666666666664,00005garden|207|1|15,206,7,10,,,00005garden,,24,0,1
C2b-INJECTION,0.12,00005garden|207|1|15,206,7,11,,,00005garden,,25,0,3
C2b-INJECTION,0.041666666666666664,00005garden|207|1|15,206,7,12,,,00005garden,,24,0,1
C2b-INJECTION,0.08333333333333333,00005garden|207|1|15,206,7,13,,,00005garden,,24,0,2
C2b-INJECTION,0.041666666666666664,00005garden|207|1|15,206,7,14,,,00005garden,,24,0,1
C2b-INJECTION,0.041666666666666664,00005garden|207|1|15,206,7,15,,,00005garden,,24,0,1
C2b-INJECTION,0.041666666666666664,00005garden|207|1|15,206,7,16,,,00005garden,,24,0,1
C2b-INJECTION,0.08,00005garden|207|1|15,206,7,17,,,00005garden,,25,0,2
C2b-INJECTION,0.08,00005garden|207|1|15,206,7,18,,,00005garden,,25,0,2
C2b-INJECTION,0.08,00005garden|207|1|15,206,7,19,,,00005garden,,25,0,2
C2b-INJECTION,0.08,00005garden|207|1|15,206,7,20,,,00005garden,,25,0,2
_META,,00005garden|207|1|15,206,7,0,omitted_for_runtime,omitted_for_runtime,00005garden,,,0,
SHAM,0.041666666666666664,00005garden|207|1|5,206,3,1,,,00005garden,,24,0,1
SHAM,0.041666666666666664,00005garden|207|1|5,206,3,2,,,00005garden,,24,0,1
SHAM,0.041666666666666664,00005garden|207|1|5,206,3,3,,,00005garden,,24,0,1
SHAM,0.08695652173913043,00005garden|207|1|5,206,3,4,,,00005garden,,23,0,2
SHAM,0.043478260869565216,00005garden|207|1|5,206,3,5,,,00005garden,,23,0,1
SHAM,0.043478260869565216,00005garden|207|1|5,206,3,6,,,00005garden,,23,0,1
SHAM,0.043478260869565216,00005garden|207|1|5,206,3,7,,,00005garden,,23,0,1
SHAM,0.043478260869565216,00005garden|207|1|5,206,3,8,,,00005garden,,23,0,1
SHAM,0.043478260869565216,00005garden|207|1|5,206,3,9,,,00005garden,,23,0,1
SHAM,0.041666666666666664,00005garden|207|1|5,206,3,10,,,00005garden,,24,0,1
SHAM,0.12,00005garden|207|1|5,206,3,11,,,00005garden,,25,0,3
SHAM,0.041666666666666664,00005garden|207|1|5,206,3,12,,,00005garden,,24,0,1
SHAM,0.08333333333333333,00005garden|207|1|5,206,3,13,,,00005garden,,24,0,2
SHAM,0.041666666666666664,00005garden|207|1|5,206,3,14,,,00005garden,,24,0,1
SHAM,0.041666666666666664,00005garden|207|1|5,206,3,15,,,00005garden,,24,0,1
SHAM,0.041666666666666664,00005garden|207|1|5,206,3,16,,,00005garden,,24,0,1
SHAM,0.08,00005garden|207|1|5,206,3,17,,,00005garden,,25,0,2
SHAM,0.08,00005garden|207|1|5,206,3,18,,,00005garden,,25,0,2
SHAM,0.08,00005garden|207|1|5,206,3,19,,,00005garden,,25,0,2
SHAM,0.08,00005garden|207|1|5,206,3,20,,,00005garden,,25,0,2
C2b-INJECTION,,00005garden|207|1|5,206,3,1,,,00005garden,current_target_occupied,0,0,0
C2b-INJECTION,,00005garden|207|1|5,206,3,2,,,00005garden,current_target_occupied,0,0,0
C2b-INJECTION,,00005garden|207|1|5,206,3,3,,,00005garden,current_target_occupied,0,0,0
C2b-INJECTION,,00005garden|207|1|5,206,3,4,,,00005garden,current_target_occupied,0,0,0
C2b-INJECTION,,00005garden|207|1|5,206,3,5,,,00005garden,current_target_occupied,0,0,0
C2b-INJECTION,,00005garden|207|1|5,206,3,6,,,00005garden,current_target_occupied,0,0,0
C2b-INJECTION,,00005garden|207|1|5,206,3,7,,,00005garden,current_target_occupied,0,0,0
C2b-INJECTION,,00005garden|207|1|5,206,3,8,,,00005garden,current_target_occupied,0,0,0
C2b-INJECTION,,00005garden|207|1|5,206,3,9,,,00005garden,current_target_occupied,0,0,0
C2b-INJECTION,,00005garden|207|1|5,206,3,10,,,00005garden,current_target_occupied,0,0,0
C2b-INJECTION,,00005garden|207|1|5,206,3,11,,,00005garden,current_target_occupied,0,0,0
C2b-INJECTION,,00005garden|207|1|5,206,3,12,,,00005garden,current_target_occupied,0,0,0
C2b-INJECTION,,00005garden|207|1|5,206,3,13,,,00005garden,current_target_occupied,0,0,0
C2b-INJECTION,,00005garden|207|1|5,206,3,14,,,00005garden,current_target_occupied,0,0,0
C2b-INJECTION,,00005garden|207|1|5,206,3,15,,,00005garden,current_target_occupied,0,0,0
C2b-INJECTION,,00005garden|207|1|5,206,3,16,,,00005garden,current_target_occupied,0,0,0
C2b-INJECTION,,00005garden|207|1|5,206,3,17,,,00005garden,current_target_occupied,0,0,0
C2b-INJECTION,,00005garden|207|1|5,206,3,18,,,00005garden,current_target_occupied,0,0,0
C2b-INJECTION,,00005garden|207|1|5,206,3,19,,,00005garden,current_target_occupied,0,0,0
C2b-INJECTION,,00005garden|207|1|5,206,3,20,,,00005garden,current_target_occupied,0,0,0
_META,,00005garden|207|1|5,206,3,0,omitted_for_runtime,omitted_for_runtime,00005garden,,,0,
SHAM,0.043478260869565216,00005garden|213|1|18,212,11,1,,,00005garden,,23,0,1
SHAM,0.043478260869565216,00005garden|213|1|18,212,11,2,,,00005garden,,23,0,1
SHAM,0.043478260869565216,00005garden|213|1|18,212,11,3,,,00005garden,,23,0,1
SHAM,0.041666666666666664,00005garden|213|1|18,212,11,4,,,00005garden,,24,0,1
SHAM,0.12,00005garden|213|1|18,212,11,5,,,00005garden,,25,0,3
SHAM,0.041666666666666664,00005garden|213|1|18,212,11,6,,,00005garden,,24,0,1
SHAM,0.08333333333333333,00005garden|213|1|18,212,11,7,,,00005garden,,24,0,2
SHAM,0.041666666666666664,00005garden|213|1|18,212,11,8,,,00005garden,,24,0,1
SHAM,0.041666666666666664,00005garden|213|1|18,212,11,9,,,00005garden,,24,0,1
SHAM,0.041666666666666664,00005garden|213|1|18,212,11,10,,,00005garden,,24,0,1
SHAM,0.08,00005garden|213|1|18,212,11,11,,,00005garden,,25,0,2
SHAM,0.08,00005garden|213|1|18,212,11,12,,,00005garden,,25,0,2
SHAM,0.08,00005garden|213|1|18,212,11,13,,,00005garden,,25,0,2
SHAM,0.08,00005garden|213|1|18,212,11,14,,,00005garden,,25,0,2
SHAM,0.08,00005garden|213|1|18,212,11,15,,,00005garden,,25,0,2
SHAM,0.08333333333333333,00005garden|213|1|18,212,11,16,,,00005garden,,24,0,2
SHAM,0.08,00005garden|213|1|18,212,11,17,,,00005garden,,25,0,2
SHAM,0.08695652173913043,00005garden|213|1|18,212,11,18,,,00005garden,,23,0,2
SHAM,0.08,00005garden|213|1|18,212,11,19,,,00005garden,,25,0,2
SHAM,0.08333333333333333,00005garden|213|1|18,212,11,20,,,00005garden,,24,0,2
C2b-INJECTION,0.043478260869565216,00005garden|213|1|18,212,11,1,,,00005garden,,23,0,1
C2b-INJECTION,0.043478260869565216,00005garden|213|1|18,212,11,2,,,00005garden,,23,0,1
C2b-INJECTION,0.043478260869565216,00005garden|213|1|18,212,11,3,,,00005garden,,23,0,1
C2b-INJECTION,0.041666666666666664,00005garden|213|1|18,212,11,4,,,00005garden,,24,0,1
C2b-INJECTION,0.12,00005garden|213|1|18,212,11,5,,,00005garden,,25,0,3
C2b-INJECTION,0.041666666666666664,00005garden|213|1|18,212,11,6,,,00005garden,,24,0,1
C2b-INJECTION,0.08333333333333333,00005garden|213|1|18,212,11,7,,,00005garden,,24,0,2
C2b-INJECTION,0.041666666666666664,00005garden|213|1|18,212,11,8,,,00005garden,,24,0,1
C2b-INJECTION,0.041666666666666664,00005garden|213|1|18,212,11,9,,,00005garden,,24,0,1
C2b-INJECTION,0.041666666666666664,00005garden|213|1|18,212,11,10,,,00005garden,,24,0,1
C2b-INJECTION,0.08,00005garden|213|1|18,212,11,11,,,00005garden,,25,0,2
C2b-INJECTION,0.08,00005garden|213|1|18,212,11,12,,,00005garden,,25,0,2
C2b-INJECTION,0.08,00005garden|213|1|18,212,11,13,,,00005garden,,25,0,2
C2b-INJECTION,0.08,00005garden|213|1|18,212,11,14,,,00005garden,,25,0,2
C2b-INJECTION,0.08,00005garden|213|1|18,212,11,15,,,00005garden,,25,0,2
C2b-INJECTION,0.08333333333333333,00005garden|213|1|18,212,11,16,,,00005garden,,24,0,2
C2b-INJECTION,0.08,00005garden|213|1|18,212,11,17,,,00005garden,,25,0,2
C2b-INJECTION,0.08695652173913043,00005garden|213|1|18,212,11,18,,,00005garden,,23,0,2
C2b-INJECTION,0.08,00005garden|213|1|18,212,11,19,,,00005garden,,25,0,2
C2b-INJECTION,0.08333333333333333,00005garden|213|1|18,212,11,20,,,00005garden,,24,0,2
_META,,00005garden|213|1|18,212,11,0,omitted_for_runtime,omitted_for_runtime,00005garden,,,0,
SHAM,0.08333333333333333,00005garden|219|1|9,218,4,1,,,00005garden,,24,0,2
SHAM,0.041666666666666664,00005garden|219|1|9,218,4,2,,,00005garden,,24,0,1
SHAM,0.041666666666666664,00005garden|219|1|9,218,4,3,,,00005garden,,24,0,1
SHAM,0.041666666666666664,00005garden|219|1|9,218,4,4,,,00005garden,,24,0,1
SHAM,0.08,00005garden|219|1|9,218,4,5,,,00005garden,,25,0,2
SHAM,0.08,00005garden|219|1|9,218,4,6,,,00005garden,,25,0,2
SHAM,0.08,00005garden|219|1|9,218,4,7,,,00005garden,,25,0,2
SHAM,0.08,00005garden|219|1|9,218,4,8,,,00005garden,,25,0,2
SHAM,0.08,00005garden|219|1|9,218,4,9,,,00005garden,,25,0,2
SHAM,0.08333333333333333,00005garden|219|1|9,218,4,10,,,00005garden,,24,0,2
SHAM,0.08,00005garden|219|1|9,218,4,11,,,00005garden,,25,0,2
SHAM,0.08695652173913043,00005garden|219|1|9,218,4,12,,,00005garden,,23,0,2
SHAM,0.08,00005garden|219|1|9,218,4,13,,,00005garden,,25,0,2
SHAM,0.08333333333333333,00005garden|219|1|9,218,4,14,,,00005garden,,24,0,2
SHAM,0.08333333333333333,00005garden|219|1|9,218,4,15,,,00005garden,,24,0,2
SHAM,0.08,00005garden|219|1|9,218,4,16,,,00005garden,,25,0,2
SHAM,0.08,00005garden|219|1|9,218,4,17,,,00005garden,,25,0,2
SHAM,0.08333333333333333,00005garden|219|1|9,218,4,18,,,00005garden,,24,0,2
SHAM,0.07692307692307693,00005garden|219|1|9,218,4,19,,,00005garden,,26,0,2
SHAM,0.08,00005garden|219|1|9,218,4,20,,,00005garden,,25,0,2
C2b-INJECTION,0.08333333333333333,00005garden|219|1|9,218,4,1,,,00005garden,,24,0,2
C2b-INJECTION,0.041666666666666664,00005garden|219|1|9,218,4,2,,,00005garden,,24,0,1
C2b-INJECTION,0.041666666666666664,00005garden|219|1|9,218,4,3,,,00005garden,,24,0,1
C2b-INJECTION,0.041666666666666664,00005garden|219|1|9,218,4,4,,,00005garden,,24,0,1
C2b-INJECTION,0.08,00005garden|219|1|9,218,4,5,,,00005garden,,25,0,2
C2b-INJECTION,0.08,00005garden|219|1|9,218,4,6,,,00005garden,,25,0,2
C2b-INJECTION,0.08,00005garden|219|1|9,218,4,7,,,00005garden,,25,0,2
C2b-INJECTION,0.08,00005garden|219|1|9,218,4,8,,,00005garden,,25,0,2
C2b-INJECTION,0.08,00005garden|219|1|9,218,4,9,,,00005garden,,25,0,2
C2b-INJECTION,0.08333333333333333,00005garden|219|1|9,218,4,10,,,00005garden,,24,0,2
C2b-INJECTION,0.08,00005garden|219|1|9,218,4,11,,,00005garden,,25,0,2
C2b-INJECTION,0.08695652173913043,00005garden|219|1|9,218,4,12,,,00005garden,,23,0,2
C2b-INJECTION,0.08,00005garden|219|1|9,218,4,13,,,00005garden,,25,0,2
C2b-INJECTION,0.08333333333333333,00005garden|219|1|9,218,4,14,,,00005garden,,24,0,2
C2b-INJECTION,0.08333333333333333,00005garden|219|1|9,218,4,15,,,00005garden,,24,0,2
C2b-INJECTION,0.08,00005garden|219|1|9,218,4,16,,,00005garden,,25,0,2
C2b-INJECTION,0.08,00005garden|219|1|9,218,4,17,,,00005garden,,25,0,2
C2b-INJECTION,0.08333333333333333,00005garden|219|1|9,218,4,18,,,00005garden,,24,0,2
C2b-INJECTION,0.07692307692307693,00005garden|219|1|9,218,4,19,,,00005garden,,26,0,2
C2b-INJECTION,0.08,00005garden|219|1|9,218,4,20,,,00005garden,,25,0,2
_META,,00005garden|219|1|9,218,4,0,omitted_for_runtime,omitted_for_runtime,00005garden,,,0,
SHAM,0.043478260869565216,00005garden|248|1|0,247,2,1,,,00005garden,,23,0,1
SHAM,0.04,00005garden|248|1|0,247,2,2,,,00005garden,,25,0,1
SHAM,0.04,00005garden|248|1|0,247,2,3,,,00005garden,,25,0,1
SHAM,0.08333333333333333,00005garden|248|1|0,247,2,4,,,00005garden,,24,0,2
SHAM,0.08333333333333333,00005garden|248|1|0,247,2,5,,,00005garden,,24,0,2
SHAM,0.041666666666666664,00005garden|248|1|0,247,2,6,,,00005garden,,24,0,1
SHAM,0.08333333333333333,00005garden|248|1|0,247,2,7,,,00005garden,,24,0,2
SHAM,0.08333333333333333,00005garden|248|1|0,247,2,8,,,00005garden,,24,0,2
SHAM,0.07692307692307693,00005garden|248|1|0,247,2,9,,,00005garden,,26,0,2
SHAM,0.11538461538461539,00005garden|248|1|0,247,2,10,,,00005garden,,26,0,3
SHAM,0.07407407407407407,00005garden|248|1|0,247,2,11,,,00005garden,,27,0,2
SHAM,0.038461538461538464,00005garden|248|1|0,247,2,12,,,00005garden,,26,0,1
SHAM,0.038461538461538464,00005garden|248|1|0,247,2,13,,,00005garden,,26,0,1
SHAM,0.038461538461538464,00005garden|248|1|0,247,2,14,,,00005garden,,26,0,1
SHAM,0.038461538461538464,00005garden|248|1|0,247,2,15,,,00005garden,,26,0,1
SHAM,0.07407407407407407,00005garden|248|1|0,247,2,16,,,00005garden,,27,0,2
SHAM,0.037037037037037035,00005garden|248|1|0,247,2,17,,,00005garden,,27,0,1
SHAM,0.038461538461538464,00005garden|248|1|0,247,2,18,,,00005garden,,26,0,1
SHAM,0.038461538461538464,00005garden|248|1|0,247,2,19,,,00005garden,,26,0,1
SHAM,0.037037037037037035,00005garden|248|1|0,247,2,20,,,00005garden,,27,0,1
C2b-INJECTION,0.043478260869565216,00005garden|248|1|0,247,2,1,,,00005garden,,23,0,1
C2b-INJECTION,0.04,00005garden|248|1|0,247,2,2,,,00005garden,,25,0,1
C2b-INJECTION,0.04,00005garden|248|1|0,247,2,3,,,00005garden,,25,0,1
C2b-INJECTION,0.08333333333333333,00005garden|248|1|0,247,2,4,,,00005garden,,24,0,2
C2b-INJECTION,0.08333333333333333,00005garden|248|1|0,247,2,5,,,00005garden,,24,0,2
C2b-INJECTION,0.041666666666666664,00005garden|248|1|0,247,2,6,,,00005garden,,24,0,1
C2b-INJECTION,0.08333333333333333,00005garden|248|1|0,247,2,7,,,00005garden,,24,0,2
C2b-INJECTION,0.08333333333333333,00005garden|248|1|0,247,2,8,,,00005garden,,24,0,2
C2b-INJECTION,0.07692307692307693,00005garden|248|1|0,247,2,9,,,00005garden,,26,0,2
C2b-INJECTION,0.11538461538461539,00005garden|248|1|0,247,2,10,,,00005garden,,26,0,3
C2b-INJECTION,0.07407407407407407,00005garden|248|1|0,247,2,11,,,00005garden,,27,0,2
C2b-INJECTION,0.038461538461538464,00005garden|248|1|0,247,2,12,,,00005garden,,26,0,1
C2b-INJECTION,0.038461538461538464,00005garden|248|1|0,247,2,13,,,00005garden,,26,0,1
C2b-INJECTION,0.038461538461538464,00005garden|248|1|0,247,2,14,,,00005garden,,26,0,1
C2b-INJECTION,0.038461538461538464,00005garden|248|1|0,247,2,15,,,00005garden,,26,0,1
C2b-INJECTION,0.07407407407407407,00005garden|248|1|0,247,2,16,,,00005garden,,27,0,2
C2b-INJECTION,0.037037037037037035,00005garden|248|1|0,247,2,17,,,00005garden,,27,0,1
C2b-INJECTION,0.038461538461538464,00005garden|248|1|0,247,2,18,,,00005garden,,26,0,1
C2b-INJECTION,0.038461538461538464,00005garden|248|1|0,247,2,19,,,00005garden,,26,0,1
C2b-INJECTION,0.037037037037037035,00005garden|248|1|0,247,2,20,,,00005garden,,27,0,1
_META,,00005garden|248|1|0,247,2,0,omitted_for_runtime,omitted_for_runtime,00005garden,,,0,
SHAM,0.043478260869565216,00005garden|248|1|6,247,10,1,,,00005garden,,23,0,1
SHAM,0.04,00005garden|248|1|6,247,10,2,,,00005garden,,25,0,1
SHAM,0.04,00005garden|248|1|6,247,10,3,,,00005garden,,25,0,1
SHAM,0.08333333333333333,00005garden|248|1|6,247,10,4,,,00005garden,,24,0,2
SHAM,0.08333333333333333,00005garden|248|1|6,247,10,5,,,00005garden,,24,0,2
SHAM,0.041666666666666664,00005garden|248|1|6,247,10,6,,,00005garden,,24,0,1
SHAM,0.08333333333333333,00005garden|248|1|6,247,10,7,,,00005garden,,24,0,2
SHAM,0.08333333333333333,00005garden|248|1|6,247,10,8,,,00005garden,,24,0,2
SHAM,0.07692307692307693,00005garden|248|1|6,247,10,9,,,00005garden,,26,0,2
SHAM,0.11538461538461539,00005garden|248|1|6,247,10,10,,,00005garden,,26,0,3
SHAM,0.07407407407407407,00005garden|248|1|6,247,10,11,,,00005garden,,27,0,2
SHAM,0.038461538461538464,00005garden|248|1|6,247,10,12,,,00005garden,,26,0,1
SHAM,0.038461538461538464,00005garden|248|1|6,247,10,13,,,00005garden,,26,0,1
SHAM,0.038461538461538464,00005garden|248|1|6,247,10,14,,,00005garden,,26,0,1
SHAM,0.038461538461538464,00005garden|248|1|6,247,10,15,,,00005garden,,26,0,1
SHAM,0.07407407407407407,00005garden|248|1|6,247,10,16,,,00005garden,,27,0,2
SHAM,0.037037037037037035,00005garden|248|1|6,247,10,17,,,00005garden,,27,0,1
SHAM,0.038461538461538464,00005garden|248|1|6,247,10,18,,,00005garden,,26,0,1
SHAM,0.038461538461538464,00005garden|248|1|6,247,10,19,,,00005garden,,26,0,1
SHAM,0.037037037037037035,00005garden|248|1|6,247,10,20,,,00005garden,,27,0,1
C2b-INJECTION,0.043478260869565216,00005garden|248|1|6,247,10,1,,,00005garden,,23,0,1
C2b-INJECTION,0.04,00005garden|248|1|6,247,10,2,,,00005garden,,25,0,1
C2b-INJECTION,0.04,00005garden|248|1|6,247,10,3,,,00005garden,,25,0,1
C2b-INJECTION,0.08333333333333333,00005garden|248|1|6,247,10,4,,,00005garden,,24,0,2
C2b-INJECTION,0.08333333333333333,00005garden|248|1|6,247,10,5,,,00005garden,,24,0,2
C2b-INJECTION,0.041666666666666664,00005garden|248|1|6,247,10,6,,,00005garden,,24,0,1
C2b-INJECTION,0.08333333333333333,00005garden|248|1|6,247,10,7,,,00005garden,,24,0,2
C2b-INJECTION,0.08333333333333333,00005garden|248|1|6,247,10,8,,,00005garden,,24,0,2
C2b-INJECTION,0.07692307692307693,00005garden|248|1|6,247,10,9,,,00005garden,,26,0,2
C2b-INJECTION,0.11538461538461539,00005garden|248|1|6,247,10,10,,,00005garden,,26,0,3
C2b-INJECTION,0.07407407407407407,00005garden|248|1|6,247,10,11,,,00005garden,,27,0,2
C2b-INJECTION,0.038461538461538464,00005garden|248|1|6,247,10,12,,,00005garden,,26,0,1
C2b-INJECTION,0.038461538461538464,00005garden|248|1|6,247,10,13,,,00005garden,,26,0,1
C2b-INJECTION,0.038461538461538464,00005garden|248|1|6,247,10,14,,,00005garden,,26,0,1
C2b-INJECTION,0.038461538461538464,00005garden|248|1|6,247,10,15,,,00005garden,,26,0,1
C2b-INJECTION,0.07407407407407407,00005garden|248|1|6,247,10,16,,,00005garden,,27,0,2
C2b-INJECTION,0.037037037037037035,00005garden|248|1|6,247,10,17,,,00005garden,,27,0,1
C2b-INJECTION,0.038461538461538464,00005garden|248|1|6,247,10,18,,,00005garden,,26,0,1
C2b-INJECTION,0.038461538461538464,00005garden|248|1|6,247,10,19,,,00005garden,,26,0,1
C2b-INJECTION,0.037037037037037035,00005garden|248|1|6,247,10,20,,,00005garden,,27,0,1
_META,,00005garden|248|1|6,247,10,0,omitted_for_runtime,omitted_for_runtime,00005garden,,,0,
SHAM,0.043478260869565216,00005garden|248|1|8,247,6,1,,,00005garden,,23,0,1
SHAM,0.04,00005garden|248|1|8,247,6,2,,,00005garden,,25,0,1
SHAM,0.04,00005garden|248|1|8,247,6,3,,,00005garden,,25,0,1
SHAM,0.08333333333333333,00005garden|248|1|8,247,6,4,,,00005garden,,24,0,2
SHAM,0.08333333333333333,00005garden|248|1|8,247,6,5,,,00005garden,,24,0,2
SHAM,0.041666666666666664,00005garden|248|1|8,247,6,6,,,00005garden,,24,0,1
SHAM,0.08333333333333333,00005garden|248|1|8,247,6,7,,,00005garden,,24,0,2
SHAM,0.08333333333333333,00005garden|248|1|8,247,6,8,,,00005garden,,24,0,2
SHAM,0.07692307692307693,00005garden|248|1|8,247,6,9,,,00005garden,,26,0,2
SHAM,0.11538461538461539,00005garden|248|1|8,247,6,10,,,00005garden,,26,0,3
SHAM,0.07407407407407407,00005garden|248|1|8,247,6,11,,,00005garden,,27,0,2
SHAM,0.038461538461538464,00005garden|248|1|8,247,6,12,,,00005garden,,26,0,1
SHAM,0.038461538461538464,00005garden|248|1|8,247,6,13,,,00005garden,,26,0,1
SHAM,0.038461538461538464,00005garden|248|1|8,247,6,14,,,00005garden,,26,0,1
SHAM,0.038461538461538464,00005garden|248|1|8,247,6,15,,,00005garden,,26,0,1
SHAM,0.07407407407407407,00005garden|248|1|8,247,6,16,,,00005garden,,27,0,2
SHAM,0.037037037037037035,00005garden|248|1|8,247,6,17,,,00005garden,,27,0,1
SHAM,0.038461538461538464,00005garden|248|1|8,247,6,18,,,00005garden,,26,0,1
SHAM,0.038461538461538464,00005garden|248|1|8,247,6,19,,,00005garden,,26,0,1
SHAM,0.037037037037037035,00005garden|248|1|8,247,6,20,,,00005garden,,27,0,1
C2b-INJECTION,0.043478260869565216,00005garden|248|1|8,247,6,1,,,00005garden,,23,0,1
C2b-INJECTION,0.04,00005garden|248|1|8,247,6,2,,,00005garden,,25,0,1
C2b-INJECTION,0.04,00005garden|248|1|8,247,6,3,,,00005garden,,25,0,1
C2b-INJECTION,0.08333333333333333,00005garden|248|1|8,247,6,4,,,00005garden,,24,0,2
C2b-INJECTION,0.08333333333333333,00005garden|248|1|8,247,6,5,,,00005garden,,24,0,2
C2b-INJECTION,0.041666666666666664,00005garden|248|1|8,247,6,6,,,00005garden,,24,0,1
C2b-INJECTION,0.08333333333333333,00005garden|248|1|8,247,6,7,,,00005garden,,24,0,2
C2b-INJECTION,0.08333333333333333,00005garden|248|1|8,247,6,8,,,00005garden,,24,0,2
C2b-INJECTION,0.07692307692307693,00005garden|248|1|8,247,6,9,,,00005garden,,26,0,2
C2b-INJECTION,0.11538461538461539,00005garden|248|1|8,247,6,10,,,00005garden,,26,0,3
C2b-INJECTION,0.07407407407407407,00005garden|248|1|8,247,6,11,,,00005garden,,27,0,2
C2b-INJECTION,0.038461538461538464,00005garden|248|1|8,247,6,12,,,00005garden,,26,0,1
C2b-INJECTION,0.038461538461538464,00005garden|248|1|8,247,6,13,,,00005garden,,26,0,1
C2b-INJECTION,0.038461538461538464,00005garden|248|1|8,247,6,14,,,00005garden,,26,0,1
C2b-INJECTION,0.038461538461538464,00005garden|248|1|8,247,6,15,,,00005garden,,26,0,1
C2b-INJECTION,0.07407407407407407,00005garden|248|1|8,247,6,16,,,00005garden,,27,0,2
C2b-INJECTION,0.037037037037037035,00005garden|248|1|8,247,6,17,,,00005garden,,27,0,1
C2b-INJECTION,0.038461538461538464,00005garden|248|1|8,247,6,18,,,00005garden,,26,0,1
C2b-INJECTION,0.038461538461538464,00005garden|248|1|8,247,6,19,,,00005garden,,26,0,1
C2b-INJECTION,0.037037037037037035,00005garden|248|1|8,247,6,20,,,00005garden,,27,0,1
_META,,00005garden|248|1|8,247,6,0,omitted_for_runtime,omitted_for_runtime,00005garden,,,0,
SHAM,0.08333333333333333,00005garden|251|1|16,250,12,1,,,00005garden,,24,0,2
SHAM,0.08333333333333333,00005garden|251|1|16,250,12,2,,,00005garden,,24,0,2
SHAM,0.041666666666666664,00005garden|251|1|16,250,12,3,,,00005garden,,24,0,1
SHAM,0.08333333333333333,00005garden|251|1|16,250,12,4,,,00005garden,,24,0,2
SHAM,0.08333333333333333,00005garden|251|1|16,250,12,5,,,00005garden,,24,0,2
SHAM,0.07692307692307693,00005garden|251|1|16,250,12,6,,,00005garden,,26,0,2
SHAM,0.11538461538461539,00005garden|251|1|16,250,12,7,,,00005garden,,26,0,3
SHAM,0.07407407407407407,00005garden|251|1|16,250,12,8,,,00005garden,,27,0,2
SHAM,0.038461538461538464,00005garden|251|1|16,250,12,9,,,00005garden,,26,0,1
SHAM,0.038461538461538464,00005garden|251|1|16,250,12,10,,,00005garden,,26,0,1
SHAM,0.038461538461538464,00005garden|251|1|16,250,12,11,,,00005garden,,26,0,1
SHAM,0.038461538461538464,00005garden|251|1|16,250,12,12,,,00005garden,,26,0,1
SHAM,0.07407407407407407,00005garden|251|1|16,250,12,13,,,00005garden,,27,0,2
SHAM,0.037037037037037035,00005garden|251|1|16,250,12,14,,,00005garden,,27,0,1
SHAM,0.038461538461538464,00005garden|251|1|16,250,12,15,,,00005garden,,26,0,1
SHAM,0.038461538461538464,00005garden|251|1|16,250,12,16,,,00005garden,,26,0,1
SHAM,0.037037037037037035,00005garden|251|1|16,250,12,17,,,00005garden,,27,0,1
SHAM,0.04,00005garden|251|1|16,250,12,18,,,00005garden,,25,0,1
SHAM,0.04,00005garden|251|1|16,250,12,19,,,00005garden,,25,0,1
SHAM,0.08,00005garden|251|1|16,250,12,20,,,00005garden,,25,0,2
C2b-INJECTION,0.08333333333333333,00005garden|251|1|16,250,12,1,,,00005garden,,24,0,2
C2b-INJECTION,0.08333333333333333,00005garden|251|1|16,250,12,2,,,00005garden,,24,0,2
C2b-INJECTION,0.041666666666666664,00005garden|251|1|16,250,12,3,,,00005garden,,24,0,1
C2b-INJECTION,0.08333333333333333,00005garden|251|1|16,250,12,4,,,00005garden,,24,0,2
C2b-INJECTION,0.08333333333333333,00005garden|251|1|16,250,12,5,,,00005garden,,24,0,2
C2b-INJECTION,0.07692307692307693,00005garden|251|1|16,250,12,6,,,00005garden,,26,0,2
C2b-INJECTION,0.11538461538461539,00005garden|251|1|16,250,12,7,,,00005garden,,26,0,3
C2b-INJECTION,0.07407407407407407,00005garden|251|1|16,250,12,8,,,00005garden,,27,0,2
C2b-INJECTION,0.038461538461538464,00005garden|251|1|16,250,12,9,,,00005garden,,26,0,1
C2b-INJECTION,0.038461538461538464,00005garden|251|1|16,250,12,10,,,00005garden,,26,0,1
C2b-INJECTION,0.038461538461538464,00005garden|251|1|16,250,12,11,,,00005garden,,26,0,1
C2b-INJECTION,0.038461538461538464,00005garden|251|1|16,250,12,12,,,00005garden,,26,0,1
C2b-INJECTION,0.07407407407407407,00005garden|251|1|16,250,12,13,,,00005garden,,27,0,2
C2b-INJECTION,0.037037037037037035,00005garden|251|1|16,250,12,14,,,00005garden,,27,0,1
C2b-INJECTION,0.038461538461538464,00005garden|251|1|16,250,12,15,,,00005garden,,26,0,1
C2b-INJECTION,0.038461538461538464,00005garden|251|1|16,250,12,16,,,00005garden,,26,0,1
C2b-INJECTION,0.037037037037037035,00005garden|251|1|16,250,12,17,,,00005garden,,27,0,1
C2b-INJECTION,0.04,00005garden|251|1|16,250,12,18,,,00005garden,,25,0,1
C2b-INJECTION,0.04,00005garden|251|1|16,250,12,19,,,00005garden,,25,0,1
C2b-INJECTION,0.08,00005garden|251|1|16,250,12,20,,,00005garden,,25,0,2
_META,,00005garden|251|1|16,250,12,0,omitted_for_runtime,omitted_for_runtime,00005garden,,,0,
SHAM,0.08333333333333333,00005garden|252|1|15,251,21,1,,,00005garden,,24,0,2
SHAM,0.041666666666666664,00005garden|252|1|15,251,21,2,,,00005garden,,24,0,1
SHAM,0.08333333333333333,00005garden|252|1|15,251,21,3,,,00005garden,,24,0,2
SHAM,0.08333333333333333,00005garden|252|1|15,251,21,4,,,00005garden,,24,0,2
SHAM,0.07692307692307693,00005garden|252|1|15,251,21,5,,,00005garden,,26,0,2
SHAM,0.11538461538461539,00005garden|252|1|15,251,21,6,,,00005garden,,26,0,3
SHAM,0.07407407407407407,00005garden|252|1|15,251,21,7,,,00005garden,,27,0,2
SHAM,0.038461538461538464,00005garden|252|1|15,251,21,8,,,00005garden,,26,0,1
SHAM,0.038461538461538464,00005garden|252|1|15,251,21,9,,,00005garden,,26,0,1
SHAM,0.038461538461538464,00005garden|252|1|15,251,21,10,,,00005garden,,26,0,1
SHAM,0.038461538461538464,00005garden|252|1|15,251,21,11,,,00005garden,,26,0,1
SHAM,0.07407407407407407,00005garden|252|1|15,251,21,12,,,00005garden,,27,0,2
SHAM,0.037037037037037035,00005garden|252|1|15,251,21,13,,,00005garden,,27,0,1
SHAM,0.038461538461538464,00005garden|252|1|15,251,21,14,,,00005garden,,26,0,1
SHAM,0.038461538461538464,00005garden|252|1|15,251,21,15,,,00005garden,,26,0,1
SHAM,0.037037037037037035,00005garden|252|1|15,251,21,16,,,00005garden,,27,0,1
SHAM,0.04,00005garden|252|1|15,251,21,17,,,00005garden,,25,0,1
SHAM,0.04,00005garden|252|1|15,251,21,18,,,00005garden,,25,0,1
SHAM,0.08,00005garden|252|1|15,251,21,19,,,00005garden,,25,0,2
SHAM,0.1111111111111111,00005garden|252|1|15,251,21,20,,,00005garden,,27,0,3
C2b-INJECTION,0.08333333333333333,00005garden|252|1|15,251,21,1,,,00005garden,,24,0,2
C2b-INJECTION,0.041666666666666664,00005garden|252|1|15,251,21,2,,,00005garden,,24,0,1
C2b-INJECTION,0.08333333333333333,00005garden|252|1|15,251,21,3,,,00005garden,,24,0,2
C2b-INJECTION,0.08333333333333333,00005garden|252|1|15,251,21,4,,,00005garden,,24,0,2
C2b-INJECTION,0.07692307692307693,00005garden|252|1|15,251,21,5,,,00005garden,,26,0,2
C2b-INJECTION,0.11538461538461539,00005garden|252|1|15,251,21,6,,,00005garden,,26,0,3
C2b-INJECTION,0.07407407407407407,00005garden|252|1|15,251,21,7,,,00005garden,,27,0,2
C2b-INJECTION,0.038461538461538464,00005garden|252|1|15,251,21,8,,,00005garden,,26,0,1
C2b-INJECTION,0.038461538461538464,00005garden|252|1|15,251,21,9,,,00005garden,,26,0,1
C2b-INJECTION,0.038461538461538464,00005garden|252|1|15,251,21,10,,,00005garden,,26,0,1
C2b-INJECTION,0.038461538461538464,00005garden|252|1|15,251,21,11,,,00005garden,,26,0,1
C2b-INJECTION,0.07407407407407407,00005garden|252|1|15,251,21,12,,,00005garden,,27,0,2
C2b-INJECTION,0.037037037037037035,00005garden|252|1|15,251,21,13,,,00005garden,,27,0,1
C2b-INJECTION,0.038461538461538464,00005garden|252|1|15,251,21,14,,,00005garden,,26,0,1
C2b-INJECTION,0.038461538461538464,00005garden|252|1|15,251,21,15,,,00005garden,,26,0,1
C2b-INJECTION,0.037037037037037035,00005garden|252|1|15,251,21,16,,,00005garden,,27,0,1
C2b-INJECTION,0.04,00005garden|252|1|15,251,21,17,,,00005garden,,25,0,1
C2b-INJECTION,0.04,00005garden|252|1|15,251,21,18,,,00005garden,,25,0,1
C2b-INJECTION,0.08,00005garden|252|1|15,251,21,19,,,00005garden,,25,0,2
C2b-INJECTION,0.1111111111111111,00005garden|252|1|15,251,21,20,,,00005garden,,27,0,3
_META,,00005garden|252|1|15,251,21,0,omitted_for_runtime,omitted_for_runtime,00005garden,,,0,
SHAM,0.038461538461538464,00005garden|260|1|10,259,4,1,,,00005garden,,26,0,1
SHAM,0.038461538461538464,00005garden|260|1|10,259,4,2,,,00005garden,,26,0,1
SHAM,0.038461538461538464,00005garden|260|1|10,259,4,3,,,00005garden,,26,0,1
SHAM,0.07407407407407407,00005garden|260|1|10,259,4,4,,,00005garden,,27,0,2
SHAM,0.037037037037037035,00005garden|260|1|10,259,4,5,,,00005garden,,27,0,1
SHAM,0.038461538461538464,00005garden|260|1|10,259,4,6,,,00005garden,,26,0,1
SHAM,0.038461538461538464,00005garden|260|1|10,259,4,7,,,00005garden,,26,0,1
SHAM,0.037037037037037035,00005garden|260|1|10,259,4,8,,,00005garden,,27,0,1
SHAM,0.04,00005garden|260|1|10,259,4,9,,,00005garden,,25,0,1
SHAM,0.04,00005garden|260|1|10,259,4,10,,,00005garden,,25,0,1
SHAM,0.08,00005garden|260|1|10,259,4,11,,,00005garden,,25,0,2
SHAM,0.1111111111111111,00005garden|260|1|10,259,4,12,,,00005garden,,27,0,3
SHAM,0.11538461538461539,00005garden|260|1|10,259,4,13,,,00005garden,,26,0,3
SHAM,0.07692307692307693,00005garden|260|1|10,259,4,14,,,00005garden,,26,0,2
SHAM,0.07407407407407407,00005garden|260|1|10,259,4,15,,,00005garden,,27,0,2
SHAM,0.07692307692307693,00005garden|260|1|10,259,4,16,,,00005garden,,26,0,2
SHAM,0.07692307692307693,00005garden|260|1|10,259,4,17,,,00005garden,,26,0,2
SHAM,0.07692307692307693,00005garden|260|1|10,259,4,18,,,00005garden,,26,0,2
SHAM,0.07142857142857142,00005garden|260|1|10,259,4,19,,,00005garden,,28,0,2
SHAM,0.07692307692307693,00005garden|260|1|10,259,4,20,,,00005garden,,26,0,2
C2b-INJECTION,0.038461538461538464,00005garden|260|1|10,259,4,1,,,00005garden,,26,0,1
C2b-INJECTION,0.038461538461538464,00005garden|260|1|10,259,4,2,,,00005garden,,26,0,1
C2b-INJECTION,0.038461538461538464,00005garden|260|1|10,259,4,3,,,00005garden,,26,0,1
C2b-INJECTION,0.07407407407407407,00005garden|260|1|10,259,4,4,,,00005garden,,27,0,2
C2b-INJECTION,0.037037037037037035,00005garden|260|1|10,259,4,5,,,00005garden,,27,0,1
C2b-INJECTION,0.038461538461538464,00005garden|260|1|10,259,4,6,,,00005garden,,26,0,1
C2b-INJECTION,0.038461538461538464,00005garden|260|1|10,259,4,7,,,00005garden,,26,0,1
C2b-INJECTION,0.037037037037037035,00005garden|260|1|10,259,4,8,,,00005garden,,27,0,1
C2b-INJECTION,0.04,00005garden|260|1|10,259,4,9,,,00005garden,,25,0,1
C2b-INJECTION,0.04,00005garden|260|1|10,259,4,10,,,00005garden,,25,0,1
C2b-INJECTION,0.08,00005garden|260|1|10,259,4,11,,,00005garden,,25,0,2
C2b-INJECTION,0.1111111111111111,00005garden|260|1|10,259,4,12,,,00005garden,,27,0,3
C2b-INJECTION,0.11538461538461539,00005garden|260|1|10,259,4,13,,,00005garden,,26,0,3
C2b-INJECTION,0.07692307692307693,00005garden|260|1|10,259,4,14,,,00005garden,,26,0,2
C2b-INJECTION,0.07407407407407407,00005garden|260|1|10,259,4,15,,,00005garden,,27,0,2
C2b-INJECTION,0.07692307692307693,00005garden|260|1|10,259,4,16,,,00005garden,,26,0,2
C2b-INJECTION,0.07692307692307693,00005garden|260|1|10,259,4,17,,,00005garden,,26,0,2
C2b-INJECTION,0.07692307692307693,00005garden|260|1|10,259,4,18,,,00005garden,,26,0,2
C2b-INJECTION,0.07142857142857142,00005garden|260|1|10,259,4,19,,,00005garden,,28,0,2
C2b-INJECTION,0.07692307692307693,00005garden|260|1|10,259,4,20,,,00005garden,,26,0,2
_META,,00005garden|260|1|10,259,4,0,omitted_for_runtime,omitted_for_runtime,00005garden,,,0,
SHAM,0.038461538461538464,00005garden|282|1|25,281,22,1,,,00005garden,,26,0,1
SHAM,0.07407407407407407,00005garden|282|1|25,281,22,2,,,00005garden,,27,0,2
SHAM,0.037037037037037035,00005garden|282|1|25,281,22,3,,,00005garden,,27,0,1
SHAM,0.043478260869565216,00005garden|282|1|25,281,22,4,,,00005garden,,23,0,1
SHAM,0.04,00005garden|282|1|25,281,22,5,,,00005garden,,25,0,1
SHAM,0.04,00005garden|282|1|25,281,22,6,,,00005garden,,25,0,1
SHAM,0.038461538461538464,00005garden|282|1|25,281,22,7,,,00005garden,,26,0,1
SHAM,0.038461538461538464,00005garden|282|1|25,281,22,8,,,00005garden,,26,0,1
SHAM,0.038461538461538464,00005garden|282|1|25,281,22,9,,,00005garden,,26,0,1
SHAM,0.038461538461538464,00005garden|282|1|25,281,22,10,,,00005garden,,26,0,1
SHAM,0.07407407407407407,00005garden|282|1|25,281,22,11,,,00005garden,,27,0,2
SHAM,0.07142857142857142,00005garden|282|1|25,281,22,12,,,00005garden,,28,0,2
SHAM,0.07407407407407407,00005garden|282|1|25,281,22,13,,,00005garden,,27,0,2
SHAM,0.03571428571428571,00005garden|282|1|25,281,22,14,,,00005garden,,28,0,1
SHAM,0.038461538461538464,00005garden|282|1|25,281,22,15,,,00005garden,,26,0,1
SHAM,0.043478260869565216,00005garden|282|1|25,281,22,16,,,00005garden,,23,0,1
SHAM,0.038461538461538464,00005garden|282|1|25,281,22,17,,,00005garden,,26,0,1
SHAM,0.038461538461538464,00005garden|282|1|25,281,22,18,,,00005garden,,26,0,1
SHAM,0.037037037037037035,00005garden|282|1|25,281,22,19,,,00005garden,,27,0,1
SHAM,0.037037037037037035,00005garden|282|1|25,281,22,20,,,00005garden,,27,0,1
C2b-INJECTION,0.038461538461538464,00005garden|282|1|25,281,22,1,,,00005garden,,26,0,1
C2b-INJECTION,0.07407407407407407,00005garden|282|1|25,281,22,2,,,00005garden,,27,0,2
C2b-INJECTION,0.037037037037037035,00005garden|282|1|25,281,22,3,,,00005garden,,27,0,1
C2b-INJECTION,0.041666666666666664,00005garden|282|1|25,281,22,4,,,00005garden,,24,0,1
C2b-INJECTION,0.04,00005garden|282|1|25,281,22,5,,,00005garden,,25,0,1
C2b-INJECTION,0.038461538461538464,00005garden|282|1|25,281,22,6,,,00005garden,,26,0,1
C2b-INJECTION,0.038461538461538464,00005garden|282|1|25,281,22,7,,,00005garden,,26,0,1
C2b-INJECTION,0.038461538461538464,00005garden|282|1|25,281,22,8,,,00005garden,,26,0,1
C2b-INJECTION,0.038461538461538464,00005garden|282|1|25,281,22,9,,,00005garden,,26,0,1
C2b-INJECTION,0.038461538461538464,00005garden|282|1|25,281,22,10,,,00005garden,,26,0,1
C2b-INJECTION,0.07407407407407407,00005garden|282|1|25,281,22,11,,,00005garden,,27,0,2
C2b-INJECTION,0.07142857142857142,00005garden|282|1|25,281,22,12,,,00005garden,,28,0,2
C2b-INJECTION,0.07407407407407407,00005garden|282|1|25,281,22,13,,,00005garden,,27,0,2
C2b-INJECTION,0.03571428571428571,00005garden|282|1|25,281,22,14,,,00005garden,,28,0,1
C2b-INJECTION,0.038461538461538464,00005garden|282|1|25,281,22,15,,,00005garden,,26,0,1
C2b-INJECTION,0.043478260869565216,00005garden|282|1|25,281,22,16,,,00005garden,,23,0,1
C2b-INJECTION,0.038461538461538464,00005garden|282|1|25,281,22,17,,,00005garden,,26,0,1
C2b-INJECTION,0.038461538461538464,00005garden|282|1|25,281,22,18,,,00005garden,,26,0,1
C2b-INJECTION,0.037037037037037035,00005garden|282|1|25,281,22,19,,,00005garden,,27,0,1
C2b-INJECTION,0.037037037037037035,00005garden|282|1|25,281,22,20,,,00005garden,,27,0,1
_META,,00005garden|282|1|25,281,22,0,omitted_for_runtime,omitted_for_runtime,00005garden,,,0,
SHAM,0.038461538461538464,00005garden|289|1|0,288,2,1,,,00005garden,,26,0,1
SHAM,0.038461538461538464,00005garden|289|1|0,288,2,2,,,00005garden,,26,0,1
SHAM,0.038461538461538464,00005garden|289|1|0,288,2,3,,,00005garden,,26,0,1
SHAM,0.07407407407407407,00005garden|289|1|0,288,2,4,,,00005garden,,27,0,2
SHAM,0.07142857142857142,00005garden|289|1|0,288,2,5,,,00005garden,,28,0,2
SHAM,0.07407407407407407,00005garden|289|1|0,288,2,6,,,00005garden,,27,0,2
SHAM,0.03571428571428571,00005garden|289|1|0,288,2,7,,,00005garden,,28,0,1
SHAM,0.038461538461538464,00005garden|289|1|0,288,2,8,,,00005garden,,26,0,1
SHAM,0.043478260869565216,00005garden|289|1|0,288,2,9,,,00005garden,,23,0,1
SHAM,0.038461538461538464,00005garden|289|1|0,288,2,10,,,00005garden,,26,0,1
SHAM,0.038461538461538464,00005garden|289|1|0,288,2,11,,,00005garden,,26,0,1
SHAM,0.037037037037037035,00005garden|289|1|0,288,2,12,,,00005garden,,27,0,1
SHAM,0.037037037037037035,00005garden|289|1|0,288,2,13,,,00005garden,,27,0,1
SHAM,0.03571428571428571,00005garden|289|1|0,288,2,14,,,00005garden,,28,0,1
SHAM,0.041666666666666664,00005garden|289|1|0,288,2,15,,,00005garden,,24,0,1
SHAM,0.04,00005garden|289|1|0,288,2,16,,,00005garden,,25,0,1
SHAM,0.038461538461538464,00005garden|289|1|0,288,2,17,,,00005garden,,26,0,1
SHAM,0.038461538461538464,00005garden|289|1|0,288,2,18,,,00005garden,,26,0,1
SHAM,0.04,00005garden|289|1|0,288,2,19,,,00005garden,,25,0,1
SHAM,0.04,00005garden|289|1|0,288,2,20,,,00005garden,,25,0,1
C2b-INJECTION,0.038461538461538464,00005garden|289|1|0,288,2,1,,,00005garden,,26,0,1
C2b-INJECTION,0.038461538461538464,00005garden|289|1|0,288,2,2,,,00005garden,,26,0,1
C2b-INJECTION,0.038461538461538464,00005garden|289|1|0,288,2,3,,,00005garden,,26,0,1
C2b-INJECTION,0.07407407407407407,00005garden|289|1|0,288,2,4,,,00005garden,,27,0,2
C2b-INJECTION,0.07142857142857142,00005garden|289|1|0,288,2,5,,,00005garden,,28,0,2
C2b-INJECTION,0.07407407407407407,00005garden|289|1|0,288,2,6,,,00005garden,,27,0,2
C2b-INJECTION,0.03571428571428571,00005garden|289|1|0,288,2,7,,,00005garden,,28,0,1
C2b-INJECTION,0.038461538461538464,00005garden|289|1|0,288,2,8,,,00005garden,,26,0,1
C2b-INJECTION,0.043478260869565216,00005garden|289|1|0,288,2,9,,,00005garden,,23,0,1
C2b-INJECTION,0.038461538461538464,00005garden|289|1|0,288,2,10,,,00005garden,,26,0,1
C2b-INJECTION,0.038461538461538464,00005garden|289|1|0,288,2,11,,,00005garden,,26,0,1
C2b-INJECTION,0.037037037037037035,00005garden|289|1|0,288,2,12,,,00005garden,,27,0,1
C2b-INJECTION,0.037037037037037035,00005garden|289|1|0,288,2,13,,,00005garden,,27,0,1
C2b-INJECTION,0.03571428571428571,00005garden|289|1|0,288,2,14,,,00005garden,,28,0,1
C2b-INJECTION,0.041666666666666664,00005garden|289|1|0,288,2,15,,,00005garden,,24,0,1
C2b-INJECTION,0.04,00005garden|289|1|0,288,2,16,,,00005garden,,25,0,1
C2b-INJECTION,0.038461538461538464,00005garden|289|1|0,288,2,17,,,00005garden,,26,0,1
C2b-INJECTION,0.038461538461538464,00005garden|289|1|0,288,2,18,,,00005garden,,26,0,1
C2b-INJECTION,0.04,00005garden|289|1|0,288,2,19,,,00005garden,,25,0,1
C2b-INJECTION,0.04,00005garden|289|1|0,288,2,20,,,00005garden,,25,0,1
_META,,00005garden|289|1|0,288,2,0,omitted_for_runtime,omitted_for_runtime,00005garden,,,0,
SHAM,0.038461538461538464,00005garden|289|1|16,288,9,1,,,00005garden,,26,0,1
SHAM,0.038461538461538464,00005garden|289|1|16,288,9,2,,,00005garden,,26,0,1
SHAM,0.038461538461538464,00005garden|289|1|16,288,9,3,,,00005garden,,26,0,1
SHAM,0.07407407407407407,00005garden|289|1|16,288,9,4,,,00005garden,,27,0,2
SHAM,0.07142857142857142,00005garden|289|1|16,288,9,5,,,00005garden,,28,0,2
SHAM,0.07407407407407407,00005garden|289|1|16,288,9,6,,,00005garden,,27,0,2
SHAM,0.03571428571428571,00005garden|289|1|16,288,9,7,,,00005garden,,28,0,1
SHAM,0.038461538461538464,00005garden|289|1|16,288,9,8,,,00005garden,,26,0,1
SHAM,0.043478260869565216,00005garden|289|1|16,288,9,9,,,00005garden,,23,0,1
SHAM,0.038461538461538464,00005garden|289|1|16,288,9,10,,,00005garden,,26,0,1
SHAM,0.038461538461538464,00005garden|289|1|16,288,9,11,,,00005garden,,26,0,1
SHAM,0.037037037037037035,00005garden|289|1|16,288,9,12,,,00005garden,,27,0,1
SHAM,0.037037037037037035,00005garden|289|1|16,288,9,13,,,00005garden,,27,0,1
SHAM,0.03571428571428571,00005garden|289|1|16,288,9,14,,,00005garden,,28,0,1
SHAM,0.041666666666666664,00005garden|289|1|16,288,9,15,,,00005garden,,24,0,1
SHAM,0.04,00005garden|289|1|16,288,9,16,,,00005garden,,25,0,1
SHAM,0.038461538461538464,00005garden|289|1|16,288,9,17,,,00005garden,,26,0,1
SHAM,0.038461538461538464,00005garden|289|1|16,288,9,18,,,00005garden,,26,0,1
SHAM,0.04,00005garden|289|1|16,288,9,19,,,00005garden,,25,0,1
SHAM,0.04,00005garden|289|1|16,288,9,20,,,00005garden,,25,0,1
C2b-INJECTION,0.038461538461538464,00005garden|289|1|16,288,9,1,,,00005garden,,26,0,1
C2b-INJECTION,0.038461538461538464,00005garden|289|1|16,288,9,2,,,00005garden,,26,0,1
C2b-INJECTION,0.038461538461538464,00005garden|289|1|16,288,9,3,,,00005garden,,26,0,1
C2b-INJECTION,0.07407407407407407,00005garden|289|1|16,288,9,4,,,00005garden,,27,0,2
C2b-INJECTION,0.07142857142857142,00005garden|289|1|16,288,9,5,,,00005garden,,28,0,2
C2b-INJECTION,0.07407407407407407,00005garden|289|1|16,288,9,6,,,00005garden,,27,0,2
C2b-INJECTION,0.03571428571428571,00005garden|289|1|16,288,9,7,,,00005garden,,28,0,1
C2b-INJECTION,0.038461538461538464,00005garden|289|1|16,288,9,8,,,00005garden,,26,0,1
C2b-INJECTION,0.043478260869565216,00005garden|289|1|16,288,9,9,,,00005garden,,23,0,1
C2b-INJECTION,0.038461538461538464,00005garden|289|1|16,288,9,10,,,00005garden,,26,0,1
C2b-INJECTION,0.038461538461538464,00005garden|289|1|16,288,9,11,,,00005garden,,26,0,1
C2b-INJECTION,0.037037037037037035,00005garden|289|1|16,288,9,12,,,00005garden,,27,0,1
C2b-INJECTION,0.037037037037037035,00005garden|289|1|16,288,9,13,,,00005garden,,27,0,1
C2b-INJECTION,0.03571428571428571,00005garden|289|1|16,288,9,14,,,00005garden,,28,0,1
C2b-INJECTION,0.041666666666666664,00005garden|289|1|16,288,9,15,,,00005garden,,24,0,1
C2b-INJECTION,0.04,00005garden|289|1|16,288,9,16,,,00005garden,,25,0,1
C2b-INJECTION,0.04,00005garden|289|1|16,288,9,17,,,00005garden,,25,0,1
C2b-INJECTION,0.038461538461538464,00005garden|289|1|16,288,9,18,,,00005garden,,26,0,1
C2b-INJECTION,0.08,00005garden|289|1|16,288,9,19,,,00005garden,,25,0,2
C2b-INJECTION,0.04,00005garden|289|1|16,288,9,20,,,00005garden,,25,0,1
_META,,00005garden|289|1|16,288,9,0,omitted_for_runtime,omitted_for_runtime,00005garden,,,0,
SHAM,0.038461538461538464,00005garden|289|1|4,288,19,1,,,00005garden,,26,0,1
SHAM,0.038461538461538464,00005garden|289|1|4,288,19,2,,,00005garden,,26,0,1
SHAM,0.038461538461538464,00005garden|289|1|4,288,19,3,,,00005garden,,26,0,1
SHAM,0.07407407407407407,00005garden|289|1|4,288,19,4,,,00005garden,,27,0,2
SHAM,0.07142857142857142,00005garden|289|1|4,288,19,5,,,00005garden,,28,0,2
SHAM,0.07407407407407407,00005garden|289|1|4,288,19,6,,,00005garden,,27,0,2
SHAM,0.03571428571428571,00005garden|289|1|4,288,19,7,,,00005garden,,28,0,1
SHAM,0.038461538461538464,00005garden|289|1|4,288,19,8,,,00005garden,,26,0,1
SHAM,0.043478260869565216,00005garden|289|1|4,288,19,9,,,00005garden,,23,0,1
SHAM,0.038461538461538464,00005garden|289|1|4,288,19,10,,,00005garden,,26,0,1
SHAM,0.038461538461538464,00005garden|289|1|4,288,19,11,,,00005garden,,26,0,1
SHAM,0.037037037037037035,00005garden|289|1|4,288,19,12,,,00005garden,,27,0,1
SHAM,0.037037037037037035,00005garden|289|1|4,288,19,13,,,00005garden,,27,0,1
SHAM,0.03571428571428571,00005garden|289|1|4,288,19,14,,,00005garden,,28,0,1
SHAM,0.041666666666666664,00005garden|289|1|4,288,19,15,,,00005garden,,24,0,1
SHAM,0.04,00005garden|289|1|4,288,19,16,,,00005garden,,25,0,1
SHAM,0.038461538461538464,00005garden|289|1|4,288,19,17,,,00005garden,,26,0,1
SHAM,0.038461538461538464,00005garden|289|1|4,288,19,18,,,00005garden,,26,0,1
SHAM,0.04,00005garden|289|1|4,288,19,19,,,00005garden,,25,0,1
SHAM,0.04,00005garden|289|1|4,288,19,20,,,00005garden,,25,0,1
C2b-INJECTION,0.038461538461538464,00005garden|289|1|4,288,19,1,,,00005garden,,26,0,1
C2b-INJECTION,0.038461538461538464,00005garden|289|1|4,288,19,2,,,00005garden,,26,0,1
C2b-INJECTION,0.038461538461538464,00005garden|289|1|4,288,19,3,,,00005garden,,26,0,1
C2b-INJECTION,0.07407407407407407,00005garden|289|1|4,288,19,4,,,00005garden,,27,0,2
C2b-INJECTION,0.07142857142857142,00005garden|289|1|4,288,19,5,,,00005garden,,28,0,2
C2b-INJECTION,0.07407407407407407,00005garden|289|1|4,288,19,6,,,00005garden,,27,0,2
C2b-INJECTION,0.03571428571428571,00005garden|289|1|4,288,19,7,,,00005garden,,28,0,1
C2b-INJECTION,0.038461538461538464,00005garden|289|1|4,288,19,8,,,00005garden,,26,0,1
C2b-INJECTION,0.043478260869565216,00005garden|289|1|4,288,19,9,,,00005garden,,23,0,1
C2b-INJECTION,0.038461538461538464,00005garden|289|1|4,288,19,10,,,00005garden,,26,0,1
C2b-INJECTION,0.038461538461538464,00005garden|289|1|4,288,19,11,,,00005garden,,26,0,1
C2b-INJECTION,0.037037037037037035,00005garden|289|1|4,288,19,12,,,00005garden,,27,0,1
C2b-INJECTION,0.037037037037037035,00005garden|289|1|4,288,19,13,,,00005garden,,27,0,1
C2b-INJECTION,0.03571428571428571,00005garden|289|1|4,288,19,14,,,00005garden,,28,0,1
C2b-INJECTION,0.041666666666666664,00005garden|289|1|4,288,19,15,,,00005garden,,24,0,1
C2b-INJECTION,0.04,00005garden|289|1|4,288,19,16,,,00005garden,,25,0,1
C2b-INJECTION,0.04,00005garden|289|1|4,288,19,17,,,00005garden,,25,0,1
C2b-INJECTION,0.038461538461538464,00005garden|289|1|4,288,19,18,,,00005garden,,26,0,1
C2b-INJECTION,0.08,00005garden|289|1|4,288,19,19,,,00005garden,,25,0,2
C2b-INJECTION,0.04,00005garden|289|1|4,288,19,20,,,00005garden,,25,0,1
_META,,00005garden|289|1|4,288,19,0,omitted_for_runtime,omitted_for_runtime,00005garden,,,0,
SHAM,0.038461538461538464,00005garden|289|1|8,288,8,1,,,00005garden,,26,0,1
SHAM,0.038461538461538464,00005garden|289|1|8,288,8,2,,,00005garden,,26,0,1
SHAM,0.038461538461538464,00005garden|289|1|8,288,8,3,,,00005garden,,26,0,1
SHAM,0.07407407407407407,00005garden|289|1|8,288,8,4,,,00005garden,,27,0,2
SHAM,0.07142857142857142,00005garden|289|1|8,288,8,5,,,00005garden,,28,0,2
SHAM,0.07407407407407407,00005garden|289|1|8,288,8,6,,,00005garden,,27,0,2
SHAM,0.03571428571428571,00005garden|289|1|8,288,8,7,,,00005garden,,28,0,1
SHAM,0.038461538461538464,00005garden|289|1|8,288,8,8,,,00005garden,,26,0,1
SHAM,0.043478260869565216,00005garden|289|1|8,288,8,9,,,00005garden,,23,0,1
SHAM,0.038461538461538464,00005garden|289|1|8,288,8,10,,,00005garden,,26,0,1
SHAM,0.038461538461538464,00005garden|289|1|8,288,8,11,,,00005garden,,26,0,1
SHAM,0.037037037037037035,00005garden|289|1|8,288,8,12,,,00005garden,,27,0,1
SHAM,0.037037037037037035,00005garden|289|1|8,288,8,13,,,00005garden,,27,0,1
SHAM,0.03571428571428571,00005garden|289|1|8,288,8,14,,,00005garden,,28,0,1
SHAM,0.041666666666666664,00005garden|289|1|8,288,8,15,,,00005garden,,24,0,1
SHAM,0.04,00005garden|289|1|8,288,8,16,,,00005garden,,25,0,1
SHAM,0.038461538461538464,00005garden|289|1|8,288,8,17,,,00005garden,,26,0,1
SHAM,0.038461538461538464,00005garden|289|1|8,288,8,18,,,00005garden,,26,0,1
SHAM,0.04,00005garden|289|1|8,288,8,19,,,00005garden,,25,0,1
SHAM,0.04,00005garden|289|1|8,288,8,20,,,00005garden,,25,0,1
C2b-INJECTION,0.038461538461538464,00005garden|289|1|8,288,8,1,,,00005garden,,26,0,1
C2b-INJECTION,0.038461538461538464,00005garden|289|1|8,288,8,2,,,00005garden,,26,0,1
C2b-INJECTION,0.038461538461538464,00005garden|289|1|8,288,8,3,,,00005garden,,26,0,1
C2b-INJECTION,0.07407407407407407,00005garden|289|1|8,288,8,4,,,00005garden,,27,0,2
C2b-INJECTION,0.07142857142857142,00005garden|289|1|8,288,8,5,,,00005garden,,28,0,2
C2b-INJECTION,0.07407407407407407,00005garden|289|1|8,288,8,6,,,00005garden,,27,0,2
C2b-INJECTION,0.03571428571428571,00005garden|289|1|8,288,8,7,,,00005garden,,28,0,1
C2b-INJECTION,0.038461538461538464,00005garden|289|1|8,288,8,8,,,00005garden,,26,0,1
C2b-INJECTION,0.043478260869565216,00005garden|289|1|8,288,8,9,,,00005garden,,23,0,1
C2b-INJECTION,0.038461538461538464,00005garden|289|1|8,288,8,10,,,00005garden,,26,0,1
C2b-INJECTION,0.038461538461538464,00005garden|289|1|8,288,8,11,,,00005garden,,26,0,1
C2b-INJECTION,0.037037037037037035,00005garden|289|1|8,288,8,12,,,00005garden,,27,0,1
C2b-INJECTION,0.037037037037037035,00005garden|289|1|8,288,8,13,,,00005garden,,27,0,1
C2b-INJECTION,0.03571428571428571,00005garden|289|1|8,288,8,14,,,00005garden,,28,0,1
C2b-INJECTION,0.041666666666666664,00005garden|289|1|8,288,8,15,,,00005garden,,24,0,1
C2b-INJECTION,0.04,00005garden|289|1|8,288,8,16,,,00005garden,,25,0,1
C2b-INJECTION,0.04,00005garden|289|1|8,288,8,17,,,00005garden,,25,0,1
C2b-INJECTION,0.038461538461538464,00005garden|289|1|8,288,8,18,,,00005garden,,26,0,1
C2b-INJECTION,0.08,00005garden|289|1|8,288,8,19,,,00005garden,,25,0,2
C2b-INJECTION,0.04,00005garden|289|1|8,288,8,20,,,00005garden,,25,0,1
_META,,00005garden|289|1|8,288,8,0,omitted_for_runtime,omitted_for_runtime,00005garden,,,0,
SHAM,0.037037037037037035,00005garden|301|1|6,300,4,1,,,00005garden,,27,0,1
SHAM,0.03571428571428571,00005garden|301|1|6,300,4,2,,,00005garden,,28,0,1
SHAM,0.041666666666666664,00005garden|301|1|6,300,4,3,,,00005garden,,24,0,1
SHAM,0.04,00005garden|301|1|6,300,4,4,,,00005garden,,25,0,1
SHAM,0.038461538461538464,00005garden|301|1|6,300,4,5,,,00005garden,,26,0,1
SHAM,0.038461538461538464,00005garden|301|1|6,300,4,6,,,00005garden,,26,0,1
SHAM,0.04,00005garden|301|1|6,300,4,7,,,00005garden,,25,0,1
SHAM,0.04,00005garden|301|1|6,300,4,8,,,00005garden,,25,0,1
SHAM,0.08,00005garden|301|1|6,300,4,9,,,00005garden,,25,0,2
SHAM,0.08333333333333333,00005garden|301|1|6,300,4,10,,,00005garden,,24,0,2
SHAM,0.08,00005garden|301|1|6,300,4,11,,,00005garden,,25,0,2
SHAM,0.08333333333333333,00005garden|301|1|6,300,4,12,,,00005garden,,24,0,2
SHAM,0.08333333333333333,00005garden|301|1|6,300,4,13,,,00005garden,,24,0,2
SHAM,0.07692307692307693,00005garden|301|1|6,300,4,14,,,00005garden,,26,0,2
SHAM,0.07692307692307693,00005garden|301|1|6,300,4,15,,,00005garden,,26,0,2
SHAM,0.07692307692307693,00005garden|301|1|6,300,4,16,,,00005garden,,26,0,2
SHAM,0.07692307692307693,00005garden|301|1|6,300,4,17,,,00005garden,,26,0,2
SHAM,0.07692307692307693,00005garden|301|1|6,300,4,18,,,00005garden,,26,0,2
SHAM,0.037037037037037035,00005garden|301|1|6,300,4,19,,,00005garden,,27,0,1
SHAM,0.038461538461538464,00005garden|301|1|6,300,4,20,,,00005garden,,26,0,1
C2b-INJECTION,0.037037037037037035,00005garden|301|1|6,300,4,1,,,00005garden,,27,0,1
C2b-INJECTION,0.03571428571428571,00005garden|301|1|6,300,4,2,,,00005garden,,28,0,1
C2b-INJECTION,0.041666666666666664,00005garden|301|1|6,300,4,3,,,00005garden,,24,0,1
C2b-INJECTION,0.04,00005garden|301|1|6,300,4,4,,,00005garden,,25,0,1
C2b-INJECTION,0.038461538461538464,00005garden|301|1|6,300,4,5,,,00005garden,,26,0,1
C2b-INJECTION,0.038461538461538464,00005garden|301|1|6,300,4,6,,,00005garden,,26,0,1
C2b-INJECTION,0.04,00005garden|301|1|6,300,4,7,,,00005garden,,25,0,1
C2b-INJECTION,0.04,00005garden|301|1|6,300,4,8,,,00005garden,,25,0,1
C2b-INJECTION,0.08,00005garden|301|1|6,300,4,9,,,00005garden,,25,0,2
C2b-INJECTION,0.08333333333333333,00005garden|301|1|6,300,4,10,,,00005garden,,24,0,2
C2b-INJECTION,0.08,00005garden|301|1|6,300,4,11,,,00005garden,,25,0,2
C2b-INJECTION,0.08333333333333333,00005garden|301|1|6,300,4,12,,,00005garden,,24,0,2
C2b-INJECTION,0.08333333333333333,00005garden|301|1|6,300,4,13,,,00005garden,,24,0,2
C2b-INJECTION,0.07692307692307693,00005garden|301|1|6,300,4,14,,,00005garden,,26,0,2
C2b-INJECTION,0.07692307692307693,00005garden|301|1|6,300,4,15,,,00005garden,,26,0,2
C2b-INJECTION,0.07692307692307693,00005garden|301|1|6,300,4,16,,,00005garden,,26,0,2
C2b-INJECTION,0.07692307692307693,00005garden|301|1|6,300,4,17,,,00005garden,,26,0,2
C2b-INJECTION,0.08,00005garden|301|1|6,300,4,18,,,00005garden,,25,0,2
C2b-INJECTION,0.037037037037037035,00005garden|301|1|6,300,4,19,,,00005garden,,27,0,1
C2b-INJECTION,0.038461538461538464,00005garden|301|1|6,300,4,20,,,00005garden,,26,0,1
_META,,00005garden|301|1|6,300,4,0,omitted_for_runtime,omitted_for_runtime,00005garden,,,0,
SHAM,0.038461538461538464,00005garden|320|1|15,319,28,1,,,00005garden,,26,0,1
SHAM,0.08,00005garden|320|1|15,319,28,2,,,00005garden,,25,0,2
SHAM,0.038461538461538464,00005garden|320|1|15,319,28,3,,,00005garden,,26,0,1
SHAM,0.07692307692307693,00005garden|320|1|15,319,28,4,,,00005garden,,26,0,2
SHAM,0.037037037037037035,00005garden|320|1|15,319,28,5,,,00005garden,,27,0,1
SHAM,0.037037037037037035,00005garden|320|1|15,319,28,6,,,00005garden,,27,0,1
SHAM,0.037037037037037035,00005garden|320|1|15,319,28,7,,,00005garden,,27,0,1
SHAM,0.038461538461538464,00005garden|320|1|15,319,28,8,,,00005garden,,26,0,1
SHAM,0.038461538461538464,00005garden|320|1|15,319,28,9,,,00005garden,,26,0,1
SHAM,0.038461538461538464,00005garden|320|1|15,319,28,10,,,00005garden,,26,0,1
SHAM,0.038461538461538464,00005garden|320|1|15,319,28,11,,,00005garden,,26,0,1
SHAM,0.038461538461538464,00005garden|320|1|15,319,28,12,,,00005garden,,26,0,1
SHAM,0.04,00005garden|320|1|15,319,28,13,,,00005garden,,25,0,1
SHAM,0.038461538461538464,00005garden|320|1|15,319,28,14,,,00005garden,,26,0,1
SHAM,0.08333333333333333,00005garden|320|1|15,319,28,15,,,00005garden,,24,0,2
SHAM,0.038461538461538464,00005garden|320|1|15,319,28,16,,,00005garden,,26,0,1
SHAM,0.07692307692307693,00005garden|320|1|15,319,28,17,,,00005garden,,26,0,2
SHAM,0.07692307692307693,00005garden|320|1|15,319,28,18,,,00005garden,,26,0,2
SHAM,0.07692307692307693,00005garden|320|1|15,319,28,19,,,00005garden,,26,0,2
SHAM,0.08,00005garden|320|1|15,319,28,20,,,00005garden,,25,0,2
C2b-INJECTION,0.07692307692307693,00005garden|320|1|15,319,28,1,,,00005garden,,26,0,2
C2b-INJECTION,0.08,00005garden|320|1|15,319,28,2,,,00005garden,,25,0,2
C2b-INJECTION,0.038461538461538464,00005garden|320|1|15,319,28,3,,,00005garden,,26,0,1
C2b-INJECTION,0.07692307692307693,00005garden|320|1|15,319,28,4,,,00005garden,,26,0,2
C2b-INJECTION,0.037037037037037035,00005garden|320|1|15,319,28,5,,,00005garden,,27,0,1
C2b-INJECTION,0.037037037037037035,00005garden|320|1|15,319,28,6,,,00005garden,,27,0,1
C2b-INJECTION,0.037037037037037035,00005garden|320|1|15,319,28,7,,,00005garden,,27,0,1
C2b-INJECTION,0.038461538461538464,00005garden|320|1|15,319,28,8,,,00005garden,,26,0,1
C2b-INJECTION,0.038461538461538464,00005garden|320|1|15,319,28,9,,,00005garden,,26,0,1
C2b-INJECTION,0.038461538461538464,00005garden|320|1|15,319,28,10,,,00005garden,,26,0,1
C2b-INJECTION,0.038461538461538464,00005garden|320|1|15,319,28,11,,,00005garden,,26,0,1
C2b-INJECTION,0.038461538461538464,00005garden|320|1|15,319,28,12,,,00005garden,,26,0,1
C2b-INJECTION,0.04,00005garden|320|1|15,319,28,13,,,00005garden,,25,0,1
C2b-INJECTION,0.038461538461538464,00005garden|320|1|15,319,28,14,,,00005garden,,26,0,1
C2b-INJECTION,0.08333333333333333,00005garden|320|1|15,319,28,15,,,00005garden,,24,0,2
C2b-INJECTION,0.038461538461538464,00005garden|320|1|15,319,28,16,,,00005garden,,26,0,1
C2b-INJECTION,0.07692307692307693,00005garden|320|1|15,319,28,17,,,00005garden,,26,0,2
C2b-INJECTION,0.07692307692307693,00005garden|320|1|15,319,28,18,,,00005garden,,26,0,2
C2b-INJECTION,0.07692307692307693,00005garden|320|1|15,319,28,19,,,00005garden,,26,0,2
C2b-INJECTION,0.07692307692307693,00005garden|320|1|15,319,28,20,,,00005garden,,26,0,2
_META,,00005garden|320|1|15,319,28,0,omitted_for_runtime,omitted_for_runtime,00005garden,,,0,
SHAM,0.037037037037037035,00005garden|325|1|23,324,22,1,,,00005garden,,27,0,1
SHAM,0.037037037037037035,00005garden|325|1|23,324,22,2,,,00005garden,,27,0,1
SHAM,0.038461538461538464,00005garden|325|1|23,324,22,3,,,00005garden,,26,0,1
SHAM,0.038461538461538464,00005garden|325|1|23,324,22,4,,,00005garden,,26,0,1
SHAM,0.038461538461538464,00005garden|325|1|23,324,22,5,,,00005garden,,26,0,1
SHAM,0.038461538461538464,00005garden|325|1|23,324,22,6,,,00005garden,,26,0,1
SHAM,0.038461538461538464,00005garden|325|1|23,324,22,7,,,00005garden,,26,0,1
SHAM,0.04,00005garden|325|1|23,324,22,8,,,00005garden,,25,0,1
SHAM,0.038461538461538464,00005garden|325|1|23,324,22,9,,,00005garden,,26,0,1
SHAM,0.08333333333333333,00005garden|325|1|23,324,22,10,,,00005garden,,24,0,2
SHAM,0.038461538461538464,00005garden|325|1|23,324,22,11,,,00005garden,,26,0,1
SHAM,0.07692307692307693,00005garden|325|1|23,324,22,12,,,00005garden,,26,0,2
SHAM,0.07692307692307693,00005garden|325|1|23,324,22,13,,,00005garden,,26,0,2
SHAM,0.07692307692307693,00005garden|325|1|23,324,22,14,,,00005garden,,26,0,2
SHAM,0.08,00005garden|325|1|23,324,22,15,,,00005garden,,25,0,2
SHAM,0.07692307692307693,00005garden|325|1|23,324,22,16,,,00005garden,,26,0,2
SHAM,0.07692307692307693,00005garden|325|1|23,324,22,17,,,00005garden,,26,0,2
SHAM,0.07692307692307693,00005garden|325|1|23,324,22,18,,,00005garden,,26,0,2
SHAM,0.08333333333333333,00005garden|325|1|23,324,22,19,,,00005garden,,24,0,2
SHAM,0.038461538461538464,00005garden|325|1|23,324,22,20,,,00005garden,,26,0,1
C2b-INJECTION,0.037037037037037035,00005garden|325|1|23,324,22,1,,,00005garden,,27,0,1
C2b-INJECTION,0.037037037037037035,00005garden|325|1|23,324,22,2,,,00005garden,,27,0,1
C2b-INJECTION,0.038461538461538464,00005garden|325|1|23,324,22,3,,,00005garden,,26,0,1
C2b-INJECTION,0.038461538461538464,00005garden|325|1|23,324,22,4,,,00005garden,,26,0,1
C2b-INJECTION,0.038461538461538464,00005garden|325|1|23,324,22,5,,,00005garden,,26,0,1
C2b-INJECTION,0.038461538461538464,00005garden|325|1|23,324,22,6,,,00005garden,,26,0,1
C2b-INJECTION,0.038461538461538464,00005garden|325|1|23,324,22,7,,,00005garden,,26,0,1
C2b-INJECTION,0.04,00005garden|325|1|23,324,22,8,,,00005garden,,25,0,1
C2b-INJECTION,0.038461538461538464,00005garden|325|1|23,324,22,9,,,00005garden,,26,0,1
C2b-INJECTION,0.08333333333333333,00005garden|325|1|23,324,22,10,,,00005garden,,24,0,2
C2b-INJECTION,0.038461538461538464,00005garden|325|1|23,324,22,11,,,00005garden,,26,0,1
C2b-INJECTION,0.07692307692307693,00005garden|325|1|23,324,22,12,,,00005garden,,26,0,2
C2b-INJECTION,0.07692307692307693,00005garden|325|1|23,324,22,13,,,00005garden,,26,0,2
C2b-INJECTION,0.07692307692307693,00005garden|325|1|23,324,22,14,,,00005garden,,26,0,2
C2b-INJECTION,0.07692307692307693,00005garden|325|1|23,324,22,15,,,00005garden,,26,0,2
C2b-INJECTION,0.07692307692307693,00005garden|325|1|23,324,22,16,,,00005garden,,26,0,2
C2b-INJECTION,0.07692307692307693,00005garden|325|1|23,324,22,17,,,00005garden,,26,0,2
C2b-INJECTION,0.07692307692307693,00005garden|325|1|23,324,22,18,,,00005garden,,26,0,2
C2b-INJECTION,0.08333333333333333,00005garden|325|1|23,324,22,19,,,00005garden,,24,0,2
C2b-INJECTION,0.038461538461538464,00005garden|325|1|23,324,22,20,,,00005garden,,26,0,1
_META,,00005garden|325|1|23,324,22,0,omitted_for_runtime,omitted_for_runtime,00005garden,,,0,
SHAM,0.038461538461538464,00005garden|330|1|4,329,17,1,,,00005garden,,26,0,1
SHAM,0.038461538461538464,00005garden|330|1|4,329,17,2,,,00005garden,,26,0,1
SHAM,0.04,00005garden|330|1|4,329,17,3,,,00005garden,,25,0,1
SHAM,0.038461538461538464,00005garden|330|1|4,329,17,4,,,00005garden,,26,0,1
SHAM,0.08333333333333333,00005garden|330|1|4,329,17,5,,,00005garden,,24,0,2
SHAM,0.038461538461538464,00005garden|330|1|4,329,17,6,,,00005garden,,26,0,1
SHAM,0.07692307692307693,00005garden|330|1|4,329,17,7,,,00005garden,,26,0,2
SHAM,0.07692307692307693,00005garden|330|1|4,329,17,8,,,00005garden,,26,0,2
SHAM,0.07692307692307693,00005garden|330|1|4,329,17,9,,,00005garden,,26,0,2
SHAM,0.08,00005garden|330|1|4,329,17,10,,,00005garden,,25,0,2
SHAM,0.07692307692307693,00005garden|330|1|4,329,17,11,,,00005garden,,26,0,2
SHAM,0.07692307692307693,00005garden|330|1|4,329,17,12,,,00005garden,,26,0,2
SHAM,0.07692307692307693,00005garden|330|1|4,329,17,13,,,00005garden,,26,0,2
SHAM,0.08333333333333333,00005garden|330|1|4,329,17,14,,,00005garden,,24,0,2
SHAM,0.038461538461538464,00005garden|330|1|4,329,17,15,,,00005garden,,26,0,1
SHAM,0.04,00005garden|330|1|4,329,17,16,,,00005garden,,25,0,1
SHAM,0.038461538461538464,00005garden|330|1|4,329,17,17,,,00005garden,,26,0,1
SHAM,0.04,00005garden|330|1|4,329,17,18,,,00005garden,,25,0,1
SHAM,0.0,00005garden|330|1|4,329,17,19,,,00005garden,,24,0,0
SHAM,0.04,00005garden|330|1|4,329,17,20,,,00005garden,,25,0,1
C2b-INJECTION,0.038461538461538464,00005garden|330|1|4,329,17,1,,,00005garden,,26,0,1
C2b-INJECTION,0.038461538461538464,00005garden|330|1|4,329,17,2,,,00005garden,,26,0,1
C2b-INJECTION,0.04,00005garden|330|1|4,329,17,3,,,00005garden,,25,0,1
C2b-INJECTION,0.038461538461538464,00005garden|330|1|4,329,17,4,,,00005garden,,26,0,1
C2b-INJECTION,0.08333333333333333,00005garden|330|1|4,329,17,5,,,00005garden,,24,0,2
C2b-INJECTION,0.038461538461538464,00005garden|330|1|4,329,17,6,,,00005garden,,26,0,1
C2b-INJECTION,0.07692307692307693,00005garden|330|1|4,329,17,7,,,00005garden,,26,0,2
C2b-INJECTION,0.07692307692307693,00005garden|330|1|4,329,17,8,,,00005garden,,26,0,2
C2b-INJECTION,0.07692307692307693,00005garden|330|1|4,329,17,9,,,00005garden,,26,0,2
C2b-INJECTION,0.08,00005garden|330|1|4,329,17,10,,,00005garden,,25,0,2
C2b-INJECTION,0.07692307692307693,00005garden|330|1|4,329,17,11,,,00005garden,,26,0,2
C2b-INJECTION,0.07692307692307693,00005garden|330|1|4,329,17,12,,,00005garden,,26,0,2
C2b-INJECTION,0.07692307692307693,00005garden|330|1|4,329,17,13,,,00005garden,,26,0,2
C2b-INJECTION,0.08333333333333333,00005garden|330|1|4,329,17,14,,,00005garden,,24,0,2
C2b-INJECTION,0.038461538461538464,00005garden|330|1|4,329,17,15,,,00005garden,,26,0,1
C2b-INJECTION,0.04,00005garden|330|1|4,329,17,16,,,00005garden,,25,0,1
C2b-INJECTION,0.038461538461538464,00005garden|330|1|4,329,17,17,,,00005garden,,26,0,1
C2b-INJECTION,0.04,00005garden|330|1|4,329,17,18,,,00005garden,,25,0,1
C2b-INJECTION,0.0,00005garden|330|1|4,329,17,19,,,00005garden,,24,0,0
C2b-INJECTION,0.04,00005garden|330|1|4,329,17,20,,,00005garden,,25,0,1
_META,,00005garden|330|1|4,329,17,0,omitted_for_runtime,omitted_for_runtime,00005garden,,,0,
SHAM,0.04,00005garden|332|1|12,331,13,1,,,00005garden,,25,0,1
SHAM,0.038461538461538464,00005garden|332|1|12,331,13,2,,,00005garden,,26,0,1
SHAM,0.08333333333333333,00005garden|332|1|12,331,13,3,,,00005garden,,24,0,2
SHAM,0.038461538461538464,00005garden|332|1|12,331,13,4,,,00005garden,,26,0,1
SHAM,0.07692307692307693,00005garden|332|1|12,331,13,5,,,00005garden,,26,0,2
SHAM,0.07692307692307693,00005garden|332|1|12,331,13,6,,,00005garden,,26,0,2
SHAM,0.07692307692307693,00005garden|332|1|12,331,13,7,,,00005garden,,26,0,2
SHAM,0.08,00005garden|332|1|12,331,13,8,,,00005garden,,25,0,2
SHAM,0.07692307692307693,00005garden|332|1|12,331,13,9,,,00005garden,,26,0,2
SHAM,0.07692307692307693,00005garden|332|1|12,331,13,10,,,00005garden,,26,0,2
SHAM,0.07692307692307693,00005garden|332|1|12,331,13,11,,,00005garden,,26,0,2
SHAM,0.08333333333333333,00005garden|332|1|12,331,13,12,,,00005garden,,24,0,2
SHAM,0.038461538461538464,00005garden|332|1|12,331,13,13,,,00005garden,,26,0,1
SHAM,0.04,00005garden|332|1|12,331,13,14,,,00005garden,,25,0,1
SHAM,0.038461538461538464,00005garden|332|1|12,331,13,15,,,00005garden,,26,0,1
SHAM,0.04,00005garden|332|1|12,331,13,16,,,00005garden,,25,0,1
SHAM,0.0,00005garden|332|1|12,331,13,17,,,00005garden,,24,0,0
SHAM,0.04,00005garden|332|1|12,331,13,18,,,00005garden,,25,0,1
SHAM,0.04,00005garden|332|1|12,331,13,19,,,00005garden,,25,0,1
SHAM,0.041666666666666664,00005garden|332|1|12,331,13,20,,,00005garden,,24,0,1
C2b-INJECTION,0.04,00005garden|332|1|12,331,13,1,,,00005garden,,25,0,1
C2b-INJECTION,0.038461538461538464,00005garden|332|1|12,331,13,2,,,00005garden,,26,0,1
C2b-INJECTION,0.08333333333333333,00005garden|332|1|12,331,13,3,,,00005garden,,24,0,2
C2b-INJECTION,0.038461538461538464,00005garden|332|1|12,331,13,4,,,00005garden,,26,0,1
C2b-INJECTION,0.07692307692307693,00005garden|332|1|12,331,13,5,,,00005garden,,26,0,2
C2b-INJECTION,0.07692307692307693,00005garden|332|1|12,331,13,6,,,00005garden,,26,0,2
C2b-INJECTION,0.07692307692307693,00005garden|332|1|12,331,13,7,,,00005garden,,26,0,2
C2b-INJECTION,0.08,00005garden|332|1|12,331,13,8,,,00005garden,,25,0,2
C2b-INJECTION,0.07692307692307693,00005garden|332|1|12,331,13,9,,,00005garden,,26,0,2
C2b-INJECTION,0.07692307692307693,00005garden|332|1|12,331,13,10,,,00005garden,,26,0,2
C2b-INJECTION,0.07692307692307693,00005garden|332|1|12,331,13,11,,,00005garden,,26,0,2
C2b-INJECTION,0.08333333333333333,00005garden|332|1|12,331,13,12,,,00005garden,,24,0,2
C2b-INJECTION,0.038461538461538464,00005garden|332|1|12,331,13,13,,,00005garden,,26,0,1
C2b-INJECTION,0.04,00005garden|332|1|12,331,13,14,,,00005garden,,25,0,1
C2b-INJECTION,0.038461538461538464,00005garden|332|1|12,331,13,15,,,00005garden,,26,0,1
C2b-INJECTION,0.04,00005garden|332|1|12,331,13,16,,,00005garden,,25,0,1
C2b-INJECTION,0.0,00005garden|332|1|12,331,13,17,,,00005garden,,24,0,0
C2b-INJECTION,0.04,00005garden|332|1|12,331,13,18,,,00005garden,,25,0,1
C2b-INJECTION,0.04,00005garden|332|1|12,331,13,19,,,00005garden,,25,0,1
C2b-INJECTION,0.041666666666666664,00005garden|332|1|12,331,13,20,,,00005garden,,24,0,1
_META,,00005garden|332|1|12,331,13,0,omitted_for_runtime,omitted_for_runtime,00005garden,,,0,
SHAM,0.08333333333333333,00005garden|334|1|17,333,21,1,,,00005garden,,24,0,2
SHAM,0.038461538461538464,00005garden|334|1|17,333,21,2,,,00005garden,,26,0,1
SHAM,0.07692307692307693,00005garden|334|1|17,333,21,3,,,00005garden,,26,0,2
SHAM,0.07692307692307693,00005garden|334|1|17,333,21,4,,,00005garden,,26,0,2
SHAM,0.07692307692307693,00005garden|334|1|17,333,21,5,,,00005garden,,26,0,2
SHAM,0.08,00005garden|334|1|17,333,21,6,,,00005garden,,25,0,2
SHAM,0.07692307692307693,00005garden|334|1|17,333,21,7,,,00005garden,,26,0,2
SHAM,0.07692307692307693,00005garden|334|1|17,333,21,8,,,00005garden,,26,0,2
SHAM,0.07692307692307693,00005garden|334|1|17,333,21,9,,,00005garden,,26,0,2
SHAM,0.08333333333333333,00005garden|334|1|17,333,21,10,,,00005garden,,24,0,2
SHAM,0.038461538461538464,00005garden|334|1|17,333,21,11,,,00005garden,,26,0,1
SHAM,0.04,00005garden|334|1|17,333,21,12,,,00005garden,,25,0,1
SHAM,0.038461538461538464,00005garden|334|1|17,333,21,13,,,00005garden,,26,0,1
SHAM,0.04,00005garden|334|1|17,333,21,14,,,00005garden,,25,0,1
SHAM,0.0,00005garden|334|1|17,333,21,15,,,00005garden,,24,0,0
SHAM,0.04,00005garden|334|1|17,333,21,16,,,00005garden,,25,0,1
SHAM,0.04,00005garden|334|1|17,333,21,17,,,00005garden,,25,0,1
SHAM,0.041666666666666664,00005garden|334|1|17,333,21,18,,,00005garden,,24,0,1
SHAM,0.04,00005garden|334|1|17,333,21,19,,,00005garden,,25,0,1
SHAM,0.041666666666666664,00005garden|334|1|17,333,21,20,,,00005garden,,24,0,1
C2b-INJECTION,0.08333333333333333,00005garden|334|1|17,333,21,1,,,00005garden,,24,0,2
C2b-INJECTION,0.038461538461538464,00005garden|334|1|17,333,21,2,,,00005garden,,26,0,1
C2b-INJECTION,0.07692307692307693,00005garden|334|1|17,333,21,3,,,00005garden,,26,0,2
C2b-INJECTION,0.07692307692307693,00005garden|334|1|17,333,21,4,,,00005garden,,26,0,2
C2b-INJECTION,0.07692307692307693,00005garden|334|1|17,333,21,5,,,00005garden,,26,0,2
C2b-INJECTION,0.08,00005garden|334|1|17,333,21,6,,,00005garden,,25,0,2
C2b-INJECTION,0.07692307692307693,00005garden|334|1|17,333,21,7,,,00005garden,,26,0,2
C2b-INJECTION,0.07692307692307693,00005garden|334|1|17,333,21,8,,,00005garden,,26,0,2
C2b-INJECTION,0.07692307692307693,00005garden|334|1|17,333,21,9,,,00005garden,,26,0,2
C2b-INJECTION,0.08333333333333333,00005garden|334|1|17,333,21,10,,,00005garden,,24,0,2
C2b-INJECTION,0.038461538461538464,00005garden|334|1|17,333,21,11,,,00005garden,,26,0,1
C2b-INJECTION,0.04,00005garden|334|1|17,333,21,12,,,00005garden,,25,0,1
C2b-INJECTION,0.038461538461538464,00005garden|334|1|17,333,21,13,,,00005garden,,26,0,1
C2b-INJECTION,0.04,00005garden|334|1|17,333,21,14,,,00005garden,,25,0,1
C2b-INJECTION,0.0,00005garden|334|1|17,333,21,15,,,00005garden,,24,0,0
C2b-INJECTION,0.04,00005garden|334|1|17,333,21,16,,,00005garden,,25,0,1
C2b-INJECTION,0.04,00005garden|334|1|17,333,21,17,,,00005garden,,25,0,1
C2b-INJECTION,0.041666666666666664,00005garden|334|1|17,333,21,18,,,00005garden,,24,0,1
C2b-INJECTION,0.04,00005garden|334|1|17,333,21,19,,,00005garden,,25,0,1
C2b-INJECTION,0.041666666666666664,00005garden|334|1|17,333,21,20,,,00005garden,,24,0,1
_META,,00005garden|334|1|17,333,21,0,omitted_for_runtime,omitted_for_runtime,00005garden,,,0,
SHAM,0.04,00005garden|361|1|12,360,28,1,,,00005garden,,25,0,1
SHAM,0.04,00005garden|361|1|12,360,28,2,,,00005garden,,25,0,1
SHAM,0.04,00005garden|361|1|12,360,28,3,,,00005garden,,25,0,1
SHAM,0.038461538461538464,00005garden|361|1|12,360,28,4,,,00005garden,,26,0,1
SHAM,0.038461538461538464,00005garden|361|1|12,360,28,5,,,00005garden,,26,0,1
SHAM,0.11538461538461539,00005garden|361|1|12,360,28,6,,,00005garden,,26,0,3
SHAM,0.04,00005garden|361|1|12,360,28,7,,,00005garden,,25,0,1
SHAM,0.11538461538461539,00005garden|361|1|12,360,28,8,,,00005garden,,26,0,3
SHAM,0.11538461538461539,00005garden|361|1|12,360,28,9,,,00005garden,,26,0,3
SHAM,0.08,00005garden|361|1|12,360,28,10,,,00005garden,,25,0,2
SHAM,0.15384615384615385,00005garden|361|1|12,360,28,11,,,00005garden,,26,0,4
SHAM,0.08,00005garden|361|1|12,360,28,12,,,00005garden,,25,0,2
SHAM,0.08,00005garden|361|1|12,360,28,13,,,00005garden,,25,0,2
SHAM,0.08333333333333333,00005garden|361|1|12,360,28,14,,,00005garden,,24,0,2
SHAM,0.07407407407407407,00005garden|361|1|12,360,28,15,,,00005garden,,27,0,2
SHAM,0.07692307692307693,00005garden|361|1|12,360,28,16,,,00005garden,,26,0,2
SHAM,0.041666666666666664,00005garden|361|1|12,360,28,17,,,00005garden,,24,0,1
SHAM,0.041666666666666664,00005garden|361|1|12,360,28,18,,,00005garden,,24,0,1
SHAM,0.037037037037037035,00005garden|361|1|12,360,28,19,,,00005garden,,27,0,1
SHAM,0.07692307692307693,00005garden|361|1|12,360,28,20,,,00005garden,,26,0,2
C2b-INJECTION,0.04,00005garden|361|1|12,360,28,1,,,00005garden,,25,0,1
C2b-INJECTION,0.04,00005garden|361|1|12,360,28,2,,,00005garden,,25,0,1
C2b-INJECTION,0.04,00005garden|361|1|12,360,28,3,,,00005garden,,25,0,1
C2b-INJECTION,0.038461538461538464,00005garden|361|1|12,360,28,4,,,00005garden,,26,0,1
C2b-INJECTION,0.038461538461538464,00005garden|361|1|12,360,28,5,,,00005garden,,26,0,1
C2b-INJECTION,0.11538461538461539,00005garden|361|1|12,360,28,6,,,00005garden,,26,0,3
C2b-INJECTION,0.04,00005garden|361|1|12,360,28,7,,,00005garden,,25,0,1
C2b-INJECTION,0.11538461538461539,00005garden|361|1|12,360,28,8,,,00005garden,,26,0,3
C2b-INJECTION,0.11538461538461539,00005garden|361|1|12,360,28,9,,,00005garden,,26,0,3
C2b-INJECTION,0.08,00005garden|361|1|12,360,28,10,,,00005garden,,25,0,2
C2b-INJECTION,0.15384615384615385,00005garden|361|1|12,360,28,11,,,00005garden,,26,0,4
C2b-INJECTION,0.08,00005garden|361|1|12,360,28,12,,,00005garden,,25,0,2
C2b-INJECTION,0.08,00005garden|361|1|12,360,28,13,,,00005garden,,25,0,2
C2b-INJECTION,0.08333333333333333,00005garden|361|1|12,360,28,14,,,00005garden,,24,0,2
C2b-INJECTION,0.07407407407407407,00005garden|361|1|12,360,28,15,,,00005garden,,27,0,2
C2b-INJECTION,0.07692307692307693,00005garden|361|1|12,360,28,16,,,00005garden,,26,0,2
C2b-INJECTION,0.041666666666666664,00005garden|361|1|12,360,28,17,,,00005garden,,24,0,1
C2b-INJECTION,0.041666666666666664,00005garden|361|1|12,360,28,18,,,00005garden,,24,0,1
C2b-INJECTION,0.037037037037037035,00005garden|361|1|12,360,28,19,,,00005garden,,27,0,1
C2b-INJECTION,0.07692307692307693,00005garden|361|1|12,360,28,20,,,00005garden,,26,0,2
_META,,00005garden|361|1|12,360,28,0,omitted_for_runtime,omitted_for_runtime,00005garden,,,0,
SHAM,0.04,00005garden|361|1|19,360,15,1,,,00005garden,,25,0,1
SHAM,0.04,00005garden|361|1|19,360,15,2,,,00005garden,,25,0,1
SHAM,0.04,00005garden|361|1|19,360,15,3,,,00005garden,,25,0,1
SHAM,0.038461538461538464,00005garden|361|1|19,360,15,4,,,00005garden,,26,0,1
SHAM,0.038461538461538464,00005garden|361|1|19,360,15,5,,,00005garden,,26,0,1
SHAM,0.11538461538461539,00005garden|361|1|19,360,15,6,,,00005garden,,26,0,3
SHAM,0.04,00005garden|361|1|19,360,15,7,,,00005garden,,25,0,1
SHAM,0.11538461538461539,00005garden|361|1|19,360,15,8,,,00005garden,,26,0,3
SHAM,0.11538461538461539,00005garden|361|1|19,360,15,9,,,00005garden,,26,0,3
SHAM,0.08,00005garden|361|1|19,360,15,10,,,00005garden,,25,0,2
SHAM,0.15384615384615385,00005garden|361|1|19,360,15,11,,,00005garden,,26,0,4
SHAM,0.08,00005garden|361|1|19,360,15,12,,,00005garden,,25,0,2
SHAM,0.08,00005garden|361|1|19,360,15,13,,,00005garden,,25,0,2
SHAM,0.08333333333333333,00005garden|361|1|19,360,15,14,,,00005garden,,24,0,2
SHAM,0.07407407407407407,00005garden|361|1|19,360,15,15,,,00005garden,,27,0,2
SHAM,0.07692307692307693,00005garden|361|1|19,360,15,16,,,00005garden,,26,0,2
SHAM,0.041666666666666664,00005garden|361|1|19,360,15,17,,,00005garden,,24,0,1
SHAM,0.041666666666666664,00005garden|361|1|19,360,15,18,,,00005garden,,24,0,1
SHAM,0.037037037037037035,00005garden|361|1|19,360,15,19,,,00005garden,,27,0,1
SHAM,0.07692307692307693,00005garden|361|1|19,360,15,20,,,00005garden,,26,0,2
C2b-INJECTION,0.04,00005garden|361|1|19,360,15,1,,,00005garden,,25,0,1
C2b-INJECTION,0.04,00005garden|361|1|19,360,15,2,,,00005garden,,25,0,1
C2b-INJECTION,0.04,00005garden|361|1|19,360,15,3,,,00005garden,,25,0,1
C2b-INJECTION,0.038461538461538464,00005garden|361|1|19,360,15,4,,,00005garden,,26,0,1
C2b-INJECTION,0.038461538461538464,00005garden|361|1|19,360,15,5,,,00005garden,,26,0,1
C2b-INJECTION,0.11538461538461539,00005garden|361|1|19,360,15,6,,,00005garden,,26,0,3
C2b-INJECTION,0.04,00005garden|361|1|19,360,15,7,,,00005garden,,25,0,1
C2b-INJECTION,0.11538461538461539,00005garden|361|1|19,360,15,8,,,00005garden,,26,0,3
C2b-INJECTION,0.11538461538461539,00005garden|361|1|19,360,15,9,,,00005garden,,26,0,3
C2b-INJECTION,0.08,00005garden|361|1|19,360,15,10,,,00005garden,,25,0,2
C2b-INJECTION,0.15384615384615385,00005garden|361|1|19,360,15,11,,,00005garden,,26,0,4
C2b-INJECTION,0.08,00005garden|361|1|19,360,15,12,,,00005garden,,25,0,2
C2b-INJECTION,0.08,00005garden|361|1|19,360,15,13,,,00005garden,,25,0,2
C2b-INJECTION,0.08333333333333333,00005garden|361|1|19,360,15,14,,,00005garden,,24,0,2
C2b-INJECTION,0.07407407407407407,00005garden|361|1|19,360,15,15,,,00005garden,,27,0,2
C2b-INJECTION,0.07692307692307693,00005garden|361|1|19,360,15,16,,,00005garden,,26,0,2
C2b-INJECTION,0.041666666666666664,00005garden|361|1|19,360,15,17,,,00005garden,,24,0,1
C2b-INJECTION,0.041666666666666664,00005garden|361|1|19,360,15,18,,,00005garden,,24,0,1
C2b-INJECTION,0.037037037037037035,00005garden|361|1|19,360,15,19,,,00005garden,,27,0,1
C2b-INJECTION,0.07692307692307693,00005garden|361|1|19,360,15,20,,,00005garden,,26,0,2
_META,,00005garden|361|1|19,360,15,0,omitted_for_runtime,omitted_for_runtime,00005garden,,,0,
SHAM,0.15384615384615385,00005garden|371|1|10,370,6,1,,,00005garden,,26,0,4
SHAM,0.08,00005garden|371|1|10,370,6,2,,,00005garden,,25,0,2
SHAM,0.08,00005garden|371|1|10,370,6,3,,,00005garden,,25,0,2
SHAM,0.08333333333333333,00005garden|371|1|10,370,6,4,,,00005garden,,24,0,2
SHAM,0.07407407407407407,00005garden|371|1|10,370,6,5,,,00005garden,,27,0,2
SHAM,0.07692307692307693,00005garden|371|1|10,370,6,6,,,00005garden,,26,0,2
SHAM,0.041666666666666664,00005garden|371|1|10,370,6,7,,,00005garden,,24,0,1
SHAM,0.041666666666666664,00005garden|371|1|10,370,6,8,,,00005garden,,24,0,1
SHAM,0.037037037037037035,00005garden|371|1|10,370,6,9,,,00005garden,,27,0,1
SHAM,0.07692307692307693,00005garden|371|1|10,370,6,10,,,00005garden,,26,0,2
SHAM,0.038461538461538464,00005garden|371|1|10,370,6,11,,,00005garden,,26,0,1
SHAM,0.07407407407407407,00005garden|371|1|10,370,6,12,,,00005garden,,27,0,2
SHAM,0.07407407407407407,00005garden|371|1|10,370,6,13,,,00005garden,,27,0,2
SHAM,0.038461538461538464,00005garden|371|1|10,370,6,14,,,00005garden,,26,0,1
SHAM,0.07407407407407407,00005garden|371|1|10,370,6,15,,,00005garden,,27,0,2
SHAM,0.07407407407407407,00005garden|371|1|10,370,6,16,,,00005garden,,27,0,2
SHAM,0.08,00005garden|371|1|10,370,6,17,,,00005garden,,25,0,2
SHAM,0.07692307692307693,00005garden|371|1|10,370,6,18,,,00005garden,,26,0,2
SHAM,0.037037037037037035,00005garden|371|1|10,370,6,19,,,00005garden,,27,0,1
SHAM,0.038461538461538464,00005garden|371|1|10,370,6,20,,,00005garden,,26,0,1
C2b-INJECTION,0.15384615384615385,00005garden|371|1|10,370,6,1,,,00005garden,,26,0,4
C2b-INJECTION,0.08,00005garden|371|1|10,370,6,2,,,00005garden,,25,0,2
C2b-INJECTION,0.08,00005garden|371|1|10,370,6,3,,,00005garden,,25,0,2
C2b-INJECTION,0.08333333333333333,00005garden|371|1|10,370,6,4,,,00005garden,,24,0,2
C2b-INJECTION,0.07407407407407407,00005garden|371|1|10,370,6,5,,,00005garden,,27,0,2
C2b-INJECTION,0.07692307692307693,00005garden|371|1|10,370,6,6,,,00005garden,,26,0,2
C2b-INJECTION,0.041666666666666664,00005garden|371|1|10,370,6,7,,,00005garden,,24,0,1
C2b-INJECTION,0.041666666666666664,00005garden|371|1|10,370,6,8,,,00005garden,,24,0,1
C2b-INJECTION,0.037037037037037035,00005garden|371|1|10,370,6,9,,,00005garden,,27,0,1
C2b-INJECTION,0.07692307692307693,00005garden|371|1|10,370,6,10,,,00005garden,,26,0,2
C2b-INJECTION,0.038461538461538464,00005garden|371|1|10,370,6,11,,,00005garden,,26,0,1
C2b-INJECTION,0.07407407407407407,00005garden|371|1|10,370,6,12,,,00005garden,,27,0,2
C2b-INJECTION,0.07407407407407407,00005garden|371|1|10,370,6,13,,,00005garden,,27,0,2
C2b-INJECTION,0.038461538461538464,00005garden|371|1|10,370,6,14,,,00005garden,,26,0,1
C2b-INJECTION,0.07407407407407407,00005garden|371|1|10,370,6,15,,,00005garden,,27,0,2
C2b-INJECTION,0.07407407407407407,00005garden|371|1|10,370,6,16,,,00005garden,,27,0,2
C2b-INJECTION,0.08,00005garden|371|1|10,370,6,17,,,00005garden,,25,0,2
C2b-INJECTION,0.07692307692307693,00005garden|371|1|10,370,6,18,,,00005garden,,26,0,2
C2b-INJECTION,0.037037037037037035,00005garden|371|1|10,370,6,19,,,00005garden,,27,0,1
C2b-INJECTION,0.038461538461538464,00005garden|371|1|10,370,6,20,,,00005garden,,26,0,1
_META,,00005garden|371|1|10,370,6,0,omitted_for_runtime,omitted_for_runtime,00005garden,,,0,
SHAM,0.15384615384615385,00005garden|371|1|11,370,7,1,,,00005garden,,26,0,4
SHAM,0.08,00005garden|371|1|11,370,7,2,,,00005garden,,25,0,2
SHAM,0.08,00005garden|371|1|11,370,7,3,,,00005garden,,25,0,2
SHAM,0.08333333333333333,00005garden|371|1|11,370,7,4,,,00005garden,,24,0,2
SHAM,0.07407407407407407,00005garden|371|1|11,370,7,5,,,00005garden,,27,0,2
SHAM,0.07692307692307693,00005garden|371|1|11,370,7,6,,,00005garden,,26,0,2
SHAM,0.041666666666666664,00005garden|371|1|11,370,7,7,,,00005garden,,24,0,1
SHAM,0.041666666666666664,00005garden|371|1|11,370,7,8,,,00005garden,,24,0,1
SHAM,0.037037037037037035,00005garden|371|1|11,370,7,9,,,00005garden,,27,0,1
SHAM,0.07692307692307693,00005garden|371|1|11,370,7,10,,,00005garden,,26,0,2
SHAM,0.038461538461538464,00005garden|371|1|11,370,7,11,,,00005garden,,26,0,1
SHAM,0.07407407407407407,00005garden|371|1|11,370,7,12,,,00005garden,,27,0,2
SHAM,0.07407407407407407,00005garden|371|1|11,370,7,13,,,00005garden,,27,0,2
SHAM,0.038461538461538464,00005garden|371|1|11,370,7,14,,,00005garden,,26,0,1
SHAM,0.07407407407407407,00005garden|371|1|11,370,7,15,,,00005garden,,27,0,2
SHAM,0.07407407407407407,00005garden|371|1|11,370,7,16,,,00005garden,,27,0,2
SHAM,0.08,00005garden|371|1|11,370,7,17,,,00005garden,,25,0,2
SHAM,0.07692307692307693,00005garden|371|1|11,370,7,18,,,00005garden,,26,0,2
SHAM,0.037037037037037035,00005garden|371|1|11,370,7,19,,,00005garden,,27,0,1
SHAM,0.038461538461538464,00005garden|371|1|11,370,7,20,,,00005garden,,26,0,1
C2b-INJECTION,0.15384615384615385,00005garden|371|1|11,370,7,1,,,00005garden,,26,0,4
C2b-INJECTION,0.08,00005garden|371|1|11,370,7,2,,,00005garden,,25,0,2
C2b-INJECTION,0.08,00005garden|371|1|11,370,7,3,,,00005garden,,25,0,2
C2b-INJECTION,0.07692307692307693,00005garden|371|1|11,370,7,4,,,00005garden,,26,0,2
C2b-INJECTION,0.07407407407407407,00005garden|371|1|11,370,7,5,,,00005garden,,27,0,2
C2b-INJECTION,0.07692307692307693,00005garden|371|1|11,370,7,6,,,00005garden,,26,0,2
C2b-INJECTION,0.041666666666666664,00005garden|371|1|11,370,7,7,,,00005garden,,24,0,1
C2b-INJECTION,0.04,00005garden|371|1|11,370,7,8,,,00005garden,,25,0,1
C2b-INJECTION,0.07692307692307693,00005garden|371|1|11,370,7,9,,,00005garden,,26,0,2
C2b-INJECTION,0.07407407407407407,00005garden|371|1|11,370,7,10,,,00005garden,,27,0,2
C2b-INJECTION,0.038461538461538464,00005garden|371|1|11,370,7,11,,,00005garden,,26,0,1
C2b-INJECTION,0.07142857142857142,00005garden|371|1|11,370,7,12,,,00005garden,,28,0,2
C2b-INJECTION,0.07142857142857142,00005garden|371|1|11,370,7,13,,,00005garden,,28,0,2
C2b-INJECTION,0.038461538461538464,00005garden|371|1|11,370,7,14,,,00005garden,,26,0,1
C2b-INJECTION,0.07407407407407407,00005garden|371|1|11,370,7,15,,,00005garden,,27,0,2
C2b-INJECTION,0.07407407407407407,00005garden|371|1|11,370,7,16,,,00005garden,,27,0,2
C2b-INJECTION,0.08,00005garden|371|1|11,370,7,17,,,00005garden,,25,0,2
C2b-INJECTION,0.07692307692307693,00005garden|371|1|11,370,7,18,,,00005garden,,26,0,2
C2b-INJECTION,0.037037037037037035,00005garden|371|1|11,370,7,19,,,00005garden,,27,0,1
C2b-INJECTION,0.038461538461538464,00005garden|371|1|11,370,7,20,,,00005garden,,26,0,1
_META,,00005garden|371|1|11,370,7,0,omitted_for_runtime,omitted_for_runtime,00005garden,,,0,
SHAM,0.15384615384615385,00005garden|371|1|12,370,9,1,,,00005garden,,26,0,4
SHAM,0.08,00005garden|371|1|12,370,9,2,,,00005garden,,25,0,2
SHAM,0.08,00005garden|371|1|12,370,9,3,,,00005garden,,25,0,2
SHAM,0.08333333333333333,00005garden|371|1|12,370,9,4,,,00005garden,,24,0,2
SHAM,0.07407407407407407,00005garden|371|1|12,370,9,5,,,00005garden,,27,0,2
SHAM,0.07692307692307693,00005garden|371|1|12,370,9,6,,,00005garden,,26,0,2
SHAM,0.041666666666666664,00005garden|371|1|12,370,9,7,,,00005garden,,24,0,1
SHAM,0.041666666666666664,00005garden|371|1|12,370,9,8,,,00005garden,,24,0,1
SHAM,0.037037037037037035,00005garden|371|1|12,370,9,9,,,00005garden,,27,0,1
SHAM,0.07692307692307693,00005garden|371|1|12,370,9,10,,,00005garden,,26,0,2
SHAM,0.038461538461538464,00005garden|371|1|12,370,9,11,,,00005garden,,26,0,1
SHAM,0.07407407407407407,00005garden|371|1|12,370,9,12,,,00005garden,,27,0,2
SHAM,0.07407407407407407,00005garden|371|1|12,370,9,13,,,00005garden,,27,0,2
SHAM,0.038461538461538464,00005garden|371|1|12,370,9,14,,,00005garden,,26,0,1
SHAM,0.07407407407407407,00005garden|371|1|12,370,9,15,,,00005garden,,27,0,2
SHAM,0.07407407407407407,00005garden|371|1|12,370,9,16,,,00005garden,,27,0,2
SHAM,0.08,00005garden|371|1|12,370,9,17,,,00005garden,,25,0,2
SHAM,0.07692307692307693,00005garden|371|1|12,370,9,18,,,00005garden,,26,0,2
SHAM,0.037037037037037035,00005garden|371|1|12,370,9,19,,,00005garden,,27,0,1
SHAM,0.038461538461538464,00005garden|371|1|12,370,9,20,,,00005garden,,26,0,1
C2b-INJECTION,0.15384615384615385,00005garden|371|1|12,370,9,1,,,00005garden,,26,0,4
C2b-INJECTION,0.08,00005garden|371|1|12,370,9,2,,,00005garden,,25,0,2
C2b-INJECTION,0.08,00005garden|371|1|12,370,9,3,,,00005garden,,25,0,2
C2b-INJECTION,0.08333333333333333,00005garden|371|1|12,370,9,4,,,00005garden,,24,0,2
C2b-INJECTION,0.07407407407407407,00005garden|371|1|12,370,9,5,,,00005garden,,27,0,2
C2b-INJECTION,0.07692307692307693,00005garden|371|1|12,370,9,6,,,00005garden,,26,0,2
C2b-INJECTION,0.041666666666666664,00005garden|371|1|12,370,9,7,,,00005garden,,24,0,1
C2b-INJECTION,0.041666666666666664,00005garden|371|1|12,370,9,8,,,00005garden,,24,0,1
C2b-INJECTION,0.037037037037037035,00005garden|371|1|12,370,9,9,,,00005garden,,27,0,1
C2b-INJECTION,0.07692307692307693,00005garden|371|1|12,370,9,10,,,00005garden,,26,0,2
C2b-INJECTION,0.038461538461538464,00005garden|371|1|12,370,9,11,,,00005garden,,26,0,1
C2b-INJECTION,0.07407407407407407,00005garden|371|1|12,370,9,12,,,00005garden,,27,0,2
C2b-INJECTION,0.07407407407407407,00005garden|371|1|12,370,9,13,,,00005garden,,27,0,2
C2b-INJECTION,0.038461538461538464,00005garden|371|1|12,370,9,14,,,00005garden,,26,0,1
C2b-INJECTION,0.07407407407407407,00005garden|371|1|12,370,9,15,,,00005garden,,27,0,2
C2b-INJECTION,0.07407407407407407,00005garden|371|1|12,370,9,16,,,00005garden,,27,0,2
C2b-INJECTION,0.08,00005garden|371|1|12,370,9,17,,,00005garden,,25,0,2
C2b-INJECTION,0.07692307692307693,00005garden|371|1|12,370,9,18,,,00005garden,,26,0,2
C2b-INJECTION,0.037037037037037035,00005garden|371|1|12,370,9,19,,,00005garden,,27,0,1
C2b-INJECTION,0.038461538461538464,00005garden|371|1|12,370,9,20,,,00005garden,,26,0,1
_META,,00005garden|371|1|12,370,9,0,omitted_for_runtime,omitted_for_runtime,00005garden,,,0,
SHAM,0.15384615384615385,00005garden|371|1|3,370,17,1,,,00005garden,,26,0,4
SHAM,0.08,00005garden|371|1|3,370,17,2,,,00005garden,,25,0,2
SHAM,0.08,00005garden|371|1|3,370,17,3,,,00005garden,,25,0,2
SHAM,0.08333333333333333,00005garden|371|1|3,370,17,4,,,00005garden,,24,0,2
SHAM,0.07407407407407407,00005garden|371|1|3,370,17,5,,,00005garden,,27,0,2
SHAM,0.07692307692307693,00005garden|371|1|3,370,17,6,,,00005garden,,26,0,2
SHAM,0.041666666666666664,00005garden|371|1|3,370,17,7,,,00005garden,,24,0,1
SHAM,0.041666666666666664,00005garden|371|1|3,370,17,8,,,00005garden,,24,0,1
SHAM,0.037037037037037035,00005garden|371|1|3,370,17,9,,,00005garden,,27,0,1
SHAM,0.07692307692307693,00005garden|371|1|3,370,17,10,,,00005garden,,26,0,2
SHAM,0.038461538461538464,00005garden|371|1|3,370,17,11,,,00005garden,,26,0,1
SHAM,0.07407407407407407,00005garden|371|1|3,370,17,12,,,00005garden,,27,0,2
SHAM,0.07407407407407407,00005garden|371|1|3,370,17,13,,,00005garden,,27,0,2
SHAM,0.038461538461538464,00005garden|371|1|3,370,17,14,,,00005garden,,26,0,1
SHAM,0.07407407407407407,00005garden|371|1|3,370,17,15,,,00005garden,,27,0,2
SHAM,0.07407407407407407,00005garden|371|1|3,370,17,16,,,00005garden,,27,0,2
SHAM,0.08,00005garden|371|1|3,370,17,17,,,00005garden,,25,0,2
SHAM,0.07692307692307693,00005garden|371|1|3,370,17,18,,,00005garden,,26,0,2
SHAM,0.037037037037037035,00005garden|371|1|3,370,17,19,,,00005garden,,27,0,1
SHAM,0.038461538461538464,00005garden|371|1|3,370,17,20,,,00005garden,,26,0,1
C2b-INJECTION,0.15384615384615385,00005garden|371|1|3,370,17,1,,,00005garden,,26,0,4
C2b-INJECTION,0.08,00005garden|371|1|3,370,17,2,,,00005garden,,25,0,2
C2b-INJECTION,0.08,00005garden|371|1|3,370,17,3,,,00005garden,,25,0,2
C2b-INJECTION,0.08333333333333333,00005garden|371|1|3,370,17,4,,,00005garden,,24,0,2
C2b-INJECTION,0.07407407407407407,00005garden|371|1|3,370,17,5,,,00005garden,,27,0,2
C2b-INJECTION,0.07692307692307693,00005garden|371|1|3,370,17,6,,,00005garden,,26,0,2
C2b-INJECTION,0.041666666666666664,00005garden|371|1|3,370,17,7,,,00005garden,,24,0,1
C2b-INJECTION,0.041666666666666664,00005garden|371|1|3,370,17,8,,,00005garden,,24,0,1
C2b-INJECTION,0.037037037037037035,00005garden|371|1|3,370,17,9,,,00005garden,,27,0,1
C2b-INJECTION,0.07692307692307693,00005garden|371|1|3,370,17,10,,,00005garden,,26,0,2
C2b-INJECTION,0.038461538461538464,00005garden|371|1|3,370,17,11,,,00005garden,,26,0,1
C2b-INJECTION,0.07407407407407407,00005garden|371|1|3,370,17,12,,,00005garden,,27,0,2
C2b-INJECTION,0.07407407407407407,00005garden|371|1|3,370,17,13,,,00005garden,,27,0,2
C2b-INJECTION,0.038461538461538464,00005garden|371|1|3,370,17,14,,,00005garden,,26,0,1
C2b-INJECTION,0.07407407407407407,00005garden|371|1|3,370,17,15,,,00005garden,,27,0,2
C2b-INJECTION,0.07407407407407407,00005garden|371|1|3,370,17,16,,,00005garden,,27,0,2
C2b-INJECTION,0.08,00005garden|371|1|3,370,17,17,,,00005garden,,25,0,2
C2b-INJECTION,0.07692307692307693,00005garden|371|1|3,370,17,18,,,00005garden,,26,0,2
C2b-INJECTION,0.037037037037037035,00005garden|371|1|3,370,17,19,,,00005garden,,27,0,1
C2b-INJECTION,0.038461538461538464,00005garden|371|1|3,370,17,20,,,00005garden,,26,0,1
_META,,00005garden|371|1|3,370,17,0,omitted_for_runtime,omitted_for_runtime,00005garden,,,0,
SHAM,0.15384615384615385,00005garden|371|1|4,370,18,1,,,00005garden,,26,0,4
SHAM,0.08,00005garden|371|1|4,370,18,2,,,00005garden,,25,0,2
SHAM,0.08,00005garden|371|1|4,370,18,3,,,00005garden,,25,0,2
SHAM,0.08333333333333333,00005garden|371|1|4,370,18,4,,,00005garden,,24,0,2
SHAM,0.07407407407407407,00005garden|371|1|4,370,18,5,,,00005garden,,27,0,2
SHAM,0.07692307692307693,00005garden|371|1|4,370,18,6,,,00005garden,,26,0,2
SHAM,0.041666666666666664,00005garden|371|1|4,370,18,7,,,00005garden,,24,0,1
SHAM,0.041666666666666664,00005garden|371|1|4,370,18,8,,,00005garden,,24,0,1
SHAM,0.037037037037037035,00005garden|371|1|4,370,18,9,,,00005garden,,27,0,1
SHAM,0.07692307692307693,00005garden|371|1|4,370,18,10,,,00005garden,,26,0,2
SHAM,0.038461538461538464,00005garden|371|1|4,370,18,11,,,00005garden,,26,0,1
SHAM,0.07407407407407407,00005garden|371|1|4,370,18,12,,,00005garden,,27,0,2
SHAM,0.07407407407407407,00005garden|371|1|4,370,18,13,,,00005garden,,27,0,2
SHAM,0.038461538461538464,00005garden|371|1|4,370,18,14,,,00005garden,,26,0,1
SHAM,0.07407407407407407,00005garden|371|1|4,370,18,15,,,00005garden,,27,0,2
SHAM,0.07407407407407407,00005garden|371|1|4,370,18,16,,,00005garden,,27,0,2
SHAM,0.08,00005garden|371|1|4,370,18,17,,,00005garden,,25,0,2
SHAM,0.07692307692307693,00005garden|371|1|4,370,18,18,,,00005garden,,26,0,2
SHAM,0.037037037037037035,00005garden|371|1|4,370,18,19,,,00005garden,,27,0,1
SHAM,0.038461538461538464,00005garden|371|1|4,370,18,20,,,00005garden,,26,0,1
C2b-INJECTION,0.15384615384615385,00005garden|371|1|4,370,18,1,,,00005garden,,26,0,4
C2b-INJECTION,0.08,00005garden|371|1|4,370,18,2,,,00005garden,,25,0,2
C2b-INJECTION,0.08,00005garden|371|1|4,370,18,3,,,00005garden,,25,0,2
C2b-INJECTION,0.08333333333333333,00005garden|371|1|4,370,18,4,,,00005garden,,24,0,2
C2b-INJECTION,0.07407407407407407,00005garden|371|1|4,370,18,5,,,00005garden,,27,0,2
C2b-INJECTION,0.07692307692307693,00005garden|371|1|4,370,18,6,,,00005garden,,26,0,2
C2b-INJECTION,0.041666666666666664,00005garden|371|1|4,370,18,7,,,00005garden,,24,0,1
C2b-INJECTION,0.041666666666666664,00005garden|371|1|4,370,18,8,,,00005garden,,24,0,1
C2b-INJECTION,0.037037037037037035,00005garden|371|1|4,370,18,9,,,00005garden,,27,0,1
C2b-INJECTION,0.07692307692307693,00005garden|371|1|4,370,18,10,,,00005garden,,26,0,2
C2b-INJECTION,0.038461538461538464,00005garden|371|1|4,370,18,11,,,00005garden,,26,0,1
C2b-INJECTION,0.07407407407407407,00005garden|371|1|4,370,18,12,,,00005garden,,27,0,2
C2b-INJECTION,0.07407407407407407,00005garden|371|1|4,370,18,13,,,00005garden,,27,0,2
C2b-INJECTION,0.038461538461538464,00005garden|371|1|4,370,18,14,,,00005garden,,26,0,1
C2b-INJECTION,0.07407407407407407,00005garden|371|1|4,370,18,15,,,00005garden,,27,0,2
C2b-INJECTION,0.07407407407407407,00005garden|371|1|4,370,18,16,,,00005garden,,27,0,2
C2b-INJECTION,0.08,00005garden|371|1|4,370,18,17,,,00005garden,,25,0,2
C2b-INJECTION,0.07692307692307693,00005garden|371|1|4,370,18,18,,,00005garden,,26,0,2
C2b-INJECTION,0.037037037037037035,00005garden|371|1|4,370,18,19,,,00005garden,,27,0,1
C2b-INJECTION,0.038461538461538464,00005garden|371|1|4,370,18,20,,,00005garden,,26,0,1
_META,,00005garden|371|1|4,370,18,0,omitted_for_runtime,omitted_for_runtime,00005garden,,,0,
SHAM,0.15384615384615385,00005garden|371|1|7,370,8,1,,,00005garden,,26,0,4
SHAM,0.08,00005garden|371|1|7,370,8,2,,,00005garden,,25,0,2
SHAM,0.08,00005garden|371|1|7,370,8,3,,,00005garden,,25,0,2
SHAM,0.08333333333333333,00005garden|371|1|7,370,8,4,,,00005garden,,24,0,2
SHAM,0.07407407407407407,00005garden|371|1|7,370,8,5,,,00005garden,,27,0,2
SHAM,0.07692307692307693,00005garden|371|1|7,370,8,6,,,00005garden,,26,0,2
SHAM,0.041666666666666664,00005garden|371|1|7,370,8,7,,,00005garden,,24,0,1
SHAM,0.041666666666666664,00005garden|371|1|7,370,8,8,,,00005garden,,24,0,1
SHAM,0.037037037037037035,00005garden|371|1|7,370,8,9,,,00005garden,,27,0,1
SHAM,0.07692307692307693,00005garden|371|1|7,370,8,10,,,00005garden,,26,0,2
SHAM,0.038461538461538464,00005garden|371|1|7,370,8,11,,,00005garden,,26,0,1
SHAM,0.07407407407407407,00005garden|371|1|7,370,8,12,,,00005garden,,27,0,2
SHAM,0.07407407407407407,00005garden|371|1|7,370,8,13,,,00005garden,,27,0,2
SHAM,0.038461538461538464,00005garden|371|1|7,370,8,14,,,00005garden,,26,0,1
SHAM,0.07407407407407407,00005garden|371|1|7,370,8,15,,,00005garden,,27,0,2
SHAM,0.07407407407407407,00005garden|371|1|7,370,8,16,,,00005garden,,27,0,2
SHAM,0.08,00005garden|371|1|7,370,8,17,,,00005garden,,25,0,2
SHAM,0.07692307692307693,00005garden|371|1|7,370,8,18,,,00005garden,,26,0,2
SHAM,0.037037037037037035,00005garden|371|1|7,370,8,19,,,00005garden,,27,0,1
SHAM,0.038461538461538464,00005garden|371|1|7,370,8,20,,,00005garden,,26,0,1
C2b-INJECTION,0.15384615384615385,00005garden|371|1|7,370,8,1,,,00005garden,,26,0,4
C2b-INJECTION,0.08,00005garden|371|1|7,370,8,2,,,00005garden,,25,0,2
C2b-INJECTION,0.08,00005garden|371|1|7,370,8,3,,,00005garden,,25,0,2
C2b-INJECTION,0.08333333333333333,00005garden|371|1|7,370,8,4,,,00005garden,,24,0,2
C2b-INJECTION,0.07407407407407407,00005garden|371|1|7,370,8,5,,,00005garden,,27,0,2
C2b-INJECTION,0.07692307692307693,00005garden|371|1|7,370,8,6,,,00005garden,,26,0,2
C2b-INJECTION,0.041666666666666664,00005garden|371|1|7,370,8,7,,,00005garden,,24,0,1
C2b-INJECTION,0.041666666666666664,00005garden|371|1|7,370,8,8,,,00005garden,,24,0,1
C2b-INJECTION,0.037037037037037035,00005garden|371|1|7,370,8,9,,,00005garden,,27,0,1
C2b-INJECTION,0.07692307692307693,00005garden|371|1|7,370,8,10,,,00005garden,,26,0,2
C2b-INJECTION,0.038461538461538464,00005garden|371|1|7,370,8,11,,,00005garden,,26,0,1
C2b-INJECTION,0.07407407407407407,00005garden|371|1|7,370,8,12,,,00005garden,,27,0,2
C2b-INJECTION,0.07407407407407407,00005garden|371|1|7,370,8,13,,,00005garden,,27,0,2
C2b-INJECTION,0.038461538461538464,00005garden|371|1|7,370,8,14,,,00005garden,,26,0,1
C2b-INJECTION,0.07407407407407407,00005garden|371|1|7,370,8,15,,,00005garden,,27,0,2
C2b-INJECTION,0.07407407407407407,00005garden|371|1|7,370,8,16,,,00005garden,,27,0,2
C2b-INJECTION,0.08,00005garden|371|1|7,370,8,17,,,00005garden,,25,0,2
C2b-INJECTION,0.07692307692307693,00005garden|371|1|7,370,8,18,,,00005garden,,26,0,2
C2b-INJECTION,0.037037037037037035,00005garden|371|1|7,370,8,19,,,00005garden,,27,0,1
C2b-INJECTION,0.038461538461538464,00005garden|371|1|7,370,8,20,,,00005garden,,26,0,1
_META,,00005garden|371|1|7,370,8,0,omitted_for_runtime,omitted_for_runtime,00005garden,,,0,
SHAM,0.08,00005garden|373|1|14,372,13,1,,,00005garden,,25,0,2
SHAM,0.08333333333333333,00005garden|373|1|14,372,13,2,,,00005garden,,24,0,2
SHAM,0.07407407407407407,00005garden|373|1|14,372,13,3,,,00005garden,,27,0,2
SHAM,0.07692307692307693,00005garden|373|1|14,372,13,4,,,00005garden,,26,0,2
SHAM,0.041666666666666664,00005garden|373|1|14,372,13,5,,,00005garden,,24,0,1
SHAM,0.041666666666666664,00005garden|373|1|14,372,13,6,,,00005garden,,24,0,1
SHAM,0.037037037037037035,00005garden|373|1|14,372,13,7,,,00005garden,,27,0,1
SHAM,0.07692307692307693,00005garden|373|1|14,372,13,8,,,00005garden,,26,0,2
SHAM,0.038461538461538464,00005garden|373|1|14,372,13,9,,,00005garden,,26,0,1
SHAM,0.07407407407407407,00005garden|373|1|14,372,13,10,,,00005garden,,27,0,2
SHAM,0.07407407407407407,00005garden|373|1|14,372,13,11,,,00005garden,,27,0,2
SHAM,0.038461538461538464,00005garden|373|1|14,372,13,12,,,00005garden,,26,0,1
SHAM,0.07407407407407407,00005garden|373|1|14,372,13,13,,,00005garden,,27,0,2
SHAM,0.07407407407407407,00005garden|373|1|14,372,13,14,,,00005garden,,27,0,2
SHAM,0.08,00005garden|373|1|14,372,13,15,,,00005garden,,25,0,2
SHAM,0.07692307692307693,00005garden|373|1|14,372,13,16,,,00005garden,,26,0,2
SHAM,0.037037037037037035,00005garden|373|1|14,372,13,17,,,00005garden,,27,0,1
SHAM,0.038461538461538464,00005garden|373|1|14,372,13,18,,,00005garden,,26,0,1
SHAM,0.037037037037037035,00005garden|373|1|14,372,13,19,,,00005garden,,27,0,1
SHAM,0.038461538461538464,00005garden|373|1|14,372,13,20,,,00005garden,,26,0,1
C2b-INJECTION,0.08,00005garden|373|1|14,372,13,1,,,00005garden,,25,0,2
C2b-INJECTION,0.08333333333333333,00005garden|373|1|14,372,13,2,,,00005garden,,24,0,2
C2b-INJECTION,0.07407407407407407,00005garden|373|1|14,372,13,3,,,00005garden,,27,0,2
C2b-INJECTION,0.07692307692307693,00005garden|373|1|14,372,13,4,,,00005garden,,26,0,2
C2b-INJECTION,0.041666666666666664,00005garden|373|1|14,372,13,5,,,00005garden,,24,0,1
C2b-INJECTION,0.041666666666666664,00005garden|373|1|14,372,13,6,,,00005garden,,24,0,1
C2b-INJECTION,0.037037037037037035,00005garden|373|1|14,372,13,7,,,00005garden,,27,0,1
C2b-INJECTION,0.07692307692307693,00005garden|373|1|14,372,13,8,,,00005garden,,26,0,2
C2b-INJECTION,0.038461538461538464,00005garden|373|1|14,372,13,9,,,00005garden,,26,0,1
C2b-INJECTION,0.07407407407407407,00005garden|373|1|14,372,13,10,,,00005garden,,27,0,2
C2b-INJECTION,0.07407407407407407,00005garden|373|1|14,372,13,11,,,00005garden,,27,0,2
C2b-INJECTION,0.038461538461538464,00005garden|373|1|14,372,13,12,,,00005garden,,26,0,1
C2b-INJECTION,0.07407407407407407,00005garden|373|1|14,372,13,13,,,00005garden,,27,0,2
C2b-INJECTION,0.07407407407407407,00005garden|373|1|14,372,13,14,,,00005garden,,27,0,2
C2b-INJECTION,0.08,00005garden|373|1|14,372,13,15,,,00005garden,,25,0,2
C2b-INJECTION,0.07692307692307693,00005garden|373|1|14,372,13,16,,,00005garden,,26,0,2
C2b-INJECTION,0.037037037037037035,00005garden|373|1|14,372,13,17,,,00005garden,,27,0,1
C2b-INJECTION,0.038461538461538464,00005garden|373|1|14,372,13,18,,,00005garden,,26,0,1
C2b-INJECTION,0.037037037037037035,00005garden|373|1|14,372,13,19,,,00005garden,,27,0,1
C2b-INJECTION,0.038461538461538464,00005garden|373|1|14,372,13,20,,,00005garden,,26,0,1
_META,,00005garden|373|1|14,372,13,0,omitted_for_runtime,omitted_for_runtime,00005garden,,,0,
SHAM,0.08,00005garden|373|1|17,372,23,1,,,00005garden,,25,0,2
SHAM,0.08333333333333333,00005garden|373|1|17,372,23,2,,,00005garden,,24,0,2
SHAM,0.07407407407407407,00005garden|373|1|17,372,23,3,,,00005garden,,27,0,2
SHAM,0.07692307692307693,00005garden|373|1|17,372,23,4,,,00005garden,,26,0,2
SHAM,0.041666666666666664,00005garden|373|1|17,372,23,5,,,00005garden,,24,0,1
SHAM,0.041666666666666664,00005garden|373|1|17,372,23,6,,,00005garden,,24,0,1
SHAM,0.037037037037037035,00005garden|373|1|17,372,23,7,,,00005garden,,27,0,1
SHAM,0.07692307692307693,00005garden|373|1|17,372,23,8,,,00005garden,,26,0,2
SHAM,0.038461538461538464,00005garden|373|1|17,372,23,9,,,00005garden,,26,0,1
SHAM,0.07407407407407407,00005garden|373|1|17,372,23,10,,,00005garden,,27,0,2
SHAM,0.07407407407407407,00005garden|373|1|17,372,23,11,,,00005garden,,27,0,2
SHAM,0.038461538461538464,00005garden|373|1|17,372,23,12,,,00005garden,,26,0,1
SHAM,0.07407407407407407,00005garden|373|1|17,372,23,13,,,00005garden,,27,0,2
SHAM,0.07407407407407407,00005garden|373|1|17,372,23,14,,,00005garden,,27,0,2
SHAM,0.08,00005garden|373|1|17,372,23,15,,,00005garden,,25,0,2
SHAM,0.07692307692307693,00005garden|373|1|17,372,23,16,,,00005garden,,26,0,2
SHAM,0.037037037037037035,00005garden|373|1|17,372,23,17,,,00005garden,,27,0,1
SHAM,0.038461538461538464,00005garden|373|1|17,372,23,18,,,00005garden,,26,0,1
SHAM,0.037037037037037035,00005garden|373|1|17,372,23,19,,,00005garden,,27,0,1
SHAM,0.038461538461538464,00005garden|373|1|17,372,23,20,,,00005garden,,26,0,1
C2b-INJECTION,0.08,00005garden|373|1|17,372,23,1,,,00005garden,,25,0,2
C2b-INJECTION,0.08333333333333333,00005garden|373|1|17,372,23,2,,,00005garden,,24,0,2
C2b-INJECTION,0.07407407407407407,00005garden|373|1|17,372,23,3,,,00005garden,,27,0,2
C2b-INJECTION,0.07692307692307693,00005garden|373|1|17,372,23,4,,,00005garden,,26,0,2
C2b-INJECTION,0.041666666666666664,00005garden|373|1|17,372,23,5,,,00005garden,,24,0,1
C2b-INJECTION,0.041666666666666664,00005garden|373|1|17,372,23,6,,,00005garden,,24,0,1
C2b-INJECTION,0.037037037037037035,00005garden|373|1|17,372,23,7,,,00005garden,,27,0,1
C2b-INJECTION,0.07692307692307693,00005garden|373|1|17,372,23,8,,,00005garden,,26,0,2
C2b-INJECTION,0.038461538461538464,00005garden|373|1|17,372,23,9,,,00005garden,,26,0,1
C2b-INJECTION,0.07407407407407407,00005garden|373|1|17,372,23,10,,,00005garden,,27,0,2
C2b-INJECTION,0.07407407407407407,00005garden|373|1|17,372,23,11,,,00005garden,,27,0,2
C2b-INJECTION,0.038461538461538464,00005garden|373|1|17,372,23,12,,,00005garden,,26,0,1
C2b-INJECTION,0.07407407407407407,00005garden|373|1|17,372,23,13,,,00005garden,,27,0,2
C2b-INJECTION,0.07407407407407407,00005garden|373|1|17,372,23,14,,,00005garden,,27,0,2
C2b-INJECTION,0.08,00005garden|373|1|17,372,23,15,,,00005garden,,25,0,2
C2b-INJECTION,0.07692307692307693,00005garden|373|1|17,372,23,16,,,00005garden,,26,0,2
C2b-INJECTION,0.037037037037037035,00005garden|373|1|17,372,23,17,,,00005garden,,27,0,1
C2b-INJECTION,0.038461538461538464,00005garden|373|1|17,372,23,18,,,00005garden,,26,0,1
C2b-INJECTION,0.037037037037037035,00005garden|373|1|17,372,23,19,,,00005garden,,27,0,1
C2b-INJECTION,0.038461538461538464,00005garden|373|1|17,372,23,20,,,00005garden,,26,0,1
_META,,00005garden|373|1|17,372,23,0,omitted_for_runtime,omitted_for_runtime,00005garden,,,0,
SHAM,0.08333333333333333,00005garden|374|1|12,373,12,1,,,00005garden,,24,0,2
SHAM,0.07407407407407407,00005garden|374|1|12,373,12,2,,,00005garden,,27,0,2
SHAM,0.07692307692307693,00005garden|374|1|12,373,12,3,,,00005garden,,26,0,2
SHAM,0.041666666666666664,00005garden|374|1|12,373,12,4,,,00005garden,,24,0,1
SHAM,0.041666666666666664,00005garden|374|1|12,373,12,5,,,00005garden,,24,0,1
SHAM,0.037037037037037035,00005garden|374|1|12,373,12,6,,,00005garden,,27,0,1
SHAM,0.07692307692307693,00005garden|374|1|12,373,12,7,,,00005garden,,26,0,2
SHAM,0.038461538461538464,00005garden|374|1|12,373,12,8,,,00005garden,,26,0,1
SHAM,0.07407407407407407,00005garden|374|1|12,373,12,9,,,00005garden,,27,0,2
SHAM,0.07407407407407407,00005garden|374|1|12,373,12,10,,,00005garden,,27,0,2
SHAM,0.038461538461538464,00005garden|374|1|12,373,12,11,,,00005garden,,26,0,1
SHAM,0.07407407407407407,00005garden|374|1|12,373,12,12,,,00005garden,,27,0,2
SHAM,0.07407407407407407,00005garden|374|1|12,373,12,13,,,00005garden,,27,0,2
SHAM,0.08,00005garden|374|1|12,373,12,14,,,00005garden,,25,0,2
SHAM,0.07692307692307693,00005garden|374|1|12,373,12,15,,,00005garden,,26,0,2
SHAM,0.037037037037037035,00005garden|374|1|12,373,12,16,,,00005garden,,27,0,1
SHAM,0.038461538461538464,00005garden|374|1|12,373,12,17,,,00005garden,,26,0,1
SHAM,0.037037037037037035,00005garden|374|1|12,373,12,18,,,00005garden,,27,0,1
SHAM,0.038461538461538464,00005garden|374|1|12,373,12,19,,,00005garden,,26,0,1
SHAM,0.037037037037037035,00005garden|374|1|12,373,12,20,,,00005garden,,27,0,1
C2b-INJECTION,0.08333333333333333,00005garden|374|1|12,373,12,1,,,00005garden,,24,0,2
C2b-INJECTION,0.07407407407407407,00005garden|374|1|12,373,12,2,,,00005garden,,27,0,2
C2b-INJECTION,0.07692307692307693,00005garden|374|1|12,373,12,3,,,00005garden,,26,0,2
C2b-INJECTION,0.041666666666666664,00005garden|374|1|12,373,12,4,,,00005garden,,24,0,1
C2b-INJECTION,0.041666666666666664,00005garden|374|1|12,373,12,5,,,00005garden,,24,0,1
C2b-INJECTION,0.037037037037037035,00005garden|374|1|12,373,12,6,,,00005garden,,27,0,1
C2b-INJECTION,0.07692307692307693,00005garden|374|1|12,373,12,7,,,00005garden,,26,0,2
C2b-INJECTION,0.038461538461538464,00005garden|374|1|12,373,12,8,,,00005garden,,26,0,1
C2b-INJECTION,0.07407407407407407,00005garden|374|1|12,373,12,9,,,00005garden,,27,0,2
C2b-INJECTION,0.07407407407407407,00005garden|374|1|12,373,12,10,,,00005garden,,27,0,2
C2b-INJECTION,0.038461538461538464,00005garden|374|1|12,373,12,11,,,00005garden,,26,0,1
C2b-INJECTION,0.07407407407407407,00005garden|374|1|12,373,12,12,,,00005garden,,27,0,2
C2b-INJECTION,0.07407407407407407,00005garden|374|1|12,373,12,13,,,00005garden,,27,0,2
C2b-INJECTION,0.08,00005garden|374|1|12,373,12,14,,,00005garden,,25,0,2
C2b-INJECTION,0.07692307692307693,00005garden|374|1|12,373,12,15,,,00005garden,,26,0,2
C2b-INJECTION,0.037037037037037035,00005garden|374|1|12,373,12,16,,,00005garden,,27,0,1
C2b-INJECTION,0.038461538461538464,00005garden|374|1|12,373,12,17,,,00005garden,,26,0,1
C2b-INJECTION,0.037037037037037035,00005garden|374|1|12,373,12,18,,,00005garden,,27,0,1
C2b-INJECTION,0.038461538461538464,00005garden|374|1|12,373,12,19,,,00005garden,,26,0,1
C2b-INJECTION,0.037037037037037035,00005garden|374|1|12,373,12,20,,,00005garden,,27,0,1
_META,,00005garden|374|1|12,373,12,0,omitted_for_runtime,omitted_for_runtime,00005garden,,,0,
SHAM,0.07407407407407407,00005garden|375|1|9,374,21,1,,,00005garden,,27,0,2
SHAM,0.07692307692307693,00005garden|375|1|9,374,21,2,,,00005garden,,26,0,2
SHAM,0.041666666666666664,00005garden|375|1|9,374,21,3,,,00005garden,,24,0,1
SHAM,0.041666666666666664,00005garden|375|1|9,374,21,4,,,00005garden,,24,0,1
SHAM,0.037037037037037035,00005garden|375|1|9,374,21,5,,,00005garden,,27,0,1
SHAM,0.07692307692307693,00005garden|375|1|9,374,21,6,,,00005garden,,26,0,2
SHAM,0.038461538461538464,00005garden|375|1|9,374,21,7,,,00005garden,,26,0,1
SHAM,0.07407407407407407,00005garden|375|1|9,374,21,8,,,00005garden,,27,0,2
SHAM,0.07407407407407407,00005garden|375|1|9,374,21,9,,,00005garden,,27,0,2
SHAM,0.038461538461538464,00005garden|375|1|9,374,21,10,,,00005garden,,26,0,1
SHAM,0.07407407407407407,00005garden|375|1|9,374,21,11,,,00005garden,,27,0,2
SHAM,0.07407407407407407,00005garden|375|1|9,374,21,12,,,00005garden,,27,0,2
SHAM,0.08,00005garden|375|1|9,374,21,13,,,00005garden,,25,0,2
SHAM,0.07692307692307693,00005garden|375|1|9,374,21,14,,,00005garden,,26,0,2
SHAM,0.037037037037037035,00005garden|375|1|9,374,21,15,,,00005garden,,27,0,1
SHAM,0.038461538461538464,00005garden|375|1|9,374,21,16,,,00005garden,,26,0,1
SHAM,0.037037037037037035,00005garden|375|1|9,374,21,17,,,00005garden,,27,0,1
SHAM,0.038461538461538464,00005garden|375|1|9,374,21,18,,,00005garden,,26,0,1
SHAM,0.037037037037037035,00005garden|375|1|9,374,21,19,,,00005garden,,27,0,1
SHAM,0.037037037037037035,00005garden|375|1|9,374,21,20,,,00005garden,,27,0,1
C2b-INJECTION,0.07407407407407407,00005garden|375|1|9,374,21,1,,,00005garden,,27,0,2
C2b-INJECTION,0.07692307692307693,00005garden|375|1|9,374,21,2,,,00005garden,,26,0,2
C2b-INJECTION,0.041666666666666664,00005garden|375|1|9,374,21,3,,,00005garden,,24,0,1
C2b-INJECTION,0.041666666666666664,00005garden|375|1|9,374,21,4,,,00005garden,,24,0,1
C2b-INJECTION,0.037037037037037035,00005garden|375|1|9,374,21,5,,,00005garden,,27,0,1
C2b-INJECTION,0.07692307692307693,00005garden|375|1|9,374,21,6,,,00005garden,,26,0,2
C2b-INJECTION,0.038461538461538464,00005garden|375|1|9,374,21,7,,,00005garden,,26,0,1
C2b-INJECTION,0.07407407407407407,00005garden|375|1|9,374,21,8,,,00005garden,,27,0,2
C2b-INJECTION,0.07407407407407407,00005garden|375|1|9,374,21,9,,,00005garden,,27,0,2
C2b-INJECTION,0.038461538461538464,00005garden|375|1|9,374,21,10,,,00005garden,,26,0,1
C2b-INJECTION,0.07407407407407407,00005garden|375|1|9,374,21,11,,,00005garden,,27,0,2
C2b-INJECTION,0.07407407407407407,00005garden|375|1|9,374,21,12,,,00005garden,,27,0,2
C2b-INJECTION,0.08,00005garden|375|1|9,374,21,13,,,00005garden,,25,0,2
C2b-INJECTION,0.07692307692307693,00005garden|375|1|9,374,21,14,,,00005garden,,26,0,2
C2b-INJECTION,0.037037037037037035,00005garden|375|1|9,374,21,15,,,00005garden,,27,0,1
C2b-INJECTION,0.038461538461538464,00005garden|375|1|9,374,21,16,,,00005garden,,26,0,1
C2b-INJECTION,0.037037037037037035,00005garden|375|1|9,374,21,17,,,00005garden,,27,0,1
C2b-INJECTION,0.038461538461538464,00005garden|375|1|9,374,21,18,,,00005garden,,26,0,1
C2b-INJECTION,0.037037037037037035,00005garden|375|1|9,374,21,19,,,00005garden,,27,0,1
C2b-INJECTION,0.037037037037037035,00005garden|375|1|9,374,21,20,,,00005garden,,27,0,1
_META,,00005garden|375|1|9,374,21,0,omitted_for_runtime,omitted_for_runtime,00005garden,,,0,
SHAM,0.041666666666666664,00005garden|377|1|21,376,20,1,,,00005garden,,24,0,1
SHAM,0.041666666666666664,00005garden|377|1|21,376,20,2,,,00005garden,,24,0,1
SHAM,0.037037037037037035,00005garden|377|1|21,376,20,3,,,00005garden,,27,0,1
SHAM,0.07692307692307693,00005garden|377|1|21,376,20,4,,,00005garden,,26,0,2
SHAM,0.038461538461538464,00005garden|377|1|21,376,20,5,,,00005garden,,26,0,1
SHAM,0.07407407407407407,00005garden|377|1|21,376,20,6,,,00005garden,,27,0,2
SHAM,0.07407407407407407,00005garden|377|1|21,376,20,7,,,00005garden,,27,0,2
SHAM,0.038461538461538464,00005garden|377|1|21,376,20,8,,,00005garden,,26,0,1
SHAM,0.07407407407407407,00005garden|377|1|21,376,20,9,,,00005garden,,27,0,2
SHAM,0.07407407407407407,00005garden|377|1|21,376,20,10,,,00005garden,,27,0,2
SHAM,0.08,00005garden|377|1|21,376,20,11,,,00005garden,,25,0,2
SHAM,0.07692307692307693,00005garden|377|1|21,376,20,12,,,00005garden,,26,0,2
SHAM,0.037037037037037035,00005garden|377|1|21,376,20,13,,,00005garden,,27,0,1
SHAM,0.038461538461538464,00005garden|377|1|21,376,20,14,,,00005garden,,26,0,1
SHAM,0.037037037037037035,00005garden|377|1|21,376,20,15,,,00005garden,,27,0,1
SHAM,0.038461538461538464,00005garden|377|1|21,376,20,16,,,00005garden,,26,0,1
SHAM,0.037037037037037035,00005garden|377|1|21,376,20,17,,,00005garden,,27,0,1
SHAM,0.037037037037037035,00005garden|377|1|21,376,20,18,,,00005garden,,27,0,1
SHAM,0.04,00005garden|377|1|21,376,20,19,,,00005garden,,25,0,1
SHAM,0.038461538461538464,00005garden|377|1|21,376,20,20,,,00005garden,,26,0,1
C2b-INJECTION,0.041666666666666664,00005garden|377|1|21,376,20,1,,,00005garden,,24,0,1
C2b-INJECTION,0.041666666666666664,00005garden|377|1|21,376,20,2,,,00005garden,,24,0,1
C2b-INJECTION,0.037037037037037035,00005garden|377|1|21,376,20,3,,,00005garden,,27,0,1
C2b-INJECTION,0.07692307692307693,00005garden|377|1|21,376,20,4,,,00005garden,,26,0,2
C2b-INJECTION,0.038461538461538464,00005garden|377|1|21,376,20,5,,,00005garden,,26,0,1
C2b-INJECTION,0.07407407407407407,00005garden|377|1|21,376,20,6,,,00005garden,,27,0,2
C2b-INJECTION,0.07407407407407407,00005garden|377|1|21,376,20,7,,,00005garden,,27,0,2
C2b-INJECTION,0.038461538461538464,00005garden|377|1|21,376,20,8,,,00005garden,,26,0,1
C2b-INJECTION,0.07407407407407407,00005garden|377|1|21,376,20,9,,,00005garden,,27,0,2
C2b-INJECTION,0.07407407407407407,00005garden|377|1|21,376,20,10,,,00005garden,,27,0,2
C2b-INJECTION,0.08,00005garden|377|1|21,376,20,11,,,00005garden,,25,0,2
C2b-INJECTION,0.07692307692307693,00005garden|377|1|21,376,20,12,,,00005garden,,26,0,2
C2b-INJECTION,0.037037037037037035,00005garden|377|1|21,376,20,13,,,00005garden,,27,0,1
C2b-INJECTION,0.038461538461538464,00005garden|377|1|21,376,20,14,,,00005garden,,26,0,1
C2b-INJECTION,0.037037037037037035,00005garden|377|1|21,376,20,15,,,00005garden,,27,0,1
C2b-INJECTION,0.038461538461538464,00005garden|377|1|21,376,20,16,,,00005garden,,26,0,1
C2b-INJECTION,0.037037037037037035,00005garden|377|1|21,376,20,17,,,00005garden,,27,0,1
C2b-INJECTION,0.037037037037037035,00005garden|377|1|21,376,20,18,,,00005garden,,27,0,1
C2b-INJECTION,0.04,00005garden|377|1|21,376,20,19,,,00005garden,,25,0,1
C2b-INJECTION,0.038461538461538464,00005garden|377|1|21,376,20,20,,,00005garden,,26,0,1
_META,,00005garden|377|1|21,376,20,0,omitted_for_runtime,omitted_for_runtime,00005garden,,,0,
SHAM,0.07407407407407407,00005garden|385|1|22,384,14,1,,,00005garden,,27,0,2
SHAM,0.07407407407407407,00005garden|385|1|22,384,14,2,,,00005garden,,27,0,2
SHAM,0.08,00005garden|385|1|22,384,14,3,,,00005garden,,25,0,2
SHAM,0.07692307692307693,00005garden|385|1|22,384,14,4,,,00005garden,,26,0,2
SHAM,0.037037037037037035,00005garden|385|1|22,384,14,5,,,00005garden,,27,0,1
SHAM,0.038461538461538464,00005garden|385|1|22,384,14,6,,,00005garden,,26,0,1
SHAM,0.037037037037037035,00005garden|385|1|22,384,14,7,,,00005garden,,27,0,1
SHAM,0.038461538461538464,00005garden|385|1|22,384,14,8,,,00005garden,,26,0,1
SHAM,0.037037037037037035,00005garden|385|1|22,384,14,9,,,00005garden,,27,0,1
SHAM,0.037037037037037035,00005garden|385|1|22,384,14,10,,,00005garden,,27,0,1
SHAM,0.04,00005garden|385|1|22,384,14,11,,,00005garden,,25,0,1
SHAM,0.038461538461538464,00005garden|385|1|22,384,14,12,,,00005garden,,26,0,1
SHAM,0.04,00005garden|385|1|22,384,14,13,,,00005garden,,25,0,1
SHAM,0.038461538461538464,00005garden|385|1|22,384,14,14,,,00005garden,,26,0,1
SHAM,0.038461538461538464,00005garden|385|1|22,384,14,15,,,00005garden,,26,0,1
SHAM,0.038461538461538464,00005garden|385|1|22,384,14,16,,,00005garden,,26,0,1
SHAM,0.038461538461538464,00005garden|385|1|22,384,14,17,,,00005garden,,26,0,1
SHAM,0.04,00005garden|385|1|22,384,14,18,,,00005garden,,25,0,1
SHAM,0.041666666666666664,00005garden|385|1|22,384,14,19,,,00005garden,,24,0,1
SHAM,0.041666666666666664,00005garden|385|1|22,384,14,20,,,00005garden,,24,0,1
C2b-INJECTION,0.07692307692307693,00005garden|385|1|22,384,14,1,,,00005garden,,26,0,2
C2b-INJECTION,0.07407407407407407,00005garden|385|1|22,384,14,2,,,00005garden,,27,0,2
C2b-INJECTION,0.08,00005garden|385|1|22,384,14,3,,,00005garden,,25,0,2
C2b-INJECTION,0.07692307692307693,00005garden|385|1|22,384,14,4,,,00005garden,,26,0,2
C2b-INJECTION,0.037037037037037035,00005garden|385|1|22,384,14,5,,,00005garden,,27,0,1
C2b-INJECTION,0.038461538461538464,00005garden|385|1|22,384,14,6,,,00005garden,,26,0,1
C2b-INJECTION,0.037037037037037035,00005garden|385|1|22,384,14,7,,,00005garden,,27,0,1
C2b-INJECTION,0.038461538461538464,00005garden|385|1|22,384,14,8,,,00005garden,,26,0,1
C2b-INJECTION,0.037037037037037035,00005garden|385|1|22,384,14,9,,,00005garden,,27,0,1
C2b-INJECTION,0.037037037037037035,00005garden|385|1|22,384,14,10,,,00005garden,,27,0,1
C2b-INJECTION,0.04,00005garden|385|1|22,384,14,11,,,00005garden,,25,0,1
C2b-INJECTION,0.038461538461538464,00005garden|385|1|22,384,14,12,,,00005garden,,26,0,1
C2b-INJECTION,0.04,00005garden|385|1|22,384,14,13,,,00005garden,,25,0,1
C2b-INJECTION,0.038461538461538464,00005garden|385|1|22,384,14,14,,,00005garden,,26,0,1
C2b-INJECTION,0.04,00005garden|385|1|22,384,14,15,,,00005garden,,25,0,1
C2b-INJECTION,0.038461538461538464,00005garden|385|1|22,384,14,16,,,00005garden,,26,0,1
C2b-INJECTION,0.038461538461538464,00005garden|385|1|22,384,14,17,,,00005garden,,26,0,1
C2b-INJECTION,0.04,00005garden|385|1|22,384,14,18,,,00005garden,,25,0,1
C2b-INJECTION,0.041666666666666664,00005garden|385|1|22,384,14,19,,,00005garden,,24,0,1
C2b-INJECTION,0.041666666666666664,00005garden|385|1|22,384,14,20,,,00005garden,,24,0,1
_META,,00005garden|385|1|22,384,14,0,omitted_for_runtime,omitted_for_runtime,00005garden,,,0,
SHAM,0.04,00005garden|397|1|17,396,27,1,,,00005garden,,25,0,1
SHAM,0.038461538461538464,00005garden|397|1|17,396,27,2,,,00005garden,,26,0,1
SHAM,0.038461538461538464,00005garden|397|1|17,396,27,3,,,00005garden,,26,0,1
SHAM,0.038461538461538464,00005garden|397|1|17,396,27,4,,,00005garden,,26,0,1
SHAM,0.038461538461538464,00005garden|397|1|17,396,27,5,,,00005garden,,26,0,1
SHAM,0.04,00005garden|397|1|17,396,27,6,,,00005garden,,25,0,1
SHAM,0.041666666666666664,00005garden|397|1|17,396,27,7,,,00005garden,,24,0,1
SHAM,0.041666666666666664,00005garden|397|1|17,396,27,8,,,00005garden,,24,0,1
SHAM,0.08333333333333333,00005garden|397|1|17,396,27,9,,,00005garden,,24,0,2
SHAM,0.08,00005garden|397|1|17,396,27,10,,,00005garden,,25,0,2
SHAM,0.08,00005garden|397|1|17,396,27,11,,,00005garden,,25,0,2
SHAM,0.08333333333333333,00005garden|397|1|17,396,27,12,,,00005garden,,24,0,2
SHAM,0.04,00005garden|397|1|17,396,27,13,,,00005garden,,25,0,1
SHAM,0.08,00005garden|397|1|17,396,27,14,,,00005garden,,25,0,2
SHAM,0.043478260869565216,00005garden|397|1|17,396,27,15,,,00005garden,,23,0,1
SHAM,0.041666666666666664,00005garden|397|1|17,396,27,16,,,00005garden,,24,0,1
SHAM,0.08,00005garden|397|1|17,396,27,17,,,00005garden,,25,0,2
SHAM,0.041666666666666664,00005garden|397|1|17,396,27,18,,,00005garden,,24,0,1
SHAM,0.08333333333333333,00005garden|397|1|17,396,27,19,,,00005garden,,24,0,2
SHAM,0.08333333333333333,00005garden|397|1|17,396,27,20,,,00005garden,,24,0,2
C2b-INJECTION,0.04,00005garden|397|1|17,396,27,1,,,00005garden,,25,0,1
C2b-INJECTION,0.038461538461538464,00005garden|397|1|17,396,27,2,,,00005garden,,26,0,1
C2b-INJECTION,0.038461538461538464,00005garden|397|1|17,396,27,3,,,00005garden,,26,0,1
C2b-INJECTION,0.038461538461538464,00005garden|397|1|17,396,27,4,,,00005garden,,26,0,1
C2b-INJECTION,0.038461538461538464,00005garden|397|1|17,396,27,5,,,00005garden,,26,0,1
C2b-INJECTION,0.04,00005garden|397|1|17,396,27,6,,,00005garden,,25,0,1
C2b-INJECTION,0.041666666666666664,00005garden|397|1|17,396,27,7,,,00005garden,,24,0,1
C2b-INJECTION,0.041666666666666664,00005garden|397|1|17,396,27,8,,,00005garden,,24,0,1
C2b-INJECTION,0.041666666666666664,00005garden|397|1|17,396,27,9,,,00005garden,,24,0,1
C2b-INJECTION,0.04,00005garden|397|1|17,396,27,10,,,00005garden,,25,0,1
C2b-INJECTION,0.08333333333333333,00005garden|397|1|17,396,27,11,,,00005garden,,24,0,2
C2b-INJECTION,0.08333333333333333,00005garden|397|1|17,396,27,12,,,00005garden,,24,0,2
C2b-INJECTION,0.04,00005garden|397|1|17,396,27,13,,,00005garden,,25,0,1
C2b-INJECTION,0.08,00005garden|397|1|17,396,27,14,,,00005garden,,25,0,2
C2b-INJECTION,0.043478260869565216,00005garden|397|1|17,396,27,15,,,00005garden,,23,0,1
C2b-INJECTION,0.041666666666666664,00005garden|397|1|17,396,27,16,,,00005garden,,24,0,1
C2b-INJECTION,0.08,00005garden|397|1|17,396,27,17,,,00005garden,,25,0,2
C2b-INJECTION,0.041666666666666664,00005garden|397|1|17,396,27,18,,,00005garden,,24,0,1
C2b-INJECTION,0.08,00005garden|397|1|17,396,27,19,,,00005garden,,25,0,2
C2b-INJECTION,0.08333333333333333,00005garden|397|1|17,396,27,20,,,00005garden,,24,0,2
_META,,00005garden|397|1|17,396,27,0,omitted_for_runtime,omitted_for_runtime,00005garden,,,0,
SHAM,0.041666666666666664,00005garden|412|1|13,411,9,1,,,00005garden,,24,0,1
SHAM,0.08,00005garden|412|1|13,411,9,2,,,00005garden,,25,0,2
SHAM,0.041666666666666664,00005garden|412|1|13,411,9,3,,,00005garden,,24,0,1
SHAM,0.08333333333333333,00005garden|412|1|13,411,9,4,,,00005garden,,24,0,2
SHAM,0.08333333333333333,00005garden|412|1|13,411,9,5,,,00005garden,,24,0,2
SHAM,0.08333333333333333,00005garden|412|1|13,411,9,6,,,00005garden,,24,0,2
SHAM,0.08333333333333333,00005garden|412|1|13,411,9,7,,,00005garden,,24,0,2
SHAM,0.08695652173913043,00005garden|412|1|13,411,9,8,,,00005garden,,23,0,2
SHAM,0.08333333333333333,00005garden|412|1|13,411,9,9,,,00005garden,,24,0,2
SHAM,0.04,00005garden|412|1|13,411,9,10,,,00005garden,,25,0,1
SHAM,0.043478260869565216,00005garden|412|1|13,411,9,11,,,00005garden,,23,0,1
SHAM,0.041666666666666664,00005garden|412|1|13,411,9,12,,,00005garden,,24,0,1
SHAM,0.041666666666666664,00005garden|412|1|13,411,9,13,,,00005garden,,24,0,1
SHAM,0.08695652173913043,00005garden|412|1|13,411,9,14,,,00005garden,,23,0,2
SHAM,0.045454545454545456,00005garden|412|1|13,411,9,15,,,00005garden,,22,0,1
SHAM,0.043478260869565216,00005garden|412|1|13,411,9,16,,,00005garden,,23,0,1
SHAM,0.09090909090909091,00005garden|412|1|13,411,9,17,,,00005garden,,22,0,2
SHAM,0.045454545454545456,00005garden|412|1|13,411,9,18,,,00005garden,,22,0,1
SHAM,0.13043478260869565,00005garden|412|1|13,411,9,19,,,00005garden,,23,0,3
SHAM,0.08,00005garden|412|1|13,411,9,20,,,00005garden,,25,0,2
C2b-INJECTION,0.041666666666666664,00005garden|412|1|13,411,9,1,,,00005garden,,24,0,1
C2b-INJECTION,0.08,00005garden|412|1|13,411,9,2,,,00005garden,,25,0,2
C2b-INJECTION,0.041666666666666664,00005garden|412|1|13,411,9,3,,,00005garden,,24,0,1
C2b-INJECTION,0.08333333333333333,00005garden|412|1|13,411,9,4,,,00005garden,,24,0,2
C2b-INJECTION,0.08333333333333333,00005garden|412|1|13,411,9,5,,,00005garden,,24,0,2
C2b-INJECTION,0.08333333333333333,00005garden|412|1|13,411,9,6,,,00005garden,,24,0,2
C2b-INJECTION,0.08333333333333333,00005garden|412|1|13,411,9,7,,,00005garden,,24,0,2
C2b-INJECTION,0.08695652173913043,00005garden|412|1|13,411,9,8,,,00005garden,,23,0,2
C2b-INJECTION,0.041666666666666664,00005garden|412|1|13,411,9,9,,,00005garden,,24,0,1
C2b-INJECTION,0.04,00005garden|412|1|13,411,9,10,,,00005garden,,25,0,1
C2b-INJECTION,0.041666666666666664,00005garden|412|1|13,411,9,11,,,00005garden,,24,0,1
C2b-INJECTION,0.041666666666666664,00005garden|412|1|13,411,9,12,,,00005garden,,24,0,1
C2b-INJECTION,0.041666666666666664,00005garden|412|1|13,411,9,13,,,00005garden,,24,0,1
C2b-INJECTION,0.08695652173913043,00005garden|412|1|13,411,9,14,,,00005garden,,23,0,2
C2b-INJECTION,0.045454545454545456,00005garden|412|1|13,411,9,15,,,00005garden,,22,0,1
C2b-INJECTION,0.043478260869565216,00005garden|412|1|13,411,9,16,,,00005garden,,23,0,1
C2b-INJECTION,0.09090909090909091,00005garden|412|1|13,411,9,17,,,00005garden,,22,0,2
C2b-INJECTION,0.08695652173913043,00005garden|412|1|13,411,9,18,,,00005garden,,23,0,2
C2b-INJECTION,0.13043478260869565,00005garden|412|1|13,411,9,19,,,00005garden,,23,0,3
C2b-INJECTION,0.08,00005garden|412|1|13,411,9,20,,,00005garden,,25,0,2
_META,,00005garden|412|1|13,411,9,0,omitted_for_runtime,omitted_for_runtime,00005garden,,,0,
SHAM,0.041666666666666664,00005garden|412|1|3,411,17,1,,,00005garden,,24,0,1
SHAM,0.08,00005garden|412|1|3,411,17,2,,,00005garden,,25,0,2
SHAM,0.041666666666666664,00005garden|412|1|3,411,17,3,,,00005garden,,24,0,1
SHAM,0.08333333333333333,00005garden|412|1|3,411,17,4,,,00005garden,,24,0,2
SHAM,0.08333333333333333,00005garden|412|1|3,411,17,5,,,00005garden,,24,0,2
SHAM,0.08333333333333333,00005garden|412|1|3,411,17,6,,,00005garden,,24,0,2
SHAM,0.08333333333333333,00005garden|412|1|3,411,17,7,,,00005garden,,24,0,2
SHAM,0.08695652173913043,00005garden|412|1|3,411,17,8,,,00005garden,,23,0,2
SHAM,0.08333333333333333,00005garden|412|1|3,411,17,9,,,00005garden,,24,0,2
SHAM,0.04,00005garden|412|1|3,411,17,10,,,00005garden,,25,0,1
SHAM,0.043478260869565216,00005garden|412|1|3,411,17,11,,,00005garden,,23,0,1
SHAM,0.041666666666666664,00005garden|412|1|3,411,17,12,,,00005garden,,24,0,1
SHAM,0.041666666666666664,00005garden|412|1|3,411,17,13,,,00005garden,,24,0,1
SHAM,0.08695652173913043,00005garden|412|1|3,411,17,14,,,00005garden,,23,0,2
SHAM,0.045454545454545456,00005garden|412|1|3,411,17,15,,,00005garden,,22,0,1
SHAM,0.043478260869565216,00005garden|412|1|3,411,17,16,,,00005garden,,23,0,1
SHAM,0.09090909090909091,00005garden|412|1|3,411,17,17,,,00005garden,,22,0,2
SHAM,0.045454545454545456,00005garden|412|1|3,411,17,18,,,00005garden,,22,0,1
SHAM,0.13043478260869565,00005garden|412|1|3,411,17,19,,,00005garden,,23,0,3
SHAM,0.08,00005garden|412|1|3,411,17,20,,,00005garden,,25,0,2
C2b-INJECTION,0.041666666666666664,00005garden|412|1|3,411,17,1,,,00005garden,,24,0,1
C2b-INJECTION,0.08,00005garden|412|1|3,411,17,2,,,00005garden,,25,0,2
C2b-INJECTION,0.041666666666666664,00005garden|412|1|3,411,17,3,,,00005garden,,24,0,1
C2b-INJECTION,0.08333333333333333,00005garden|412|1|3,411,17,4,,,00005garden,,24,0,2
C2b-INJECTION,0.08333333333333333,00005garden|412|1|3,411,17,5,,,00005garden,,24,0,2
C2b-INJECTION,0.08333333333333333,00005garden|412|1|3,411,17,6,,,00005garden,,24,0,2
C2b-INJECTION,0.08333333333333333,00005garden|412|1|3,411,17,7,,,00005garden,,24,0,2
C2b-INJECTION,0.08695652173913043,00005garden|412|1|3,411,17,8,,,00005garden,,23,0,2
C2b-INJECTION,0.041666666666666664,00005garden|412|1|3,411,17,9,,,00005garden,,24,0,1
C2b-INJECTION,0.04,00005garden|412|1|3,411,17,10,,,00005garden,,25,0,1
C2b-INJECTION,0.041666666666666664,00005garden|412|1|3,411,17,11,,,00005garden,,24,0,1
C2b-INJECTION,0.041666666666666664,00005garden|412|1|3,411,17,12,,,00005garden,,24,0,1
C2b-INJECTION,0.041666666666666664,00005garden|412|1|3,411,17,13,,,00005garden,,24,0,1
C2b-INJECTION,0.08695652173913043,00005garden|412|1|3,411,17,14,,,00005garden,,23,0,2
C2b-INJECTION,0.045454545454545456,00005garden|412|1|3,411,17,15,,,00005garden,,22,0,1
C2b-INJECTION,0.043478260869565216,00005garden|412|1|3,411,17,16,,,00005garden,,23,0,1
C2b-INJECTION,0.09090909090909091,00005garden|412|1|3,411,17,17,,,00005garden,,22,0,2
C2b-INJECTION,0.08695652173913043,00005garden|412|1|3,411,17,18,,,00005garden,,23,0,2
C2b-INJECTION,0.13043478260869565,00005garden|412|1|3,411,17,19,,,00005garden,,23,0,3
C2b-INJECTION,0.08,00005garden|412|1|3,411,17,20,,,00005garden,,25,0,2
_META,,00005garden|412|1|3,411,17,0,omitted_for_runtime,omitted_for_runtime,00005garden,,,0,
SHAM,0.041666666666666664,00005garden|412|1|7,411,18,1,,,00005garden,,24,0,1
SHAM,0.08,00005garden|412|1|7,411,18,2,,,00005garden,,25,0,2
SHAM,0.041666666666666664,00005garden|412|1|7,411,18,3,,,00005garden,,24,0,1
SHAM,0.08333333333333333,00005garden|412|1|7,411,18,4,,,00005garden,,24,0,2
SHAM,0.08333333333333333,00005garden|412|1|7,411,18,5,,,00005garden,,24,0,2
SHAM,0.08333333333333333,00005garden|412|1|7,411,18,6,,,00005garden,,24,0,2
SHAM,0.08333333333333333,00005garden|412|1|7,411,18,7,,,00005garden,,24,0,2
SHAM,0.08695652173913043,00005garden|412|1|7,411,18,8,,,00005garden,,23,0,2
SHAM,0.08333333333333333,00005garden|412|1|7,411,18,9,,,00005garden,,24,0,2
SHAM,0.04,00005garden|412|1|7,411,18,10,,,00005garden,,25,0,1
SHAM,0.043478260869565216,00005garden|412|1|7,411,18,11,,,00005garden,,23,0,1
SHAM,0.041666666666666664,00005garden|412|1|7,411,18,12,,,00005garden,,24,0,1
SHAM,0.041666666666666664,00005garden|412|1|7,411,18,13,,,00005garden,,24,0,1
SHAM,0.08695652173913043,00005garden|412|1|7,411,18,14,,,00005garden,,23,0,2
SHAM,0.045454545454545456,00005garden|412|1|7,411,18,15,,,00005garden,,22,0,1
SHAM,0.043478260869565216,00005garden|412|1|7,411,18,16,,,00005garden,,23,0,1
SHAM,0.09090909090909091,00005garden|412|1|7,411,18,17,,,00005garden,,22,0,2
SHAM,0.045454545454545456,00005garden|412|1|7,411,18,18,,,00005garden,,22,0,1
SHAM,0.13043478260869565,00005garden|412|1|7,411,18,19,,,00005garden,,23,0,3
SHAM,0.08,00005garden|412|1|7,411,18,20,,,00005garden,,25,0,2
C2b-INJECTION,0.041666666666666664,00005garden|412|1|7,411,18,1,,,00005garden,,24,0,1
C2b-INJECTION,0.08,00005garden|412|1|7,411,18,2,,,00005garden,,25,0,2
C2b-INJECTION,0.041666666666666664,00005garden|412|1|7,411,18,3,,,00005garden,,24,0,1
C2b-INJECTION,0.08333333333333333,00005garden|412|1|7,411,18,4,,,00005garden,,24,0,2
C2b-INJECTION,0.08333333333333333,00005garden|412|1|7,411,18,5,,,00005garden,,24,0,2
C2b-INJECTION,0.08333333333333333,00005garden|412|1|7,411,18,6,,,00005garden,,24,0,2
C2b-INJECTION,0.08333333333333333,00005garden|412|1|7,411,18,7,,,00005garden,,24,0,2
C2b-INJECTION,0.08695652173913043,00005garden|412|1|7,411,18,8,,,00005garden,,23,0,2
C2b-INJECTION,0.041666666666666664,00005garden|412|1|7,411,18,9,,,00005garden,,24,0,1
C2b-INJECTION,0.04,00005garden|412|1|7,411,18,10,,,00005garden,,25,0,1
C2b-INJECTION,0.041666666666666664,00005garden|412|1|7,411,18,11,,,00005garden,,24,0,1
C2b-INJECTION,0.041666666666666664,00005garden|412|1|7,411,18,12,,,00005garden,,24,0,1
C2b-INJECTION,0.041666666666666664,00005garden|412|1|7,411,18,13,,,00005garden,,24,0,1
C2b-INJECTION,0.08695652173913043,00005garden|412|1|7,411,18,14,,,00005garden,,23,0,2
C2b-INJECTION,0.045454545454545456,00005garden|412|1|7,411,18,15,,,00005garden,,22,0,1
C2b-INJECTION,0.043478260869565216,00005garden|412|1|7,411,18,16,,,00005garden,,23,0,1
C2b-INJECTION,0.09090909090909091,00005garden|412|1|7,411,18,17,,,00005garden,,22,0,2
C2b-INJECTION,0.08695652173913043,00005garden|412|1|7,411,18,18,,,00005garden,,23,0,2
C2b-INJECTION,0.13043478260869565,00005garden|412|1|7,411,18,19,,,00005garden,,23,0,3
C2b-INJECTION,0.08,00005garden|412|1|7,411,18,20,,,00005garden,,25,0,2
_META,,00005garden|412|1|7,411,18,0,omitted_for_runtime,omitted_for_runtime,00005garden,,,0,
SHAM,0.08333333333333333,00005garden|418|1|19,417,20,1,,,00005garden,,24,0,2
SHAM,0.08695652173913043,00005garden|418|1|19,417,20,2,,,00005garden,,23,0,2
SHAM,0.08333333333333333,00005garden|418|1|19,417,20,3,,,00005garden,,24,0,2
SHAM,0.04,00005garden|418|1|19,417,20,4,,,00005garden,,25,0,1
SHAM,0.043478260869565216,00005garden|418|1|19,417,20,5,,,00005garden,,23,0,1
SHAM,0.041666666666666664,00005garden|418|1|19,417,20,6,,,00005garden,,24,0,1
SHAM,0.041666666666666664,00005garden|418|1|19,417,20,7,,,00005garden,,24,0,1
SHAM,0.08695652173913043,00005garden|418|1|19,417,20,8,,,00005garden,,23,0,2
SHAM,0.045454545454545456,00005garden|418|1|19,417,20,9,,,00005garden,,22,0,1
SHAM,0.043478260869565216,00005garden|418|1|19,417,20,10,,,00005garden,,23,0,1
SHAM,0.09090909090909091,00005garden|418|1|19,417,20,11,,,00005garden,,22,0,2
SHAM,0.045454545454545456,00005garden|418|1|19,417,20,12,,,00005garden,,22,0,1
SHAM,0.13043478260869565,00005garden|418|1|19,417,20,13,,,00005garden,,23,0,3
SHAM,0.08,00005garden|418|1|19,417,20,14,,,00005garden,,25,0,2
SHAM,0.043478260869565216,00005garden|418|1|19,417,20,15,,,00005garden,,23,0,1
SHAM,0.08333333333333333,00005garden|418|1|19,417,20,16,,,00005garden,,24,0,2
SHAM,0.13043478260869565,00005garden|418|1|19,417,20,17,,,00005garden,,23,0,3
SHAM,0.13043478260869565,00005garden|418|1|19,417,20,18,,,00005garden,,23,0,3
SHAM,0.125,00005garden|418|1|19,417,20,19,,,00005garden,,24,0,3
SHAM,0.125,00005garden|418|1|19,417,20,20,,,00005garden,,24,0,3
C2b-INJECTION,0.08333333333333333,00005garden|418|1|19,417,20,1,,,00005garden,,24,0,2
C2b-INJECTION,0.08695652173913043,00005garden|418|1|19,417,20,2,,,00005garden,,23,0,2
C2b-INJECTION,0.08333333333333333,00005garden|418|1|19,417,20,3,,,00005garden,,24,0,2
C2b-INJECTION,0.04,00005garden|418|1|19,417,20,4,,,00005garden,,25,0,1
C2b-INJECTION,0.043478260869565216,00005garden|418|1|19,417,20,5,,,00005garden,,23,0,1
C2b-INJECTION,0.041666666666666664,00005garden|418|1|19,417,20,6,,,00005garden,,24,0,1
C2b-INJECTION,0.041666666666666664,00005garden|418|1|19,417,20,7,,,00005garden,,24,0,1
C2b-INJECTION,0.08695652173913043,00005garden|418|1|19,417,20,8,,,00005garden,,23,0,2
C2b-INJECTION,0.045454545454545456,00005garden|418|1|19,417,20,9,,,00005garden,,22,0,1
C2b-INJECTION,0.043478260869565216,00005garden|418|1|19,417,20,10,,,00005garden,,23,0,1
C2b-INJECTION,0.09090909090909091,00005garden|418|1|19,417,20,11,,,00005garden,,22,0,2
C2b-INJECTION,0.045454545454545456,00005garden|418|1|19,417,20,12,,,00005garden,,22,0,1
C2b-INJECTION,0.13043478260869565,00005garden|418|1|19,417,20,13,,,00005garden,,23,0,3
C2b-INJECTION,0.08,00005garden|418|1|19,417,20,14,,,00005garden,,25,0,2
C2b-INJECTION,0.043478260869565216,00005garden|418|1|19,417,20,15,,,00005garden,,23,0,1
C2b-INJECTION,0.08333333333333333,00005garden|418|1|19,417,20,16,,,00005garden,,24,0,2
C2b-INJECTION,0.13043478260869565,00005garden|418|1|19,417,20,17,,,00005garden,,23,0,3
C2b-INJECTION,0.13043478260869565,00005garden|418|1|19,417,20,18,,,00005garden,,23,0,3
C2b-INJECTION,0.125,00005garden|418|1|19,417,20,19,,,00005garden,,24,0,3
C2b-INJECTION,0.125,00005garden|418|1|19,417,20,20,,,00005garden,,24,0,3
_META,,00005garden|418|1|19,417,20,0,omitted_for_runtime,omitted_for_runtime,00005garden,,,0,
SHAM,0.04,00005garden|421|1|9,420,5,1,,,00005garden,,25,0,1
SHAM,0.043478260869565216,00005garden|421|1|9,420,5,2,,,00005garden,,23,0,1
SHAM,0.041666666666666664,00005garden|421|1|9,420,5,3,,,00005garden,,24,0,1
SHAM,0.041666666666666664,00005garden|421|1|9,420,5,4,,,00005garden,,24,0,1
SHAM,0.08695652173913043,00005garden|421|1|9,420,5,5,,,00005garden,,23,0,2
SHAM,0.045454545454545456,00005garden|421|1|9,420,5,6,,,00005garden,,22,0,1
SHAM,0.043478260869565216,00005garden|421|1|9,420,5,7,,,00005garden,,23,0,1
SHAM,0.09090909090909091,00005garden|421|1|9,420,5,8,,,00005garden,,22,0,2
SHAM,0.045454545454545456,00005garden|421|1|9,420,5,9,,,00005garden,,22,0,1
SHAM,0.13043478260869565,00005garden|421|1|9,420,5,10,,,00005garden,,23,0,3
SHAM,0.08,00005garden|421|1|9,420,5,11,,,00005garden,,25,0,2
SHAM,0.043478260869565216,00005garden|421|1|9,420,5,12,,,00005garden,,23,0,1
SHAM,0.08333333333333333,00005garden|421|1|9,420,5,13,,,00005garden,,24,0,2
SHAM,0.13043478260869565,00005garden|421|1|9,420,5,14,,,00005garden,,23,0,3
SHAM,0.13043478260869565,00005garden|421|1|9,420,5,15,,,00005garden,,23,0,3
SHAM,0.125,00005garden|421|1|9,420,5,16,,,00005garden,,24,0,3
SHAM,0.125,00005garden|421|1|9,420,5,17,,,00005garden,,24,0,3
SHAM,0.13043478260869565,00005garden|421|1|9,420,5,18,,,00005garden,,23,0,3
SHAM,0.038461538461538464,00005garden|421|1|9,420,5,19,,,00005garden,,26,0,1
SHAM,0.08,00005garden|421|1|9,420,5,20,,,00005garden,,25,0,2
C2b-INJECTION,0.04,00005garden|421|1|9,420,5,1,,,00005garden,,25,0,1
C2b-INJECTION,0.043478260869565216,00005garden|421|1|9,420,5,2,,,00005garden,,23,0,1
C2b-INJECTION,0.041666666666666664,00005garden|421|1|9,420,5,3,,,00005garden,,24,0,1
C2b-INJECTION,0.041666666666666664,00005garden|421|1|9,420,5,4,,,00005garden,,24,0,1
C2b-INJECTION,0.08695652173913043,00005garden|421|1|9,420,5,5,,,00005garden,,23,0,2
C2b-INJECTION,0.045454545454545456,00005garden|421|1|9,420,5,6,,,00005garden,,22,0,1
C2b-INJECTION,0.043478260869565216,00005garden|421|1|9,420,5,7,,,00005garden,,23,0,1
C2b-INJECTION,0.09090909090909091,00005garden|421|1|9,420,5,8,,,00005garden,,22,0,2
C2b-INJECTION,0.045454545454545456,00005garden|421|1|9,420,5,9,,,00005garden,,22,0,1
C2b-INJECTION,0.13043478260869565,00005garden|421|1|9,420,5,10,,,00005garden,,23,0,3
C2b-INJECTION,0.08333333333333333,00005garden|421|1|9,420,5,11,,,00005garden,,24,0,2
C2b-INJECTION,0.08333333333333333,00005garden|421|1|9,420,5,12,,,00005garden,,24,0,2
C2b-INJECTION,0.08333333333333333,00005garden|421|1|9,420,5,13,,,00005garden,,24,0,2
C2b-INJECTION,0.13043478260869565,00005garden|421|1|9,420,5,14,,,00005garden,,23,0,3
C2b-INJECTION,0.13043478260869565,00005garden|421|1|9,420,5,15,,,00005garden,,23,0,3
C2b-INJECTION,0.125,00005garden|421|1|9,420,5,16,,,00005garden,,24,0,3
C2b-INJECTION,0.125,00005garden|421|1|9,420,5,17,,,00005garden,,24,0,3
C2b-INJECTION,0.09090909090909091,00005garden|421|1|9,420,5,18,,,00005garden,,22,0,2
C2b-INJECTION,0.038461538461538464,00005garden|421|1|9,420,5,19,,,00005garden,,26,0,1
C2b-INJECTION,0.08,00005garden|421|1|9,420,5,20,,,00005garden,,25,0,2
_META,,00005garden|421|1|9,420,5,0,omitted_for_runtime,omitted_for_runtime,00005garden,,,0,
SHAM,0.041666666666666664,00005garden|424|1|20,423,4,1,,,00005garden,,24,0,1
SHAM,0.08695652173913043,00005garden|424|1|20,423,4,2,,,00005garden,,23,0,2
SHAM,0.045454545454545456,00005garden|424|1|20,423,4,3,,,00005garden,,22,0,1
SHAM,0.043478260869565216,00005garden|424|1|20,423,4,4,,,00005garden,,23,0,1
SHAM,0.09090909090909091,00005garden|424|1|20,423,4,5,,,00005garden,,22,0,2
SHAM,0.045454545454545456,00005garden|424|1|20,423,4,6,,,00005garden,,22,0,1
SHAM,0.13043478260869565,00005garden|424|1|20,423,4,7,,,00005garden,,23,0,3
SHAM,0.08,00005garden|424|1|20,423,4,8,,,00005garden,,25,0,2
SHAM,0.043478260869565216,00005garden|424|1|20,423,4,9,,,00005garden,,23,0,1
SHAM,0.08333333333333333,00005garden|424|1|20,423,4,10,,,00005garden,,24,0,2
SHAM,0.13043478260869565,00005garden|424|1|20,423,4,11,,,00005garden,,23,0,3
SHAM,0.13043478260869565,00005garden|424|1|20,423,4,12,,,00005garden,,23,0,3
SHAM,0.125,00005garden|424|1|20,423,4,13,,,00005garden,,24,0,3
SHAM,0.125,00005garden|424|1|20,423,4,14,,,00005garden,,24,0,3
SHAM,0.13043478260869565,00005garden|424|1|20,423,4,15,,,00005garden,,23,0,3
SHAM,0.038461538461538464,00005garden|424|1|20,423,4,16,,,00005garden,,26,0,1
SHAM,0.08,00005garden|424|1|20,423,4,17,,,00005garden,,25,0,2
SHAM,0.04,00005garden|424|1|20,423,4,18,,,00005garden,,25,0,1
SHAM,0.04,00005garden|424|1|20,423,4,19,,,00005garden,,25,0,1
SHAM,0.041666666666666664,00005garden|424|1|20,423,4,20,,,00005garden,,24,0,1
C2b-INJECTION,0.041666666666666664,00005garden|424|1|20,423,4,1,,,00005garden,,24,0,1
C2b-INJECTION,0.08695652173913043,00005garden|424|1|20,423,4,2,,,00005garden,,23,0,2
C2b-INJECTION,0.045454545454545456,00005garden|424|1|20,423,4,3,,,00005garden,,22,0,1
C2b-INJECTION,0.043478260869565216,00005garden|424|1|20,423,4,4,,,00005garden,,23,0,1
C2b-INJECTION,0.09090909090909091,00005garden|424|1|20,423,4,5,,,00005garden,,22,0,2
C2b-INJECTION,0.045454545454545456,00005garden|424|1|20,423,4,6,,,00005garden,,22,0,1
C2b-INJECTION,0.13043478260869565,00005garden|424|1|20,423,4,7,,,00005garden,,23,0,3
C2b-INJECTION,0.08,00005garden|424|1|20,423,4,8,,,00005garden,,25,0,2
C2b-INJECTION,0.043478260869565216,00005garden|424|1|20,423,4,9,,,00005garden,,23,0,1
C2b-INJECTION,0.08333333333333333,00005garden|424|1|20,423,4,10,,,00005garden,,24,0,2
C2b-INJECTION,0.13043478260869565,00005garden|424|1|20,423,4,11,,,00005garden,,23,0,3
C2b-INJECTION,0.13043478260869565,00005garden|424|1|20,423,4,12,,,00005garden,,23,0,3
C2b-INJECTION,0.125,00005garden|424|1|20,423,4,13,,,00005garden,,24,0,3
C2b-INJECTION,0.125,00005garden|424|1|20,423,4,14,,,00005garden,,24,0,3
C2b-INJECTION,0.13043478260869565,00005garden|424|1|20,423,4,15,,,00005garden,,23,0,3
C2b-INJECTION,0.038461538461538464,00005garden|424|1|20,423,4,16,,,00005garden,,26,0,1
C2b-INJECTION,0.08,00005garden|424|1|20,423,4,17,,,00005garden,,25,0,2
C2b-INJECTION,0.04,00005garden|424|1|20,423,4,18,,,00005garden,,25,0,1
C2b-INJECTION,0.04,00005garden|424|1|20,423,4,19,,,00005garden,,25,0,1
C2b-INJECTION,0.041666666666666664,00005garden|424|1|20,423,4,20,,,00005garden,,24,0,1
_META,,00005garden|424|1|20,423,4,0,omitted_for_runtime,omitted_for_runtime,00005garden,,,0,
SHAM,0.08333333333333333,00005garden|433|1|20,432,11,1,,,00005garden,,24,0,2
SHAM,0.13043478260869565,00005garden|433|1|20,432,11,2,,,00005garden,,23,0,3
SHAM,0.13043478260869565,00005garden|433|1|20,432,11,3,,,00005garden,,23,0,3
SHAM,0.125,00005garden|433|1|20,432,11,4,,,00005garden,,24,0,3
SHAM,0.125,00005garden|433|1|20,432,11,5,,,00005garden,,24,0,3
SHAM,0.13043478260869565,00005garden|433|1|20,432,11,6,,,00005garden,,23,0,3
SHAM,0.038461538461538464,00005garden|433|1|20,432,11,7,,,00005garden,,26,0,1
SHAM,0.08,00005garden|433|1|20,432,11,8,,,00005garden,,25,0,2
SHAM,0.04,00005garden|433|1|20,432,11,9,,,00005garden,,25,0,1
SHAM,0.04,00005garden|433|1|20,432,11,10,,,00005garden,,25,0,1
SHAM,0.041666666666666664,00005garden|433|1|20,432,11,11,,,00005garden,,24,0,1
SHAM,0.16,00005garden|433|1|20,432,11,12,,,00005garden,,25,0,4
SHAM,0.13636363636363635,00005garden|433|1|20,432,11,13,,,00005garden,,22,0,3
SHAM,0.08333333333333333,00005garden|433|1|20,432,11,14,,,00005garden,,24,0,2
SHAM,0.125,00005garden|433|1|20,432,11,15,,,00005garden,,24,0,3
SHAM,0.045454545454545456,00005garden|433|1|20,432,11,16,,,00005garden,,22,0,1
SHAM,0.045454545454545456,00005garden|433|1|20,432,11,17,,,00005garden,,22,0,1
SHAM,0.1,00005garden|433|1|20,432,11,18,,,00005garden,,20,0,2
SHAM,0.047619047619047616,00005garden|433|1|20,432,11,19,,,00005garden,,21,0,1
SHAM,0.09090909090909091,00005garden|433|1|20,432,11,20,,,00005garden,,22,0,2
C2b-INJECTION,0.08333333333333333,00005garden|433|1|20,432,11,1,,,00005garden,,24,0,2
C2b-INJECTION,0.13043478260869565,00005garden|433|1|20,432,11,2,,,00005garden,,23,0,3
C2b-INJECTION,0.13043478260869565,00005garden|433|1|20,432,11,3,,,00005garden,,23,0,3
C2b-INJECTION,0.125,00005garden|433|1|20,432,11,4,,,00005garden,,24,0,3
C2b-INJECTION,0.13043478260869565,00005garden|433|1|20,432,11,5,,,00005garden,,23,0,3
C2b-INJECTION,0.13043478260869565,00005garden|433|1|20,432,11,6,,,00005garden,,23,0,3
C2b-INJECTION,0.038461538461538464,00005garden|433|1|20,432,11,7,,,00005garden,,26,0,1
C2b-INJECTION,0.08,00005garden|433|1|20,432,11,8,,,00005garden,,25,0,2
C2b-INJECTION,0.04,00005garden|433|1|20,432,11,9,,,00005garden,,25,0,1
C2b-INJECTION,0.04,00005garden|433|1|20,432,11,10,,,00005garden,,25,0,1
C2b-INJECTION,0.04,00005garden|433|1|20,432,11,11,,,00005garden,,25,0,1
C2b-INJECTION,0.16,00005garden|433|1|20,432,11,12,,,00005garden,,25,0,4
C2b-INJECTION,0.13636363636363635,00005garden|433|1|20,432,11,13,,,00005garden,,22,0,3
C2b-INJECTION,0.08333333333333333,00005garden|433|1|20,432,11,14,,,00005garden,,24,0,2
C2b-INJECTION,0.125,00005garden|433|1|20,432,11,15,,,00005garden,,24,0,3
C2b-INJECTION,0.045454545454545456,00005garden|433|1|20,432,11,16,,,00005garden,,22,0,1
C2b-INJECTION,0.045454545454545456,00005garden|433|1|20,432,11,17,,,00005garden,,22,0,1
C2b-INJECTION,0.1,00005garden|433|1|20,432,11,18,,,00005garden,,20,0,2
C2b-INJECTION,0.05,00005garden|433|1|20,432,11,19,,,00005garden,,20,0,1
C2b-INJECTION,0.09090909090909091,00005garden|433|1|20,432,11,20,,,00005garden,,22,0,2
_META,,00005garden|433|1|20,432,11,0,omitted_for_runtime,omitted_for_runtime,00005garden,,,0,
SHAM,0.047619047619047616,00005garden|453|1|3,452,1,1,,,00005garden,,21,0,1
SHAM,0.09090909090909091,00005garden|453|1|3,452,1,2,,,00005garden,,22,0,2
SHAM,0.09090909090909091,00005garden|453|1|3,452,1,3,,,00005garden,,22,0,2
SHAM,0.1,00005garden|453|1|3,452,1,4,,,00005garden,,20,0,2
SHAM,0.05,00005garden|453|1|3,452,1,5,,,00005garden,,20,0,1
SHAM,0.14285714285714285,00005garden|453|1|3,452,1,6,,,00005garden,,21,0,3
SHAM,0.09523809523809523,00005garden|453|1|3,452,1,7,,,00005garden,,21,0,2
SHAM,0.09523809523809523,00005garden|453|1|3,452,1,8,,,00005garden,,21,0,2
SHAM,0.1,00005garden|453|1|3,452,1,9,,,00005garden,,20,0,2
SHAM,0.05,00005garden|453|1|3,452,1,10,,,00005garden,,20,0,1
SHAM,0.05263157894736842,00005garden|453|1|3,452,1,11,,,00005garden,,19,0,1
SHAM,0.05,00005garden|453|1|3,452,1,12,,,00005garden,,20,0,1
SHAM,0.10526315789473684,00005garden|453|1|3,452,1,13,,,00005garden,,19,0,2
SHAM,0.05263157894736842,00005garden|453|1|3,452,1,14,,,00005garden,,19,0,1
SHAM,0.05,00005garden|453|1|3,452,1,15,,,00005garden,,20,0,1
SHAM,0.05,00005garden|453|1|3,452,1,16,,,00005garden,,20,0,1
SHAM,0.09523809523809523,00005garden|453|1|3,452,1,17,,,00005garden,,21,0,2
SHAM,0.13636363636363635,00005garden|453|1|3,452,1,18,,,00005garden,,22,0,3
SHAM,0.047619047619047616,00005garden|453|1|3,452,1,19,,,00005garden,,21,0,1
SHAM,0.045454545454545456,00005garden|453|1|3,452,1,20,,,00005garden,,22,0,1
C2b-INJECTION,0.047619047619047616,00005garden|453|1|3,452,1,1,,,00005garden,,21,0,1
C2b-INJECTION,0.09090909090909091,00005garden|453|1|3,452,1,2,,,00005garden,,22,0,2
C2b-INJECTION,0.09090909090909091,00005garden|453|1|3,452,1,3,,,00005garden,,22,0,2
C2b-INJECTION,0.1,00005garden|453|1|3,452,1,4,,,00005garden,,20,0,2
C2b-INJECTION,0.05,00005garden|453|1|3,452,1,5,,,00005garden,,20,0,1
C2b-INJECTION,0.14285714285714285,00005garden|453|1|3,452,1,6,,,00005garden,,21,0,3
C2b-INJECTION,0.09523809523809523,00005garden|453|1|3,452,1,7,,,00005garden,,21,0,2
C2b-INJECTION,0.09523809523809523,00005garden|453|1|3,452,1,8,,,00005garden,,21,0,2
C2b-INJECTION,0.1,00005garden|453|1|3,452,1,9,,,00005garden,,20,0,2
C2b-INJECTION,0.05,00005garden|453|1|3,452,1,10,,,00005garden,,20,0,1
C2b-INJECTION,0.05263157894736842,00005garden|453|1|3,452,1,11,,,00005garden,,19,0,1
C2b-INJECTION,0.05,00005garden|453|1|3,452,1,12,,,00005garden,,20,0,1
C2b-INJECTION,0.10526315789473684,00005garden|453|1|3,452,1,13,,,00005garden,,19,0,2
C2b-INJECTION,0.05263157894736842,00005garden|453|1|3,452,1,14,,,00005garden,,19,0,1
C2b-INJECTION,0.05,00005garden|453|1|3,452,1,15,,,00005garden,,20,0,1
C2b-INJECTION,0.05,00005garden|453|1|3,452,1,16,,,00005garden,,20,0,1
C2b-INJECTION,0.09523809523809523,00005garden|453|1|3,452,1,17,,,00005garden,,21,0,2
C2b-INJECTION,0.13636363636363635,00005garden|453|1|3,452,1,18,,,00005garden,,22,0,3
C2b-INJECTION,0.047619047619047616,00005garden|453|1|3,452,1,19,,,00005garden,,21,0,1
C2b-INJECTION,0.045454545454545456,00005garden|453|1|3,452,1,20,,,00005garden,,22,0,1
_META,,00005garden|453|1|3,452,1,0,omitted_for_runtime,omitted_for_runtime,00005garden,,,0,
SHAM,0.047619047619047616,00005garden|453|1|4,452,10,1,,,00005garden,,21,0,1
SHAM,0.09090909090909091,00005garden|453|1|4,452,10,2,,,00005garden,,22,0,2
SHAM,0.09090909090909091,00005garden|453|1|4,452,10,3,,,00005garden,,22,0,2
SHAM,0.1,00005garden|453|1|4,452,10,4,,,00005garden,,20,0,2
SHAM,0.05,00005garden|453|1|4,452,10,5,,,00005garden,,20,0,1
SHAM,0.14285714285714285,00005garden|453|1|4,452,10,6,,,00005garden,,21,0,3
SHAM,0.09523809523809523,00005garden|453|1|4,452,10,7,,,00005garden,,21,0,2
SHAM,0.09523809523809523,00005garden|453|1|4,452,10,8,,,00005garden,,21,0,2
SHAM,0.1,00005garden|453|1|4,452,10,9,,,00005garden,,20,0,2
SHAM,0.05,00005garden|453|1|4,452,10,10,,,00005garden,,20,0,1
SHAM,0.05263157894736842,00005garden|453|1|4,452,10,11,,,00005garden,,19,0,1
SHAM,0.05,00005garden|453|1|4,452,10,12,,,00005garden,,20,0,1
SHAM,0.10526315789473684,00005garden|453|1|4,452,10,13,,,00005garden,,19,0,2
SHAM,0.05263157894736842,00005garden|453|1|4,452,10,14,,,00005garden,,19,0,1
SHAM,0.05,00005garden|453|1|4,452,10,15,,,00005garden,,20,0,1
SHAM,0.05,00005garden|453|1|4,452,10,16,,,00005garden,,20,0,1
SHAM,0.09523809523809523,00005garden|453|1|4,452,10,17,,,00005garden,,21,0,2
SHAM,0.13636363636363635,00005garden|453|1|4,452,10,18,,,00005garden,,22,0,3
SHAM,0.047619047619047616,00005garden|453|1|4,452,10,19,,,00005garden,,21,0,1
SHAM,0.045454545454545456,00005garden|453|1|4,452,10,20,,,00005garden,,22,0,1
C2b-INJECTION,0.047619047619047616,00005garden|453|1|4,452,10,1,,,00005garden,,21,0,1
C2b-INJECTION,0.09523809523809523,00005garden|453|1|4,452,10,2,,,00005garden,,21,0,2
C2b-INJECTION,0.09090909090909091,00005garden|453|1|4,452,10,3,,,00005garden,,22,0,2
C2b-INJECTION,0.1,00005garden|453|1|4,452,10,4,,,00005garden,,20,0,2
C2b-INJECTION,0.05,00005garden|453|1|4,452,10,5,,,00005garden,,20,0,1
C2b-INJECTION,0.14285714285714285,00005garden|453|1|4,452,10,6,,,00005garden,,21,0,3
C2b-INJECTION,0.09523809523809523,00005garden|453|1|4,452,10,7,,,00005garden,,21,0,2
C2b-INJECTION,0.09523809523809523,00005garden|453|1|4,452,10,8,,,00005garden,,21,0,2
C2b-INJECTION,0.1,00005garden|453|1|4,452,10,9,,,00005garden,,20,0,2
C2b-INJECTION,0.05,00005garden|453|1|4,452,10,10,,,00005garden,,20,0,1
C2b-INJECTION,0.05263157894736842,00005garden|453|1|4,452,10,11,,,00005garden,,19,0,1
C2b-INJECTION,0.05,00005garden|453|1|4,452,10,12,,,00005garden,,20,0,1
C2b-INJECTION,0.10526315789473684,00005garden|453|1|4,452,10,13,,,00005garden,,19,0,2
C2b-INJECTION,0.05,00005garden|453|1|4,452,10,14,,,00005garden,,20,0,1
C2b-INJECTION,0.05,00005garden|453|1|4,452,10,15,,,00005garden,,20,0,1
C2b-INJECTION,0.05,00005garden|453|1|4,452,10,16,,,00005garden,,20,0,1
C2b-INJECTION,0.09523809523809523,00005garden|453|1|4,452,10,17,,,00005garden,,21,0,2
C2b-INJECTION,0.13636363636363635,00005garden|453|1|4,452,10,18,,,00005garden,,22,0,3
C2b-INJECTION,0.047619047619047616,00005garden|453|1|4,452,10,19,,,00005garden,,21,0,1
C2b-INJECTION,0.045454545454545456,00005garden|453|1|4,452,10,20,,,00005garden,,22,0,1
_META,,00005garden|453|1|4,452,10,0,omitted_for_runtime,omitted_for_runtime,00005garden,,,0,
SHAM,0.047619047619047616,00005garden|453|1|7,452,6,1,,,00005garden,,21,0,1
SHAM,0.09090909090909091,00005garden|453|1|7,452,6,2,,,00005garden,,22,0,2
SHAM,0.09090909090909091,00005garden|453|1|7,452,6,3,,,00005garden,,22,0,2
SHAM,0.1,00005garden|453|1|7,452,6,4,,,00005garden,,20,0,2
SHAM,0.05,00005garden|453|1|7,452,6,5,,,00005garden,,20,0,1
SHAM,0.14285714285714285,00005garden|453|1|7,452,6,6,,,00005garden,,21,0,3
SHAM,0.09523809523809523,00005garden|453|1|7,452,6,7,,,00005garden,,21,0,2
SHAM,0.09523809523809523,00005garden|453|1|7,452,6,8,,,00005garden,,21,0,2
SHAM,0.1,00005garden|453|1|7,452,6,9,,,00005garden,,20,0,2
SHAM,0.05,00005garden|453|1|7,452,6,10,,,00005garden,,20,0,1
SHAM,0.05263157894736842,00005garden|453|1|7,452,6,11,,,00005garden,,19,0,1
SHAM,0.05,00005garden|453|1|7,452,6,12,,,00005garden,,20,0,1
SHAM,0.10526315789473684,00005garden|453|1|7,452,6,13,,,00005garden,,19,0,2
SHAM,0.05263157894736842,00005garden|453|1|7,452,6,14,,,00005garden,,19,0,1
SHAM,0.05,00005garden|453|1|7,452,6,15,,,00005garden,,20,0,1
SHAM,0.05,00005garden|453|1|7,452,6,16,,,00005garden,,20,0,1
SHAM,0.09523809523809523,00005garden|453|1|7,452,6,17,,,00005garden,,21,0,2
SHAM,0.13636363636363635,00005garden|453|1|7,452,6,18,,,00005garden,,22,0,3
SHAM,0.047619047619047616,00005garden|453|1|7,452,6,19,,,00005garden,,21,0,1
SHAM,0.045454545454545456,00005garden|453|1|7,452,6,20,,,00005garden,,22,0,1
C2b-INJECTION,0.047619047619047616,00005garden|453|1|7,452,6,1,,,00005garden,,21,0,1
C2b-INJECTION,0.09090909090909091,00005garden|453|1|7,452,6,2,,,00005garden,,22,0,2
C2b-INJECTION,0.09090909090909091,00005garden|453|1|7,452,6,3,,,00005garden,,22,0,2
C2b-INJECTION,0.1,00005garden|453|1|7,452,6,4,,,00005garden,,20,0,2
C2b-INJECTION,0.05,00005garden|453|1|7,452,6,5,,,00005garden,,20,0,1
C2b-INJECTION,0.14285714285714285,00005garden|453|1|7,452,6,6,,,00005garden,,21,0,3
C2b-INJECTION,0.09523809523809523,00005garden|453|1|7,452,6,7,,,00005garden,,21,0,2
C2b-INJECTION,0.09523809523809523,00005garden|453|1|7,452,6,8,,,00005garden,,21,0,2
C2b-INJECTION,0.1,00005garden|453|1|7,452,6,9,,,00005garden,,20,0,2
C2b-INJECTION,0.05,00005garden|453|1|7,452,6,10,,,00005garden,,20,0,1
C2b-INJECTION,0.05263157894736842,00005garden|453|1|7,452,6,11,,,00005garden,,19,0,1
C2b-INJECTION,0.05,00005garden|453|1|7,452,6,12,,,00005garden,,20,0,1
C2b-INJECTION,0.10526315789473684,00005garden|453|1|7,452,6,13,,,00005garden,,19,0,2
C2b-INJECTION,0.05263157894736842,00005garden|453|1|7,452,6,14,,,00005garden,,19,0,1
C2b-INJECTION,0.05,00005garden|453|1|7,452,6,15,,,00005garden,,20,0,1
C2b-INJECTION,0.05,00005garden|453|1|7,452,6,16,,,00005garden,,20,0,1
C2b-INJECTION,0.09523809523809523,00005garden|453|1|7,452,6,17,,,00005garden,,21,0,2
C2b-INJECTION,0.13636363636363635,00005garden|453|1|7,452,6,18,,,00005garden,,22,0,3
C2b-INJECTION,0.047619047619047616,00005garden|453|1|7,452,6,19,,,00005garden,,21,0,1
C2b-INJECTION,0.045454545454545456,00005garden|453|1|7,452,6,20,,,00005garden,,22,0,1
_META,,00005garden|453|1|7,452,6,0,omitted_for_runtime,omitted_for_runtime,00005garden,,,0,
SHAM,0.047619047619047616,00005garden|453|1|8,452,18,1,,,00005garden,,21,0,1
SHAM,0.09090909090909091,00005garden|453|1|8,452,18,2,,,00005garden,,22,0,2
SHAM,0.09090909090909091,00005garden|453|1|8,452,18,3,,,00005garden,,22,0,2
SHAM,0.1,00005garden|453|1|8,452,18,4,,,00005garden,,20,0,2
SHAM,0.05,00005garden|453|1|8,452,18,5,,,00005garden,,20,0,1
SHAM,0.14285714285714285,00005garden|453|1|8,452,18,6,,,00005garden,,21,0,3
SHAM,0.09523809523809523,00005garden|453|1|8,452,18,7,,,00005garden,,21,0,2
SHAM,0.09523809523809523,00005garden|453|1|8,452,18,8,,,00005garden,,21,0,2
SHAM,0.1,00005garden|453|1|8,452,18,9,,,00005garden,,20,0,2
SHAM,0.05,00005garden|453|1|8,452,18,10,,,00005garden,,20,0,1
SHAM,0.05263157894736842,00005garden|453|1|8,452,18,11,,,00005garden,,19,0,1
SHAM,0.05,00005garden|453|1|8,452,18,12,,,00005garden,,20,0,1
SHAM,0.10526315789473684,00005garden|453|1|8,452,18,13,,,00005garden,,19,0,2
SHAM,0.05263157894736842,00005garden|453|1|8,452,18,14,,,00005garden,,19,0,1
SHAM,0.05,00005garden|453|1|8,452,18,15,,,00005garden,,20,0,1
SHAM,0.05,00005garden|453|1|8,452,18,16,,,00005garden,,20,0,1
SHAM,0.09523809523809523,00005garden|453|1|8,452,18,17,,,00005garden,,21,0,2
SHAM,0.13636363636363635,00005garden|453|1|8,452,18,18,,,00005garden,,22,0,3
SHAM,0.047619047619047616,00005garden|453|1|8,452,18,19,,,00005garden,,21,0,1
SHAM,0.045454545454545456,00005garden|453|1|8,452,18,20,,,00005garden,,22,0,1
C2b-INJECTION,0.047619047619047616,00005garden|453|1|8,452,18,1,,,00005garden,,21,0,1
C2b-INJECTION,0.09090909090909091,00005garden|453|1|8,452,18,2,,,00005garden,,22,0,2
C2b-INJECTION,0.09090909090909091,00005garden|453|1|8,452,18,3,,,00005garden,,22,0,2
C2b-INJECTION,0.1,00005garden|453|1|8,452,18,4,,,00005garden,,20,0,2
C2b-INJECTION,0.05,00005garden|453|1|8,452,18,5,,,00005garden,,20,0,1
C2b-INJECTION,0.14285714285714285,00005garden|453|1|8,452,18,6,,,00005garden,,21,0,3
C2b-INJECTION,0.09523809523809523,00005garden|453|1|8,452,18,7,,,00005garden,,21,0,2
C2b-INJECTION,0.09523809523809523,00005garden|453|1|8,452,18,8,,,00005garden,,21,0,2
C2b-INJECTION,0.1,00005garden|453|1|8,452,18,9,,,00005garden,,20,0,2
C2b-INJECTION,0.05,00005garden|453|1|8,452,18,10,,,00005garden,,20,0,1
C2b-INJECTION,0.05263157894736842,00005garden|453|1|8,452,18,11,,,00005garden,,19,0,1
C2b-INJECTION,0.05,00005garden|453|1|8,452,18,12,,,00005garden,,20,0,1
C2b-INJECTION,0.10526315789473684,00005garden|453|1|8,452,18,13,,,00005garden,,19,0,2
C2b-INJECTION,0.05263157894736842,00005garden|453|1|8,452,18,14,,,00005garden,,19,0,1
C2b-INJECTION,0.05,00005garden|453|1|8,452,18,15,,,00005garden,,20,0,1
C2b-INJECTION,0.05,00005garden|453|1|8,452,18,16,,,00005garden,,20,0,1
C2b-INJECTION,0.09523809523809523,00005garden|453|1|8,452,18,17,,,00005garden,,21,0,2
C2b-INJECTION,0.13636363636363635,00005garden|453|1|8,452,18,18,,,00005garden,,22,0,3
C2b-INJECTION,0.047619047619047616,00005garden|453|1|8,452,18,19,,,00005garden,,21,0,1
C2b-INJECTION,0.045454545454545456,00005garden|453|1|8,452,18,20,,,00005garden,,22,0,1
_META,,00005garden|453|1|8,452,18,0,omitted_for_runtime,omitted_for_runtime,00005garden,,,0,
SHAM,0.09090909090909091,00005garden|455|1|10,454,13,1,,,00005garden,,22,0,2
SHAM,0.1,00005garden|455|1|10,454,13,2,,,00005garden,,20,0,2
SHAM,0.05,00005garden|455|1|10,454,13,3,,,00005garden,,20,0,1
SHAM,0.14285714285714285,00005garden|455|1|10,454,13,4,,,00005garden,,21,0,3
SHAM,0.09523809523809523,00005garden|455|1|10,454,13,5,,,00005garden,,21,0,2
SHAM,0.09523809523809523,00005garden|455|1|10,454,13,6,,,00005garden,,21,0,2
SHAM,0.1,00005garden|455|1|10,454,13,7,,,00005garden,,20,0,2
SHAM,0.05,00005garden|455|1|10,454,13,8,,,00005garden,,20,0,1
SHAM,0.05263157894736842,00005garden|455|1|10,454,13,9,,,00005garden,,19,0,1
SHAM,0.05,00005garden|455|1|10,454,13,10,,,00005garden,,20,0,1
SHAM,0.10526315789473684,00005garden|455|1|10,454,13,11,,,00005garden,,19,0,2
SHAM,0.05263157894736842,00005garden|455|1|10,454,13,12,,,00005garden,,19,0,1
SHAM,0.05,00005garden|455|1|10,454,13,13,,,00005garden,,20,0,1
SHAM,0.05,00005garden|455|1|10,454,13,14,,,00005garden,,20,0,1
SHAM,0.09523809523809523,00005garden|455|1|10,454,13,15,,,00005garden,,21,0,2
SHAM,0.13636363636363635,00005garden|455|1|10,454,13,16,,,00005garden,,22,0,3
SHAM,0.047619047619047616,00005garden|455|1|10,454,13,17,,,00005garden,,21,0,1
SHAM,0.045454545454545456,00005garden|455|1|10,454,13,18,,,00005garden,,22,0,1
SHAM,0.047619047619047616,00005garden|455|1|10,454,13,19,,,00005garden,,21,0,1
SHAM,0.045454545454545456,00005garden|455|1|10,454,13,20,,,00005garden,,22,0,1
C2b-INJECTION,0.09090909090909091,00005garden|455|1|10,454,13,1,,,00005garden,,22,0,2
C2b-INJECTION,0.1,00005garden|455|1|10,454,13,2,,,00005garden,,20,0,2
C2b-INJECTION,0.05,00005garden|455|1|10,454,13,3,,,00005garden,,20,0,1
C2b-INJECTION,0.15,00005garden|455|1|10,454,13,4,,,00005garden,,20,0,3
C2b-INJECTION,0.09523809523809523,00005garden|455|1|10,454,13,5,,,00005garden,,21,0,2
C2b-INJECTION,0.09523809523809523,00005garden|455|1|10,454,13,6,,,00005garden,,21,0,2
C2b-INJECTION,0.1,00005garden|455|1|10,454,13,7,,,00005garden,,20,0,2
C2b-INJECTION,0.05,00005garden|455|1|10,454,13,8,,,00005garden,,20,0,1
C2b-INJECTION,0.05263157894736842,00005garden|455|1|10,454,13,9,,,00005garden,,19,0,1
C2b-INJECTION,0.05,00005garden|455|1|10,454,13,10,,,00005garden,,20,0,1
C2b-INJECTION,0.05263157894736842,00005garden|455|1|10,454,13,11,,,00005garden,,19,0,1
C2b-INJECTION,0.05,00005garden|455|1|10,454,13,12,,,00005garden,,20,0,1
C2b-INJECTION,0.05,00005garden|455|1|10,454,13,13,,,00005garden,,20,0,1
C2b-INJECTION,0.05,00005garden|455|1|10,454,13,14,,,00005garden,,20,0,1
C2b-INJECTION,0.09523809523809523,00005garden|455|1|10,454,13,15,,,00005garden,,21,0,2
C2b-INJECTION,0.13636363636363635,00005garden|455|1|10,454,13,16,,,00005garden,,22,0,3
C2b-INJECTION,0.047619047619047616,00005garden|455|1|10,454,13,17,,,00005garden,,21,0,1
C2b-INJECTION,0.045454545454545456,00005garden|455|1|10,454,13,18,,,00005garden,,22,0,1
C2b-INJECTION,0.047619047619047616,00005garden|455|1|10,454,13,19,,,00005garden,,21,0,1
C2b-INJECTION,0.045454545454545456,00005garden|455|1|10,454,13,20,,,00005garden,,22,0,1
_META,,00005garden|455|1|10,454,13,0,omitted_for_runtime,omitted_for_runtime,00005garden,,,0,
SHAM,0.09090909090909091,00005garden|455|1|7,454,3,1,,,00005garden,,22,0,2
SHAM,0.1,00005garden|455|1|7,454,3,2,,,00005garden,,20,0,2
SHAM,0.05,00005garden|455|1|7,454,3,3,,,00005garden,,20,0,1
SHAM,0.14285714285714285,00005garden|455|1|7,454,3,4,,,00005garden,,21,0,3
SHAM,0.09523809523809523,00005garden|455|1|7,454,3,5,,,00005garden,,21,0,2
SHAM,0.09523809523809523,00005garden|455|1|7,454,3,6,,,00005garden,,21,0,2
SHAM,0.1,00005garden|455|1|7,454,3,7,,,00005garden,,20,0,2
SHAM,0.05,00005garden|455|1|7,454,3,8,,,00005garden,,20,0,1
SHAM,0.05263157894736842,00005garden|455|1|7,454,3,9,,,00005garden,,19,0,1
SHAM,0.05,00005garden|455|1|7,454,3,10,,,00005garden,,20,0,1
SHAM,0.10526315789473684,00005garden|455|1|7,454,3,11,,,00005garden,,19,0,2
SHAM,0.05263157894736842,00005garden|455|1|7,454,3,12,,,00005garden,,19,0,1
SHAM,0.05,00005garden|455|1|7,454,3,13,,,00005garden,,20,0,1
SHAM,0.05,00005garden|455|1|7,454,3,14,,,00005garden,,20,0,1
SHAM,0.09523809523809523,00005garden|455|1|7,454,3,15,,,00005garden,,21,0,2
SHAM,0.13636363636363635,00005garden|455|1|7,454,3,16,,,00005garden,,22,0,3
SHAM,0.047619047619047616,00005garden|455|1|7,454,3,17,,,00005garden,,21,0,1
SHAM,0.045454545454545456,00005garden|455|1|7,454,3,18,,,00005garden,,22,0,1
SHAM,0.047619047619047616,00005garden|455|1|7,454,3,19,,,00005garden,,21,0,1
SHAM,0.045454545454545456,00005garden|455|1|7,454,3,20,,,00005garden,,22,0,1
C2b-INJECTION,0.09090909090909091,00005garden|455|1|7,454,3,1,,,00005garden,,22,0,2
C2b-INJECTION,0.1,00005garden|455|1|7,454,3,2,,,00005garden,,20,0,2
C2b-INJECTION,0.05,00005garden|455|1|7,454,3,3,,,00005garden,,20,0,1
C2b-INJECTION,0.14285714285714285,00005garden|455|1|7,454,3,4,,,00005garden,,21,0,3
C2b-INJECTION,0.09523809523809523,00005garden|455|1|7,454,3,5,,,00005garden,,21,0,2
C2b-INJECTION,0.09523809523809523,00005garden|455|1|7,454,3,6,,,00005garden,,21,0,2
C2b-INJECTION,0.1,00005garden|455|1|7,454,3,7,,,00005garden,,20,0,2
C2b-INJECTION,0.05,00005garden|455|1|7,454,3,8,,,00005garden,,20,0,1
C2b-INJECTION,0.05263157894736842,00005garden|455|1|7,454,3,9,,,00005garden,,19,0,1
C2b-INJECTION,0.05,00005garden|455|1|7,454,3,10,,,00005garden,,20,0,1
C2b-INJECTION,0.10526315789473684,00005garden|455|1|7,454,3,11,,,00005garden,,19,0,2
C2b-INJECTION,0.05263157894736842,00005garden|455|1|7,454,3,12,,,00005garden,,19,0,1
C2b-INJECTION,0.05,00005garden|455|1|7,454,3,13,,,00005garden,,20,0,1
C2b-INJECTION,0.05,00005garden|455|1|7,454,3,14,,,00005garden,,20,0,1
C2b-INJECTION,0.09523809523809523,00005garden|455|1|7,454,3,15,,,00005garden,,21,0,2
C2b-INJECTION,0.13636363636363635,00005garden|455|1|7,454,3,16,,,00005garden,,22,0,3
C2b-INJECTION,0.047619047619047616,00005garden|455|1|7,454,3,17,,,00005garden,,21,0,1
C2b-INJECTION,0.045454545454545456,00005garden|455|1|7,454,3,18,,,00005garden,,22,0,1
C2b-INJECTION,0.047619047619047616,00005garden|455|1|7,454,3,19,,,00005garden,,21,0,1
C2b-INJECTION,0.045454545454545456,00005garden|455|1|7,454,3,20,,,00005garden,,22,0,1
_META,,00005garden|455|1|7,454,3,0,omitted_for_runtime,omitted_for_runtime,00005garden,,,0,
SHAM,0.13636363636363635,00005garden|470|1|19,469,4,1,,,00005garden,,22,0,3
SHAM,0.047619047619047616,00005garden|470|1|19,469,4,2,,,00005garden,,21,0,1
SHAM,0.045454545454545456,00005garden|470|1|19,469,4,3,,,00005garden,,22,0,1
SHAM,0.047619047619047616,00005garden|470|1|19,469,4,4,,,00005garden,,21,0,1
SHAM,0.045454545454545456,00005garden|470|1|19,469,4,5,,,00005garden,,22,0,1
SHAM,0.045454545454545456,00005garden|470|1|19,469,4,6,,,00005garden,,22,0,1
SHAM,0.047619047619047616,00005garden|470|1|19,469,4,7,,,00005garden,,21,0,1
SHAM,0.047619047619047616,00005garden|470|1|19,469,4,8,,,00005garden,,21,0,1
SHAM,0.045454545454545456,00005garden|470|1|19,469,4,9,,,00005garden,,22,0,1
SHAM,0.13636363636363635,00005garden|470|1|19,469,4,10,,,00005garden,,22,0,3
SHAM,0.045454545454545456,00005garden|470|1|19,469,4,11,,,00005garden,,22,0,1
SHAM,0.043478260869565216,00005garden|470|1|19,469,4,12,,,00005garden,,23,0,1
SHAM,0.043478260869565216,00005garden|470|1|19,469,4,13,,,00005garden,,23,0,1
SHAM,0.045454545454545456,00005garden|470|1|19,469,4,14,,,00005garden,,22,0,1
SHAM,0.047619047619047616,00005garden|470|1|19,469,4,15,,,00005garden,,21,0,1
SHAM,0.045454545454545456,00005garden|470|1|19,469,4,16,,,00005garden,,22,0,1
SHAM,0.043478260869565216,00005garden|470|1|19,469,4,17,,,00005garden,,23,0,1
SHAM,0.045454545454545456,00005garden|470|1|19,469,4,18,,,00005garden,,22,0,1
SHAM,0.045454545454545456,00005garden|470|1|19,469,4,19,,,00005garden,,22,0,1
SHAM,0.045454545454545456,00005garden|470|1|19,469,4,20,,,00005garden,,22,0,1
C2b-INJECTION,0.13636363636363635,00005garden|470|1|19,469,4,1,,,00005garden,,22,0,3
C2b-INJECTION,0.047619047619047616,00005garden|470|1|19,469,4,2,,,00005garden,,21,0,1
C2b-INJECTION,0.045454545454545456,00005garden|470|1|19,469,4,3,,,00005garden,,22,0,1
C2b-INJECTION,0.047619047619047616,00005garden|470|1|19,469,4,4,,,00005garden,,21,0,1
C2b-INJECTION,0.045454545454545456,00005garden|470|1|19,469,4,5,,,00005garden,,22,0,1
C2b-INJECTION,0.045454545454545456,00005garden|470|1|19,469,4,6,,,00005garden,,22,0,1
C2b-INJECTION,0.047619047619047616,00005garden|470|1|19,469,4,7,,,00005garden,,21,0,1
C2b-INJECTION,0.047619047619047616,00005garden|470|1|19,469,4,8,,,00005garden,,21,0,1
C2b-INJECTION,0.045454545454545456,00005garden|470|1|19,469,4,9,,,00005garden,,22,0,1
C2b-INJECTION,0.13636363636363635,00005garden|470|1|19,469,4,10,,,00005garden,,22,0,3
C2b-INJECTION,0.045454545454545456,00005garden|470|1|19,469,4,11,,,00005garden,,22,0,1
C2b-INJECTION,0.043478260869565216,00005garden|470|1|19,469,4,12,,,00005garden,,23,0,1
C2b-INJECTION,0.043478260869565216,00005garden|470|1|19,469,4,13,,,00005garden,,23,0,1
C2b-INJECTION,0.045454545454545456,00005garden|470|1|19,469,4,14,,,00005garden,,22,0,1
C2b-INJECTION,0.047619047619047616,00005garden|470|1|19,469,4,15,,,00005garden,,21,0,1
C2b-INJECTION,0.045454545454545456,00005garden|470|1|19,469,4,16,,,00005garden,,22,0,1
C2b-INJECTION,0.043478260869565216,00005garden|470|1|19,469,4,17,,,00005garden,,23,0,1
C2b-INJECTION,0.045454545454545456,00005garden|470|1|19,469,4,18,,,00005garden,,22,0,1
C2b-INJECTION,0.045454545454545456,00005garden|470|1|19,469,4,19,,,00005garden,,22,0,1
C2b-INJECTION,0.045454545454545456,00005garden|470|1|19,469,4,20,,,00005garden,,22,0,1
_META,,00005garden|470|1|19,469,4,0,omitted_for_runtime,omitted_for_runtime,00005garden,,,0,
SHAM,0.045454545454545456,00005garden|474|1|19,473,11,1,,,00005garden,,22,0,1
SHAM,0.045454545454545456,00005garden|474|1|19,473,11,2,,,00005garden,,22,0,1
SHAM,0.047619047619047616,00005garden|474|1|19,473,11,3,,,00005garden,,21,0,1
SHAM,0.047619047619047616,00005garden|474|1|19,473,11,4,,,00005garden,,21,0,1
SHAM,0.045454545454545456,00005garden|474|1|19,473,11,5,,,00005garden,,22,0,1
SHAM,0.13636363636363635,00005garden|474|1|19,473,11,6,,,00005garden,,22,0,3
SHAM,0.045454545454545456,00005garden|474|1|19,473,11,7,,,00005garden,,22,0,1
SHAM,0.043478260869565216,00005garden|474|1|19,473,11,8,,,00005garden,,23,0,1
SHAM,0.043478260869565216,00005garden|474|1|19,473,11,9,,,00005garden,,23,0,1
SHAM,0.045454545454545456,00005garden|474|1|19,473,11,10,,,00005garden,,22,0,1
SHAM,0.047619047619047616,00005garden|474|1|19,473,11,11,,,00005garden,,21,0,1
SHAM,0.045454545454545456,00005garden|474|1|19,473,11,12,,,00005garden,,22,0,1
SHAM,0.043478260869565216,00005garden|474|1|19,473,11,13,,,00005garden,,23,0,1
SHAM,0.045454545454545456,00005garden|474|1|19,473,11,14,,,00005garden,,22,0,1
SHAM,0.045454545454545456,00005garden|474|1|19,473,11,15,,,00005garden,,22,0,1
SHAM,0.045454545454545456,00005garden|474|1|19,473,11,16,,,00005garden,,22,0,1
SHAM,0.045454545454545456,00005garden|474|1|19,473,11,17,,,00005garden,,22,0,1
SHAM,0.045454545454545456,00005garden|474|1|19,473,11,18,,,00005garden,,22,0,1
SHAM,0.047619047619047616,00005garden|474|1|19,473,11,19,,,00005garden,,21,0,1
SHAM,0.045454545454545456,00005garden|474|1|19,473,11,20,,,00005garden,,22,0,1
C2b-INJECTION,0.045454545454545456,00005garden|474|1|19,473,11,1,,,00005garden,,22,0,1
C2b-INJECTION,0.045454545454545456,00005garden|474|1|19,473,11,2,,,00005garden,,22,0,1
C2b-INJECTION,0.047619047619047616,00005garden|474|1|19,473,11,3,,,00005garden,,21,0,1
C2b-INJECTION,0.05,00005garden|474|1|19,473,11,4,,,00005garden,,20,0,1
C2b-INJECTION,0.047619047619047616,00005garden|474|1|19,473,11,5,,,00005garden,,21,0,1
C2b-INJECTION,0.09523809523809523,00005garden|474|1|19,473,11,6,,,00005garden,,21,0,2
C2b-INJECTION,0.045454545454545456,00005garden|474|1|19,473,11,7,,,00005garden,,22,0,1
C2b-INJECTION,0.043478260869565216,00005garden|474|1|19,473,11,8,,,00005garden,,23,0,1
C2b-INJECTION,0.043478260869565216,00005garden|474|1|19,473,11,9,,,00005garden,,23,0,1
C2b-INJECTION,0.045454545454545456,00005garden|474|1|19,473,11,10,,,00005garden,,22,0,1
C2b-INJECTION,0.047619047619047616,00005garden|474|1|19,473,11,11,,,00005garden,,21,0,1
C2b-INJECTION,0.043478260869565216,00005garden|474|1|19,473,11,12,,,00005garden,,23,0,1
C2b-INJECTION,0.043478260869565216,00005garden|474|1|19,473,11,13,,,00005garden,,23,0,1
C2b-INJECTION,0.047619047619047616,00005garden|474|1|19,473,11,14,,,00005garden,,21,0,1
C2b-INJECTION,0.045454545454545456,00005garden|474|1|19,473,11,15,,,00005garden,,22,0,1
C2b-INJECTION,0.045454545454545456,00005garden|474|1|19,473,11,16,,,00005garden,,22,0,1
C2b-INJECTION,0.045454545454545456,00005garden|474|1|19,473,11,17,,,00005garden,,22,0,1
C2b-INJECTION,0.047619047619047616,00005garden|474|1|19,473,11,18,,,00005garden,,21,0,1
C2b-INJECTION,0.05,00005garden|474|1|19,473,11,19,,,00005garden,,20,0,1
C2b-INJECTION,0.045454545454545456,00005garden|474|1|19,473,11,20,,,00005garden,,22,0,1
_META,,00005garden|474|1|19,473,11,0,omitted_for_runtime,omitted_for_runtime,00005garden,,,0,
SHAM,0.045454545454545456,00005garden|475|1|9,474,24,1,,,00005garden,,22,0,1
SHAM,0.047619047619047616,00005garden|475|1|9,474,24,2,,,00005garden,,21,0,1
SHAM,0.047619047619047616,00005garden|475|1|9,474,24,3,,,00005garden,,21,0,1
SHAM,0.045454545454545456,00005garden|475|1|9,474,24,4,,,00005garden,,22,0,1
SHAM,0.13636363636363635,00005garden|475|1|9,474,24,5,,,00005garden,,22,0,3
SHAM,0.045454545454545456,00005garden|475|1|9,474,24,6,,,00005garden,,22,0,1
SHAM,0.043478260869565216,00005garden|475|1|9,474,24,7,,,00005garden,,23,0,1
SHAM,0.043478260869565216,00005garden|475|1|9,474,24,8,,,00005garden,,23,0,1
SHAM,0.045454545454545456,00005garden|475|1|9,474,24,9,,,00005garden,,22,0,1
SHAM,0.047619047619047616,00005garden|475|1|9,474,24,10,,,00005garden,,21,0,1
SHAM,0.045454545454545456,00005garden|475|1|9,474,24,11,,,00005garden,,22,0,1
SHAM,0.043478260869565216,00005garden|475|1|9,474,24,12,,,00005garden,,23,0,1
SHAM,0.045454545454545456,00005garden|475|1|9,474,24,13,,,00005garden,,22,0,1
SHAM,0.045454545454545456,00005garden|475|1|9,474,24,14,,,00005garden,,22,0,1
SHAM,0.045454545454545456,00005garden|475|1|9,474,24,15,,,00005garden,,22,0,1
SHAM,0.045454545454545456,00005garden|475|1|9,474,24,16,,,00005garden,,22,0,1
SHAM,0.045454545454545456,00005garden|475|1|9,474,24,17,,,00005garden,,22,0,1
SHAM,0.047619047619047616,00005garden|475|1|9,474,24,18,,,00005garden,,21,0,1
SHAM,0.045454545454545456,00005garden|475|1|9,474,24,19,,,00005garden,,22,0,1
SHAM,0.045454545454545456,00005garden|475|1|9,474,24,20,,,00005garden,,22,0,1
C2b-INJECTION,0.045454545454545456,00005garden|475|1|9,474,24,1,,,00005garden,,22,0,1
C2b-INJECTION,0.047619047619047616,00005garden|475|1|9,474,24,2,,,00005garden,,21,0,1
C2b-INJECTION,0.05,00005garden|475|1|9,474,24,3,,,00005garden,,20,0,1
C2b-INJECTION,0.047619047619047616,00005garden|475|1|9,474,24,4,,,00005garden,,21,0,1
C2b-INJECTION,0.09523809523809523,00005garden|475|1|9,474,24,5,,,00005garden,,21,0,2
C2b-INJECTION,0.045454545454545456,00005garden|475|1|9,474,24,6,,,00005garden,,22,0,1
C2b-INJECTION,0.043478260869565216,00005garden|475|1|9,474,24,7,,,00005garden,,23,0,1
C2b-INJECTION,0.043478260869565216,00005garden|475|1|9,474,24,8,,,00005garden,,23,0,1
C2b-INJECTION,0.045454545454545456,00005garden|475|1|9,474,24,9,,,00005garden,,22,0,1
C2b-INJECTION,0.047619047619047616,00005garden|475|1|9,474,24,10,,,00005garden,,21,0,1
C2b-INJECTION,0.043478260869565216,00005garden|475|1|9,474,24,11,,,00005garden,,23,0,1
C2b-INJECTION,0.043478260869565216,00005garden|475|1|9,474,24,12,,,00005garden,,23,0,1
C2b-INJECTION,0.047619047619047616,00005garden|475|1|9,474,24,13,,,00005garden,,21,0,1
C2b-INJECTION,0.045454545454545456,00005garden|475|1|9,474,24,14,,,00005garden,,22,0,1
C2b-INJECTION,0.045454545454545456,00005garden|475|1|9,474,24,15,,,00005garden,,22,0,1
C2b-INJECTION,0.045454545454545456,00005garden|475|1|9,474,24,16,,,00005garden,,22,0,1
C2b-INJECTION,0.047619047619047616,00005garden|475|1|9,474,24,17,,,00005garden,,21,0,1
C2b-INJECTION,0.05,00005garden|475|1|9,474,24,18,,,00005garden,,20,0,1
C2b-INJECTION,0.045454545454545456,00005garden|475|1|9,474,24,19,,,00005garden,,22,0,1
C2b-INJECTION,0.045454545454545456,00005garden|475|1|9,474,24,20,,,00005garden,,22,0,1
_META,,00005garden|475|1|9,474,24,0,omitted_for_runtime,omitted_for_runtime,00005garden,,,0,
SHAM,0.045454545454545456,00005garden|478|1|22,477,20,1,,,00005garden,,22,0,1
SHAM,0.13636363636363635,00005garden|478|1|22,477,20,2,,,00005garden,,22,0,3
SHAM,0.045454545454545456,00005garden|478|1|22,477,20,3,,,00005garden,,22,0,1
SHAM,0.043478260869565216,00005garden|478|1|22,477,20,4,,,00005garden,,23,0,1
SHAM,0.043478260869565216,00005garden|478|1|22,477,20,5,,,00005garden,,23,0,1
SHAM,0.045454545454545456,00005garden|478|1|22,477,20,6,,,00005garden,,22,0,1
SHAM,0.047619047619047616,00005garden|478|1|22,477,20,7,,,00005garden,,21,0,1
SHAM,0.045454545454545456,00005garden|478|1|22,477,20,8,,,00005garden,,22,0,1
SHAM,0.043478260869565216,00005garden|478|1|22,477,20,9,,,00005garden,,23,0,1
SHAM,0.045454545454545456,00005garden|478|1|22,477,20,10,,,00005garden,,22,0,1
SHAM,0.045454545454545456,00005garden|478|1|22,477,20,11,,,00005garden,,22,0,1
SHAM,0.045454545454545456,00005garden|478|1|22,477,20,12,,,00005garden,,22,0,1
SHAM,0.045454545454545456,00005garden|478|1|22,477,20,13,,,00005garden,,22,0,1
SHAM,0.045454545454545456,00005garden|478|1|22,477,20,14,,,00005garden,,22,0,1
SHAM,0.047619047619047616,00005garden|478|1|22,477,20,15,,,00005garden,,21,0,1
SHAM,0.045454545454545456,00005garden|478|1|22,477,20,16,,,00005garden,,22,0,1
SHAM,0.045454545454545456,00005garden|478|1|22,477,20,17,,,00005garden,,22,0,1
SHAM,0.047619047619047616,00005garden|478|1|22,477,20,18,,,00005garden,,21,0,1
SHAM,0.045454545454545456,00005garden|478|1|22,477,20,19,,,00005garden,,22,0,1
SHAM,0.043478260869565216,00005garden|478|1|22,477,20,20,,,00005garden,,23,0,1
C2b-INJECTION,0.045454545454545456,00005garden|478|1|22,477,20,1,,,00005garden,,22,0,1
C2b-INJECTION,0.09523809523809523,00005garden|478|1|22,477,20,2,,,00005garden,,21,0,2
C2b-INJECTION,0.045454545454545456,00005garden|478|1|22,477,20,3,,,00005garden,,22,0,1
C2b-INJECTION,0.043478260869565216,00005garden|478|1|22,477,20,4,,,00005garden,,23,0,1
C2b-INJECTION,0.043478260869565216,00005garden|478|1|22,477,20,5,,,00005garden,,23,0,1
C2b-INJECTION,0.045454545454545456,00005garden|478|1|22,477,20,6,,,00005garden,,22,0,1
C2b-INJECTION,0.047619047619047616,00005garden|478|1|22,477,20,7,,,00005garden,,21,0,1
C2b-INJECTION,0.043478260869565216,00005garden|478|1|22,477,20,8,,,00005garden,,23,0,1
C2b-INJECTION,0.043478260869565216,00005garden|478|1|22,477,20,9,,,00005garden,,23,0,1
C2b-INJECTION,0.045454545454545456,00005garden|478|1|22,477,20,10,,,00005garden,,22,0,1
C2b-INJECTION,0.045454545454545456,00005garden|478|1|22,477,20,11,,,00005garden,,22,0,1
C2b-INJECTION,0.045454545454545456,00005garden|478|1|22,477,20,12,,,00005garden,,22,0,1
C2b-INJECTION,0.045454545454545456,00005garden|478|1|22,477,20,13,,,00005garden,,22,0,1
C2b-INJECTION,0.047619047619047616,00005garden|478|1|22,477,20,14,,,00005garden,,21,0,1
C2b-INJECTION,0.047619047619047616,00005garden|478|1|22,477,20,15,,,00005garden,,21,0,1
C2b-INJECTION,0.045454545454545456,00005garden|478|1|22,477,20,16,,,00005garden,,22,0,1
C2b-INJECTION,0.045454545454545456,00005garden|478|1|22,477,20,17,,,00005garden,,22,0,1
C2b-INJECTION,0.05,00005garden|478|1|22,477,20,18,,,00005garden,,20,0,1
C2b-INJECTION,0.045454545454545456,00005garden|478|1|22,477,20,19,,,00005garden,,22,0,1
C2b-INJECTION,0.045454545454545456,00005garden|478|1|22,477,20,20,,,00005garden,,22,0,1
_META,,00005garden|478|1|22,477,20,0,omitted_for_runtime,omitted_for_runtime,00005garden,,,0,
SHAM,0.045454545454545456,00005garden|493|1|11,492,29,1,,,00005garden,,22,0,1
SHAM,0.045454545454545456,00005garden|493|1|11,492,29,2,,,00005garden,,22,0,1
SHAM,0.047619047619047616,00005garden|493|1|11,492,29,3,,,00005garden,,21,0,1
SHAM,0.045454545454545456,00005garden|493|1|11,492,29,4,,,00005garden,,22,0,1
SHAM,0.043478260869565216,00005garden|493|1|11,492,29,5,,,00005garden,,23,0,1
SHAM,0.047619047619047616,00005garden|493|1|11,492,29,6,,,00005garden,,21,0,1
SHAM,0.047619047619047616,00005garden|493|1|11,492,29,7,,,00005garden,,21,0,1
SHAM,0.045454545454545456,00005garden|493|1|11,492,29,8,,,00005garden,,22,0,1
SHAM,0.047619047619047616,00005garden|493|1|11,492,29,9,,,00005garden,,21,0,1
SHAM,0.045454545454545456,00005garden|493|1|11,492,29,10,,,00005garden,,22,0,1
SHAM,0.043478260869565216,00005garden|493|1|11,492,29,11,,,00005garden,,23,0,1
SHAM,0.041666666666666664,00005garden|493|1|11,492,29,12,,,00005garden,,24,0,1
SHAM,0.045454545454545456,00005garden|493|1|11,492,29,13,,,00005garden,,22,0,1
SHAM,0.045454545454545456,00005garden|493|1|11,492,29,14,,,00005garden,,22,0,1
SHAM,0.047619047619047616,00005garden|493|1|11,492,29,15,,,00005garden,,21,0,1
SHAM,0.047619047619047616,00005garden|493|1|11,492,29,16,,,00005garden,,21,0,1
SHAM,0.045454545454545456,00005garden|493|1|11,492,29,17,,,00005garden,,22,0,1
SHAM,0.09523809523809523,00005garden|493|1|11,492,29,18,,,00005garden,,21,0,2
SHAM,0.09090909090909091,00005garden|493|1|11,492,29,19,,,00005garden,,22,0,2
SHAM,0.05,00005garden|493|1|11,492,29,20,,,00005garden,,20,0,1
C2b-INJECTION,0.045454545454545456,00005garden|493|1|11,492,29,1,,,00005garden,,22,0,1
C2b-INJECTION,0.045454545454545456,00005garden|493|1|11,492,29,2,,,00005garden,,22,0,1
C2b-INJECTION,0.047619047619047616,00005garden|493|1|11,492,29,3,,,00005garden,,21,0,1
C2b-INJECTION,0.045454545454545456,00005garden|493|1|11,492,29,4,,,00005garden,,22,0,1
C2b-INJECTION,0.043478260869565216,00005garden|493|1|11,492,29,5,,,00005garden,,23,0,1
C2b-INJECTION,0.047619047619047616,00005garden|493|1|11,492,29,6,,,00005garden,,21,0,1
C2b-INJECTION,0.047619047619047616,00005garden|493|1|11,492,29,7,,,00005garden,,21,0,1
C2b-INJECTION,0.045454545454545456,00005garden|493|1|11,492,29,8,,,00005garden,,22,0,1
C2b-INJECTION,0.047619047619047616,00005garden|493|1|11,492,29,9,,,00005garden,,21,0,1
C2b-INJECTION,0.045454545454545456,00005garden|493|1|11,492,29,10,,,00005garden,,22,0,1
C2b-INJECTION,0.043478260869565216,00005garden|493|1|11,492,29,11,,,00005garden,,23,0,1
C2b-INJECTION,0.041666666666666664,00005garden|493|1|11,492,29,12,,,00005garden,,24,0,1
C2b-INJECTION,0.045454545454545456,00005garden|493|1|11,492,29,13,,,00005garden,,22,0,1
C2b-INJECTION,0.045454545454545456,00005garden|493|1|11,492,29,14,,,00005garden,,22,0,1
C2b-INJECTION,0.047619047619047616,00005garden|493|1|11,492,29,15,,,00005garden,,21,0,1
C2b-INJECTION,0.047619047619047616,00005garden|493|1|11,492,29,16,,,00005garden,,21,0,1
C2b-INJECTION,0.045454545454545456,00005garden|493|1|11,492,29,17,,,00005garden,,22,0,1
C2b-INJECTION,0.09523809523809523,00005garden|493|1|11,492,29,18,,,00005garden,,21,0,2
C2b-INJECTION,0.09090909090909091,00005garden|493|1|11,492,29,19,,,00005garden,,22,0,2
C2b-INJECTION,0.05,00005garden|493|1|11,492,29,20,,,00005garden,,20,0,1
_META,,00005garden|493|1|11,492,29,0,omitted_for_runtime,omitted_for_runtime,00005garden,,,0,
SHAM,0.045454545454545456,00005garden|494|1|4,493,17,1,,,00005garden,,22,0,1
SHAM,0.047619047619047616,00005garden|494|1|4,493,17,2,,,00005garden,,21,0,1
SHAM,0.045454545454545456,00005garden|494|1|4,493,17,3,,,00005garden,,22,0,1
SHAM,0.043478260869565216,00005garden|494|1|4,493,17,4,,,00005garden,,23,0,1
SHAM,0.047619047619047616,00005garden|494|1|4,493,17,5,,,00005garden,,21,0,1
SHAM,0.047619047619047616,00005garden|494|1|4,493,17,6,,,00005garden,,21,0,1
SHAM,0.045454545454545456,00005garden|494|1|4,493,17,7,,,00005garden,,22,0,1
SHAM,0.047619047619047616,00005garden|494|1|4,493,17,8,,,00005garden,,21,0,1
SHAM,0.045454545454545456,00005garden|494|1|4,493,17,9,,,00005garden,,22,0,1
SHAM,0.043478260869565216,00005garden|494|1|4,493,17,10,,,00005garden,,23,0,1
SHAM,0.041666666666666664,00005garden|494|1|4,493,17,11,,,00005garden,,24,0,1
SHAM,0.045454545454545456,00005garden|494|1|4,493,17,12,,,00005garden,,22,0,1
SHAM,0.045454545454545456,00005garden|494|1|4,493,17,13,,,00005garden,,22,0,1
SHAM,0.047619047619047616,00005garden|494|1|4,493,17,14,,,00005garden,,21,0,1
SHAM,0.047619047619047616,00005garden|494|1|4,493,17,15,,,00005garden,,21,0,1
SHAM,0.045454545454545456,00005garden|494|1|4,493,17,16,,,00005garden,,22,0,1
SHAM,0.09523809523809523,00005garden|494|1|4,493,17,17,,,00005garden,,21,0,2
SHAM,0.09090909090909091,00005garden|494|1|4,493,17,18,,,00005garden,,22,0,2
SHAM,0.05,00005garden|494|1|4,493,17,19,,,00005garden,,20,0,1
SHAM,0.05,00005garden|494|1|4,493,17,20,,,00005garden,,20,0,1
C2b-INJECTION,0.045454545454545456,00005garden|494|1|4,493,17,1,,,00005garden,,22,0,1
C2b-INJECTION,0.05,00005garden|494|1|4,493,17,2,,,00005garden,,20,0,1
C2b-INJECTION,0.045454545454545456,00005garden|494|1|4,493,17,3,,,00005garden,,22,0,1
C2b-INJECTION,0.045454545454545456,00005garden|494|1|4,493,17,4,,,00005garden,,22,0,1
C2b-INJECTION,0.047619047619047616,00005garden|494|1|4,493,17,5,,,00005garden,,21,0,1
C2b-INJECTION,0.045454545454545456,00005garden|494|1|4,493,17,6,,,00005garden,,22,0,1
C2b-INJECTION,0.045454545454545456,00005garden|494|1|4,493,17,7,,,00005garden,,22,0,1
C2b-INJECTION,0.047619047619047616,00005garden|494|1|4,493,17,8,,,00005garden,,21,0,1
C2b-INJECTION,0.045454545454545456,00005garden|494|1|4,493,17,9,,,00005garden,,22,0,1
C2b-INJECTION,0.043478260869565216,00005garden|494|1|4,493,17,10,,,00005garden,,23,0,1
C2b-INJECTION,0.041666666666666664,00005garden|494|1|4,493,17,11,,,00005garden,,24,0,1
C2b-INJECTION,0.045454545454545456,00005garden|494|1|4,493,17,12,,,00005garden,,22,0,1
C2b-INJECTION,0.045454545454545456,00005garden|494|1|4,493,17,13,,,00005garden,,22,0,1
C2b-INJECTION,0.047619047619047616,00005garden|494|1|4,493,17,14,,,00005garden,,21,0,1
C2b-INJECTION,0.047619047619047616,00005garden|494|1|4,493,17,15,,,00005garden,,21,0,1
C2b-INJECTION,0.045454545454545456,00005garden|494|1|4,493,17,16,,,00005garden,,22,0,1
C2b-INJECTION,0.09523809523809523,00005garden|494|1|4,493,17,17,,,00005garden,,21,0,2
C2b-INJECTION,0.09090909090909091,00005garden|494|1|4,493,17,18,,,00005garden,,22,0,2
C2b-INJECTION,0.05,00005garden|494|1|4,493,17,19,,,00005garden,,20,0,1
C2b-INJECTION,0.05,00005garden|494|1|4,493,17,20,,,00005garden,,20,0,1
_META,,00005garden|494|1|4,493,17,0,omitted_for_runtime,omitted_for_runtime,00005garden,,,0,
SHAM,0.045454545454545456,00005garden|494|1|7,493,6,1,,,00005garden,,22,0,1
SHAM,0.047619047619047616,00005garden|494|1|7,493,6,2,,,00005garden,,21,0,1
SHAM,0.045454545454545456,00005garden|494|1|7,493,6,3,,,00005garden,,22,0,1
SHAM,0.043478260869565216,00005garden|494|1|7,493,6,4,,,00005garden,,23,0,1
SHAM,0.047619047619047616,00005garden|494|1|7,493,6,5,,,00005garden,,21,0,1
SHAM,0.047619047619047616,00005garden|494|1|7,493,6,6,,,00005garden,,21,0,1
SHAM,0.045454545454545456,00005garden|494|1|7,493,6,7,,,00005garden,,22,0,1
SHAM,0.047619047619047616,00005garden|494|1|7,493,6,8,,,00005garden,,21,0,1
SHAM,0.045454545454545456,00005garden|494|1|7,493,6,9,,,00005garden,,22,0,1
SHAM,0.043478260869565216,00005garden|494|1|7,493,6,10,,,00005garden,,23,0,1
SHAM,0.041666666666666664,00005garden|494|1|7,493,6,11,,,00005garden,,24,0,1
SHAM,0.045454545454545456,00005garden|494|1|7,493,6,12,,,00005garden,,22,0,1
SHAM,0.045454545454545456,00005garden|494|1|7,493,6,13,,,00005garden,,22,0,1
SHAM,0.047619047619047616,00005garden|494|1|7,493,6,14,,,00005garden,,21,0,1
SHAM,0.047619047619047616,00005garden|494|1|7,493,6,15,,,00005garden,,21,0,1
SHAM,0.045454545454545456,00005garden|494|1|7,493,6,16,,,00005garden,,22,0,1
SHAM,0.09523809523809523,00005garden|494|1|7,493,6,17,,,00005garden,,21,0,2
SHAM,0.09090909090909091,00005garden|494|1|7,493,6,18,,,00005garden,,22,0,2
SHAM,0.05,00005garden|494|1|7,493,6,19,,,00005garden,,20,0,1
SHAM,0.05,00005garden|494|1|7,493,6,20,,,00005garden,,20,0,1
C2b-INJECTION,0.045454545454545456,00005garden|494|1|7,493,6,1,,,00005garden,,22,0,1
C2b-INJECTION,0.05,00005garden|494|1|7,493,6,2,,,00005garden,,20,0,1
C2b-INJECTION,0.045454545454545456,00005garden|494|1|7,493,6,3,,,00005garden,,22,0,1
C2b-INJECTION,0.045454545454545456,00005garden|494|1|7,493,6,4,,,00005garden,,22,0,1
C2b-INJECTION,0.047619047619047616,00005garden|494|1|7,493,6,5,,,00005garden,,21,0,1
C2b-INJECTION,0.045454545454545456,00005garden|494|1|7,493,6,6,,,00005garden,,22,0,1
C2b-INJECTION,0.045454545454545456,00005garden|494|1|7,493,6,7,,,00005garden,,22,0,1
C2b-INJECTION,0.047619047619047616,00005garden|494|1|7,493,6,8,,,00005garden,,21,0,1
C2b-INJECTION,0.045454545454545456,00005garden|494|1|7,493,6,9,,,00005garden,,22,0,1
C2b-INJECTION,0.043478260869565216,00005garden|494|1|7,493,6,10,,,00005garden,,23,0,1
C2b-INJECTION,0.041666666666666664,00005garden|494|1|7,493,6,11,,,00005garden,,24,0,1
C2b-INJECTION,0.045454545454545456,00005garden|494|1|7,493,6,12,,,00005garden,,22,0,1
C2b-INJECTION,0.045454545454545456,00005garden|494|1|7,493,6,13,,,00005garden,,22,0,1
C2b-INJECTION,0.047619047619047616,00005garden|494|1|7,493,6,14,,,00005garden,,21,0,1
C2b-INJECTION,0.047619047619047616,00005garden|494|1|7,493,6,15,,,00005garden,,21,0,1
C2b-INJECTION,0.045454545454545456,00005garden|494|1|7,493,6,16,,,00005garden,,22,0,1
C2b-INJECTION,0.09523809523809523,00005garden|494|1|7,493,6,17,,,00005garden,,21,0,2
C2b-INJECTION,0.09090909090909091,00005garden|494|1|7,493,6,18,,,00005garden,,22,0,2
C2b-INJECTION,0.05,00005garden|494|1|7,493,6,19,,,00005garden,,20,0,1
C2b-INJECTION,0.05,00005garden|494|1|7,493,6,20,,,00005garden,,20,0,1
_META,,00005garden|494|1|7,493,6,0,omitted_for_runtime,omitted_for_runtime,00005garden,,,0,
SHAM,0.045454545454545456,00005garden|496|1|0,495,3,1,,,00005garden,,22,0,1
SHAM,0.043478260869565216,00005garden|496|1|0,495,3,2,,,00005garden,,23,0,1
SHAM,0.047619047619047616,00005garden|496|1|0,495,3,3,,,00005garden,,21,0,1
SHAM,0.047619047619047616,00005garden|496|1|0,495,3,4,,,00005garden,,21,0,1
SHAM,0.045454545454545456,00005garden|496|1|0,495,3,5,,,00005garden,,22,0,1
SHAM,0.047619047619047616,00005garden|496|1|0,495,3,6,,,00005garden,,21,0,1
SHAM,0.045454545454545456,00005garden|496|1|0,495,3,7,,,00005garden,,22,0,1
SHAM,0.043478260869565216,00005garden|496|1|0,495,3,8,,,00005garden,,23,0,1
SHAM,0.041666666666666664,00005garden|496|1|0,495,3,9,,,00005garden,,24,0,1
SHAM,0.045454545454545456,00005garden|496|1|0,495,3,10,,,00005garden,,22,0,1
SHAM,0.045454545454545456,00005garden|496|1|0,495,3,11,,,00005garden,,22,0,1
SHAM,0.047619047619047616,00005garden|496|1|0,495,3,12,,,00005garden,,21,0,1
SHAM,0.047619047619047616,00005garden|496|1|0,495,3,13,,,00005garden,,21,0,1
SHAM,0.045454545454545456,00005garden|496|1|0,495,3,14,,,00005garden,,22,0,1
SHAM,0.09523809523809523,00005garden|496|1|0,495,3,15,,,00005garden,,21,0,2
SHAM,0.09090909090909091,00005garden|496|1|0,495,3,16,,,00005garden,,22,0,2
SHAM,0.05,00005garden|496|1|0,495,3,17,,,00005garden,,20,0,1
SHAM,0.05,00005garden|496|1|0,495,3,18,,,00005garden,,20,0,1
SHAM,0.047619047619047616,00005garden|496|1|0,495,3,19,,,00005garden,,21,0,1
SHAM,0.09523809523809523,00005garden|496|1|0,495,3,20,,,00005garden,,21,0,2
C2b-INJECTION,0.045454545454545456,00005garden|496|1|0,495,3,1,,,00005garden,,22,0,1
C2b-INJECTION,0.045454545454545456,00005garden|496|1|0,495,3,2,,,00005garden,,22,0,1
C2b-INJECTION,0.047619047619047616,00005garden|496|1|0,495,3,3,,,00005garden,,21,0,1
C2b-INJECTION,0.045454545454545456,00005garden|496|1|0,495,3,4,,,00005garden,,22,0,1
C2b-INJECTION,0.045454545454545456,00005garden|496|1|0,495,3,5,,,00005garden,,22,0,1
C2b-INJECTION,0.047619047619047616,00005garden|496|1|0,495,3,6,,,00005garden,,21,0,1
C2b-INJECTION,0.045454545454545456,00005garden|496|1|0,495,3,7,,,00005garden,,22,0,1
C2b-INJECTION,0.045454545454545456,00005garden|496|1|0,495,3,8,,,00005garden,,22,0,1
C2b-INJECTION,0.041666666666666664,00005garden|496|1|0,495,3,9,,,00005garden,,24,0,1
C2b-INJECTION,0.045454545454545456,00005garden|496|1|0,495,3,10,,,00005garden,,22,0,1
C2b-INJECTION,0.045454545454545456,00005garden|496|1|0,495,3,11,,,00005garden,,22,0,1
C2b-INJECTION,0.047619047619047616,00005garden|496|1|0,495,3,12,,,00005garden,,21,0,1
C2b-INJECTION,0.047619047619047616,00005garden|496|1|0,495,3,13,,,00005garden,,21,0,1
C2b-INJECTION,0.045454545454545456,00005garden|496|1|0,495,3,14,,,00005garden,,22,0,1
C2b-INJECTION,0.09523809523809523,00005garden|496|1|0,495,3,15,,,00005garden,,21,0,2
C2b-INJECTION,0.09090909090909091,00005garden|496|1|0,495,3,16,,,00005garden,,22,0,2
C2b-INJECTION,0.05,00005garden|496|1|0,495,3,17,,,00005garden,,20,0,1
C2b-INJECTION,0.05,00005garden|496|1|0,495,3,18,,,00005garden,,20,0,1
C2b-INJECTION,0.047619047619047616,00005garden|496|1|0,495,3,19,,,00005garden,,21,0,1
C2b-INJECTION,0.09523809523809523,00005garden|496|1|0,495,3,20,,,00005garden,,21,0,2
_META,,00005garden|496|1|0,495,3,0,omitted_for_runtime,omitted_for_runtime,00005garden,,,0,
SHAM,0.043478260869565216,00005garden|497|1|15,496,13,1,,,00005garden,,23,0,1
SHAM,0.047619047619047616,00005garden|497|1|15,496,13,2,,,00005garden,,21,0,1
SHAM,0.047619047619047616,00005garden|497|1|15,496,13,3,,,00005garden,,21,0,1
SHAM,0.045454545454545456,00005garden|497|1|15,496,13,4,,,00005garden,,22,0,1
SHAM,0.047619047619047616,00005garden|497|1|15,496,13,5,,,00005garden,,21,0,1
SHAM,0.045454545454545456,00005garden|497|1|15,496,13,6,,,00005garden,,22,0,1
SHAM,0.043478260869565216,00005garden|497|1|15,496,13,7,,,00005garden,,23,0,1
SHAM,0.041666666666666664,00005garden|497|1|15,496,13,8,,,00005garden,,24,0,1
SHAM,0.045454545454545456,00005garden|497|1|15,496,13,9,,,00005garden,,22,0,1
SHAM,0.045454545454545456,00005garden|497|1|15,496,13,10,,,00005garden,,22,0,1
SHAM,0.047619047619047616,00005garden|497|1|15,496,13,11,,,00005garden,,21,0,1
SHAM,0.047619047619047616,00005garden|497|1|15,496,13,12,,,00005garden,,21,0,1
SHAM,0.045454545454545456,00005garden|497|1|15,496,13,13,,,00005garden,,22,0,1
SHAM,0.09523809523809523,00005garden|497|1|15,496,13,14,,,00005garden,,21,0,2
SHAM,0.09090909090909091,00005garden|497|1|15,496,13,15,,,00005garden,,22,0,2
SHAM,0.05,00005garden|497|1|15,496,13,16,,,00005garden,,20,0,1
SHAM,0.05,00005garden|497|1|15,496,13,17,,,00005garden,,20,0,1
SHAM,0.047619047619047616,00005garden|497|1|15,496,13,18,,,00005garden,,21,0,1
SHAM,0.09523809523809523,00005garden|497|1|15,496,13,19,,,00005garden,,21,0,2
SHAM,0.09090909090909091,00005garden|497|1|15,496,13,20,,,00005garden,,22,0,2
C2b-INJECTION,0.043478260869565216,00005garden|497|1|15,496,13,1,,,00005garden,,23,0,1
C2b-INJECTION,0.047619047619047616,00005garden|497|1|15,496,13,2,,,00005garden,,21,0,1
C2b-INJECTION,0.047619047619047616,00005garden|497|1|15,496,13,3,,,00005garden,,21,0,1
C2b-INJECTION,0.045454545454545456,00005garden|497|1|15,496,13,4,,,00005garden,,22,0,1
C2b-INJECTION,0.047619047619047616,00005garden|497|1|15,496,13,5,,,00005garden,,21,0,1
C2b-INJECTION,0.045454545454545456,00005garden|497|1|15,496,13,6,,,00005garden,,22,0,1
C2b-INJECTION,0.045454545454545456,00005garden|497|1|15,496,13,7,,,00005garden,,22,0,1
C2b-INJECTION,0.041666666666666664,00005garden|497|1|15,496,13,8,,,00005garden,,24,0,1
C2b-INJECTION,0.045454545454545456,00005garden|497|1|15,496,13,9,,,00005garden,,22,0,1
C2b-INJECTION,0.045454545454545456,00005garden|497|1|15,496,13,10,,,00005garden,,22,0,1
C2b-INJECTION,0.047619047619047616,00005garden|497|1|15,496,13,11,,,00005garden,,21,0,1
C2b-INJECTION,0.047619047619047616,00005garden|497|1|15,496,13,12,,,00005garden,,21,0,1
C2b-INJECTION,0.045454545454545456,00005garden|497|1|15,496,13,13,,,00005garden,,22,0,1
C2b-INJECTION,0.09523809523809523,00005garden|497|1|15,496,13,14,,,00005garden,,21,0,2
C2b-INJECTION,0.09090909090909091,00005garden|497|1|15,496,13,15,,,00005garden,,22,0,2
C2b-INJECTION,0.05,00005garden|497|1|15,496,13,16,,,00005garden,,20,0,1
C2b-INJECTION,0.05,00005garden|497|1|15,496,13,17,,,00005garden,,20,0,1
C2b-INJECTION,0.047619047619047616,00005garden|497|1|15,496,13,18,,,00005garden,,21,0,1
C2b-INJECTION,0.09523809523809523,00005garden|497|1|15,496,13,19,,,00005garden,,21,0,2
C2b-INJECTION,0.09090909090909091,00005garden|497|1|15,496,13,20,,,00005garden,,22,0,2
_META,,00005garden|497|1|15,496,13,0,omitted_for_runtime,omitted_for_runtime,00005garden,,,0,
SHAM,0.043478260869565216,00005garden|497|1|16,496,12,1,,,00005garden,,23,0,1
SHAM,0.047619047619047616,00005garden|497|1|16,496,12,2,,,00005garden,,21,0,1
SHAM,0.047619047619047616,00005garden|497|1|16,496,12,3,,,00005garden,,21,0,1
SHAM,0.045454545454545456,00005garden|497|1|16,496,12,4,,,00005garden,,22,0,1
SHAM,0.047619047619047616,00005garden|497|1|16,496,12,5,,,00005garden,,21,0,1
SHAM,0.045454545454545456,00005garden|497|1|16,496,12,6,,,00005garden,,22,0,1
SHAM,0.043478260869565216,00005garden|497|1|16,496,12,7,,,00005garden,,23,0,1
SHAM,0.041666666666666664,00005garden|497|1|16,496,12,8,,,00005garden,,24,0,1
SHAM,0.045454545454545456,00005garden|497|1|16,496,12,9,,,00005garden,,22,0,1
SHAM,0.045454545454545456,00005garden|497|1|16,496,12,10,,,00005garden,,22,0,1
SHAM,0.047619047619047616,00005garden|497|1|16,496,12,11,,,00005garden,,21,0,1
SHAM,0.047619047619047616,00005garden|497|1|16,496,12,12,,,00005garden,,21,0,1
SHAM,0.045454545454545456,00005garden|497|1|16,496,12,13,,,00005garden,,22,0,1
SHAM,0.09523809523809523,00005garden|497|1|16,496,12,14,,,00005garden,,21,0,2
SHAM,0.09090909090909091,00005garden|497|1|16,496,12,15,,,00005garden,,22,0,2
SHAM,0.05,00005garden|497|1|16,496,12,16,,,00005garden,,20,0,1
SHAM,0.05,00005garden|497|1|16,496,12,17,,,00005garden,,20,0,1
SHAM,0.047619047619047616,00005garden|497|1|16,496,12,18,,,00005garden,,21,0,1
SHAM,0.09523809523809523,00005garden|497|1|16,496,12,19,,,00005garden,,21,0,2
SHAM,0.09090909090909091,00005garden|497|1|16,496,12,20,,,00005garden,,22,0,2
C2b-INJECTION,0.043478260869565216,00005garden|497|1|16,496,12,1,,,00005garden,,23,0,1
C2b-INJECTION,0.047619047619047616,00005garden|497|1|16,496,12,2,,,00005garden,,21,0,1
C2b-INJECTION,0.047619047619047616,00005garden|497|1|16,496,12,3,,,00005garden,,21,0,1
C2b-INJECTION,0.045454545454545456,00005garden|497|1|16,496,12,4,,,00005garden,,22,0,1
C2b-INJECTION,0.047619047619047616,00005garden|497|1|16,496,12,5,,,00005garden,,21,0,1
C2b-INJECTION,0.045454545454545456,00005garden|497|1|16,496,12,6,,,00005garden,,22,0,1
C2b-INJECTION,0.043478260869565216,00005garden|497|1|16,496,12,7,,,00005garden,,23,0,1
C2b-INJECTION,0.041666666666666664,00005garden|497|1|16,496,12,8,,,00005garden,,24,0,1
C2b-INJECTION,0.045454545454545456,00005garden|497|1|16,496,12,9,,,00005garden,,22,0,1
C2b-INJECTION,0.045454545454545456,00005garden|497|1|16,496,12,10,,,00005garden,,22,0,1
C2b-INJECTION,0.047619047619047616,00005garden|497|1|16,496,12,11,,,00005garden,,21,0,1
C2b-INJECTION,0.047619047619047616,00005garden|497|1|16,496,12,12,,,00005garden,,21,0,1
C2b-INJECTION,0.045454545454545456,00005garden|497|1|16,496,12,13,,,00005garden,,22,0,1
C2b-INJECTION,0.09523809523809523,00005garden|497|1|16,496,12,14,,,00005garden,,21,0,2
C2b-INJECTION,0.09090909090909091,00005garden|497|1|16,496,12,15,,,00005garden,,22,0,2
C2b-INJECTION,0.05,00005garden|497|1|16,496,12,16,,,00005garden,,20,0,1
C2b-INJECTION,0.05,00005garden|497|1|16,496,12,17,,,00005garden,,20,0,1
C2b-INJECTION,0.047619047619047616,00005garden|497|1|16,496,12,18,,,00005garden,,21,0,1
C2b-INJECTION,0.09523809523809523,00005garden|497|1|16,496,12,19,,,00005garden,,21,0,2
C2b-INJECTION,0.09090909090909091,00005garden|497|1|16,496,12,20,,,00005garden,,22,0,2
_META,,00005garden|497|1|16,496,12,0,omitted_for_runtime,omitted_for_runtime,00005garden,,,0,
SHAM,0.045454545454545456,00005garden|500|1|23,499,14,1,,,00005garden,,22,0,1
SHAM,0.047619047619047616,00005garden|500|1|23,499,14,2,,,00005garden,,21,0,1
SHAM,0.045454545454545456,00005garden|500|1|23,499,14,3,,,00005garden,,22,0,1
SHAM,0.043478260869565216,00005garden|500|1|23,499,14,4,,,00005garden,,23,0,1
SHAM,0.041666666666666664,00005garden|500|1|23,499,14,5,,,00005garden,,24,0,1
SHAM,0.045454545454545456,00005garden|500|1|23,499,14,6,,,00005garden,,22,0,1
SHAM,0.045454545454545456,00005garden|500|1|23,499,14,7,,,00005garden,,22,0,1
SHAM,0.047619047619047616,00005garden|500|1|23,499,14,8,,,00005garden,,21,0,1
SHAM,0.047619047619047616,00005garden|500|1|23,499,14,9,,,00005garden,,21,0,1
SHAM,0.045454545454545456,00005garden|500|1|23,499,14,10,,,00005garden,,22,0,1
SHAM,0.09523809523809523,00005garden|500|1|23,499,14,11,,,00005garden,,21,0,2
SHAM,0.09090909090909091,00005garden|500|1|23,499,14,12,,,00005garden,,22,0,2
SHAM,0.05,00005garden|500|1|23,499,14,13,,,00005garden,,20,0,1
SHAM,0.05,00005garden|500|1|23,499,14,14,,,00005garden,,20,0,1
SHAM,0.047619047619047616,00005garden|500|1|23,499,14,15,,,00005garden,,21,0,1
SHAM,0.09523809523809523,00005garden|500|1|23,499,14,16,,,00005garden,,21,0,2
SHAM,0.09090909090909091,00005garden|500|1|23,499,14,17,,,00005garden,,22,0,2
SHAM,0.09523809523809523,00005garden|500|1|23,499,14,18,,,00005garden,,21,0,2
SHAM,0.10526315789473684,00005garden|500|1|23,499,14,19,,,00005garden,,19,0,2
SHAM,0.047619047619047616,00005garden|500|1|23,499,14,20,,,00005garden,,21,0,1
C2b-INJECTION,0.045454545454545456,00005garden|500|1|23,499,14,1,,,00005garden,,22,0,1
C2b-INJECTION,0.047619047619047616,00005garden|500|1|23,499,14,2,,,00005garden,,21,0,1
C2b-INJECTION,0.045454545454545456,00005garden|500|1|23,499,14,3,,,00005garden,,22,0,1
C2b-INJECTION,0.08333333333333333,00005garden|500|1|23,499,14,4,,,00005garden,,24,0,2
C2b-INJECTION,0.041666666666666664,00005garden|500|1|23,499,14,5,,,00005garden,,24,0,1
C2b-INJECTION,0.045454545454545456,00005garden|500|1|23,499,14,6,,,00005garden,,22,0,1
C2b-INJECTION,0.045454545454545456,00005garden|500|1|23,499,14,7,,,00005garden,,22,0,1
C2b-INJECTION,0.047619047619047616,00005garden|500|1|23,499,14,8,,,00005garden,,21,0,1
C2b-INJECTION,0.047619047619047616,00005garden|500|1|23,499,14,9,,,00005garden,,21,0,1
C2b-INJECTION,0.045454545454545456,00005garden|500|1|23,499,14,10,,,00005garden,,22,0,1
C2b-INJECTION,0.09523809523809523,00005garden|500|1|23,499,14,11,,,00005garden,,21,0,2
C2b-INJECTION,0.09090909090909091,00005garden|500|1|23,499,14,12,,,00005garden,,22,0,2
C2b-INJECTION,0.05,00005garden|500|1|23,499,14,13,,,00005garden,,20,0,1
C2b-INJECTION,0.05,00005garden|500|1|23,499,14,14,,,00005garden,,20,0,1
C2b-INJECTION,0.047619047619047616,00005garden|500|1|23,499,14,15,,,00005garden,,21,0,1
C2b-INJECTION,0.09090909090909091,00005garden|500|1|23,499,14,16,,,00005garden,,22,0,2
C2b-INJECTION,0.09090909090909091,00005garden|500|1|23,499,14,17,,,00005garden,,22,0,2
C2b-INJECTION,0.09523809523809523,00005garden|500|1|23,499,14,18,,,00005garden,,21,0,2
C2b-INJECTION,0.10526315789473684,00005garden|500|1|23,499,14,19,,,00005garden,,19,0,2
C2b-INJECTION,0.047619047619047616,00005garden|500|1|23,499,14,20,,,00005garden,,21,0,1
_META,,00005garden|500|1|23,499,14,0,omitted_for_runtime,omitted_for_runtime,00005garden,,,0,
SHAM,0.09523809523809523,00005garden|523|1|10,522,25,1,,,00005garden,,21,0,2
SHAM,0.1,00005garden|523|1|10,522,25,2,,,00005garden,,20,0,2
SHAM,0.15,00005garden|523|1|10,522,25,3,,,00005garden,,20,0,3
SHAM,0.1,00005garden|523|1|10,522,25,4,,,00005garden,,20,0,2
SHAM,0.047619047619047616,00005garden|523|1|10,522,25,5,,,00005garden,,21,0,1
SHAM,0.045454545454545456,00005garden|523|1|10,522,25,6,,,00005garden,,22,0,1
SHAM,0.045454545454545456,00005garden|523|1|10,522,25,7,,,00005garden,,22,0,1
SHAM,0.043478260869565216,00005garden|523|1|10,522,25,8,,,00005garden,,23,0,1
SHAM,0.043478260869565216,00005garden|523|1|10,522,25,9,,,00005garden,,23,0,1
SHAM,0.043478260869565216,00005garden|523|1|10,522,25,10,,,00005garden,,23,0,1
SHAM,0.043478260869565216,00005garden|523|1|10,522,25,11,,,00005garden,,23,0,1
SHAM,0.043478260869565216,00005garden|523|1|10,522,25,12,,,00005garden,,23,0,1
SHAM,0.08695652173913043,00005garden|523|1|10,522,25,13,,,00005garden,,23,0,2
SHAM,0.09523809523809523,00005garden|523|1|10,522,25,14,,,00005garden,,21,0,2
SHAM,0.045454545454545456,00005garden|523|1|10,522,25,15,,,00005garden,,22,0,1
SHAM,0.08695652173913043,00005garden|523|1|10,522,25,16,,,00005garden,,23,0,2
SHAM,0.045454545454545456,00005garden|523|1|10,522,25,17,,,00005garden,,22,0,1
SHAM,0.043478260869565216,00005garden|523|1|10,522,25,18,,,00005garden,,23,0,1
SHAM,0.043478260869565216,00005garden|523|1|10,522,25,19,,,00005garden,,23,0,1
SHAM,0.043478260869565216,00005garden|523|1|10,522,25,20,,,00005garden,,23,0,1
C2b-INJECTION,0.09523809523809523,00005garden|523|1|10,522,25,1,,,00005garden,,21,0,2
C2b-INJECTION,0.15,00005garden|523|1|10,522,25,2,,,00005garden,,20,0,3
C2b-INJECTION,0.15,00005garden|523|1|10,522,25,3,,,00005garden,,20,0,3
C2b-INJECTION,0.05,00005garden|523|1|10,522,25,4,,,00005garden,,20,0,1
C2b-INJECTION,0.047619047619047616,00005garden|523|1|10,522,25,5,,,00005garden,,21,0,1
C2b-INJECTION,0.043478260869565216,00005garden|523|1|10,522,25,6,,,00005garden,,23,0,1
C2b-INJECTION,0.045454545454545456,00005garden|523|1|10,522,25,7,,,00005garden,,22,0,1
C2b-INJECTION,0.043478260869565216,00005garden|523|1|10,522,25,8,,,00005garden,,23,0,1
C2b-INJECTION,0.043478260869565216,00005garden|523|1|10,522,25,9,,,00005garden,,23,0,1
C2b-INJECTION,0.043478260869565216,00005garden|523|1|10,522,25,10,,,00005garden,,23,0,1
C2b-INJECTION,0.043478260869565216,00005garden|523|1|10,522,25,11,,,00005garden,,23,0,1
C2b-INJECTION,0.043478260869565216,00005garden|523|1|10,522,25,12,,,00005garden,,23,0,1
C2b-INJECTION,0.043478260869565216,00005garden|523|1|10,522,25,13,,,00005garden,,23,0,1
C2b-INJECTION,0.09523809523809523,00005garden|523|1|10,522,25,14,,,00005garden,,21,0,2
C2b-INJECTION,0.045454545454545456,00005garden|523|1|10,522,25,15,,,00005garden,,22,0,1
C2b-INJECTION,0.043478260869565216,00005garden|523|1|10,522,25,16,,,00005garden,,23,0,1
C2b-INJECTION,0.045454545454545456,00005garden|523|1|10,522,25,17,,,00005garden,,22,0,1
C2b-INJECTION,0.043478260869565216,00005garden|523|1|10,522,25,18,,,00005garden,,23,0,1
C2b-INJECTION,0.045454545454545456,00005garden|523|1|10,522,25,19,,,00005garden,,22,0,1
C2b-INJECTION,0.043478260869565216,00005garden|523|1|10,522,25,20,,,00005garden,,23,0,1
_META,,00005garden|523|1|10,522,25,0,omitted_for_runtime,omitted_for_runtime,00005garden,,,0,
SHAM,0.08695652173913043,00005garden|535|1|1,534,1,1,,,00005garden,,23,0,2
SHAM,0.09523809523809523,00005garden|535|1|1,534,1,2,,,00005garden,,21,0,2
SHAM,0.045454545454545456,00005garden|535|1|1,534,1,3,,,00005garden,,22,0,1
SHAM,0.08695652173913043,00005garden|535|1|1,534,1,4,,,00005garden,,23,0,2
SHAM,0.045454545454545456,00005garden|535|1|1,534,1,5,,,00005garden,,22,0,1
SHAM,0.043478260869565216,00005garden|535|1|1,534,1,6,,,00005garden,,23,0,1
SHAM,0.043478260869565216,00005garden|535|1|1,534,1,7,,,00005garden,,23,0,1
SHAM,0.043478260869565216,00005garden|535|1|1,534,1,8,,,00005garden,,23,0,1
SHAM,0.043478260869565216,00005garden|535|1|1,534,1,9,,,00005garden,,23,0,1
SHAM,0.043478260869565216,00005garden|535|1|1,534,1,10,,,00005garden,,23,0,1
SHAM,0.047619047619047616,00005garden|535|1|1,534,1,11,,,00005garden,,21,0,1
SHAM,0.045454545454545456,00005garden|535|1|1,534,1,12,,,00005garden,,22,0,1
SHAM,0.043478260869565216,00005garden|535|1|1,534,1,13,,,00005garden,,23,0,1
SHAM,0.043478260869565216,00005garden|535|1|1,534,1,14,,,00005garden,,23,0,1
SHAM,0.045454545454545456,00005garden|535|1|1,534,1,15,,,00005garden,,22,0,1
SHAM,0.041666666666666664,00005garden|535|1|1,534,1,16,,,00005garden,,24,0,1
SHAM,0.041666666666666664,00005garden|535|1|1,534,1,17,,,00005garden,,24,0,1
SHAM,0.045454545454545456,00005garden|535|1|1,534,1,18,,,00005garden,,22,0,1
SHAM,0.045454545454545456,00005garden|535|1|1,534,1,19,,,00005garden,,22,0,1
SHAM,0.045454545454545456,00005garden|535|1|1,534,1,20,,,00005garden,,22,0,1
C2b-INJECTION,0.08695652173913043,00005garden|535|1|1,534,1,1,,,00005garden,,23,0,2
C2b-INJECTION,0.09523809523809523,00005garden|535|1|1,534,1,2,,,00005garden,,21,0,2
C2b-INJECTION,0.045454545454545456,00005garden|535|1|1,534,1,3,,,00005garden,,22,0,1
C2b-INJECTION,0.08695652173913043,00005garden|535|1|1,534,1,4,,,00005garden,,23,0,2
C2b-INJECTION,0.045454545454545456,00005garden|535|1|1,534,1,5,,,00005garden,,22,0,1
C2b-INJECTION,0.043478260869565216,00005garden|535|1|1,534,1,6,,,00005garden,,23,0,1
C2b-INJECTION,0.043478260869565216,00005garden|535|1|1,534,1,7,,,00005garden,,23,0,1
C2b-INJECTION,0.043478260869565216,00005garden|535|1|1,534,1,8,,,00005garden,,23,0,1
C2b-INJECTION,0.043478260869565216,00005garden|535|1|1,534,1,9,,,00005garden,,23,0,1
C2b-INJECTION,0.043478260869565216,00005garden|535|1|1,534,1,10,,,00005garden,,23,0,1
C2b-INJECTION,0.047619047619047616,00005garden|535|1|1,534,1,11,,,00005garden,,21,0,1
C2b-INJECTION,0.045454545454545456,00005garden|535|1|1,534,1,12,,,00005garden,,22,0,1
C2b-INJECTION,0.043478260869565216,00005garden|535|1|1,534,1,13,,,00005garden,,23,0,1
C2b-INJECTION,0.043478260869565216,00005garden|535|1|1,534,1,14,,,00005garden,,23,0,1
C2b-INJECTION,0.045454545454545456,00005garden|535|1|1,534,1,15,,,00005garden,,22,0,1
C2b-INJECTION,0.041666666666666664,00005garden|535|1|1,534,1,16,,,00005garden,,24,0,1
C2b-INJECTION,0.041666666666666664,00005garden|535|1|1,534,1,17,,,00005garden,,24,0,1
C2b-INJECTION,0.045454545454545456,00005garden|535|1|1,534,1,18,,,00005garden,,22,0,1
C2b-INJECTION,0.045454545454545456,00005garden|535|1|1,534,1,19,,,00005garden,,22,0,1
C2b-INJECTION,0.045454545454545456,00005garden|535|1|1,534,1,20,,,00005garden,,22,0,1
_META,,00005garden|535|1|1,534,1,0,omitted_for_runtime,omitted_for_runtime,00005garden,,,0,
SHAM,0.08695652173913043,00005garden|535|1|7,534,19,1,,,00005garden,,23,0,2
SHAM,0.09523809523809523,00005garden|535|1|7,534,19,2,,,00005garden,,21,0,2
SHAM,0.045454545454545456,00005garden|535|1|7,534,19,3,,,00005garden,,22,0,1
SHAM,0.08695652173913043,00005garden|535|1|7,534,19,4,,,00005garden,,23,0,2
SHAM,0.045454545454545456,00005garden|535|1|7,534,19,5,,,00005garden,,22,0,1
SHAM,0.043478260869565216,00005garden|535|1|7,534,19,6,,,00005garden,,23,0,1
SHAM,0.043478260869565216,00005garden|535|1|7,534,19,7,,,00005garden,,23,0,1
SHAM,0.043478260869565216,00005garden|535|1|7,534,19,8,,,00005garden,,23,0,1
SHAM,0.043478260869565216,00005garden|535|1|7,534,19,9,,,00005garden,,23,0,1
SHAM,0.043478260869565216,00005garden|535|1|7,534,19,10,,,00005garden,,23,0,1
SHAM,0.047619047619047616,00005garden|535|1|7,534,19,11,,,00005garden,,21,0,1
SHAM,0.045454545454545456,00005garden|535|1|7,534,19,12,,,00005garden,,22,0,1
SHAM,0.043478260869565216,00005garden|535|1|7,534,19,13,,,00005garden,,23,0,1
SHAM,0.043478260869565216,00005garden|535|1|7,534,19,14,,,00005garden,,23,0,1
SHAM,0.045454545454545456,00005garden|535|1|7,534,19,15,,,00005garden,,22,0,1
SHAM,0.041666666666666664,00005garden|535|1|7,534,19,16,,,00005garden,,24,0,1
SHAM,0.041666666666666664,00005garden|535|1|7,534,19,17,,,00005garden,,24,0,1
SHAM,0.045454545454545456,00005garden|535|1|7,534,19,18,,,00005garden,,22,0,1
SHAM,0.045454545454545456,00005garden|535|1|7,534,19,19,,,00005garden,,22,0,1
SHAM,0.045454545454545456,00005garden|535|1|7,534,19,20,,,00005garden,,22,0,1
C2b-INJECTION,0.08695652173913043,00005garden|535|1|7,534,19,1,,,00005garden,,23,0,2
C2b-INJECTION,0.09523809523809523,00005garden|535|1|7,534,19,2,,,00005garden,,21,0,2
C2b-INJECTION,0.045454545454545456,00005garden|535|1|7,534,19,3,,,00005garden,,22,0,1
C2b-INJECTION,0.08695652173913043,00005garden|535|1|7,534,19,4,,,00005garden,,23,0,2
C2b-INJECTION,0.045454545454545456,00005garden|535|1|7,534,19,5,,,00005garden,,22,0,1
C2b-INJECTION,0.043478260869565216,00005garden|535|1|7,534,19,6,,,00005garden,,23,0,1
C2b-INJECTION,0.043478260869565216,00005garden|535|1|7,534,19,7,,,00005garden,,23,0,1
C2b-INJECTION,0.043478260869565216,00005garden|535|1|7,534,19,8,,,00005garden,,23,0,1
C2b-INJECTION,0.043478260869565216,00005garden|535|1|7,534,19,9,,,00005garden,,23,0,1
C2b-INJECTION,0.043478260869565216,00005garden|535|1|7,534,19,10,,,00005garden,,23,0,1
C2b-INJECTION,0.047619047619047616,00005garden|535|1|7,534,19,11,,,00005garden,,21,0,1
C2b-INJECTION,0.045454545454545456,00005garden|535|1|7,534,19,12,,,00005garden,,22,0,1
C2b-INJECTION,0.043478260869565216,00005garden|535|1|7,534,19,13,,,00005garden,,23,0,1
C2b-INJECTION,0.043478260869565216,00005garden|535|1|7,534,19,14,,,00005garden,,23,0,1
C2b-INJECTION,0.045454545454545456,00005garden|535|1|7,534,19,15,,,00005garden,,22,0,1
C2b-INJECTION,0.041666666666666664,00005garden|535|1|7,534,19,16,,,00005garden,,24,0,1
C2b-INJECTION,0.041666666666666664,00005garden|535|1|7,534,19,17,,,00005garden,,24,0,1
C2b-INJECTION,0.045454545454545456,00005garden|535|1|7,534,19,18,,,00005garden,,22,0,1
C2b-INJECTION,0.045454545454545456,00005garden|535|1|7,534,19,19,,,00005garden,,22,0,1
C2b-INJECTION,0.045454545454545456,00005garden|535|1|7,534,19,20,,,00005garden,,22,0,1
_META,,00005garden|535|1|7,534,19,0,omitted_for_runtime,omitted_for_runtime,00005garden,,,0,
SHAM,0.045454545454545456,00005garden|537|1|15,536,23,1,,,00005garden,,22,0,1
SHAM,0.08695652173913043,00005garden|537|1|15,536,23,2,,,00005garden,,23,0,2
SHAM,0.045454545454545456,00005garden|537|1|15,536,23,3,,,00005garden,,22,0,1
SHAM,0.043478260869565216,00005garden|537|1|15,536,23,4,,,00005garden,,23,0,1
SHAM,0.043478260869565216,00005garden|537|1|15,536,23,5,,,00005garden,,23,0,1
SHAM,0.043478260869565216,00005garden|537|1|15,536,23,6,,,00005garden,,23,0,1
SHAM,0.043478260869565216,00005garden|537|1|15,536,23,7,,,00005garden,,23,0,1
SHAM,0.043478260869565216,00005garden|537|1|15,536,23,8,,,00005garden,,23,0,1
SHAM,0.047619047619047616,00005garden|537|1|15,536,23,9,,,00005garden,,21,0,1
SHAM,0.045454545454545456,00005garden|537|1|15,536,23,10,,,00005garden,,22,0,1
SHAM,0.043478260869565216,00005garden|537|1|15,536,23,11,,,00005garden,,23,0,1
SHAM,0.043478260869565216,00005garden|537|1|15,536,23,12,,,00005garden,,23,0,1
SHAM,0.045454545454545456,00005garden|537|1|15,536,23,13,,,00005garden,,22,0,1
SHAM,0.041666666666666664,00005garden|537|1|15,536,23,14,,,00005garden,,24,0,1
SHAM,0.041666666666666664,00005garden|537|1|15,536,23,15,,,00005garden,,24,0,1
SHAM,0.045454545454545456,00005garden|537|1|15,536,23,16,,,00005garden,,22,0,1
SHAM,0.045454545454545456,00005garden|537|1|15,536,23,17,,,00005garden,,22,0,1
SHAM,0.045454545454545456,00005garden|537|1|15,536,23,18,,,00005garden,,22,0,1
SHAM,0.047619047619047616,00005garden|537|1|15,536,23,19,,,00005garden,,21,0,1
SHAM,0.047619047619047616,00005garden|537|1|15,536,23,20,,,00005garden,,21,0,1
C2b-INJECTION,0.045454545454545456,00005garden|537|1|15,536,23,1,,,00005garden,,22,0,1
C2b-INJECTION,0.08695652173913043,00005garden|537|1|15,536,23,2,,,00005garden,,23,0,2
C2b-INJECTION,0.045454545454545456,00005garden|537|1|15,536,23,3,,,00005garden,,22,0,1
C2b-INJECTION,0.043478260869565216,00005garden|537|1|15,536,23,4,,,00005garden,,23,0,1
C2b-INJECTION,0.043478260869565216,00005garden|537|1|15,536,23,5,,,00005garden,,23,0,1
C2b-INJECTION,0.043478260869565216,00005garden|537|1|15,536,23,6,,,00005garden,,23,0,1
C2b-INJECTION,0.043478260869565216,00005garden|537|1|15,536,23,7,,,00005garden,,23,0,1
C2b-INJECTION,0.043478260869565216,00005garden|537|1|15,536,23,8,,,00005garden,,23,0,1
C2b-INJECTION,0.047619047619047616,00005garden|537|1|15,536,23,9,,,00005garden,,21,0,1
C2b-INJECTION,0.045454545454545456,00005garden|537|1|15,536,23,10,,,00005garden,,22,0,1
C2b-INJECTION,0.043478260869565216,00005garden|537|1|15,536,23,11,,,00005garden,,23,0,1
C2b-INJECTION,0.043478260869565216,00005garden|537|1|15,536,23,12,,,00005garden,,23,0,1
C2b-INJECTION,0.045454545454545456,00005garden|537|1|15,536,23,13,,,00005garden,,22,0,1
C2b-INJECTION,0.041666666666666664,00005garden|537|1|15,536,23,14,,,00005garden,,24,0,1
C2b-INJECTION,0.041666666666666664,00005garden|537|1|15,536,23,15,,,00005garden,,24,0,1
C2b-INJECTION,0.045454545454545456,00005garden|537|1|15,536,23,16,,,00005garden,,22,0,1
C2b-INJECTION,0.045454545454545456,00005garden|537|1|15,536,23,17,,,00005garden,,22,0,1
C2b-INJECTION,0.045454545454545456,00005garden|537|1|15,536,23,18,,,00005garden,,22,0,1
C2b-INJECTION,0.047619047619047616,00005garden|537|1|15,536,23,19,,,00005garden,,21,0,1
C2b-INJECTION,0.047619047619047616,00005garden|537|1|15,536,23,20,,,00005garden,,21,0,1
_META,,00005garden|537|1|15,536,23,0,omitted_for_runtime,omitted_for_runtime,00005garden,,,0,
SHAM,0.043478260869565216,00005garden|541|1|21,540,14,1,,,00005garden,,23,0,1
SHAM,0.043478260869565216,00005garden|541|1|21,540,14,2,,,00005garden,,23,0,1
SHAM,0.043478260869565216,00005garden|541|1|21,540,14,3,,,00005garden,,23,0,1
SHAM,0.043478260869565216,00005garden|541|1|21,540,14,4,,,00005garden,,23,0,1
SHAM,0.047619047619047616,00005garden|541|1|21,540,14,5,,,00005garden,,21,0,1
SHAM,0.045454545454545456,00005garden|541|1|21,540,14,6,,,00005garden,,22,0,1
SHAM,0.043478260869565216,00005garden|541|1|21,540,14,7,,,00005garden,,23,0,1
SHAM,0.043478260869565216,00005garden|541|1|21,540,14,8,,,00005garden,,23,0,1
SHAM,0.045454545454545456,00005garden|541|1|21,540,14,9,,,00005garden,,22,0,1
SHAM,0.041666666666666664,00005garden|541|1|21,540,14,10,,,00005garden,,24,0,1
SHAM,0.041666666666666664,00005garden|541|1|21,540,14,11,,,00005garden,,24,0,1
SHAM,0.045454545454545456,00005garden|541|1|21,540,14,12,,,00005garden,,22,0,1
SHAM,0.045454545454545456,00005garden|541|1|21,540,14,13,,,00005garden,,22,0,1
SHAM,0.045454545454545456,00005garden|541|1|21,540,14,14,,,00005garden,,22,0,1
SHAM,0.047619047619047616,00005garden|541|1|21,540,14,15,,,00005garden,,21,0,1
SHAM,0.047619047619047616,00005garden|541|1|21,540,14,16,,,00005garden,,21,0,1
SHAM,0.047619047619047616,00005garden|541|1|21,540,14,17,,,00005garden,,21,0,1
SHAM,0.047619047619047616,00005garden|541|1|21,540,14,18,,,00005garden,,21,0,1
SHAM,0.045454545454545456,00005garden|541|1|21,540,14,19,,,00005garden,,22,0,1
SHAM,0.047619047619047616,00005garden|541|1|21,540,14,20,,,00005garden,,21,0,1
C2b-INJECTION,0.043478260869565216,00005garden|541|1|21,540,14,1,,,00005garden,,23,0,1
C2b-INJECTION,0.043478260869565216,00005garden|541|1|21,540,14,2,,,00005garden,,23,0,1
C2b-INJECTION,0.043478260869565216,00005garden|541|1|21,540,14,3,,,00005garden,,23,0,1
C2b-INJECTION,0.043478260869565216,00005garden|541|1|21,540,14,4,,,00005garden,,23,0,1
C2b-INJECTION,0.047619047619047616,00005garden|541|1|21,540,14,5,,,00005garden,,21,0,1
C2b-INJECTION,0.045454545454545456,00005garden|541|1|21,540,14,6,,,00005garden,,22,0,1
C2b-INJECTION,0.043478260869565216,00005garden|541|1|21,540,14,7,,,00005garden,,23,0,1
C2b-INJECTION,0.041666666666666664,00005garden|541|1|21,540,14,8,,,00005garden,,24,0,1
C2b-INJECTION,0.045454545454545456,00005garden|541|1|21,540,14,9,,,00005garden,,22,0,1
C2b-INJECTION,0.043478260869565216,00005garden|541|1|21,540,14,10,,,00005garden,,23,0,1
C2b-INJECTION,0.041666666666666664,00005garden|541|1|21,540,14,11,,,00005garden,,24,0,1
C2b-INJECTION,0.045454545454545456,00005garden|541|1|21,540,14,12,,,00005garden,,22,0,1
C2b-INJECTION,0.045454545454545456,00005garden|541|1|21,540,14,13,,,00005garden,,22,0,1
C2b-INJECTION,0.045454545454545456,00005garden|541|1|21,540,14,14,,,00005garden,,22,0,1
C2b-INJECTION,0.047619047619047616,00005garden|541|1|21,540,14,15,,,00005garden,,21,0,1
C2b-INJECTION,0.047619047619047616,00005garden|541|1|21,540,14,16,,,00005garden,,21,0,1
C2b-INJECTION,0.047619047619047616,00005garden|541|1|21,540,14,17,,,00005garden,,21,0,1
C2b-INJECTION,0.047619047619047616,00005garden|541|1|21,540,14,18,,,00005garden,,21,0,1
C2b-INJECTION,0.045454545454545456,00005garden|541|1|21,540,14,19,,,00005garden,,22,0,1
C2b-INJECTION,0.047619047619047616,00005garden|541|1|21,540,14,20,,,00005garden,,21,0,1
_META,,00005garden|541|1|21,540,14,0,omitted_for_runtime,omitted_for_runtime,00005garden,,,0,
SHAM,0.047619047619047616,00005garden|561|1|14,560,27,1,,,00005garden,,21,0,1
SHAM,0.045454545454545456,00005garden|561|1|14,560,27,2,,,00005garden,,22,0,1
SHAM,0.045454545454545456,00005garden|561|1|14,560,27,3,,,00005garden,,22,0,1
SHAM,0.047619047619047616,00005garden|561|1|14,560,27,4,,,00005garden,,21,0,1
SHAM,0.045454545454545456,00005garden|561|1|14,560,27,5,,,00005garden,,22,0,1
SHAM,0.045454545454545456,00005garden|561|1|14,560,27,6,,,00005garden,,22,0,1
SHAM,0.09090909090909091,00005garden|561|1|14,560,27,7,,,00005garden,,22,0,2
SHAM,0.09090909090909091,00005garden|561|1|14,560,27,8,,,00005garden,,22,0,2
SHAM,0.09523809523809523,00005garden|561|1|14,560,27,9,,,00005garden,,21,0,2
SHAM,0.045454545454545456,00005garden|561|1|14,560,27,10,,,00005garden,,22,0,1
SHAM,0.09090909090909091,00005garden|561|1|14,560,27,11,,,00005garden,,22,0,2
SHAM,0.1,00005garden|561|1|14,560,27,12,,,00005garden,,20,0,2
SHAM,0.1,00005garden|561|1|14,560,27,13,,,00005garden,,20,0,2
SHAM,0.09523809523809523,00005garden|561|1|14,560,27,14,,,00005garden,,21,0,2
SHAM,0.05,00005garden|561|1|14,560,27,15,,,00005garden,,20,0,1
SHAM,0.047619047619047616,00005garden|561|1|14,560,27,16,,,00005garden,,21,0,1
SHAM,0.047619047619047616,00005garden|561|1|14,560,27,17,,,00005garden,,21,0,1
SHAM,0.047619047619047616,00005garden|561|1|14,560,27,18,,,00005garden,,21,0,1
SHAM,0.047619047619047616,00005garden|561|1|14,560,27,19,,,00005garden,,21,0,1
SHAM,0.047619047619047616,00005garden|561|1|14,560,27,20,,,00005garden,,21,0,1
C2b-INJECTION,0.047619047619047616,00005garden|561|1|14,560,27,1,,,00005garden,,21,0,1
C2b-INJECTION,0.045454545454545456,00005garden|561|1|14,560,27,2,,,00005garden,,22,0,1
C2b-INJECTION,0.045454545454545456,00005garden|561|1|14,560,27,3,,,00005garden,,22,0,1
C2b-INJECTION,0.047619047619047616,00005garden|561|1|14,560,27,4,,,00005garden,,21,0,1
C2b-INJECTION,0.045454545454545456,00005garden|561|1|14,560,27,5,,,00005garden,,22,0,1
C2b-INJECTION,0.045454545454545456,00005garden|561|1|14,560,27,6,,,00005garden,,22,0,1
C2b-INJECTION,0.09090909090909091,00005garden|561|1|14,560,27,7,,,00005garden,,22,0,2
C2b-INJECTION,0.09090909090909091,00005garden|561|1|14,560,27,8,,,00005garden,,22,0,2
C2b-INJECTION,0.09523809523809523,00005garden|561|1|14,560,27,9,,,00005garden,,21,0,2
C2b-INJECTION,0.045454545454545456,00005garden|561|1|14,560,27,10,,,00005garden,,22,0,1
C2b-INJECTION,0.09090909090909091,00005garden|561|1|14,560,27,11,,,00005garden,,22,0,2
C2b-INJECTION,0.1,00005garden|561|1|14,560,27,12,,,00005garden,,20,0,2
C2b-INJECTION,0.1,00005garden|561|1|14,560,27,13,,,00005garden,,20,0,2
C2b-INJECTION,0.09523809523809523,00005garden|561|1|14,560,27,14,,,00005garden,,21,0,2
C2b-INJECTION,0.05,00005garden|561|1|14,560,27,15,,,00005garden,,20,0,1
C2b-INJECTION,0.047619047619047616,00005garden|561|1|14,560,27,16,,,00005garden,,21,0,1
C2b-INJECTION,0.047619047619047616,00005garden|561|1|14,560,27,17,,,00005garden,,21,0,1
C2b-INJECTION,0.047619047619047616,00005garden|561|1|14,560,27,18,,,00005garden,,21,0,1
C2b-INJECTION,0.047619047619047616,00005garden|561|1|14,560,27,19,,,00005garden,,21,0,1
C2b-INJECTION,0.047619047619047616,00005garden|561|1|14,560,27,20,,,00005garden,,21,0,1
_META,,00005garden|561|1|14,560,27,0,omitted_for_runtime,omitted_for_runtime,00005garden,,,0,
SHAM,0.047619047619047616,00005garden|576|1|6,575,17,1,,,00005garden,,21,0,1
SHAM,0.047619047619047616,00005garden|576|1|6,575,17,2,,,00005garden,,21,0,1
SHAM,0.047619047619047616,00005garden|576|1|6,575,17,3,,,00005garden,,21,0,1
SHAM,0.047619047619047616,00005garden|576|1|6,575,17,4,,,00005garden,,21,0,1
SHAM,0.047619047619047616,00005garden|576|1|6,575,17,5,,,00005garden,,21,0,1
SHAM,0.05,00005garden|576|1|6,575,17,6,,,00005garden,,20,0,1
SHAM,0.05,00005garden|576|1|6,575,17,7,,,00005garden,,20,0,1
SHAM,0.05,00005garden|576|1|6,575,17,8,,,00005garden,,20,0,1
SHAM,0.047619047619047616,00005garden|576|1|6,575,17,9,,,00005garden,,21,0,1
SHAM,0.047619047619047616,00005garden|576|1|6,575,17,10,,,00005garden,,21,0,1
SHAM,0.047619047619047616,00005garden|576|1|6,575,17,11,,,00005garden,,21,0,1
SHAM,0.047619047619047616,00005garden|576|1|6,575,17,12,,,00005garden,,21,0,1
SHAM,0.05,00005garden|576|1|6,575,17,13,,,00005garden,,20,0,1
SHAM,0.045454545454545456,00005garden|576|1|6,575,17,14,,,00005garden,,22,0,1
SHAM,0.045454545454545456,00005garden|576|1|6,575,17,15,,,00005garden,,22,0,1
SHAM,0.045454545454545456,00005garden|576|1|6,575,17,16,,,00005garden,,22,0,1
SHAM,0.043478260869565216,00005garden|576|1|6,575,17,17,,,00005garden,,23,0,1
SHAM,0.045454545454545456,00005garden|576|1|6,575,17,18,,,00005garden,,22,0,1
SHAM,0.08333333333333333,00005garden|576|1|6,575,17,19,,,00005garden,,24,0,2
SHAM,0.045454545454545456,00005garden|576|1|6,575,17,20,,,00005garden,,22,0,1
C2b-INJECTION,0.047619047619047616,00005garden|576|1|6,575,17,1,,,00005garden,,21,0,1
C2b-INJECTION,0.047619047619047616,00005garden|576|1|6,575,17,2,,,00005garden,,21,0,1
C2b-INJECTION,0.047619047619047616,00005garden|576|1|6,575,17,3,,,00005garden,,21,0,1
C2b-INJECTION,0.047619047619047616,00005garden|576|1|6,575,17,4,,,00005garden,,21,0,1
C2b-INJECTION,0.047619047619047616,00005garden|576|1|6,575,17,5,,,00005garden,,21,0,1
C2b-INJECTION,0.05,00005garden|576|1|6,575,17,6,,,00005garden,,20,0,1
C2b-INJECTION,0.05,00005garden|576|1|6,575,17,7,,,00005garden,,20,0,1
C2b-INJECTION,0.05,00005garden|576|1|6,575,17,8,,,00005garden,,20,0,1
C2b-INJECTION,0.047619047619047616,00005garden|576|1|6,575,17,9,,,00005garden,,21,0,1
C2b-INJECTION,0.047619047619047616,00005garden|576|1|6,575,17,10,,,00005garden,,21,0,1
C2b-INJECTION,0.045454545454545456,00005garden|576|1|6,575,17,11,,,00005garden,,22,0,1
C2b-INJECTION,0.047619047619047616,00005garden|576|1|6,575,17,12,,,00005garden,,21,0,1
C2b-INJECTION,0.05,00005garden|576|1|6,575,17,13,,,00005garden,,20,0,1
C2b-INJECTION,0.045454545454545456,00005garden|576|1|6,575,17,14,,,00005garden,,22,0,1
C2b-INJECTION,0.045454545454545456,00005garden|576|1|6,575,17,15,,,00005garden,,22,0,1
C2b-INJECTION,0.045454545454545456,00005garden|576|1|6,575,17,16,,,00005garden,,22,0,1
C2b-INJECTION,0.043478260869565216,00005garden|576|1|6,575,17,17,,,00005garden,,23,0,1
C2b-INJECTION,0.045454545454545456,00005garden|576|1|6,575,17,18,,,00005garden,,22,0,1
C2b-INJECTION,0.08333333333333333,00005garden|576|1|6,575,17,19,,,00005garden,,24,0,2
C2b-INJECTION,0.045454545454545456,00005garden|576|1|6,575,17,20,,,00005garden,,22,0,1
_META,,00005garden|576|1|6,575,17,0,omitted_for_runtime,omitted_for_runtime,00005garden,,,0,
SHAM,0.047619047619047616,00005garden|576|2|0,575,2,1,,,00005garden,,21,1,1
SHAM,0.047619047619047616,00005garden|576|2|0,575,2,2,,,00005garden,,21,1,1
SHAM,0.047619047619047616,00005garden|576|2|0,575,2,3,,,00005garden,,21,1,1
SHAM,0.047619047619047616,00005garden|576|2|0,575,2,4,,,00005garden,,21,1,1
SHAM,0.047619047619047616,00005garden|576|2|0,575,2,5,,,00005garden,,21,1,1
SHAM,0.05,00005garden|576|2|0,575,2,6,,,00005garden,,20,1,1
SHAM,0.05,00005garden|576|2|0,575,2,7,,,00005garden,,20,1,1
SHAM,0.05,00005garden|576|2|0,575,2,8,,,00005garden,,20,1,1
SHAM,0.047619047619047616,00005garden|576|2|0,575,2,9,,,00005garden,,21,1,1
SHAM,0.047619047619047616,00005garden|576|2|0,575,2,10,,,00005garden,,21,1,1
SHAM,0.047619047619047616,00005garden|576|2|0,575,2,11,,,00005garden,,21,1,1
SHAM,0.047619047619047616,00005garden|576|2|0,575,2,12,,,00005garden,,21,1,1
SHAM,0.05,00005garden|576|2|0,575,2,13,,,00005garden,,20,1,1
SHAM,0.045454545454545456,00005garden|576|2|0,575,2,14,,,00005garden,,22,1,1
SHAM,0.045454545454545456,00005garden|576|2|0,575,2,15,,,00005garden,,22,1,1
SHAM,0.045454545454545456,00005garden|576|2|0,575,2,16,,,00005garden,,22,1,1
SHAM,0.043478260869565216,00005garden|576|2|0,575,2,17,,,00005garden,,23,1,1
SHAM,0.045454545454545456,00005garden|576|2|0,575,2,18,,,00005garden,,22,1,1
SHAM,0.08333333333333333,00005garden|576|2|0,575,2,19,,,00005garden,,24,1,2
SHAM,0.045454545454545456,00005garden|576|2|0,575,2,20,,,00005garden,,22,1,1
C2b-INJECTION,0.047619047619047616,00005garden|576|2|0,575,2,1,,,00005garden,,21,1,1
C2b-INJECTION,0.047619047619047616,00005garden|576|2|0,575,2,2,,,00005garden,,21,1,1
C2b-INJECTION,0.047619047619047616,00005garden|576|2|0,575,2,3,,,00005garden,,21,1,1
C2b-INJECTION,0.047619047619047616,00005garden|576|2|0,575,2,4,,,00005garden,,21,1,1
C2b-INJECTION,0.047619047619047616,00005garden|576|2|0,575,2,5,,,00005garden,,21,1,1
C2b-INJECTION,0.05,00005garden|576|2|0,575,2,6,,,00005garden,,20,1,1
C2b-INJECTION,0.05,00005garden|576|2|0,575,2,7,,,00005garden,,20,1,1
C2b-INJECTION,0.05,00005garden|576|2|0,575,2,8,,,00005garden,,20,1,1
C2b-INJECTION,0.047619047619047616,00005garden|576|2|0,575,2,9,,,00005garden,,21,1,1
C2b-INJECTION,0.047619047619047616,00005garden|576|2|0,575,2,10,,,00005garden,,21,1,1
C2b-INJECTION,0.045454545454545456,00005garden|576|2|0,575,2,11,,,00005garden,,22,1,1
C2b-INJECTION,0.047619047619047616,00005garden|576|2|0,575,2,12,,,00005garden,,21,1,1
C2b-INJECTION,0.05,00005garden|576|2|0,575,2,13,,,00005garden,,20,1,1
C2b-INJECTION,0.045454545454545456,00005garden|576|2|0,575,2,14,,,00005garden,,22,1,1
C2b-INJECTION,0.045454545454545456,00005garden|576|2|0,575,2,15,,,00005garden,,22,1,1
C2b-INJECTION,0.045454545454545456,00005garden|576|2|0,575,2,16,,,00005garden,,22,1,1
C2b-INJECTION,0.043478260869565216,00005garden|576|2|0,575,2,17,,,00005garden,,23,1,1
C2b-INJECTION,0.045454545454545456,00005garden|576|2|0,575,2,18,,,00005garden,,22,1,1
C2b-INJECTION,0.08333333333333333,00005garden|576|2|0,575,2,19,,,00005garden,,24,1,2
C2b-INJECTION,0.045454545454545456,00005garden|576|2|0,575,2,20,,,00005garden,,22,1,1
_META,,00005garden|576|2|0,575,2,0,omitted_for_runtime,omitted_for_runtime,00005garden,,,1,
SHAM,0.047619047619047616,00005garden|579|1|15,578,12,1,,,00005garden,,21,0,1
SHAM,0.047619047619047616,00005garden|579|1|15,578,12,2,,,00005garden,,21,0,1
SHAM,0.05,00005garden|579|1|15,578,12,3,,,00005garden,,20,0,1
SHAM,0.05,00005garden|579|1|15,578,12,4,,,00005garden,,20,0,1
SHAM,0.05,00005garden|579|1|15,578,12,5,,,00005garden,,20,0,1
SHAM,0.047619047619047616,00005garden|579|1|15,578,12,6,,,00005garden,,21,0,1
SHAM,0.047619047619047616,00005garden|579|1|15,578,12,7,,,00005garden,,21,0,1
SHAM,0.047619047619047616,00005garden|579|1|15,578,12,8,,,00005garden,,21,0,1
SHAM,0.047619047619047616,00005garden|579|1|15,578,12,9,,,00005garden,,21,0,1
SHAM,0.05,00005garden|579|1|15,578,12,10,,,00005garden,,20,0,1
SHAM,0.045454545454545456,00005garden|579|1|15,578,12,11,,,00005garden,,22,0,1
SHAM,0.045454545454545456,00005garden|579|1|15,578,12,12,,,00005garden,,22,0,1
SHAM,0.045454545454545456,00005garden|579|1|15,578,12,13,,,00005garden,,22,0,1
SHAM,0.043478260869565216,00005garden|579|1|15,578,12,14,,,00005garden,,23,0,1
SHAM,0.045454545454545456,00005garden|579|1|15,578,12,15,,,00005garden,,22,0,1
SHAM,0.08333333333333333,00005garden|579|1|15,578,12,16,,,00005garden,,24,0,2
SHAM,0.045454545454545456,00005garden|579|1|15,578,12,17,,,00005garden,,22,0,1
SHAM,0.045454545454545456,00005garden|579|1|15,578,12,18,,,00005garden,,22,0,1
SHAM,0.045454545454545456,00005garden|579|1|15,578,12,19,,,00005garden,,22,0,1
SHAM,0.045454545454545456,00005garden|579|1|15,578,12,20,,,00005garden,,22,0,1
C2b-INJECTION,0.047619047619047616,00005garden|579|1|15,578,12,1,,,00005garden,,21,0,1
C2b-INJECTION,0.047619047619047616,00005garden|579|1|15,578,12,2,,,00005garden,,21,0,1
C2b-INJECTION,0.05,00005garden|579|1|15,578,12,3,,,00005garden,,20,0,1
C2b-INJECTION,0.05,00005garden|579|1|15,578,12,4,,,00005garden,,20,0,1
C2b-INJECTION,0.05,00005garden|579|1|15,578,12,5,,,00005garden,,20,0,1
C2b-INJECTION,0.047619047619047616,00005garden|579|1|15,578,12,6,,,00005garden,,21,0,1
C2b-INJECTION,0.047619047619047616,00005garden|579|1|15,578,12,7,,,00005garden,,21,0,1
C2b-INJECTION,0.047619047619047616,00005garden|579|1|15,578,12,8,,,00005garden,,21,0,1
C2b-INJECTION,0.047619047619047616,00005garden|579|1|15,578,12,9,,,00005garden,,21,0,1
C2b-INJECTION,0.05,00005garden|579|1|15,578,12,10,,,00005garden,,20,0,1
C2b-INJECTION,0.045454545454545456,00005garden|579|1|15,578,12,11,,,00005garden,,22,0,1
C2b-INJECTION,0.045454545454545456,00005garden|579|1|15,578,12,12,,,00005garden,,22,0,1
C2b-INJECTION,0.045454545454545456,00005garden|579|1|15,578,12,13,,,00005garden,,22,0,1
C2b-INJECTION,0.043478260869565216,00005garden|579|1|15,578,12,14,,,00005garden,,23,0,1
C2b-INJECTION,0.045454545454545456,00005garden|579|1|15,578,12,15,,,00005garden,,22,0,1
C2b-INJECTION,0.08333333333333333,00005garden|579|1|15,578,12,16,,,00005garden,,24,0,2
C2b-INJECTION,0.045454545454545456,00005garden|579|1|15,578,12,17,,,00005garden,,22,0,1
C2b-INJECTION,0.045454545454545456,00005garden|579|1|15,578,12,18,,,00005garden,,22,0,1
C2b-INJECTION,0.045454545454545456,00005garden|579|1|15,578,12,19,,,00005garden,,22,0,1
C2b-INJECTION,0.045454545454545456,00005garden|579|1|15,578,12,20,,,00005garden,,22,0,1
_META,,00005garden|579|1|15,578,12,0,omitted_for_runtime,omitted_for_runtime,00005garden,,,0,
SHAM,0.045454545454545456,00005garden|601|1|18,600,11,1,,,00005garden,,22,0,1
SHAM,0.045454545454545456,00005garden|601|1|18,600,11,2,,,00005garden,,22,0,1
SHAM,0.045454545454545456,00005garden|601|1|18,600,11,3,,,00005garden,,22,0,1
SHAM,0.045454545454545456,00005garden|601|1|18,600,11,4,,,00005garden,,22,0,1
SHAM,0.05,00005garden|601|1|18,600,11,5,,,00005garden,,20,0,1
SHAM,0.047619047619047616,00005garden|601|1|18,600,11,6,,,00005garden,,21,0,1
SHAM,0.05,00005garden|601|1|18,600,11,7,,,00005garden,,20,0,1
SHAM,0.05,00005garden|601|1|18,600,11,8,,,00005garden,,20,0,1
SHAM,0.047619047619047616,00005garden|601|1|18,600,11,9,,,00005garden,,21,0,1
SHAM,0.047619047619047616,00005garden|601|1|18,600,11,10,,,00005garden,,21,0,1
SHAM,0.05,00005garden|601|1|18,600,11,11,,,00005garden,,20,0,1
SHAM,0.05,00005garden|601|1|18,600,11,12,,,00005garden,,20,0,1
SHAM,0.045454545454545456,00005garden|601|1|18,600,11,13,,,00005garden,,22,0,1
SHAM,0.08333333333333333,00005garden|601|1|18,600,11,14,,,00005garden,,24,0,2
SHAM,0.08333333333333333,00005garden|601|1|18,600,11,15,,,00005garden,,24,0,2
SHAM,0.043478260869565216,00005garden|601|1|18,600,11,16,,,00005garden,,23,0,1
SHAM,0.08695652173913043,00005garden|601|1|18,600,11,17,,,00005garden,,23,0,2
SHAM,0.041666666666666664,00005garden|601|1|18,600,11,18,,,00005garden,,24,0,1
SHAM,0.041666666666666664,00005garden|601|1|18,600,11,19,,,00005garden,,24,0,1
SHAM,0.041666666666666664,00005garden|601|1|18,600,11,20,,,00005garden,,24,0,1
C2b-INJECTION,0.045454545454545456,00005garden|601|1|18,600,11,1,,,00005garden,,22,0,1
C2b-INJECTION,0.045454545454545456,00005garden|601|1|18,600,11,2,,,00005garden,,22,0,1
C2b-INJECTION,0.045454545454545456,00005garden|601|1|18,600,11,3,,,00005garden,,22,0,1
C2b-INJECTION,0.045454545454545456,00005garden|601|1|18,600,11,4,,,00005garden,,22,0,1
C2b-INJECTION,0.05,00005garden|601|1|18,600,11,5,,,00005garden,,20,0,1
C2b-INJECTION,0.047619047619047616,00005garden|601|1|18,600,11,6,,,00005garden,,21,0,1
C2b-INJECTION,0.05,00005garden|601|1|18,600,11,7,,,00005garden,,20,0,1
C2b-INJECTION,0.05,00005garden|601|1|18,600,11,8,,,00005garden,,20,0,1
C2b-INJECTION,0.047619047619047616,00005garden|601|1|18,600,11,9,,,00005garden,,21,0,1
C2b-INJECTION,0.047619047619047616,00005garden|601|1|18,600,11,10,,,00005garden,,21,0,1
C2b-INJECTION,0.05,00005garden|601|1|18,600,11,11,,,00005garden,,20,0,1
C2b-INJECTION,0.05,00005garden|601|1|18,600,11,12,,,00005garden,,20,0,1
C2b-INJECTION,0.045454545454545456,00005garden|601|1|18,600,11,13,,,00005garden,,22,0,1
C2b-INJECTION,0.08333333333333333,00005garden|601|1|18,600,11,14,,,00005garden,,24,0,2
C2b-INJECTION,0.08333333333333333,00005garden|601|1|18,600,11,15,,,00005garden,,24,0,2
C2b-INJECTION,0.043478260869565216,00005garden|601|1|18,600,11,16,,,00005garden,,23,0,1
C2b-INJECTION,0.08695652173913043,00005garden|601|1|18,600,11,17,,,00005garden,,23,0,2
C2b-INJECTION,0.041666666666666664,00005garden|601|1|18,600,11,18,,,00005garden,,24,0,1
C2b-INJECTION,0.041666666666666664,00005garden|601|1|18,600,11,19,,,00005garden,,24,0,1
C2b-INJECTION,0.041666666666666664,00005garden|601|1|18,600,11,20,,,00005garden,,24,0,1
_META,,00005garden|601|1|18,600,11,0,omitted_for_runtime,omitted_for_runtime,00005garden,,,0,
SHAM,0.08695652173913043,00005garden|617|1|3,616,2,1,,,00005garden,,23,0,2
SHAM,0.041666666666666664,00005garden|617|1|3,616,2,2,,,00005garden,,24,0,1
SHAM,0.041666666666666664,00005garden|617|1|3,616,2,3,,,00005garden,,24,0,1
SHAM,0.041666666666666664,00005garden|617|1|3,616,2,4,,,00005garden,,24,0,1
SHAM,0.041666666666666664,00005garden|617|1|3,616,2,5,,,00005garden,,24,0,1
SHAM,0.041666666666666664,00005garden|617|1|3,616,2,6,,,00005garden,,24,0,1
SHAM,0.041666666666666664,00005garden|617|1|3,616,2,7,,,00005garden,,24,0,1
SHAM,0.043478260869565216,00005garden|617|1|3,616,2,8,,,00005garden,,23,0,1
SHAM,0.041666666666666664,00005garden|617|1|3,616,2,9,,,00005garden,,24,0,1
SHAM,0.041666666666666664,00005garden|617|1|3,616,2,10,,,00005garden,,24,0,1
SHAM,0.041666666666666664,00005garden|617|1|3,616,2,11,,,00005garden,,24,0,1
SHAM,0.041666666666666664,00005garden|617|1|3,616,2,12,,,00005garden,,24,0,1
SHAM,0.041666666666666664,00005garden|617|1|3,616,2,13,,,00005garden,,24,0,1
SHAM,0.043478260869565216,00005garden|617|1|3,616,2,14,,,00005garden,,23,0,1
SHAM,0.041666666666666664,00005garden|617|1|3,616,2,15,,,00005garden,,24,0,1
SHAM,0.041666666666666664,00005garden|617|1|3,616,2,16,,,00005garden,,24,0,1
SHAM,0.08333333333333333,00005garden|617|1|3,616,2,17,,,00005garden,,24,0,2
SHAM,0.041666666666666664,00005garden|617|1|3,616,2,18,,,00005garden,,24,0,1
SHAM,0.045454545454545456,00005garden|617|1|3,616,2,19,,,00005garden,,22,0,1
SHAM,0.043478260869565216,00005garden|617|1|3,616,2,20,,,00005garden,,23,0,1
C2b-INJECTION,0.08695652173913043,00005garden|617|1|3,616,2,1,,,00005garden,,23,0,2
C2b-INJECTION,0.041666666666666664,00005garden|617|1|3,616,2,2,,,00005garden,,24,0,1
C2b-INJECTION,0.041666666666666664,00005garden|617|1|3,616,2,3,,,00005garden,,24,0,1
C2b-INJECTION,0.041666666666666664,00005garden|617|1|3,616,2,4,,,00005garden,,24,0,1
C2b-INJECTION,0.041666666666666664,00005garden|617|1|3,616,2,5,,,00005garden,,24,0,1
C2b-INJECTION,0.041666666666666664,00005garden|617|1|3,616,2,6,,,00005garden,,24,0,1
C2b-INJECTION,0.041666666666666664,00005garden|617|1|3,616,2,7,,,00005garden,,24,0,1
C2b-INJECTION,0.043478260869565216,00005garden|617|1|3,616,2,8,,,00005garden,,23,0,1
C2b-INJECTION,0.041666666666666664,00005garden|617|1|3,616,2,9,,,00005garden,,24,0,1
C2b-INJECTION,0.043478260869565216,00005garden|617|1|3,616,2,10,,,00005garden,,23,0,1
C2b-INJECTION,0.041666666666666664,00005garden|617|1|3,616,2,11,,,00005garden,,24,0,1
C2b-INJECTION,0.041666666666666664,00005garden|617|1|3,616,2,12,,,00005garden,,24,0,1
C2b-INJECTION,0.041666666666666664,00005garden|617|1|3,616,2,13,,,00005garden,,24,0,1
C2b-INJECTION,0.043478260869565216,00005garden|617|1|3,616,2,14,,,00005garden,,23,0,1
C2b-INJECTION,0.041666666666666664,00005garden|617|1|3,616,2,15,,,00005garden,,24,0,1
C2b-INJECTION,0.041666666666666664,00005garden|617|1|3,616,2,16,,,00005garden,,24,0,1
C2b-INJECTION,0.08333333333333333,00005garden|617|1|3,616,2,17,,,00005garden,,24,0,2
C2b-INJECTION,0.041666666666666664,00005garden|617|1|3,616,2,18,,,00005garden,,24,0,1
C2b-INJECTION,0.045454545454545456,00005garden|617|1|3,616,2,19,,,00005garden,,22,0,1
C2b-INJECTION,0.043478260869565216,00005garden|617|1|3,616,2,20,,,00005garden,,23,0,1
_META,,00005garden|617|1|3,616,2,0,omitted_for_runtime,omitted_for_runtime,00005garden,,,0,
SHAM,0.041666666666666664,00005garden|619|1|14,618,23,1,,,00005garden,,24,0,1
SHAM,0.041666666666666664,00005garden|619|1|14,618,23,2,,,00005garden,,24,0,1
SHAM,0.041666666666666664,00005garden|619|1|14,618,23,3,,,00005garden,,24,0,1
SHAM,0.041666666666666664,00005garden|619|1|14,618,23,4,,,00005garden,,24,0,1
SHAM,0.041666666666666664,00005garden|619|1|14,618,23,5,,,00005garden,,24,0,1
SHAM,0.043478260869565216,00005garden|619|1|14,618,23,6,,,00005garden,,23,0,1
SHAM,0.041666666666666664,00005garden|619|1|14,618,23,7,,,00005garden,,24,0,1
SHAM,0.041666666666666664,00005garden|619|1|14,618,23,8,,,00005garden,,24,0,1
SHAM,0.041666666666666664,00005garden|619|1|14,618,23,9,,,00005garden,,24,0,1
SHAM,0.041666666666666664,00005garden|619|1|14,618,23,10,,,00005garden,,24,0,1
SHAM,0.041666666666666664,00005garden|619|1|14,618,23,11,,,00005garden,,24,0,1
SHAM,0.043478260869565216,00005garden|619|1|14,618,23,12,,,00005garden,,23,0,1
SHAM,0.041666666666666664,00005garden|619|1|14,618,23,13,,,00005garden,,24,0,1
SHAM,0.041666666666666664,00005garden|619|1|14,618,23,14,,,00005garden,,24,0,1
SHAM,0.08333333333333333,00005garden|619|1|14,618,23,15,,,00005garden,,24,0,2
SHAM,0.041666666666666664,00005garden|619|1|14,618,23,16,,,00005garden,,24,0,1
SHAM,0.045454545454545456,00005garden|619|1|14,618,23,17,,,00005garden,,22,0,1
SHAM,0.043478260869565216,00005garden|619|1|14,618,23,18,,,00005garden,,23,0,1
SHAM,0.045454545454545456,00005garden|619|1|14,618,23,19,,,00005garden,,22,0,1
SHAM,0.043478260869565216,00005garden|619|1|14,618,23,20,,,00005garden,,23,0,1
C2b-INJECTION,0.041666666666666664,00005garden|619|1|14,618,23,1,,,00005garden,,24,0,1
C2b-INJECTION,0.041666666666666664,00005garden|619|1|14,618,23,2,,,00005garden,,24,0,1
C2b-INJECTION,0.041666666666666664,00005garden|619|1|14,618,23,3,,,00005garden,,24,0,1
C2b-INJECTION,0.041666666666666664,00005garden|619|1|14,618,23,4,,,00005garden,,24,0,1
C2b-INJECTION,0.041666666666666664,00005garden|619|1|14,618,23,5,,,00005garden,,24,0,1
C2b-INJECTION,0.043478260869565216,00005garden|619|1|14,618,23,6,,,00005garden,,23,0,1
C2b-INJECTION,0.041666666666666664,00005garden|619|1|14,618,23,7,,,00005garden,,24,0,1
C2b-INJECTION,0.043478260869565216,00005garden|619|1|14,618,23,8,,,00005garden,,23,0,1
C2b-INJECTION,0.041666666666666664,00005garden|619|1|14,618,23,9,,,00005garden,,24,0,1
C2b-INJECTION,0.041666666666666664,00005garden|619|1|14,618,23,10,,,00005garden,,24,0,1
C2b-INJECTION,0.041666666666666664,00005garden|619|1|14,618,23,11,,,00005garden,,24,0,1
C2b-INJECTION,0.043478260869565216,00005garden|619|1|14,618,23,12,,,00005garden,,23,0,1
C2b-INJECTION,0.041666666666666664,00005garden|619|1|14,618,23,13,,,00005garden,,24,0,1
C2b-INJECTION,0.041666666666666664,00005garden|619|1|14,618,23,14,,,00005garden,,24,0,1
C2b-INJECTION,0.08333333333333333,00005garden|619|1|14,618,23,15,,,00005garden,,24,0,2
C2b-INJECTION,0.041666666666666664,00005garden|619|1|14,618,23,16,,,00005garden,,24,0,1
C2b-INJECTION,0.045454545454545456,00005garden|619|1|14,618,23,17,,,00005garden,,22,0,1
C2b-INJECTION,0.043478260869565216,00005garden|619|1|14,618,23,18,,,00005garden,,23,0,1
C2b-INJECTION,0.045454545454545456,00005garden|619|1|14,618,23,19,,,00005garden,,22,0,1
C2b-INJECTION,0.043478260869565216,00005garden|619|1|14,618,23,20,,,00005garden,,23,0,1
_META,,00005garden|619|1|14,618,23,0,omitted_for_runtime,omitted_for_runtime,00005garden,,,0,
SHAM,0.08695652173913043,00005garden|657|1|5,656,29,1,,,00005garden,,23,0,2
SHAM,0.08695652173913043,00005garden|657|1|5,656,29,2,,,00005garden,,23,0,2
SHAM,0.08695652173913043,00005garden|657|1|5,656,29,3,,,00005garden,,23,0,2
SHAM,0.05,00005garden|657|1|5,656,29,4,,,00005garden,,20,0,1
SHAM,0.09523809523809523,00005garden|657|1|5,656,29,5,,,00005garden,,21,0,2
SHAM,0.08695652173913043,00005garden|657|1|5,656,29,6,,,00005garden,,23,0,2
SHAM,0.2,00005garden|657|1|5,656,29,7,,,00005garden,,20,0,4
SHAM,0.043478260869565216,00005garden|657|1|5,656,29,8,,,00005garden,,23,0,1
SHAM,0.043478260869565216,00005garden|657|1|5,656,29,9,,,00005garden,,23,0,1
SHAM,0.045454545454545456,00005garden|657|1|5,656,29,10,,,00005garden,,22,0,1
SHAM,0.043478260869565216,00005garden|657|1|5,656,29,11,,,00005garden,,23,0,1
SHAM,0.043478260869565216,00005garden|657|1|5,656,29,12,,,00005garden,,23,0,1
SHAM,0.0,00005garden|657|1|5,656,29,13,,,00005garden,,22,0,0
SHAM,0.0,00005garden|657|1|5,656,29,14,,,00005garden,,22,0,0
SHAM,0.0,00005garden|657|1|5,656,29,15,,,00005garden,,22,0,0
SHAM,0.047619047619047616,00005garden|657|1|5,656,29,16,,,00005garden,,21,0,1
SHAM,0.047619047619047616,00005garden|657|1|5,656,29,17,,,00005garden,,21,0,1
SHAM,0.047619047619047616,00005garden|657|1|5,656,29,18,,,00005garden,,21,0,1
SHAM,0.047619047619047616,00005garden|657|1|5,656,29,19,,,00005garden,,21,0,1
SHAM,0.0,00005garden|657|1|5,656,29,20,,,00005garden,,18,0,0
C2b-INJECTION,,00005garden|657|1|5,656,29,1,,,00005garden,current_target_occupied,0,0,0
C2b-INJECTION,,00005garden|657|1|5,656,29,2,,,00005garden,current_target_occupied,0,0,0
C2b-INJECTION,,00005garden|657|1|5,656,29,3,,,00005garden,current_target_occupied,0,0,0
C2b-INJECTION,,00005garden|657|1|5,656,29,4,,,00005garden,current_target_occupied,0,0,0
C2b-INJECTION,,00005garden|657|1|5,656,29,5,,,00005garden,current_target_occupied,0,0,0
C2b-INJECTION,,00005garden|657|1|5,656,29,6,,,00005garden,current_target_occupied,0,0,0
C2b-INJECTION,,00005garden|657|1|5,656,29,7,,,00005garden,current_target_occupied,0,0,0
C2b-INJECTION,,00005garden|657|1|5,656,29,8,,,00005garden,current_target_occupied,0,0,0
C2b-INJECTION,,00005garden|657|1|5,656,29,9,,,00005garden,current_target_occupied,0,0,0
C2b-INJECTION,,00005garden|657|1|5,656,29,10,,,00005garden,current_target_occupied,0,0,0
C2b-INJECTION,,00005garden|657|1|5,656,29,11,,,00005garden,current_target_occupied,0,0,0
C2b-INJECTION,,00005garden|657|1|5,656,29,12,,,00005garden,current_target_occupied,0,0,0
C2b-INJECTION,,00005garden|657|1|5,656,29,13,,,00005garden,current_target_occupied,0,0,0
C2b-INJECTION,,00005garden|657|1|5,656,29,14,,,00005garden,current_target_occupied,0,0,0
C2b-INJECTION,,00005garden|657|1|5,656,29,15,,,00005garden,current_target_occupied,0,0,0
C2b-INJECTION,,00005garden|657|1|5,656,29,16,,,00005garden,current_target_occupied,0,0,0
C2b-INJECTION,,00005garden|657|1|5,656,29,17,,,00005garden,current_target_occupied,0,0,0
C2b-INJECTION,,00005garden|657|1|5,656,29,18,,,00005garden,current_target_occupied,0,0,0
C2b-INJECTION,,00005garden|657|1|5,656,29,19,,,00005garden,current_target_occupied,0,0,0
C2b-INJECTION,,00005garden|657|1|5,656,29,20,,,00005garden,current_target_occupied,0,0,0
_META,,00005garden|657|1|5,656,29,0,omitted_for_runtime,omitted_for_runtime,00005garden,,,0,
SHAM,0.08695652173913043,00005garden|658|1|1,657,1,1,,,00005garden,,23,0,2
SHAM,0.08695652173913043,00005garden|658|1|1,657,1,2,,,00005garden,,23,0,2
SHAM,0.05,00005garden|658|1|1,657,1,3,,,00005garden,,20,0,1
SHAM,0.09523809523809523,00005garden|658|1|1,657,1,4,,,00005garden,,21,0,2
SHAM,0.08695652173913043,00005garden|658|1|1,657,1,5,,,00005garden,,23,0,2
SHAM,0.2,00005garden|658|1|1,657,1,6,,,00005garden,,20,0,4
SHAM,0.043478260869565216,00005garden|658|1|1,657,1,7,,,00005garden,,23,0,1
SHAM,0.043478260869565216,00005garden|658|1|1,657,1,8,,,00005garden,,23,0,1
SHAM,0.045454545454545456,00005garden|658|1|1,657,1,9,,,00005garden,,22,0,1
SHAM,0.043478260869565216,00005garden|658|1|1,657,1,10,,,00005garden,,23,0,1
SHAM,0.043478260869565216,00005garden|658|1|1,657,1,11,,,00005garden,,23,0,1
SHAM,0.0,00005garden|658|1|1,657,1,12,,,00005garden,,22,0,0
SHAM,0.0,00005garden|658|1|1,657,1,13,,,00005garden,,22,0,0
SHAM,0.0,00005garden|658|1|1,657,1,14,,,00005garden,,22,0,0
SHAM,0.047619047619047616,00005garden|658|1|1,657,1,15,,,00005garden,,21,0,1
SHAM,0.047619047619047616,00005garden|658|1|1,657,1,16,,,00005garden,,21,0,1
SHAM,0.047619047619047616,00005garden|658|1|1,657,1,17,,,00005garden,,21,0,1
SHAM,0.047619047619047616,00005garden|658|1|1,657,1,18,,,00005garden,,21,0,1
SHAM,0.0,00005garden|658|1|1,657,1,19,,,00005garden,,18,0,0
SHAM,0.047619047619047616,00005garden|658|1|1,657,1,20,,,00005garden,,21,0,1
C2b-INJECTION,0.08695652173913043,00005garden|658|1|1,657,1,1,,,00005garden,,23,0,2
C2b-INJECTION,0.08695652173913043,00005garden|658|1|1,657,1,2,,,00005garden,,23,0,2
C2b-INJECTION,0.05,00005garden|658|1|1,657,1,3,,,00005garden,,20,0,1
C2b-INJECTION,0.09523809523809523,00005garden|658|1|1,657,1,4,,,00005garden,,21,0,2
C2b-INJECTION,0.08695652173913043,00005garden|658|1|1,657,1,5,,,00005garden,,23,0,2
C2b-INJECTION,0.2,00005garden|658|1|1,657,1,6,,,00005garden,,20,0,4
C2b-INJECTION,0.043478260869565216,00005garden|658|1|1,657,1,7,,,00005garden,,23,0,1
C2b-INJECTION,0.043478260869565216,00005garden|658|1|1,657,1,8,,,00005garden,,23,0,1
C2b-INJECTION,0.043478260869565216,00005garden|658|1|1,657,1,9,,,00005garden,,23,0,1
C2b-INJECTION,0.043478260869565216,00005garden|658|1|1,657,1,10,,,00005garden,,23,0,1
C2b-INJECTION,0.043478260869565216,00005garden|658|1|1,657,1,11,,,00005garden,,23,0,1
C2b-INJECTION,0.0,00005garden|658|1|1,657,1,12,,,00005garden,,22,0,0
C2b-INJECTION,0.0,00005garden|658|1|1,657,1,13,,,00005garden,,22,0,0
C2b-INJECTION,0.0,00005garden|658|1|1,657,1,14,,,00005garden,,22,0,0
C2b-INJECTION,0.047619047619047616,00005garden|658|1|1,657,1,15,,,00005garden,,21,0,1
C2b-INJECTION,0.047619047619047616,00005garden|658|1|1,657,1,16,,,00005garden,,21,0,1
C2b-INJECTION,0.05,00005garden|658|1|1,657,1,17,,,00005garden,,20,0,1
C2b-INJECTION,0.047619047619047616,00005garden|658|1|1,657,1,18,,,00005garden,,21,0,1
C2b-INJECTION,0.0,00005garden|658|1|1,657,1,19,,,00005garden,,18,0,0
C2b-INJECTION,0.047619047619047616,00005garden|658|1|1,657,1,20,,,00005garden,,21,0,1
_META,,00005garden|658|1|1,657,1,0,omitted_for_runtime,omitted_for_runtime,00005garden,,,0,
SHAM,0.08695652173913043,00005garden|658|1|2,657,2,1,,,00005garden,,23,0,2
SHAM,0.08695652173913043,00005garden|658|1|2,657,2,2,,,00005garden,,23,0,2
SHAM,0.05,00005garden|658|1|2,657,2,3,,,00005garden,,20,0,1
SHAM,0.09523809523809523,00005garden|658|1|2,657,2,4,,,00005garden,,21,0,2
SHAM,0.08695652173913043,00005garden|658|1|2,657,2,5,,,00005garden,,23,0,2
SHAM,0.2,00005garden|658|1|2,657,2,6,,,00005garden,,20,0,4
SHAM,0.043478260869565216,00005garden|658|1|2,657,2,7,,,00005garden,,23,0,1
SHAM,0.043478260869565216,00005garden|658|1|2,657,2,8,,,00005garden,,23,0,1
SHAM,0.045454545454545456,00005garden|658|1|2,657,2,9,,,00005garden,,22,0,1
SHAM,0.043478260869565216,00005garden|658|1|2,657,2,10,,,00005garden,,23,0,1
SHAM,0.043478260869565216,00005garden|658|1|2,657,2,11,,,00005garden,,23,0,1
SHAM,0.0,00005garden|658|1|2,657,2,12,,,00005garden,,22,0,0
SHAM,0.0,00005garden|658|1|2,657,2,13,,,00005garden,,22,0,0
SHAM,0.0,00005garden|658|1|2,657,2,14,,,00005garden,,22,0,0
SHAM,0.047619047619047616,00005garden|658|1|2,657,2,15,,,00005garden,,21,0,1
SHAM,0.047619047619047616,00005garden|658|1|2,657,2,16,,,00005garden,,21,0,1
SHAM,0.047619047619047616,00005garden|658|1|2,657,2,17,,,00005garden,,21,0,1
SHAM,0.047619047619047616,00005garden|658|1|2,657,2,18,,,00005garden,,21,0,1
SHAM,0.0,00005garden|658|1|2,657,2,19,,,00005garden,,18,0,0
SHAM,0.047619047619047616,00005garden|658|1|2,657,2,20,,,00005garden,,21,0,1
C2b-INJECTION,0.08695652173913043,00005garden|658|1|2,657,2,1,,,00005garden,,23,0,2
C2b-INJECTION,0.08695652173913043,00005garden|658|1|2,657,2,2,,,00005garden,,23,0,2
C2b-INJECTION,0.05,00005garden|658|1|2,657,2,3,,,00005garden,,20,0,1
C2b-INJECTION,0.09523809523809523,00005garden|658|1|2,657,2,4,,,00005garden,,21,0,2
C2b-INJECTION,0.08695652173913043,00005garden|658|1|2,657,2,5,,,00005garden,,23,0,2
C2b-INJECTION,0.2,00005garden|658|1|2,657,2,6,,,00005garden,,20,0,4
C2b-INJECTION,0.043478260869565216,00005garden|658|1|2,657,2,7,,,00005garden,,23,0,1
C2b-INJECTION,0.043478260869565216,00005garden|658|1|2,657,2,8,,,00005garden,,23,0,1
C2b-INJECTION,0.043478260869565216,00005garden|658|1|2,657,2,9,,,00005garden,,23,0,1
C2b-INJECTION,0.043478260869565216,00005garden|658|1|2,657,2,10,,,00005garden,,23,0,1
C2b-INJECTION,0.043478260869565216,00005garden|658|1|2,657,2,11,,,00005garden,,23,0,1
C2b-INJECTION,0.0,00005garden|658|1|2,657,2,12,,,00005garden,,22,0,0
C2b-INJECTION,0.0,00005garden|658|1|2,657,2,13,,,00005garden,,22,0,0
C2b-INJECTION,0.0,00005garden|658|1|2,657,2,14,,,00005garden,,22,0,0
C2b-INJECTION,0.047619047619047616,00005garden|658|1|2,657,2,15,,,00005garden,,21,0,1
C2b-INJECTION,0.047619047619047616,00005garden|658|1|2,657,2,16,,,00005garden,,21,0,1
C2b-INJECTION,0.05,00005garden|658|1|2,657,2,17,,,00005garden,,20,0,1
C2b-INJECTION,0.047619047619047616,00005garden|658|1|2,657,2,18,,,00005garden,,21,0,1
C2b-INJECTION,0.0,00005garden|658|1|2,657,2,19,,,00005garden,,18,0,0
C2b-INJECTION,0.047619047619047616,00005garden|658|1|2,657,2,20,,,00005garden,,21,0,1
_META,,00005garden|658|1|2,657,2,0,omitted_for_runtime,omitted_for_runtime,00005garden,,,0,
SHAM,0.08695652173913043,00005garden|658|1|7,657,17,1,,,00005garden,,23,0,2
SHAM,0.08695652173913043,00005garden|658|1|7,657,17,2,,,00005garden,,23,0,2
SHAM,0.05,00005garden|658|1|7,657,17,3,,,00005garden,,20,0,1
SHAM,0.09523809523809523,00005garden|658|1|7,657,17,4,,,00005garden,,21,0,2
SHAM,0.08695652173913043,00005garden|658|1|7,657,17,5,,,00005garden,,23,0,2
SHAM,0.2,00005garden|658|1|7,657,17,6,,,00005garden,,20,0,4
SHAM,0.043478260869565216,00005garden|658|1|7,657,17,7,,,00005garden,,23,0,1
SHAM,0.043478260869565216,00005garden|658|1|7,657,17,8,,,00005garden,,23,0,1
SHAM,0.045454545454545456,00005garden|658|1|7,657,17,9,,,00005garden,,22,0,1
SHAM,0.043478260869565216,00005garden|658|1|7,657,17,10,,,00005garden,,23,0,1
SHAM,0.043478260869565216,00005garden|658|1|7,657,17,11,,,00005garden,,23,0,1
SHAM,0.0,00005garden|658|1|7,657,17,12,,,00005garden,,22,0,0
SHAM,0.0,00005garden|658|1|7,657,17,13,,,00005garden,,22,0,0
SHAM,0.0,00005garden|658|1|7,657,17,14,,,00005garden,,22,0,0
SHAM,0.047619047619047616,00005garden|658|1|7,657,17,15,,,00005garden,,21,0,1
SHAM,0.047619047619047616,00005garden|658|1|7,657,17,16,,,00005garden,,21,0,1
SHAM,0.047619047619047616,00005garden|658|1|7,657,17,17,,,00005garden,,21,0,1
SHAM,0.047619047619047616,00005garden|658|1|7,657,17,18,,,00005garden,,21,0,1
SHAM,0.0,00005garden|658|1|7,657,17,19,,,00005garden,,18,0,0
SHAM,0.047619047619047616,00005garden|658|1|7,657,17,20,,,00005garden,,21,0,1
C2b-INJECTION,0.08695652173913043,00005garden|658|1|7,657,17,1,,,00005garden,,23,0,2
C2b-INJECTION,0.08695652173913043,00005garden|658|1|7,657,17,2,,,00005garden,,23,0,2
C2b-INJECTION,0.05,00005garden|658|1|7,657,17,3,,,00005garden,,20,0,1
C2b-INJECTION,0.09523809523809523,00005garden|658|1|7,657,17,4,,,00005garden,,21,0,2
C2b-INJECTION,0.08695652173913043,00005garden|658|1|7,657,17,5,,,00005garden,,23,0,2
C2b-INJECTION,0.2,00005garden|658|1|7,657,17,6,,,00005garden,,20,0,4
C2b-INJECTION,0.043478260869565216,00005garden|658|1|7,657,17,7,,,00005garden,,23,0,1
C2b-INJECTION,0.043478260869565216,00005garden|658|1|7,657,17,8,,,00005garden,,23,0,1
C2b-INJECTION,0.043478260869565216,00005garden|658|1|7,657,17,9,,,00005garden,,23,0,1
C2b-INJECTION,0.043478260869565216,00005garden|658|1|7,657,17,10,,,00005garden,,23,0,1
C2b-INJECTION,0.043478260869565216,00005garden|658|1|7,657,17,11,,,00005garden,,23,0,1
C2b-INJECTION,0.0,00005garden|658|1|7,657,17,12,,,00005garden,,22,0,0
C2b-INJECTION,0.0,00005garden|658|1|7,657,17,13,,,00005garden,,22,0,0
C2b-INJECTION,0.0,00005garden|658|1|7,657,17,14,,,00005garden,,22,0,0
C2b-INJECTION,0.047619047619047616,00005garden|658|1|7,657,17,15,,,00005garden,,21,0,1
C2b-INJECTION,0.047619047619047616,00005garden|658|1|7,657,17,16,,,00005garden,,21,0,1
C2b-INJECTION,0.05,00005garden|658|1|7,657,17,17,,,00005garden,,20,0,1
C2b-INJECTION,0.047619047619047616,00005garden|658|1|7,657,17,18,,,00005garden,,21,0,1
C2b-INJECTION,0.0,00005garden|658|1|7,657,17,19,,,00005garden,,18,0,0
C2b-INJECTION,0.047619047619047616,00005garden|658|1|7,657,17,20,,,00005garden,,21,0,1
_META,,00005garden|658|1|7,657,17,0,omitted_for_runtime,omitted_for_runtime,00005garden,,,0,
SHAM,0.05,00005garden|660|1|17,659,23,1,,,00005garden,,20,0,1
SHAM,0.09523809523809523,00005garden|660|1|17,659,23,2,,,00005garden,,21,0,2
SHAM,0.08695652173913043,00005garden|660|1|17,659,23,3,,,00005garden,,23,0,2
SHAM,0.2,00005garden|660|1|17,659,23,4,,,00005garden,,20,0,4
SHAM,0.043478260869565216,00005garden|660|1|17,659,23,5,,,00005garden,,23,0,1
SHAM,0.043478260869565216,00005garden|660|1|17,659,23,6,,,00005garden,,23,0,1
SHAM,0.045454545454545456,00005garden|660|1|17,659,23,7,,,00005garden,,22,0,1
SHAM,0.043478260869565216,00005garden|660|1|17,659,23,8,,,00005garden,,23,0,1
SHAM,0.043478260869565216,00005garden|660|1|17,659,23,9,,,00005garden,,23,0,1
SHAM,0.0,00005garden|660|1|17,659,23,10,,,00005garden,,22,0,0
SHAM,0.0,00005garden|660|1|17,659,23,11,,,00005garden,,22,0,0
SHAM,0.0,00005garden|660|1|17,659,23,12,,,00005garden,,22,0,0
SHAM,0.047619047619047616,00005garden|660|1|17,659,23,13,,,00005garden,,21,0,1
SHAM,0.047619047619047616,00005garden|660|1|17,659,23,14,,,00005garden,,21,0,1
SHAM,0.047619047619047616,00005garden|660|1|17,659,23,15,,,00005garden,,21,0,1
SHAM,0.047619047619047616,00005garden|660|1|17,659,23,16,,,00005garden,,21,0,1
SHAM,0.0,00005garden|660|1|17,659,23,17,,,00005garden,,18,0,0
SHAM,0.047619047619047616,00005garden|660|1|17,659,23,18,,,00005garden,,21,0,1
SHAM,0.0,00005garden|660|1|17,659,23,19,,,00005garden,,21,0,0
SHAM,0.0,00005garden|660|1|17,659,23,20,,,00005garden,,21,0,0
C2b-INJECTION,,00005garden|660|1|17,659,23,1,,,00005garden,current_target_occupied,0,0,0
C2b-INJECTION,,00005garden|660|1|17,659,23,2,,,00005garden,current_target_occupied,0,0,0
C2b-INJECTION,,00005garden|660|1|17,659,23,3,,,00005garden,current_target_occupied,0,0,0
C2b-INJECTION,,00005garden|660|1|17,659,23,4,,,00005garden,current_target_occupied,0,0,0
C2b-INJECTION,,00005garden|660|1|17,659,23,5,,,00005garden,current_target_occupied,0,0,0
C2b-INJECTION,,00005garden|660|1|17,659,23,6,,,00005garden,current_target_occupied,0,0,0
C2b-INJECTION,,00005garden|660|1|17,659,23,7,,,00005garden,current_target_occupied,0,0,0
C2b-INJECTION,,00005garden|660|1|17,659,23,8,,,00005garden,current_target_occupied,0,0,0
C2b-INJECTION,,00005garden|660|1|17,659,23,9,,,00005garden,current_target_occupied,0,0,0
C2b-INJECTION,,00005garden|660|1|17,659,23,10,,,00005garden,current_target_occupied,0,0,0
C2b-INJECTION,,00005garden|660|1|17,659,23,11,,,00005garden,current_target_occupied,0,0,0
C2b-INJECTION,,00005garden|660|1|17,659,23,12,,,00005garden,current_target_occupied,0,0,0
C2b-INJECTION,,00005garden|660|1|17,659,23,13,,,00005garden,current_target_occupied,0,0,0
C2b-INJECTION,,00005garden|660|1|17,659,23,14,,,00005garden,current_target_occupied,0,0,0
C2b-INJECTION,,00005garden|660|1|17,659,23,15,,,00005garden,current_target_occupied,0,0,0
C2b-INJECTION,,00005garden|660|1|17,659,23,16,,,00005garden,current_target_occupied,0,0,0
C2b-INJECTION,,00005garden|660|1|17,659,23,17,,,00005garden,current_target_occupied,0,0,0
C2b-INJECTION,,00005garden|660|1|17,659,23,18,,,00005garden,current_target_occupied,0,0,0
C2b-INJECTION,,00005garden|660|1|17,659,23,19,,,00005garden,current_target_occupied,0,0,0
C2b-INJECTION,,00005garden|660|1|17,659,23,20,,,00005garden,current_target_occupied,0,0,0
_META,,00005garden|660|1|17,659,23,0,omitted_for_runtime,omitted_for_runtime,00005garden,,,0,
SHAM,0.045454545454545456,00005garden|666|1|21,665,14,1,,,00005garden,,22,0,1
SHAM,0.043478260869565216,00005garden|666|1|21,665,14,2,,,00005garden,,23,0,1
SHAM,0.043478260869565216,00005garden|666|1|21,665,14,3,,,00005garden,,23,0,1
SHAM,0.0,00005garden|666|1|21,665,14,4,,,00005garden,,22,0,0
SHAM,0.0,00005garden|666|1|21,665,14,5,,,00005garden,,22,0,0
SHAM,0.0,00005garden|666|1|21,665,14,6,,,00005garden,,22,0,0
SHAM,0.047619047619047616,00005garden|666|1|21,665,14,7,,,00005garden,,21,0,1
SHAM,0.047619047619047616,00005garden|666|1|21,665,14,8,,,00005garden,,21,0,1
SHAM,0.047619047619047616,00005garden|666|1|21,665,14,9,,,00005garden,,21,0,1
SHAM,0.047619047619047616,00005garden|666|1|21,665,14,10,,,00005garden,,21,0,1
SHAM,0.0,00005garden|666|1|21,665,14,11,,,00005garden,,18,0,0
SHAM,0.047619047619047616,00005garden|666|1|21,665,14,12,,,00005garden,,21,0,1
SHAM,0.0,00005garden|666|1|21,665,14,13,,,00005garden,,21,0,0
SHAM,0.0,00005garden|666|1|21,665,14,14,,,00005garden,,21,0,0
SHAM,0.1,00005garden|666|1|21,665,14,15,,,00005garden,,20,0,2
SHAM,0.10526315789473684,00005garden|666|1|21,665,14,16,,,00005garden,,19,0,2
SHAM,0.05263157894736842,00005garden|666|1|21,665,14,17,,,00005garden,,19,0,1
SHAM,0.0,00005garden|666|1|21,665,14,18,,,00005garden,,19,0,0
SHAM,0.0,00005garden|666|1|21,665,14,19,,,00005garden,,19,0,0
SHAM,0.05263157894736842,00005garden|666|1|21,665,14,20,,,00005garden,,19,0,1
C2b-INJECTION,0.045454545454545456,00005garden|666|1|21,665,14,1,,,00005garden,,22,0,1
C2b-INJECTION,0.043478260869565216,00005garden|666|1|21,665,14,2,,,00005garden,,23,0,1
C2b-INJECTION,0.043478260869565216,00005garden|666|1|21,665,14,3,,,00005garden,,23,0,1
C2b-INJECTION,0.0,00005garden|666|1|21,665,14,4,,,00005garden,,22,0,0
C2b-INJECTION,0.0,00005garden|666|1|21,665,14,5,,,00005garden,,22,0,0
C2b-INJECTION,0.0,00005garden|666|1|21,665,14,6,,,00005garden,,22,0,0
C2b-INJECTION,0.047619047619047616,00005garden|666|1|21,665,14,7,,,00005garden,,21,0,1
C2b-INJECTION,0.047619047619047616,00005garden|666|1|21,665,14,8,,,00005garden,,21,0,1
C2b-INJECTION,0.047619047619047616,00005garden|666|1|21,665,14,9,,,00005garden,,21,0,1
C2b-INJECTION,0.047619047619047616,00005garden|666|1|21,665,14,10,,,00005garden,,21,0,1
C2b-INJECTION,0.0,00005garden|666|1|21,665,14,11,,,00005garden,,18,0,0
C2b-INJECTION,0.047619047619047616,00005garden|666|1|21,665,14,12,,,00005garden,,21,0,1
C2b-INJECTION,0.0,00005garden|666|1|21,665,14,13,,,00005garden,,21,0,0
C2b-INJECTION,0.0,00005garden|666|1|21,665,14,14,,,00005garden,,21,0,0
C2b-INJECTION,0.14285714285714285,00005garden|666|1|21,665,14,15,,,00005garden,,21,0,3
C2b-INJECTION,0.05555555555555555,00005garden|666|1|21,665,14,16,,,00005garden,,18,0,1
C2b-INJECTION,0.05263157894736842,00005garden|666|1|21,665,14,17,,,00005garden,,19,0,1
C2b-INJECTION,0.0,00005garden|666|1|21,665,14,18,,,00005garden,,19,0,0
C2b-INJECTION,0.0,00005garden|666|1|21,665,14,19,,,00005garden,,19,0,0
C2b-INJECTION,0.0,00005garden|666|1|21,665,14,20,,,00005garden,,18,0,0
_META,,00005garden|666|1|21,665,14,0,omitted_for_runtime,omitted_for_runtime,00005garden,,,0,
SHAM,0.047619047619047616,00005garden|698|1|6,697,29,1,,,00005garden,,21,0,1
SHAM,0.0,00005garden|698|1|6,697,29,2,,,00005garden,,21,0,0
SHAM,0.0,00005garden|698|1|6,697,29,3,,,00005garden,,21,0,0
SHAM,0.047619047619047616,00005garden|698|1|6,697,29,4,,,00005garden,,21,0,1
SHAM,0.05,00005garden|698|1|6,697,29,5,,,00005garden,,20,0,1
SHAM,0.0,00005garden|698|1|6,697,29,6,,,00005garden,,21,0,0
SHAM,0.0,00005garden|698|1|6,697,29,7,,,00005garden,,20,0,0
SHAM,0.0,00005garden|698|1|6,697,29,8,,,00005garden,,20,0,0
SHAM,0.05,00005garden|698|1|6,697,29,9,,,00005garden,,20,0,1
SHAM,0.05,00005garden|698|1|6,697,29,10,,,00005garden,,20,0,1
SHAM,0.047619047619047616,00005garden|698|1|6,697,29,11,,,00005garden,,21,0,1
SHAM,0.047619047619047616,00005garden|698|1|6,697,29,12,,,00005garden,,21,0,1
SHAM,0.0,00005garden|698|1|6,697,29,13,,,00005garden,,20,0,0
SHAM,0.0,00005garden|698|1|6,697,29,14,,,00005garden,,19,0,0
SHAM,0.10526315789473684,00005garden|698|1|6,697,29,15,,,00005garden,,19,0,2
SHAM,0.05263157894736842,00005garden|698|1|6,697,29,16,,,00005garden,,19,0,1
SHAM,0.0,00005garden|698|1|6,697,29,17,,,00005garden,,20,0,0
SHAM,0.0,00005garden|698|1|6,697,29,18,,,00005garden,,21,0,0
SHAM,0.0,00005garden|698|1|6,697,29,19,,,00005garden,,21,0,0
SHAM,0.0,00005garden|698|1|6,697,29,20,,,00005garden,,21,0,0
C2b-INJECTION,0.047619047619047616,00005garden|698|1|6,697,29,1,,,00005garden,,21,0,1
C2b-INJECTION,0.0,00005garden|698|1|6,697,29,2,,,00005garden,,21,0,0
C2b-INJECTION,0.0,00005garden|698|1|6,697,29,3,,,00005garden,,21,0,0
C2b-INJECTION,0.047619047619047616,00005garden|698|1|6,697,29,4,,,00005garden,,21,0,1
C2b-INJECTION,0.05,00005garden|698|1|6,697,29,5,,,00005garden,,20,0,1
C2b-INJECTION,0.0,00005garden|698|1|6,697,29,6,,,00005garden,,21,0,0
C2b-INJECTION,0.0,00005garden|698|1|6,697,29,7,,,00005garden,,20,0,0
C2b-INJECTION,0.0,00005garden|698|1|6,697,29,8,,,00005garden,,20,0,0
C2b-INJECTION,0.05,00005garden|698|1|6,697,29,9,,,00005garden,,20,0,1
C2b-INJECTION,0.05,00005garden|698|1|6,697,29,10,,,00005garden,,20,0,1
C2b-INJECTION,0.047619047619047616,00005garden|698|1|6,697,29,11,,,00005garden,,21,0,1
C2b-INJECTION,0.047619047619047616,00005garden|698|1|6,697,29,12,,,00005garden,,21,0,1
C2b-INJECTION,0.0,00005garden|698|1|6,697,29,13,,,00005garden,,20,0,0
C2b-INJECTION,0.0,00005garden|698|1|6,697,29,14,,,00005garden,,19,0,0
C2b-INJECTION,0.10526315789473684,00005garden|698|1|6,697,29,15,,,00005garden,,19,0,2
C2b-INJECTION,0.05263157894736842,00005garden|698|1|6,697,29,16,,,00005garden,,19,0,1
C2b-INJECTION,0.0,00005garden|698|1|6,697,29,17,,,00005garden,,20,0,0
C2b-INJECTION,0.0,00005garden|698|1|6,697,29,18,,,00005garden,,21,0,0
C2b-INJECTION,0.0,00005garden|698|1|6,697,29,19,,,00005garden,,21,0,0
C2b-INJECTION,0.0,00005garden|698|1|6,697,29,20,,,00005garden,,21,0,0
_META,,00005garden|698|1|6,697,29,0,omitted_for_runtime,omitted_for_runtime,00005garden,,,0,
SHAM,0.0,00005garden|699|1|10,698,9,1,,,00005garden,,21,0,0
SHAM,0.0,00005garden|699|1|10,698,9,2,,,00005garden,,21,0,0
SHAM,0.047619047619047616,00005garden|699|1|10,698,9,3,,,00005garden,,21,0,1
SHAM,0.05,00005garden|699|1|10,698,9,4,,,00005garden,,20,0,1
SHAM,0.0,00005garden|699|1|10,698,9,5,,,00005garden,,21,0,0
SHAM,0.0,00005garden|699|1|10,698,9,6,,,00005garden,,20,0,0
SHAM,0.0,00005garden|699|1|10,698,9,7,,,00005garden,,20,0,0
SHAM,0.05,00005garden|699|1|10,698,9,8,,,00005garden,,20,0,1
SHAM,0.05,00005garden|699|1|10,698,9,9,,,00005garden,,20,0,1
SHAM,0.047619047619047616,00005garden|699|1|10,698,9,10,,,00005garden,,21,0,1
SHAM,0.047619047619047616,00005garden|699|1|10,698,9,11,,,00005garden,,21,0,1
SHAM,0.0,00005garden|699|1|10,698,9,12,,,00005garden,,20,0,0
SHAM,0.0,00005garden|699|1|10,698,9,13,,,00005garden,,19,0,0
SHAM,0.10526315789473684,00005garden|699|1|10,698,9,14,,,00005garden,,19,0,2
SHAM,0.05263157894736842,00005garden|699|1|10,698,9,15,,,00005garden,,19,0,1
SHAM,0.0,00005garden|699|1|10,698,9,16,,,00005garden,,20,0,0
SHAM,0.0,00005garden|699|1|10,698,9,17,,,00005garden,,21,0,0
SHAM,0.0,00005garden|699|1|10,698,9,18,,,00005garden,,21,0,0
SHAM,0.0,00005garden|699|1|10,698,9,19,,,00005garden,,21,0,0
SHAM,0.05,00005garden|699|1|10,698,9,20,,,00005garden,,20,0,1
C2b-INJECTION,0.0,00005garden|699|1|10,698,9,1,,,00005garden,,21,0,0
C2b-INJECTION,0.0,00005garden|699|1|10,698,9,2,,,00005garden,,21,0,0
C2b-INJECTION,0.047619047619047616,00005garden|699|1|10,698,9,3,,,00005garden,,21,0,1
C2b-INJECTION,0.05,00005garden|699|1|10,698,9,4,,,00005garden,,20,0,1
C2b-INJECTION,0.0,00005garden|699|1|10,698,9,5,,,00005garden,,21,0,0
C2b-INJECTION,0.0,00005garden|699|1|10,698,9,6,,,00005garden,,20,0,0
C2b-INJECTION,0.0,00005garden|699|1|10,698,9,7,,,00005garden,,20,0,0
C2b-INJECTION,0.05,00005garden|699|1|10,698,9,8,,,00005garden,,20,0,1
C2b-INJECTION,0.05,00005garden|699|1|10,698,9,9,,,00005garden,,20,0,1
C2b-INJECTION,0.047619047619047616,00005garden|699|1|10,698,9,10,,,00005garden,,21,0,1
C2b-INJECTION,0.047619047619047616,00005garden|699|1|10,698,9,11,,,00005garden,,21,0,1
C2b-INJECTION,0.0,00005garden|699|1|10,698,9,12,,,00005garden,,20,0,0
C2b-INJECTION,0.0,00005garden|699|1|10,698,9,13,,,00005garden,,19,0,0
C2b-INJECTION,0.05263157894736842,00005garden|699|1|10,698,9,14,,,00005garden,,19,0,1
C2b-INJECTION,0.05263157894736842,00005garden|699|1|10,698,9,15,,,00005garden,,19,0,1
C2b-INJECTION,0.0,00005garden|699|1|10,698,9,16,,,00005garden,,20,0,0
C2b-INJECTION,0.0,00005garden|699|1|10,698,9,17,,,00005garden,,21,0,0
C2b-INJECTION,0.0,00005garden|699|1|10,698,9,18,,,00005garden,,21,0,0
C2b-INJECTION,0.0,00005garden|699|1|10,698,9,19,,,00005garden,,21,0,0
C2b-INJECTION,0.05,00005garden|699|1|10,698,9,20,,,00005garden,,20,0,1
_META,,00005garden|699|1|10,698,9,0,omitted_for_runtime,omitted_for_runtime,00005garden,,,0,
SHAM,0.0,00005garden|699|1|5,698,10,1,,,00005garden,,21,0,0
SHAM,0.0,00005garden|699|1|5,698,10,2,,,00005garden,,21,0,0
SHAM,0.047619047619047616,00005garden|699|1|5,698,10,3,,,00005garden,,21,0,1
SHAM,0.05,00005garden|699|1|5,698,10,4,,,00005garden,,20,0,1
SHAM,0.0,00005garden|699|1|5,698,10,5,,,00005garden,,21,0,0
SHAM,0.0,00005garden|699|1|5,698,10,6,,,00005garden,,20,0,0
SHAM,0.0,00005garden|699|1|5,698,10,7,,,00005garden,,20,0,0
SHAM,0.05,00005garden|699|1|5,698,10,8,,,00005garden,,20,0,1
SHAM,0.05,00005garden|699|1|5,698,10,9,,,00005garden,,20,0,1
SHAM,0.047619047619047616,00005garden|699|1|5,698,10,10,,,00005garden,,21,0,1
SHAM,0.047619047619047616,00005garden|699|1|5,698,10,11,,,00005garden,,21,0,1
SHAM,0.0,00005garden|699|1|5,698,10,12,,,00005garden,,20,0,0
SHAM,0.0,00005garden|699|1|5,698,10,13,,,00005garden,,19,0,0
SHAM,0.10526315789473684,00005garden|699|1|5,698,10,14,,,00005garden,,19,0,2
SHAM,0.05263157894736842,00005garden|699|1|5,698,10,15,,,00005garden,,19,0,1
SHAM,0.0,00005garden|699|1|5,698,10,16,,,00005garden,,20,0,0
SHAM,0.0,00005garden|699|1|5,698,10,17,,,00005garden,,21,0,0
SHAM,0.0,00005garden|699|1|5,698,10,18,,,00005garden,,21,0,0
SHAM,0.0,00005garden|699|1|5,698,10,19,,,00005garden,,21,0,0
SHAM,0.05,00005garden|699|1|5,698,10,20,,,00005garden,,20,0,1
C2b-INJECTION,0.0,00005garden|699|1|5,698,10,1,,,00005garden,,21,0,0
C2b-INJECTION,0.0,00005garden|699|1|5,698,10,2,,,00005garden,,21,0,0
C2b-INJECTION,0.047619047619047616,00005garden|699|1|5,698,10,3,,,00005garden,,21,0,1
C2b-INJECTION,0.05,00005garden|699|1|5,698,10,4,,,00005garden,,20,0,1
C2b-INJECTION,0.0,00005garden|699|1|5,698,10,5,,,00005garden,,21,0,0
C2b-INJECTION,0.0,00005garden|699|1|5,698,10,6,,,00005garden,,20,0,0
C2b-INJECTION,0.0,00005garden|699|1|5,698,10,7,,,00005garden,,20,0,0
C2b-INJECTION,0.05,00005garden|699|1|5,698,10,8,,,00005garden,,20,0,1
C2b-INJECTION,0.05,00005garden|699|1|5,698,10,9,,,00005garden,,20,0,1
C2b-INJECTION,0.047619047619047616,00005garden|699|1|5,698,10,10,,,00005garden,,21,0,1
C2b-INJECTION,0.047619047619047616,00005garden|699|1|5,698,10,11,,,00005garden,,21,0,1
C2b-INJECTION,0.0,00005garden|699|1|5,698,10,12,,,00005garden,,20,0,0
C2b-INJECTION,0.0,00005garden|699|1|5,698,10,13,,,00005garden,,19,0,0
C2b-INJECTION,0.05263157894736842,00005garden|699|1|5,698,10,14,,,00005garden,,19,0,1
C2b-INJECTION,0.05263157894736842,00005garden|699|1|5,698,10,15,,,00005garden,,19,0,1
C2b-INJECTION,0.0,00005garden|699|1|5,698,10,16,,,00005garden,,20,0,0
C2b-INJECTION,0.0,00005garden|699|1|5,698,10,17,,,00005garden,,21,0,0
C2b-INJECTION,0.0,00005garden|699|1|5,698,10,18,,,00005garden,,21,0,0
C2b-INJECTION,0.0,00005garden|699|1|5,698,10,19,,,00005garden,,21,0,0
C2b-INJECTION,0.05,00005garden|699|1|5,698,10,20,,,00005garden,,20,0,1
_META,,00005garden|699|1|5,698,10,0,omitted_for_runtime,omitted_for_runtime,00005garden,,,0,
SHAM,0.047619047619047616,00005garden|701|1|2,700,3,1,,,00005garden,,21,0,1
SHAM,0.05,00005garden|701|1|2,700,3,2,,,00005garden,,20,0,1
SHAM,0.0,00005garden|701|1|2,700,3,3,,,00005garden,,21,0,0
SHAM,0.0,00005garden|701|1|2,700,3,4,,,00005garden,,20,0,0
SHAM,0.0,00005garden|701|1|2,700,3,5,,,00005garden,,20,0,0
SHAM,0.05,00005garden|701|1|2,700,3,6,,,00005garden,,20,0,1
SHAM,0.05,00005garden|701|1|2,700,3,7,,,00005garden,,20,0,1
SHAM,0.047619047619047616,00005garden|701|1|2,700,3,8,,,00005garden,,21,0,1
SHAM,0.047619047619047616,00005garden|701|1|2,700,3,9,,,00005garden,,21,0,1
SHAM,0.0,00005garden|701|1|2,700,3,10,,,00005garden,,20,0,0
SHAM,0.0,00005garden|701|1|2,700,3,11,,,00005garden,,19,0,0
SHAM,0.10526315789473684,00005garden|701|1|2,700,3,12,,,00005garden,,19,0,2
SHAM,0.05263157894736842,00005garden|701|1|2,700,3,13,,,00005garden,,19,0,1
SHAM,0.0,00005garden|701|1|2,700,3,14,,,00005garden,,20,0,0
SHAM,0.0,00005garden|701|1|2,700,3,15,,,00005garden,,21,0,0
SHAM,0.0,00005garden|701|1|2,700,3,16,,,00005garden,,21,0,0
SHAM,0.0,00005garden|701|1|2,700,3,17,,,00005garden,,21,0,0
SHAM,0.05,00005garden|701|1|2,700,3,18,,,00005garden,,20,0,1
SHAM,0.047619047619047616,00005garden|701|1|2,700,3,19,,,00005garden,,21,0,1
SHAM,0.0,00005garden|701|1|2,700,3,20,,,00005garden,,21,0,0
C2b-INJECTION,0.047619047619047616,00005garden|701|1|2,700,3,1,,,00005garden,,21,0,1
C2b-INJECTION,0.05,00005garden|701|1|2,700,3,2,,,00005garden,,20,0,1
C2b-INJECTION,0.0,00005garden|701|1|2,700,3,3,,,00005garden,,21,0,0
C2b-INJECTION,0.0,00005garden|701|1|2,700,3,4,,,00005garden,,20,0,0
C2b-INJECTION,0.0,00005garden|701|1|2,700,3,5,,,00005garden,,20,0,0
C2b-INJECTION,0.05,00005garden|701|1|2,700,3,6,,,00005garden,,20,0,1
C2b-INJECTION,0.05,00005garden|701|1|2,700,3,7,,,00005garden,,20,0,1
C2b-INJECTION,0.047619047619047616,00005garden|701|1|2,700,3,8,,,00005garden,,21,0,1
C2b-INJECTION,0.047619047619047616,00005garden|701|1|2,700,3,9,,,00005garden,,21,0,1
C2b-INJECTION,0.0,00005garden|701|1|2,700,3,10,,,00005garden,,20,0,0
C2b-INJECTION,0.0,00005garden|701|1|2,700,3,11,,,00005garden,,19,0,0
C2b-INJECTION,0.05263157894736842,00005garden|701|1|2,700,3,12,,,00005garden,,19,0,1
C2b-INJECTION,0.05263157894736842,00005garden|701|1|2,700,3,13,,,00005garden,,19,0,1
C2b-INJECTION,0.0,00005garden|701|1|2,700,3,14,,,00005garden,,20,0,0
C2b-INJECTION,0.0,00005garden|701|1|2,700,3,15,,,00005garden,,21,0,0
C2b-INJECTION,0.0,00005garden|701|1|2,700,3,16,,,00005garden,,21,0,0
C2b-INJECTION,0.0,00005garden|701|1|2,700,3,17,,,00005garden,,21,0,0
C2b-INJECTION,0.05,00005garden|701|1|2,700,3,18,,,00005garden,,20,0,1
C2b-INJECTION,0.047619047619047616,00005garden|701|1|2,700,3,19,,,00005garden,,21,0,1
C2b-INJECTION,0.0,00005garden|701|1|2,700,3,20,,,00005garden,,21,0,0
_META,,00005garden|701|1|2,700,3,0,omitted_for_runtime,omitted_for_runtime,00005garden,,,0,
SHAM,0.0,00005garden|704|1|16,703,18,1,,,00005garden,,20,0,0
SHAM,0.0,00005garden|704|1|16,703,18,2,,,00005garden,,20,0,0
SHAM,0.05,00005garden|704|1|16,703,18,3,,,00005garden,,20,0,1
SHAM,0.05,00005garden|704|1|16,703,18,4,,,00005garden,,20,0,1
SHAM,0.047619047619047616,00005garden|704|1|16,703,18,5,,,00005garden,,21,0,1
SHAM,0.047619047619047616,00005garden|704|1|16,703,18,6,,,00005garden,,21,0,1
SHAM,0.0,00005garden|704|1|16,703,18,7,,,00005garden,,20,0,0
SHAM,0.0,00005garden|704|1|16,703,18,8,,,00005garden,,19,0,0
SHAM,0.10526315789473684,00005garden|704|1|16,703,18,9,,,00005garden,,19,0,2
SHAM,0.05263157894736842,00005garden|704|1|16,703,18,10,,,00005garden,,19,0,1
SHAM,0.0,00005garden|704|1|16,703,18,11,,,00005garden,,20,0,0
SHAM,0.0,00005garden|704|1|16,703,18,12,,,00005garden,,21,0,0
SHAM,0.0,00005garden|704|1|16,703,18,13,,,00005garden,,21,0,0
SHAM,0.0,00005garden|704|1|16,703,18,14,,,00005garden,,21,0,0
SHAM,0.05,00005garden|704|1|16,703,18,15,,,00005garden,,20,0,1
SHAM,0.047619047619047616,00005garden|704|1|16,703,18,16,,,00005garden,,21,0,1
SHAM,0.0,00005garden|704|1|16,703,18,17,,,00005garden,,21,0,0
SHAM,0.0,00005garden|704|1|16,703,18,18,,,00005garden,,21,0,0
SHAM,0.0,00005garden|704|1|16,703,18,19,,,00005garden,,21,0,0
SHAM,0.0,00005garden|704|1|16,703,18,20,,,00005garden,,22,0,0
C2b-INJECTION,0.0,00005garden|704|1|16,703,18,1,,,00005garden,,20,0,0
C2b-INJECTION,0.0,00005garden|704|1|16,703,18,2,,,00005garden,,20,0,0
C2b-INJECTION,0.05,00005garden|704|1|16,703,18,3,,,00005garden,,20,0,1
C2b-INJECTION,0.05,00005garden|704|1|16,703,18,4,,,00005garden,,20,0,1
C2b-INJECTION,0.047619047619047616,00005garden|704|1|16,703,18,5,,,00005garden,,21,0,1
C2b-INJECTION,0.047619047619047616,00005garden|704|1|16,703,18,6,,,00005garden,,21,0,1
C2b-INJECTION,0.0,00005garden|704|1|16,703,18,7,,,00005garden,,20,0,0
C2b-INJECTION,0.0,00005garden|704|1|16,703,18,8,,,00005garden,,19,0,0
C2b-INJECTION,0.05263157894736842,00005garden|704|1|16,703,18,9,,,00005garden,,19,0,1
C2b-INJECTION,0.05263157894736842,00005garden|704|1|16,703,18,10,,,00005garden,,19,0,1
C2b-INJECTION,0.0,00005garden|704|1|16,703,18,11,,,00005garden,,20,0,0
C2b-INJECTION,0.0,00005garden|704|1|16,703,18,12,,,00005garden,,21,0,0
C2b-INJECTION,0.0,00005garden|704|1|16,703,18,13,,,00005garden,,21,0,0
C2b-INJECTION,0.0,00005garden|704|1|16,703,18,14,,,00005garden,,21,0,0
C2b-INJECTION,0.05,00005garden|704|1|16,703,18,15,,,00005garden,,20,0,1
C2b-INJECTION,0.047619047619047616,00005garden|704|1|16,703,18,16,,,00005garden,,21,0,1
C2b-INJECTION,0.0,00005garden|704|1|16,703,18,17,,,00005garden,,21,0,0
C2b-INJECTION,0.0,00005garden|704|1|16,703,18,18,,,00005garden,,21,0,0
C2b-INJECTION,0.0,00005garden|704|1|16,703,18,19,,,00005garden,,21,0,0
C2b-INJECTION,0.0,00005garden|704|1|16,703,18,20,,,00005garden,,22,0,0
_META,,00005garden|704|1|16,703,18,0,omitted_for_runtime,omitted_for_runtime,00005garden,,,0,
SHAM,0.0,00005garden|724|1|18,723,11,1,,,00005garden,,21,0,0
SHAM,0.0,00005garden|724|1|18,723,11,2,,,00005garden,,21,0,0
SHAM,0.0,00005garden|724|1|18,723,11,3,,,00005garden,,21,0,0
SHAM,0.0,00005garden|724|1|18,723,11,4,,,00005garden,,21,0,0
SHAM,0.0,00005garden|724|1|18,723,11,5,,,00005garden,,20,0,0
SHAM,0.0,00005garden|724|1|18,723,11,6,,,00005garden,,20,0,0
SHAM,0.0,00005garden|724|1|18,723,11,7,,,00005garden,,20,0,0
SHAM,0.0,00005garden|724|1|18,723,11,8,,,00005garden,,21,0,0
SHAM,0.045454545454545456,00005garden|724|1|18,723,11,9,,,00005garden,,22,0,1
SHAM,0.045454545454545456,00005garden|724|1|18,723,11,10,,,00005garden,,22,0,1
SHAM,0.045454545454545456,00005garden|724|1|18,723,11,11,,,00005garden,,22,0,1
SHAM,0.045454545454545456,00005garden|724|1|18,723,11,12,,,00005garden,,22,0,1
SHAM,0.0,00005garden|724|1|18,723,11,13,,,00005garden,,22,0,0
SHAM,0.045454545454545456,00005garden|724|1|18,723,11,14,,,00005garden,,22,0,1
SHAM,0.0,00005garden|724|1|18,723,11,15,,,00005garden,,23,0,0
SHAM,0.0,00005garden|724|1|18,723,11,16,,,00005garden,,22,0,0
SHAM,0.0,00005garden|724|1|18,723,11,17,,,00005garden,,22,0,0
SHAM,0.0,00005garden|724|1|18,723,11,18,,,00005garden,,22,0,0
SHAM,0.043478260869565216,00005garden|724|1|18,723,11,19,,,00005garden,,23,0,1
SHAM,0.041666666666666664,00005garden|724|1|18,723,11,20,,,00005garden,,24,0,1
C2b-INJECTION,0.0,00005garden|724|1|18,723,11,1,,,00005garden,,21,0,0
C2b-INJECTION,0.0,00005garden|724|1|18,723,11,2,,,00005garden,,21,0,0
C2b-INJECTION,0.0,00005garden|724|1|18,723,11,3,,,00005garden,,21,0,0
C2b-INJECTION,0.0,00005garden|724|1|18,723,11,4,,,00005garden,,21,0,0
C2b-INJECTION,0.0,00005garden|724|1|18,723,11,5,,,00005garden,,20,0,0
C2b-INJECTION,0.0,00005garden|724|1|18,723,11,6,,,00005garden,,20,0,0
C2b-INJECTION,0.0,00005garden|724|1|18,723,11,7,,,00005garden,,20,0,0
C2b-INJECTION,0.0,00005garden|724|1|18,723,11,8,,,00005garden,,21,0,0
C2b-INJECTION,0.045454545454545456,00005garden|724|1|18,723,11,9,,,00005garden,,22,0,1
C2b-INJECTION,0.045454545454545456,00005garden|724|1|18,723,11,10,,,00005garden,,22,0,1
C2b-INJECTION,0.045454545454545456,00005garden|724|1|18,723,11,11,,,00005garden,,22,0,1
C2b-INJECTION,0.045454545454545456,00005garden|724|1|18,723,11,12,,,00005garden,,22,0,1
C2b-INJECTION,0.0,00005garden|724|1|18,723,11,13,,,00005garden,,22,0,0
C2b-INJECTION,0.045454545454545456,00005garden|724|1|18,723,11,14,,,00005garden,,22,0,1
C2b-INJECTION,0.0,00005garden|724|1|18,723,11,15,,,00005garden,,23,0,0
C2b-INJECTION,0.0,00005garden|724|1|18,723,11,16,,,00005garden,,22,0,0
C2b-INJECTION,0.0,00005garden|724|1|18,723,11,17,,,00005garden,,22,0,0
C2b-INJECTION,0.0,00005garden|724|1|18,723,11,18,,,00005garden,,22,0,0
C2b-INJECTION,0.043478260869565216,00005garden|724|1|18,723,11,19,,,00005garden,,23,0,1
C2b-INJECTION,0.041666666666666664,00005garden|724|1|18,723,11,20,,,00005garden,,24,0,1
_META,,00005garden|724|1|18,723,11,0,omitted_for_runtime,omitted_for_runtime,00005garden,,,0,
SHAM,0.045454545454545456,00005garden|735|1|17,734,28,1,,,00005garden,,22,0,1
SHAM,0.0,00005garden|735|1|17,734,28,2,,,00005garden,,22,0,0
SHAM,0.045454545454545456,00005garden|735|1|17,734,28,3,,,00005garden,,22,0,1
SHAM,0.0,00005garden|735|1|17,734,28,4,,,00005garden,,23,0,0
SHAM,0.0,00005garden|735|1|17,734,28,5,,,00005garden,,22,0,0
SHAM,0.0,00005garden|735|1|17,734,28,6,,,00005garden,,22,0,0
SHAM,0.0,00005garden|735|1|17,734,28,7,,,00005garden,,22,0,0
SHAM,0.043478260869565216,00005garden|735|1|17,734,28,8,,,00005garden,,23,0,1
SHAM,0.041666666666666664,00005garden|735|1|17,734,28,9,,,00005garden,,24,0,1
SHAM,0.0,00005garden|735|1|17,734,28,10,,,00005garden,,24,0,0
SHAM,0.0,00005garden|735|1|17,734,28,11,,,00005garden,,23,0,0
SHAM,0.0,00005garden|735|1|17,734,28,12,,,00005garden,,23,0,0
SHAM,0.0,00005garden|735|1|17,734,28,13,,,00005garden,,24,0,0
SHAM,0.0,00005garden|735|1|17,734,28,14,,,00005garden,,24,0,0
SHAM,0.0,00005garden|735|1|17,734,28,15,,,00005garden,,24,0,0
SHAM,0.0,00005garden|735|1|17,734,28,16,,,00005garden,,24,0,0
SHAM,0.0,00005garden|735|1|17,734,28,17,,,00005garden,,24,0,0
SHAM,0.0,00005garden|735|1|17,734,28,18,,,00005garden,,24,0,0
SHAM,0.0,00005garden|735|1|17,734,28,19,,,00005garden,,24,0,0
SHAM,0.0,00005garden|735|1|17,734,28,20,,,00005garden,,24,0,0
C2b-INJECTION,0.045454545454545456,00005garden|735|1|17,734,28,1,,,00005garden,,22,0,1
C2b-INJECTION,0.0,00005garden|735|1|17,734,28,2,,,00005garden,,22,0,0
C2b-INJECTION,0.045454545454545456,00005garden|735|1|17,734,28,3,,,00005garden,,22,0,1
C2b-INJECTION,0.0,00005garden|735|1|17,734,28,4,,,00005garden,,23,0,0
C2b-INJECTION,0.0,00005garden|735|1|17,734,28,5,,,00005garden,,22,0,0
C2b-INJECTION,0.0,00005garden|735|1|17,734,28,6,,,00005garden,,22,0,0
C2b-INJECTION,0.0,00005garden|735|1|17,734,28,7,,,00005garden,,22,0,0
C2b-INJECTION,0.043478260869565216,00005garden|735|1|17,734,28,8,,,00005garden,,23,0,1
C2b-INJECTION,0.041666666666666664,00005garden|735|1|17,734,28,9,,,00005garden,,24,0,1
C2b-INJECTION,0.0,00005garden|735|1|17,734,28,10,,,00005garden,,24,0,0
C2b-INJECTION,0.0,00005garden|735|1|17,734,28,11,,,00005garden,,23,0,0
C2b-INJECTION,0.0,00005garden|735|1|17,734,28,12,,,00005garden,,23,0,0
C2b-INJECTION,0.0,00005garden|735|1|17,734,28,13,,,00005garden,,24,0,0
C2b-INJECTION,0.0,00005garden|735|1|17,734,28,14,,,00005garden,,24,0,0
C2b-INJECTION,0.0,00005garden|735|1|17,734,28,15,,,00005garden,,24,0,0
C2b-INJECTION,0.0,00005garden|735|1|17,734,28,16,,,00005garden,,24,0,0
C2b-INJECTION,0.0,00005garden|735|1|17,734,28,17,,,00005garden,,24,0,0
C2b-INJECTION,0.0,00005garden|735|1|17,734,28,18,,,00005garden,,24,0,0
C2b-INJECTION,0.0,00005garden|735|1|17,734,28,19,,,00005garden,,24,0,0
C2b-INJECTION,0.0,00005garden|735|1|17,734,28,20,,,00005garden,,24,0,0
_META,,00005garden|735|1|17,734,28,0,omitted_for_runtime,omitted_for_runtime,00005garden,,,0,
SHAM,0.043478260869565216,00005garden|742|1|1,741,3,1,,,00005garden,,23,0,1
SHAM,0.041666666666666664,00005garden|742|1|1,741,3,2,,,00005garden,,24,0,1
SHAM,0.0,00005garden|742|1|1,741,3,3,,,00005garden,,24,0,0
SHAM,0.0,00005garden|742|1|1,741,3,4,,,00005garden,,23,0,0
SHAM,0.0,00005garden|742|1|1,741,3,5,,,00005garden,,23,0,0
SHAM,0.0,00005garden|742|1|1,741,3,6,,,00005garden,,24,0,0
SHAM,0.0,00005garden|742|1|1,741,3,7,,,00005garden,,24,0,0
SHAM,0.0,00005garden|742|1|1,741,3,8,,,00005garden,,24,0,0
SHAM,0.0,00005garden|742|1|1,741,3,9,,,00005garden,,24,0,0
SHAM,0.0,00005garden|742|1|1,741,3,10,,,00005garden,,24,0,0
SHAM,0.0,00005garden|742|1|1,741,3,11,,,00005garden,,24,0,0
SHAM,0.0,00005garden|742|1|1,741,3,12,,,00005garden,,24,0,0
SHAM,0.0,00005garden|742|1|1,741,3,13,,,00005garden,,24,0,0
SHAM,0.0,00005garden|742|1|1,741,3,14,,,00005garden,,24,0,0
SHAM,0.0,00005garden|742|1|1,741,3,15,,,00005garden,,23,0,0
SHAM,0.0,00005garden|742|1|1,741,3,16,,,00005garden,,23,0,0
SHAM,0.0,00005garden|742|1|1,741,3,17,,,00005garden,,22,0,0
SHAM,0.0,00005garden|742|1|1,741,3,18,,,00005garden,,23,0,0
SHAM,0.0,00005garden|742|1|1,741,3,19,,,00005garden,,22,0,0
SHAM,0.0,00005garden|742|1|1,741,3,20,,,00005garden,,23,0,0
C2b-INJECTION,0.043478260869565216,00005garden|742|1|1,741,3,1,,,00005garden,,23,0,1
C2b-INJECTION,0.041666666666666664,00005garden|742|1|1,741,3,2,,,00005garden,,24,0,1
C2b-INJECTION,0.0,00005garden|742|1|1,741,3,3,,,00005garden,,24,0,0
C2b-INJECTION,0.0,00005garden|742|1|1,741,3,4,,,00005garden,,23,0,0
C2b-INJECTION,0.0,00005garden|742|1|1,741,3,5,,,00005garden,,23,0,0
C2b-INJECTION,0.0,00005garden|742|1|1,741,3,6,,,00005garden,,24,0,0
C2b-INJECTION,0.0,00005garden|742|1|1,741,3,7,,,00005garden,,24,0,0
C2b-INJECTION,0.0,00005garden|742|1|1,741,3,8,,,00005garden,,24,0,0
C2b-INJECTION,0.0,00005garden|742|1|1,741,3,9,,,00005garden,,24,0,0
C2b-INJECTION,0.0,00005garden|742|1|1,741,3,10,,,00005garden,,24,0,0
C2b-INJECTION,0.0,00005garden|742|1|1,741,3,11,,,00005garden,,24,0,0
C2b-INJECTION,0.0,00005garden|742|1|1,741,3,12,,,00005garden,,24,0,0
C2b-INJECTION,0.0,00005garden|742|1|1,741,3,13,,,00005garden,,24,0,0
C2b-INJECTION,0.0,00005garden|742|1|1,741,3,14,,,00005garden,,24,0,0
C2b-INJECTION,0.0,00005garden|742|1|1,741,3,15,,,00005garden,,23,0,0
C2b-INJECTION,0.0,00005garden|742|1|1,741,3,16,,,00005garden,,23,0,0
C2b-INJECTION,0.0,00005garden|742|1|1,741,3,17,,,00005garden,,22,0,0
C2b-INJECTION,0.0,00005garden|742|1|1,741,3,18,,,00005garden,,23,0,0
C2b-INJECTION,0.0,00005garden|742|1|1,741,3,19,,,00005garden,,22,0,0
C2b-INJECTION,0.0,00005garden|742|1|1,741,3,20,,,00005garden,,22,0,0
_META,,00005garden|742|1|1,741,3,0,omitted_for_runtime,omitted_for_runtime,00005garden,,,0,
SHAM,0.0,00005garden|758|1|15,757,15,1,,,00005garden,,22,0,0
SHAM,0.0,00005garden|758|1|15,757,15,2,,,00005garden,,23,0,0
SHAM,0.0,00005garden|758|1|15,757,15,3,,,00005garden,,22,0,0
SHAM,0.0,00005garden|758|1|15,757,15,4,,,00005garden,,23,0,0
SHAM,0.0,00005garden|758|1|15,757,15,5,,,00005garden,,22,0,0
SHAM,0.043478260869565216,00005garden|758|1|15,757,15,6,,,00005garden,,23,0,1
SHAM,0.0,00005garden|758|1|15,757,15,7,,,00005garden,,24,0,0
SHAM,0.0,00005garden|758|1|15,757,15,8,,,00005garden,,24,0,0
SHAM,0.0,00005garden|758|1|15,757,15,9,,,00005garden,,24,0,0
SHAM,0.0,00005garden|758|1|15,757,15,10,,,00005garden,,24,0,0
SHAM,0.041666666666666664,00005garden|758|1|15,757,15,11,,,00005garden,,24,0,1
SHAM,0.043478260869565216,00005garden|758|1|15,757,15,12,,,00005garden,,23,0,1
SHAM,0.0,00005garden|758|1|15,757,15,13,,,00005garden,,24,0,0
SHAM,0.045454545454545456,00005garden|758|1|15,757,15,14,,,00005garden,,22,0,1
SHAM,0.0,00005garden|758|1|15,757,15,15,,,00005garden,,24,0,0
SHAM,0.0,00005garden|758|1|15,757,15,16,,,00005garden,,24,0,0
SHAM,0.0,00005garden|758|1|15,757,15,17,,,00005garden,,24,0,0
SHAM,0.0,00005garden|758|1|15,757,15,18,,,00005garden,,25,0,0
SHAM,0.0,00005garden|758|1|15,757,15,19,,,00005garden,,24,0,0
SHAM,0.041666666666666664,00005garden|758|1|15,757,15,20,,,00005garden,,24,0,1
C2b-INJECTION,0.0,00005garden|758|1|15,757,15,1,,,00005garden,,22,0,0
C2b-INJECTION,0.0,00005garden|758|1|15,757,15,2,,,00005garden,,23,0,0
C2b-INJECTION,0.0,00005garden|758|1|15,757,15,3,,,00005garden,,22,0,0
C2b-INJECTION,0.0,00005garden|758|1|15,757,15,4,,,00005garden,,22,0,0
C2b-INJECTION,0.0,00005garden|758|1|15,757,15,5,,,00005garden,,22,0,0
C2b-INJECTION,0.043478260869565216,00005garden|758|1|15,757,15,6,,,00005garden,,23,0,1
C2b-INJECTION,0.0,00005garden|758|1|15,757,15,7,,,00005garden,,24,0,0
C2b-INJECTION,0.0,00005garden|758|1|15,757,15,8,,,00005garden,,24,0,0
C2b-INJECTION,0.0,00005garden|758|1|15,757,15,9,,,00005garden,,24,0,0
C2b-INJECTION,0.0,00005garden|758|1|15,757,15,10,,,00005garden,,24,0,0
C2b-INJECTION,0.041666666666666664,00005garden|758|1|15,757,15,11,,,00005garden,,24,0,1
C2b-INJECTION,0.043478260869565216,00005garden|758|1|15,757,15,12,,,00005garden,,23,0,1
C2b-INJECTION,0.0,00005garden|758|1|15,757,15,13,,,00005garden,,24,0,0
C2b-INJECTION,0.045454545454545456,00005garden|758|1|15,757,15,14,,,00005garden,,22,0,1
C2b-INJECTION,0.0,00005garden|758|1|15,757,15,15,,,00005garden,,24,0,0
C2b-INJECTION,0.0,00005garden|758|1|15,757,15,16,,,00005garden,,24,0,0
C2b-INJECTION,0.0,00005garden|758|1|15,757,15,17,,,00005garden,,24,0,0
C2b-INJECTION,0.0,00005garden|758|1|15,757,15,18,,,00005garden,,25,0,0
C2b-INJECTION,0.0,00005garden|758|1|15,757,15,19,,,00005garden,,24,0,0
C2b-INJECTION,0.0,00005garden|758|1|15,757,15,20,,,00005garden,,24,0,0
_META,,00005garden|758|1|15,757,15,0,omitted_for_runtime,omitted_for_runtime,00005garden,,,0,
SHAM,0.0,00005garden|758|1|19,757,7,1,,,00005garden,,22,0,0
SHAM,0.0,00005garden|758|1|19,757,7,2,,,00005garden,,23,0,0
SHAM,0.0,00005garden|758|1|19,757,7,3,,,00005garden,,22,0,0
SHAM,0.0,00005garden|758|1|19,757,7,4,,,00005garden,,23,0,0
SHAM,0.0,00005garden|758|1|19,757,7,5,,,00005garden,,22,0,0
SHAM,0.043478260869565216,00005garden|758|1|19,757,7,6,,,00005garden,,23,0,1
SHAM,0.0,00005garden|758|1|19,757,7,7,,,00005garden,,24,0,0
SHAM,0.0,00005garden|758|1|19,757,7,8,,,00005garden,,24,0,0
SHAM,0.0,00005garden|758|1|19,757,7,9,,,00005garden,,24,0,0
SHAM,0.0,00005garden|758|1|19,757,7,10,,,00005garden,,24,0,0
SHAM,0.041666666666666664,00005garden|758|1|19,757,7,11,,,00005garden,,24,0,1
SHAM,0.043478260869565216,00005garden|758|1|19,757,7,12,,,00005garden,,23,0,1
SHAM,0.0,00005garden|758|1|19,757,7,13,,,00005garden,,24,0,0
SHAM,0.045454545454545456,00005garden|758|1|19,757,7,14,,,00005garden,,22,0,1
SHAM,0.0,00005garden|758|1|19,757,7,15,,,00005garden,,24,0,0
SHAM,0.0,00005garden|758|1|19,757,7,16,,,00005garden,,24,0,0
SHAM,0.0,00005garden|758|1|19,757,7,17,,,00005garden,,24,0,0
SHAM,0.0,00005garden|758|1|19,757,7,18,,,00005garden,,25,0,0
SHAM,0.0,00005garden|758|1|19,757,7,19,,,00005garden,,24,0,0
SHAM,0.041666666666666664,00005garden|758|1|19,757,7,20,,,00005garden,,24,0,1
C2b-INJECTION,0.0,00005garden|758|1|19,757,7,1,,,00005garden,,22,0,0
C2b-INJECTION,0.0,00005garden|758|1|19,757,7,2,,,00005garden,,23,0,0
C2b-INJECTION,0.0,00005garden|758|1|19,757,7,3,,,00005garden,,22,0,0
C2b-INJECTION,0.0,00005garden|758|1|19,757,7,4,,,00005garden,,22,0,0
C2b-INJECTION,0.0,00005garden|758|1|19,757,7,5,,,00005garden,,22,0,0
C2b-INJECTION,0.043478260869565216,00005garden|758|1|19,757,7,6,,,00005garden,,23,0,1
C2b-INJECTION,0.0,00005garden|758|1|19,757,7,7,,,00005garden,,24,0,0
C2b-INJECTION,0.0,00005garden|758|1|19,757,7,8,,,00005garden,,24,0,0
C2b-INJECTION,0.0,00005garden|758|1|19,757,7,9,,,00005garden,,24,0,0
C2b-INJECTION,0.0,00005garden|758|1|19,757,7,10,,,00005garden,,24,0,0
C2b-INJECTION,0.041666666666666664,00005garden|758|1|19,757,7,11,,,00005garden,,24,0,1
C2b-INJECTION,0.043478260869565216,00005garden|758|1|19,757,7,12,,,00005garden,,23,0,1
C2b-INJECTION,0.0,00005garden|758|1|19,757,7,13,,,00005garden,,24,0,0
C2b-INJECTION,0.045454545454545456,00005garden|758|1|19,757,7,14,,,00005garden,,22,0,1
C2b-INJECTION,0.0,00005garden|758|1|19,757,7,15,,,00005garden,,24,0,0
C2b-INJECTION,0.0,00005garden|758|1|19,757,7,16,,,00005garden,,24,0,0
C2b-INJECTION,0.0,00005garden|758|1|19,757,7,17,,,00005garden,,24,0,0
C2b-INJECTION,0.0,00005garden|758|1|19,757,7,18,,,00005garden,,25,0,0
C2b-INJECTION,0.0,00005garden|758|1|19,757,7,19,,,00005garden,,24,0,0
C2b-INJECTION,0.0,00005garden|758|1|19,757,7,20,,,00005garden,,24,0,0
_META,,00005garden|758|1|19,757,7,0,omitted_for_runtime,omitted_for_runtime,00005garden,,,0,
SHAM,0.043478260869565216,00005garden|769|1|10,768,25,1,,,00005garden,,23,0,1
SHAM,0.0,00005garden|769|1|10,768,25,2,,,00005garden,,24,0,0
SHAM,0.045454545454545456,00005garden|769|1|10,768,25,3,,,00005garden,,22,0,1
SHAM,0.0,00005garden|769|1|10,768,25,4,,,00005garden,,24,0,0
SHAM,0.0,00005garden|769|1|10,768,25,5,,,00005garden,,24,0,0
SHAM,0.0,00005garden|769|1|10,768,25,6,,,00005garden,,24,0,0
SHAM,0.0,00005garden|769|1|10,768,25,7,,,00005garden,,25,0,0
SHAM,0.0,00005garden|769|1|10,768,25,8,,,00005garden,,24,0,0
SHAM,0.041666666666666664,00005garden|769|1|10,768,25,9,,,00005garden,,24,0,1
SHAM,0.0,00005garden|769|1|10,768,25,10,,,00005garden,,23,0,0
SHAM,0.045454545454545456,00005garden|769|1|10,768,25,11,,,00005garden,,22,0,1
SHAM,0.0,00005garden|769|1|10,768,25,12,,,00005garden,,22,0,0
SHAM,0.047619047619047616,00005garden|769|1|10,768,25,13,,,00005garden,,21,0,1
SHAM,0.0,00005garden|769|1|10,768,25,14,,,00005garden,,21,0,0
SHAM,0.0,00005garden|769|1|10,768,25,15,,,00005garden,,23,0,0
SHAM,0.0,00005garden|769|1|10,768,25,16,,,00005garden,,23,0,0
SHAM,0.0,00005garden|769|1|10,768,25,17,,,00005garden,,23,0,0
SHAM,0.0,00005garden|769|1|10,768,25,18,,,00005garden,,22,0,0
SHAM,0.0,00005garden|769|1|10,768,25,19,,,00005garden,,22,0,0
SHAM,0.0,00005garden|769|1|10,768,25,20,,,00005garden,,22,0,0
C2b-INJECTION,0.043478260869565216,00005garden|769|1|10,768,25,1,,,00005garden,,23,0,1
C2b-INJECTION,0.0,00005garden|769|1|10,768,25,2,,,00005garden,,24,0,0
C2b-INJECTION,0.045454545454545456,00005garden|769|1|10,768,25,3,,,00005garden,,22,0,1
C2b-INJECTION,0.0,00005garden|769|1|10,768,25,4,,,00005garden,,24,0,0
C2b-INJECTION,0.0,00005garden|769|1|10,768,25,5,,,00005garden,,24,0,0
C2b-INJECTION,0.0,00005garden|769|1|10,768,25,6,,,00005garden,,24,0,0
C2b-INJECTION,0.0,00005garden|769|1|10,768,25,7,,,00005garden,,25,0,0
C2b-INJECTION,0.0,00005garden|769|1|10,768,25,8,,,00005garden,,24,0,0
C2b-INJECTION,0.041666666666666664,00005garden|769|1|10,768,25,9,,,00005garden,,24,0,1
C2b-INJECTION,0.0,00005garden|769|1|10,768,25,10,,,00005garden,,23,0,0
C2b-INJECTION,0.0,00005garden|769|1|10,768,25,11,,,00005garden,,22,0,0
C2b-INJECTION,0.0,00005garden|769|1|10,768,25,12,,,00005garden,,22,0,0
C2b-INJECTION,0.047619047619047616,00005garden|769|1|10,768,25,13,,,00005garden,,21,0,1
C2b-INJECTION,0.0,00005garden|769|1|10,768,25,14,,,00005garden,,21,0,0
C2b-INJECTION,0.0,00005garden|769|1|10,768,25,15,,,00005garden,,23,0,0
C2b-INJECTION,0.0,00005garden|769|1|10,768,25,16,,,00005garden,,23,0,0
C2b-INJECTION,0.0,00005garden|769|1|10,768,25,17,,,00005garden,,23,0,0
C2b-INJECTION,0.0,00005garden|769|1|10,768,25,18,,,00005garden,,22,0,0
C2b-INJECTION,0.0,00005garden|769|1|10,768,25,19,,,00005garden,,22,0,0
C2b-INJECTION,0.0,00005garden|769|1|10,768,25,20,,,00005garden,,22,0,0
_META,,00005garden|769|1|10,768,25,0,omitted_for_runtime,omitted_for_runtime,00005garden,,,0,
SHAM,0.0,00005garden|780|1|19,779,29,1,,,00005garden,,22,0,0
SHAM,0.047619047619047616,00005garden|780|1|19,779,29,2,,,00005garden,,21,0,1
SHAM,0.0,00005garden|780|1|19,779,29,3,,,00005garden,,21,0,0
SHAM,0.0,00005garden|780|1|19,779,29,4,,,00005garden,,23,0,0
SHAM,0.0,00005garden|780|1|19,779,29,5,,,00005garden,,23,0,0
SHAM,0.0,00005garden|780|1|19,779,29,6,,,00005garden,,23,0,0
SHAM,0.0,00005garden|780|1|19,779,29,7,,,00005garden,,22,0,0
SHAM,0.0,00005garden|780|1|19,779,29,8,,,00005garden,,22,0,0
SHAM,0.0,00005garden|780|1|19,779,29,9,,,00005garden,,22,0,0
SHAM,0.041666666666666664,00005garden|780|1|19,779,29,10,,,00005garden,,24,0,1
SHAM,0.045454545454545456,00005garden|780|1|19,779,29,11,,,00005garden,,22,0,1
SHAM,0.0,00005garden|780|1|19,779,29,12,,,00005garden,,23,0,0
SHAM,0.041666666666666664,00005garden|780|1|19,779,29,13,,,00005garden,,24,0,1
SHAM,0.0,00005garden|780|1|19,779,29,14,,,00005garden,,22,0,0
SHAM,0.041666666666666664,00005garden|780|1|19,779,29,15,,,00005garden,,24,0,1
SHAM,0.08695652173913043,00005garden|780|1|19,779,29,16,,,00005garden,,23,0,2
SHAM,0.041666666666666664,00005garden|780|1|19,779,29,17,,,00005garden,,24,0,1
SHAM,0.041666666666666664,00005garden|780|1|19,779,29,18,,,00005garden,,24,0,1
SHAM,0.043478260869565216,00005garden|780|1|19,779,29,19,,,00005garden,,23,0,1
SHAM,0.041666666666666664,00005garden|780|1|19,779,29,20,,,00005garden,,24,0,1
C2b-INJECTION,0.0,00005garden|780|1|19,779,29,1,,,00005garden,,22,0,0
C2b-INJECTION,0.047619047619047616,00005garden|780|1|19,779,29,2,,,00005garden,,21,0,1
C2b-INJECTION,0.0,00005garden|780|1|19,779,29,3,,,00005garden,,21,0,0
C2b-INJECTION,0.0,00005garden|780|1|19,779,29,4,,,00005garden,,23,0,0
C2b-INJECTION,0.0,00005garden|780|1|19,779,29,5,,,00005garden,,23,0,0
C2b-INJECTION,0.0,00005garden|780|1|19,779,29,6,,,00005garden,,23,0,0
C2b-INJECTION,0.0,00005garden|780|1|19,779,29,7,,,00005garden,,22,0,0
C2b-INJECTION,0.0,00005garden|780|1|19,779,29,8,,,00005garden,,22,0,0
C2b-INJECTION,0.0,00005garden|780|1|19,779,29,9,,,00005garden,,22,0,0
C2b-INJECTION,0.041666666666666664,00005garden|780|1|19,779,29,10,,,00005garden,,24,0,1
C2b-INJECTION,0.045454545454545456,00005garden|780|1|19,779,29,11,,,00005garden,,22,0,1
C2b-INJECTION,0.0,00005garden|780|1|19,779,29,12,,,00005garden,,23,0,0
C2b-INJECTION,0.041666666666666664,00005garden|780|1|19,779,29,13,,,00005garden,,24,0,1
C2b-INJECTION,0.0,00005garden|780|1|19,779,29,14,,,00005garden,,22,0,0
C2b-INJECTION,0.041666666666666664,00005garden|780|1|19,779,29,15,,,00005garden,,24,0,1
C2b-INJECTION,0.08695652173913043,00005garden|780|1|19,779,29,16,,,00005garden,,23,0,2
C2b-INJECTION,0.041666666666666664,00005garden|780|1|19,779,29,17,,,00005garden,,24,0,1
C2b-INJECTION,0.041666666666666664,00005garden|780|1|19,779,29,18,,,00005garden,,24,0,1
C2b-INJECTION,0.043478260869565216,00005garden|780|1|19,779,29,19,,,00005garden,,23,0,1
C2b-INJECTION,0.041666666666666664,00005garden|780|1|19,779,29,20,,,00005garden,,24,0,1
_META,,00005garden|780|1|19,779,29,0,omitted_for_runtime,omitted_for_runtime,00005garden,,,0,
SHAM,0.0,00005garden|783|1|1,782,3,1,,,00005garden,,23,0,0
SHAM,0.0,00005garden|783|1|1,782,3,2,,,00005garden,,23,0,0
SHAM,0.0,00005garden|783|1|1,782,3,3,,,00005garden,,23,0,0
SHAM,0.0,00005garden|783|1|1,782,3,4,,,00005garden,,22,0,0
SHAM,0.0,00005garden|783|1|1,782,3,5,,,00005garden,,22,0,0
SHAM,0.0,00005garden|783|1|1,782,3,6,,,00005garden,,22,0,0
SHAM,0.041666666666666664,00005garden|783|1|1,782,3,7,,,00005garden,,24,0,1
SHAM,0.045454545454545456,00005garden|783|1|1,782,3,8,,,00005garden,,22,0,1
SHAM,0.0,00005garden|783|1|1,782,3,9,,,00005garden,,23,0,0
SHAM,0.041666666666666664,00005garden|783|1|1,782,3,10,,,00005garden,,24,0,1
SHAM,0.0,00005garden|783|1|1,782,3,11,,,00005garden,,22,0,0
SHAM,0.041666666666666664,00005garden|783|1|1,782,3,12,,,00005garden,,24,0,1
SHAM,0.08695652173913043,00005garden|783|1|1,782,3,13,,,00005garden,,23,0,2
SHAM,0.041666666666666664,00005garden|783|1|1,782,3,14,,,00005garden,,24,0,1
SHAM,0.041666666666666664,00005garden|783|1|1,782,3,15,,,00005garden,,24,0,1
SHAM,0.043478260869565216,00005garden|783|1|1,782,3,16,,,00005garden,,23,0,1
SHAM,0.041666666666666664,00005garden|783|1|1,782,3,17,,,00005garden,,24,0,1
SHAM,0.0,00005garden|783|1|1,782,3,18,,,00005garden,,21,0,0
SHAM,0.041666666666666664,00005garden|783|1|1,782,3,19,,,00005garden,,24,0,1
SHAM,0.0,00005garden|783|1|1,782,3,20,,,00005garden,,23,0,0
C2b-INJECTION,0.0,00005garden|783|1|1,782,3,1,,,00005garden,,23,0,0
C2b-INJECTION,0.0,00005garden|783|1|1,782,3,2,,,00005garden,,23,0,0
C2b-INJECTION,0.0,00005garden|783|1|1,782,3,3,,,00005garden,,23,0,0
C2b-INJECTION,0.0,00005garden|783|1|1,782,3,4,,,00005garden,,22,0,0
C2b-INJECTION,0.0,00005garden|783|1|1,782,3,5,,,00005garden,,22,0,0
C2b-INJECTION,0.0,00005garden|783|1|1,782,3,6,,,00005garden,,22,0,0
C2b-INJECTION,0.041666666666666664,00005garden|783|1|1,782,3,7,,,00005garden,,24,0,1
C2b-INJECTION,0.045454545454545456,00005garden|783|1|1,782,3,8,,,00005garden,,22,0,1
C2b-INJECTION,0.0,00005garden|783|1|1,782,3,9,,,00005garden,,23,0,0
C2b-INJECTION,0.041666666666666664,00005garden|783|1|1,782,3,10,,,00005garden,,24,0,1
C2b-INJECTION,0.0,00005garden|783|1|1,782,3,11,,,00005garden,,22,0,0
C2b-INJECTION,0.041666666666666664,00005garden|783|1|1,782,3,12,,,00005garden,,24,0,1
C2b-INJECTION,0.08695652173913043,00005garden|783|1|1,782,3,13,,,00005garden,,23,0,2
C2b-INJECTION,0.041666666666666664,00005garden|783|1|1,782,3,14,,,00005garden,,24,0,1
C2b-INJECTION,0.041666666666666664,00005garden|783|1|1,782,3,15,,,00005garden,,24,0,1
C2b-INJECTION,0.043478260869565216,00005garden|783|1|1,782,3,16,,,00005garden,,23,0,1
C2b-INJECTION,0.041666666666666664,00005garden|783|1|1,782,3,17,,,00005garden,,24,0,1
C2b-INJECTION,0.0,00005garden|783|1|1,782,3,18,,,00005garden,,21,0,0
C2b-INJECTION,0.041666666666666664,00005garden|783|1|1,782,3,19,,,00005garden,,24,0,1
C2b-INJECTION,0.0,00005garden|783|1|1,782,3,20,,,00005garden,,23,0,0
_META,,00005garden|783|1|1,782,3,0,omitted_for_runtime,omitted_for_runtime,00005garden,,,0,
SHAM,0.0,00005garden|785|1|11,784,13,1,,,00005garden,,23,0,0
SHAM,0.0,00005garden|785|1|11,784,13,2,,,00005garden,,22,0,0
SHAM,0.0,00005garden|785|1|11,784,13,3,,,00005garden,,22,0,0
SHAM,0.0,00005garden|785|1|11,784,13,4,,,00005garden,,22,0,0
SHAM,0.041666666666666664,00005garden|785|1|11,784,13,5,,,00005garden,,24,0,1
SHAM,0.045454545454545456,00005garden|785|1|11,784,13,6,,,00005garden,,22,0,1
SHAM,0.0,00005garden|785|1|11,784,13,7,,,00005garden,,23,0,0
SHAM,0.041666666666666664,00005garden|785|1|11,784,13,8,,,00005garden,,24,0,1
SHAM,0.0,00005garden|785|1|11,784,13,9,,,00005garden,,22,0,0
SHAM,0.041666666666666664,00005garden|785|1|11,784,13,10,,,00005garden,,24,0,1
SHAM,0.08695652173913043,00005garden|785|1|11,784,13,11,,,00005garden,,23,0,2
SHAM,0.041666666666666664,00005garden|785|1|11,784,13,12,,,00005garden,,24,0,1
SHAM,0.041666666666666664,00005garden|785|1|11,784,13,13,,,00005garden,,24,0,1
SHAM,0.043478260869565216,00005garden|785|1|11,784,13,14,,,00005garden,,23,0,1
SHAM,0.041666666666666664,00005garden|785|1|11,784,13,15,,,00005garden,,24,0,1
SHAM,0.0,00005garden|785|1|11,784,13,16,,,00005garden,,21,0,0
SHAM,0.041666666666666664,00005garden|785|1|11,784,13,17,,,00005garden,,24,0,1
SHAM,0.0,00005garden|785|1|11,784,13,18,,,00005garden,,23,0,0
SHAM,0.0,00005garden|785|1|11,784,13,19,,,00005garden,,23,0,0
SHAM,0.0,00005garden|785|1|11,784,13,20,,,00005garden,,24,0,0
C2b-INJECTION,0.0,00005garden|785|1|11,784,13,1,,,00005garden,,23,0,0
C2b-INJECTION,0.0,00005garden|785|1|11,784,13,2,,,00005garden,,22,0,0
C2b-INJECTION,0.0,00005garden|785|1|11,784,13,3,,,00005garden,,22,0,0
C2b-INJECTION,0.0,00005garden|785|1|11,784,13,4,,,00005garden,,22,0,0
C2b-INJECTION,0.08695652173913043,00005garden|785|1|11,784,13,5,,,00005garden,,23,0,2
C2b-INJECTION,0.043478260869565216,00005garden|785|1|11,784,13,6,,,00005garden,,23,0,1
C2b-INJECTION,0.0,00005garden|785|1|11,784,13,7,,,00005garden,,23,0,0
C2b-INJECTION,0.041666666666666664,00005garden|785|1|11,784,13,8,,,00005garden,,24,0,1
C2b-INJECTION,0.0,00005garden|785|1|11,784,13,9,,,00005garden,,22,0,0
C2b-INJECTION,0.041666666666666664,00005garden|785|1|11,784,13,10,,,00005garden,,24,0,1
C2b-INJECTION,0.08695652173913043,00005garden|785|1|11,784,13,11,,,00005garden,,23,0,2
C2b-INJECTION,0.041666666666666664,00005garden|785|1|11,784,13,12,,,00005garden,,24,0,1
C2b-INJECTION,0.041666666666666664,00005garden|785|1|11,784,13,13,,,00005garden,,24,0,1
C2b-INJECTION,0.043478260869565216,00005garden|785|1|11,784,13,14,,,00005garden,,23,0,1
C2b-INJECTION,0.041666666666666664,00005garden|785|1|11,784,13,15,,,00005garden,,24,0,1
C2b-INJECTION,0.0,00005garden|785|1|11,784,13,16,,,00005garden,,21,0,0
C2b-INJECTION,0.041666666666666664,00005garden|785|1|11,784,13,17,,,00005garden,,24,0,1
C2b-INJECTION,0.0,00005garden|785|1|11,784,13,18,,,00005garden,,23,0,0
C2b-INJECTION,0.0,00005garden|785|1|11,784,13,19,,,00005garden,,23,0,0
C2b-INJECTION,0.0,00005garden|785|1|11,784,13,20,,,00005garden,,24,0,0
_META,,00005garden|785|1|11,784,13,0,omitted_for_runtime,omitted_for_runtime,00005garden,,,0,
SHAM,0.041666666666666664,00005garden|799|1|14,798,7,1,,,00005garden,,24,0,1
SHAM,0.0,00005garden|799|1|14,798,7,2,,,00005garden,,21,0,0
SHAM,0.041666666666666664,00005garden|799|1|14,798,7,3,,,00005garden,,24,0,1
SHAM,0.0,00005garden|799|1|14,798,7,4,,,00005garden,,23,0,0
SHAM,0.0,00005garden|799|1|14,798,7,5,,,00005garden,,23,0,0
SHAM,0.0,00005garden|799|1|14,798,7,6,,,00005garden,,24,0,0
SHAM,0.0,00005garden|799|1|14,798,7,7,,,00005garden,,24,0,0
SHAM,0.0,00005garden|799|1|14,798,7,8,,,00005garden,,25,0,0
SHAM,0.0,00005garden|799|1|14,798,7,9,,,00005garden,,24,0,0
SHAM,0.0,00005garden|799|1|14,798,7,10,,,00005garden,,26,0,0
SHAM,0.0,00005garden|799|1|14,798,7,11,,,00005garden,,24,0,0
SHAM,0.0,00005garden|799|1|14,798,7,12,,,00005garden,,25,0,0
SHAM,0.0,00005garden|799|1|14,798,7,13,,,00005garden,,23,0,0
SHAM,0.0,00005garden|799|1|14,798,7,14,,,00005garden,,24,0,0
SHAM,0.0,00005garden|799|1|14,798,7,15,,,00005garden,,24,0,0
SHAM,0.0,00005garden|799|1|14,798,7,16,,,00005garden,,23,0,0
SHAM,0.0,00005garden|799|1|14,798,7,17,,,00005garden,,24,0,0
SHAM,0.0,00005garden|799|1|14,798,7,18,,,00005garden,,24,0,0
SHAM,0.041666666666666664,00005garden|799|1|14,798,7,19,,,00005garden,,24,0,1
SHAM,0.0,00005garden|799|1|14,798,7,20,,,00005garden,,24,0,0
C2b-INJECTION,0.041666666666666664,00005garden|799|1|14,798,7,1,,,00005garden,,24,0,1
C2b-INJECTION,0.0,00005garden|799|1|14,798,7,2,,,00005garden,,21,0,0
C2b-INJECTION,0.041666666666666664,00005garden|799|1|14,798,7,3,,,00005garden,,24,0,1
C2b-INJECTION,0.0,00005garden|799|1|14,798,7,4,,,00005garden,,23,0,0
C2b-INJECTION,0.0,00005garden|799|1|14,798,7,5,,,00005garden,,23,0,0
C2b-INJECTION,0.0,00005garden|799|1|14,798,7,6,,,00005garden,,24,0,0
C2b-INJECTION,0.0,00005garden|799|1|14,798,7,7,,,00005garden,,24,0,0
C2b-INJECTION,0.0,00005garden|799|1|14,798,7,8,,,00005garden,,25,0,0
C2b-INJECTION,0.0,00005garden|799|1|14,798,7,9,,,00005garden,,24,0,0
C2b-INJECTION,0.0,00005garden|799|1|14,798,7,10,,,00005garden,,26,0,0
C2b-INJECTION,0.0,00005garden|799|1|14,798,7,11,,,00005garden,,24,0,0
C2b-INJECTION,0.0,00005garden|799|1|14,798,7,12,,,00005garden,,25,0,0
C2b-INJECTION,0.0,00005garden|799|1|14,798,7,13,,,00005garden,,24,0,0
C2b-INJECTION,0.0,00005garden|799|1|14,798,7,14,,,00005garden,,24,0,0
C2b-INJECTION,0.0,00005garden|799|1|14,798,7,15,,,00005garden,,24,0,0
C2b-INJECTION,0.0,00005garden|799|1|14,798,7,16,,,00005garden,,23,0,0
C2b-INJECTION,0.0,00005garden|799|1|14,798,7,17,,,00005garden,,24,0,0
C2b-INJECTION,0.0,00005garden|799|1|14,798,7,18,,,00005garden,,24,0,0
C2b-INJECTION,0.041666666666666664,00005garden|799|1|14,798,7,19,,,00005garden,,24,0,1
C2b-INJECTION,0.0,00005garden|799|1|14,798,7,20,,,00005garden,,24,0,0
_META,,00005garden|799|1|14,798,7,0,omitted_for_runtime,omitted_for_runtime,00005garden,,,0,
SHAM,0.0,00005garden|805|1|18,804,15,1,,,00005garden,,24,0,0
SHAM,0.0,00005garden|805|1|18,804,15,2,,,00005garden,,25,0,0
SHAM,0.0,00005garden|805|1|18,804,15,3,,,00005garden,,24,0,0
SHAM,0.0,00005garden|805|1|18,804,15,4,,,00005garden,,26,0,0
SHAM,0.0,00005garden|805|1|18,804,15,5,,,00005garden,,24,0,0
SHAM,0.0,00005garden|805|1|18,804,15,6,,,00005garden,,25,0,0
SHAM,0.0,00005garden|805|1|18,804,15,7,,,00005garden,,23,0,0
SHAM,0.0,00005garden|805|1|18,804,15,8,,,00005garden,,24,0,0
SHAM,0.0,00005garden|805|1|18,804,15,9,,,00005garden,,24,0,0
SHAM,0.0,00005garden|805|1|18,804,15,10,,,00005garden,,23,0,0
SHAM,0.0,00005garden|805|1|18,804,15,11,,,00005garden,,24,0,0
SHAM,0.0,00005garden|805|1|18,804,15,12,,,00005garden,,24,0,0
SHAM,0.041666666666666664,00005garden|805|1|18,804,15,13,,,00005garden,,24,0,1
SHAM,0.0,00005garden|805|1|18,804,15,14,,,00005garden,,24,0,0
SHAM,0.041666666666666664,00005garden|805|1|18,804,15,15,,,00005garden,,24,0,1
SHAM,0.041666666666666664,00005garden|805|1|18,804,15,16,,,00005garden,,24,0,1
SHAM,0.043478260869565216,00005garden|805|1|18,804,15,17,,,00005garden,,23,0,1
SHAM,0.043478260869565216,00005garden|805|1|18,804,15,18,,,00005garden,,23,0,1
SHAM,0.043478260869565216,00005garden|805|1|18,804,15,19,,,00005garden,,23,0,1
SHAM,0.0,00005garden|805|1|18,804,15,20,,,00005garden,,23,0,0
C2b-INJECTION,0.0,00005garden|805|1|18,804,15,1,,,00005garden,,24,0,0
C2b-INJECTION,0.0,00005garden|805|1|18,804,15,2,,,00005garden,,25,0,0
C2b-INJECTION,0.0,00005garden|805|1|18,804,15,3,,,00005garden,,24,0,0
C2b-INJECTION,0.0,00005garden|805|1|18,804,15,4,,,00005garden,,26,0,0
C2b-INJECTION,0.0,00005garden|805|1|18,804,15,5,,,00005garden,,24,0,0
C2b-INJECTION,0.0,00005garden|805|1|18,804,15,6,,,00005garden,,25,0,0
C2b-INJECTION,0.0,00005garden|805|1|18,804,15,7,,,00005garden,,23,0,0
C2b-INJECTION,0.0,00005garden|805|1|18,804,15,8,,,00005garden,,24,0,0
C2b-INJECTION,0.0,00005garden|805|1|18,804,15,9,,,00005garden,,24,0,0
C2b-INJECTION,0.0,00005garden|805|1|18,804,15,10,,,00005garden,,23,0,0
C2b-INJECTION,0.0,00005garden|805|1|18,804,15,11,,,00005garden,,24,0,0
C2b-INJECTION,0.0,00005garden|805|1|18,804,15,12,,,00005garden,,24,0,0
C2b-INJECTION,0.041666666666666664,00005garden|805|1|18,804,15,13,,,00005garden,,24,0,1
C2b-INJECTION,0.0,00005garden|805|1|18,804,15,14,,,00005garden,,24,0,0
C2b-INJECTION,0.041666666666666664,00005garden|805|1|18,804,15,15,,,00005garden,,24,0,1
C2b-INJECTION,0.041666666666666664,00005garden|805|1|18,804,15,16,,,00005garden,,24,0,1
C2b-INJECTION,0.043478260869565216,00005garden|805|1|18,804,15,17,,,00005garden,,23,0,1
C2b-INJECTION,0.043478260869565216,00005garden|805|1|18,804,15,18,,,00005garden,,23,0,1
C2b-INJECTION,0.043478260869565216,00005garden|805|1|18,804,15,19,,,00005garden,,23,0,1
C2b-INJECTION,0.0,00005garden|805|1|18,804,15,20,,,00005garden,,23,0,0
_META,,00005garden|805|1|18,804,15,0,omitted_for_runtime,omitted_for_runtime,00005garden,,,0,
SHAM,0.0,00005garden|810|1|12,809,25,1,,,00005garden,,25,0,0
SHAM,0.0,00005garden|810|1|12,809,25,2,,,00005garden,,23,0,0
SHAM,0.0,00005garden|810|1|12,809,25,3,,,00005garden,,24,0,0
SHAM,0.0,00005garden|810|1|12,809,25,4,,,00005garden,,24,0,0
SHAM,0.0,00005garden|810|1|12,809,25,5,,,00005garden,,23,0,0
SHAM,0.0,00005garden|810|1|12,809,25,6,,,00005garden,,24,0,0
SHAM,0.0,00005garden|810|1|12,809,25,7,,,00005garden,,24,0,0
SHAM,0.041666666666666664,00005garden|810|1|12,809,25,8,,,00005garden,,24,0,1
SHAM,0.0,00005garden|810|1|12,809,25,9,,,00005garden,,24,0,0
SHAM,0.041666666666666664,00005garden|810|1|12,809,25,10,,,00005garden,,24,0,1
SHAM,0.041666666666666664,00005garden|810|1|12,809,25,11,,,00005garden,,24,0,1
SHAM,0.043478260869565216,00005garden|810|1|12,809,25,12,,,00005garden,,23,0,1
SHAM,0.043478260869565216,00005garden|810|1|12,809,25,13,,,00005garden,,23,0,1
SHAM,0.043478260869565216,00005garden|810|1|12,809,25,14,,,00005garden,,23,0,1
SHAM,0.0,00005garden|810|1|12,809,25,15,,,00005garden,,23,0,0
SHAM,0.0,00005garden|810|1|12,809,25,16,,,00005garden,,23,0,0
SHAM,0.0,00005garden|810|1|12,809,25,17,,,00005garden,,23,0,0
SHAM,0.0,00005garden|810|1|12,809,25,18,,,00005garden,,23,0,0
SHAM,0.0,00005garden|810|1|12,809,25,19,,,00005garden,,23,0,0
SHAM,0.0,00005garden|810|1|12,809,25,20,,,00005garden,,23,0,0
C2b-INJECTION,0.0,00005garden|810|1|12,809,25,1,,,00005garden,,25,0,0
C2b-INJECTION,0.0,00005garden|810|1|12,809,25,2,,,00005garden,,23,0,0
C2b-INJECTION,0.0,00005garden|810|1|12,809,25,3,,,00005garden,,24,0,0
C2b-INJECTION,0.0,00005garden|810|1|12,809,25,4,,,00005garden,,24,0,0
C2b-INJECTION,0.0,00005garden|810|1|12,809,25,5,,,00005garden,,23,0,0
C2b-INJECTION,0.0,00005garden|810|1|12,809,25,6,,,00005garden,,24,0,0
C2b-INJECTION,0.0,00005garden|810|1|12,809,25,7,,,00005garden,,24,0,0
C2b-INJECTION,0.041666666666666664,00005garden|810|1|12,809,25,8,,,00005garden,,24,0,1
C2b-INJECTION,0.0,00005garden|810|1|12,809,25,9,,,00005garden,,24,0,0
C2b-INJECTION,0.041666666666666664,00005garden|810|1|12,809,25,10,,,00005garden,,24,0,1
C2b-INJECTION,0.041666666666666664,00005garden|810|1|12,809,25,11,,,00005garden,,24,0,1
C2b-INJECTION,0.043478260869565216,00005garden|810|1|12,809,25,12,,,00005garden,,23,0,1
C2b-INJECTION,0.043478260869565216,00005garden|810|1|12,809,25,13,,,00005garden,,23,0,1
C2b-INJECTION,0.043478260869565216,00005garden|810|1|12,809,25,14,,,00005garden,,23,0,1
C2b-INJECTION,0.0,00005garden|810|1|12,809,25,15,,,00005garden,,23,0,0
C2b-INJECTION,0.0,00005garden|810|1|12,809,25,16,,,00005garden,,23,0,0
C2b-INJECTION,0.0,00005garden|810|1|12,809,25,17,,,00005garden,,23,0,0
C2b-INJECTION,0.0,00005garden|810|1|12,809,25,18,,,00005garden,,23,0,0
C2b-INJECTION,0.0,00005garden|810|1|12,809,25,19,,,00005garden,,23,0,0
C2b-INJECTION,0.0,00005garden|810|1|12,809,25,20,,,00005garden,,23,0,0
_META,,00005garden|810|1|12,809,25,0,omitted_for_runtime,omitted_for_runtime,00005garden,,,0,
SHAM,0.043478260869565216,00005garden|822|1|0,821,2,1,,,00005garden,,23,0,1
SHAM,0.043478260869565216,00005garden|822|1|0,821,2,2,,,00005garden,,23,0,1
SHAM,0.0,00005garden|822|1|0,821,2,3,,,00005garden,,23,0,0
SHAM,0.0,00005garden|822|1|0,821,2,4,,,00005garden,,23,0,0
SHAM,0.0,00005garden|822|1|0,821,2,5,,,00005garden,,23,0,0
SHAM,0.0,00005garden|822|1|0,821,2,6,,,00005garden,,23,0,0
SHAM,0.0,00005garden|822|1|0,821,2,7,,,00005garden,,23,0,0
SHAM,0.0,00005garden|822|1|0,821,2,8,,,00005garden,,23,0,0
SHAM,0.0,00005garden|822|1|0,821,2,9,,,00005garden,,23,0,0
SHAM,0.0,00005garden|822|1|0,821,2,10,,,00005garden,,23,0,0
SHAM,0.0,00005garden|822|1|0,821,2,11,,,00005garden,,23,0,0
SHAM,0.0,00005garden|822|1|0,821,2,12,,,00005garden,,21,0,0
SHAM,0.0,00005garden|822|1|0,821,2,13,,,00005garden,,21,0,0
SHAM,0.0,00005garden|822|1|0,821,2,14,,,00005garden,,22,0,0
SHAM,0.0,00005garden|822|1|0,821,2,15,,,00005garden,,21,0,0
SHAM,0.0,00005garden|822|1|0,821,2,16,,,00005garden,,22,0,0
SHAM,0.0,00005garden|822|1|0,821,2,17,,,00005garden,,23,0,0
SHAM,0.0,00005garden|822|1|0,821,2,18,,,00005garden,,22,0,0
SHAM,0.0,00005garden|822|1|0,821,2,19,,,00005garden,,22,0,0
SHAM,0.0,00005garden|822|1|0,821,2,20,,,00005garden,,23,0,0
C2b-INJECTION,0.043478260869565216,00005garden|822|1|0,821,2,1,,,00005garden,,23,0,1
C2b-INJECTION,0.043478260869565216,00005garden|822|1|0,821,2,2,,,00005garden,,23,0,1
C2b-INJECTION,0.0,00005garden|822|1|0,821,2,3,,,00005garden,,23,0,0
C2b-INJECTION,0.0,00005garden|822|1|0,821,2,4,,,00005garden,,23,0,0
C2b-INJECTION,0.0,00005garden|822|1|0,821,2,5,,,00005garden,,23,0,0
C2b-INJECTION,0.0,00005garden|822|1|0,821,2,6,,,00005garden,,23,0,0
C2b-INJECTION,0.0,00005garden|822|1|0,821,2,7,,,00005garden,,23,0,0
C2b-INJECTION,0.0,00005garden|822|1|0,821,2,8,,,00005garden,,23,0,0
C2b-INJECTION,0.0,00005garden|822|1|0,821,2,9,,,00005garden,,23,0,0
C2b-INJECTION,0.0,00005garden|822|1|0,821,2,10,,,00005garden,,23,0,0
C2b-INJECTION,0.0,00005garden|822|1|0,821,2,11,,,00005garden,,23,0,0
C2b-INJECTION,0.0,00005garden|822|1|0,821,2,12,,,00005garden,,21,0,0
C2b-INJECTION,0.0,00005garden|822|1|0,821,2,13,,,00005garden,,21,0,0
C2b-INJECTION,0.0,00005garden|822|1|0,821,2,14,,,00005garden,,22,0,0
C2b-INJECTION,0.0,00005garden|822|1|0,821,2,15,,,00005garden,,21,0,0
C2b-INJECTION,0.0,00005garden|822|1|0,821,2,16,,,00005garden,,22,0,0
C2b-INJECTION,0.0,00005garden|822|1|0,821,2,17,,,00005garden,,23,0,0
C2b-INJECTION,0.0,00005garden|822|1|0,821,2,18,,,00005garden,,22,0,0
C2b-INJECTION,0.0,00005garden|822|1|0,821,2,19,,,00005garden,,22,0,0
C2b-INJECTION,0.0,00005garden|822|1|0,821,2,20,,,00005garden,,23,0,0
_META,,00005garden|822|1|0,821,2,0,omitted_for_runtime,omitted_for_runtime,00005garden,,,0,
SHAM,0.043478260869565216,00005garden|822|1|5,821,10,1,,,00005garden,,23,0,1
SHAM,0.043478260869565216,00005garden|822|1|5,821,10,2,,,00005garden,,23,0,1
SHAM,0.0,00005garden|822|1|5,821,10,3,,,00005garden,,23,0,0
SHAM,0.0,00005garden|822|1|5,821,10,4,,,00005garden,,23,0,0
SHAM,0.0,00005garden|822|1|5,821,10,5,,,00005garden,,23,0,0
SHAM,0.0,00005garden|822|1|5,821,10,6,,,00005garden,,23,0,0
SHAM,0.0,00005garden|822|1|5,821,10,7,,,00005garden,,23,0,0
SHAM,0.0,00005garden|822|1|5,821,10,8,,,00005garden,,23,0,0
SHAM,0.0,00005garden|822|1|5,821,10,9,,,00005garden,,23,0,0
SHAM,0.0,00005garden|822|1|5,821,10,10,,,00005garden,,23,0,0
SHAM,0.0,00005garden|822|1|5,821,10,11,,,00005garden,,23,0,0
SHAM,0.0,00005garden|822|1|5,821,10,12,,,00005garden,,21,0,0
SHAM,0.0,00005garden|822|1|5,821,10,13,,,00005garden,,21,0,0
SHAM,0.0,00005garden|822|1|5,821,10,14,,,00005garden,,22,0,0
SHAM,0.0,00005garden|822|1|5,821,10,15,,,00005garden,,21,0,0
SHAM,0.0,00005garden|822|1|5,821,10,16,,,00005garden,,22,0,0
SHAM,0.0,00005garden|822|1|5,821,10,17,,,00005garden,,23,0,0
SHAM,0.0,00005garden|822|1|5,821,10,18,,,00005garden,,22,0,0
SHAM,0.0,00005garden|822|1|5,821,10,19,,,00005garden,,22,0,0
SHAM,0.0,00005garden|822|1|5,821,10,20,,,00005garden,,23,0,0
C2b-INJECTION,0.043478260869565216,00005garden|822|1|5,821,10,1,,,00005garden,,23,0,1
C2b-INJECTION,0.043478260869565216,00005garden|822|1|5,821,10,2,,,00005garden,,23,0,1
C2b-INJECTION,0.0,00005garden|822|1|5,821,10,3,,,00005garden,,23,0,0
C2b-INJECTION,0.0,00005garden|822|1|5,821,10,4,,,00005garden,,23,0,0
C2b-INJECTION,0.0,00005garden|822|1|5,821,10,5,,,00005garden,,23,0,0
C2b-INJECTION,0.0,00005garden|822|1|5,821,10,6,,,00005garden,,23,0,0
C2b-INJECTION,0.0,00005garden|822|1|5,821,10,7,,,00005garden,,23,0,0
C2b-INJECTION,0.0,00005garden|822|1|5,821,10,8,,,00005garden,,23,0,0
C2b-INJECTION,0.0,00005garden|822|1|5,821,10,9,,,00005garden,,23,0,0
C2b-INJECTION,0.0,00005garden|822|1|5,821,10,10,,,00005garden,,23,0,0
C2b-INJECTION,0.0,00005garden|822|1|5,821,10,11,,,00005garden,,23,0,0
C2b-INJECTION,0.0,00005garden|822|1|5,821,10,12,,,00005garden,,21,0,0
C2b-INJECTION,0.0,00005garden|822|1|5,821,10,13,,,00005garden,,21,0,0
C2b-INJECTION,0.0,00005garden|822|1|5,821,10,14,,,00005garden,,22,0,0
C2b-INJECTION,0.0,00005garden|822|1|5,821,10,15,,,00005garden,,21,0,0
C2b-INJECTION,0.0,00005garden|822|1|5,821,10,16,,,00005garden,,22,0,0
C2b-INJECTION,0.0,00005garden|822|1|5,821,10,17,,,00005garden,,23,0,0
C2b-INJECTION,0.0,00005garden|822|1|5,821,10,18,,,00005garden,,22,0,0
C2b-INJECTION,0.0,00005garden|822|1|5,821,10,19,,,00005garden,,22,0,0
C2b-INJECTION,0.0,00005garden|822|1|5,821,10,20,,,00005garden,,23,0,0
_META,,00005garden|822|1|5,821,10,0,omitted_for_runtime,omitted_for_runtime,00005garden,,,0,
SHAM,0.043478260869565216,00005garden|822|1|9,821,5,1,,,00005garden,,23,0,1
SHAM,0.043478260869565216,00005garden|822|1|9,821,5,2,,,00005garden,,23,0,1
SHAM,0.0,00005garden|822|1|9,821,5,3,,,00005garden,,23,0,0
SHAM,0.0,00005garden|822|1|9,821,5,4,,,00005garden,,23,0,0
SHAM,0.0,00005garden|822|1|9,821,5,5,,,00005garden,,23,0,0
SHAM,0.0,00005garden|822|1|9,821,5,6,,,00005garden,,23,0,0
SHAM,0.0,00005garden|822|1|9,821,5,7,,,00005garden,,23,0,0
SHAM,0.0,00005garden|822|1|9,821,5,8,,,00005garden,,23,0,0
SHAM,0.0,00005garden|822|1|9,821,5,9,,,00005garden,,23,0,0
SHAM,0.0,00005garden|822|1|9,821,5,10,,,00005garden,,23,0,0
SHAM,0.0,00005garden|822|1|9,821,5,11,,,00005garden,,23,0,0
SHAM,0.0,00005garden|822|1|9,821,5,12,,,00005garden,,21,0,0
SHAM,0.0,00005garden|822|1|9,821,5,13,,,00005garden,,21,0,0
SHAM,0.0,00005garden|822|1|9,821,5,14,,,00005garden,,22,0,0
SHAM,0.0,00005garden|822|1|9,821,5,15,,,00005garden,,21,0,0
SHAM,0.0,00005garden|822|1|9,821,5,16,,,00005garden,,22,0,0
SHAM,0.0,00005garden|822|1|9,821,5,17,,,00005garden,,23,0,0
SHAM,0.0,00005garden|822|1|9,821,5,18,,,00005garden,,22,0,0
SHAM,0.0,00005garden|822|1|9,821,5,19,,,00005garden,,22,0,0
SHAM,0.0,00005garden|822|1|9,821,5,20,,,00005garden,,23,0,0
C2b-INJECTION,0.043478260869565216,00005garden|822|1|9,821,5,1,,,00005garden,,23,0,1
C2b-INJECTION,0.043478260869565216,00005garden|822|1|9,821,5,2,,,00005garden,,23,0,1
C2b-INJECTION,0.0,00005garden|822|1|9,821,5,3,,,00005garden,,23,0,0
C2b-INJECTION,0.0,00005garden|822|1|9,821,5,4,,,00005garden,,23,0,0
C2b-INJECTION,0.0,00005garden|822|1|9,821,5,5,,,00005garden,,23,0,0
C2b-INJECTION,0.0,00005garden|822|1|9,821,5,6,,,00005garden,,23,0,0
C2b-INJECTION,0.0,00005garden|822|1|9,821,5,7,,,00005garden,,23,0,0
C2b-INJECTION,0.0,00005garden|822|1|9,821,5,8,,,00005garden,,23,0,0
C2b-INJECTION,0.0,00005garden|822|1|9,821,5,9,,,00005garden,,23,0,0
C2b-INJECTION,0.0,00005garden|822|1|9,821,5,10,,,00005garden,,23,0,0
C2b-INJECTION,0.0,00005garden|822|1|9,821,5,11,,,00005garden,,23,0,0
C2b-INJECTION,0.0,00005garden|822|1|9,821,5,12,,,00005garden,,21,0,0
C2b-INJECTION,0.0,00005garden|822|1|9,821,5,13,,,00005garden,,21,0,0
C2b-INJECTION,0.0,00005garden|822|1|9,821,5,14,,,00005garden,,22,0,0
C2b-INJECTION,0.0,00005garden|822|1|9,821,5,15,,,00005garden,,21,0,0
C2b-INJECTION,0.0,00005garden|822|1|9,821,5,16,,,00005garden,,22,0,0
C2b-INJECTION,0.0,00005garden|822|1|9,821,5,17,,,00005garden,,23,0,0
C2b-INJECTION,0.0,00005garden|822|1|9,821,5,18,,,00005garden,,22,0,0
C2b-INJECTION,0.0,00005garden|822|1|9,821,5,19,,,00005garden,,22,0,0
C2b-INJECTION,0.0,00005garden|822|1|9,821,5,20,,,00005garden,,23,0,0
_META,,00005garden|822|1|9,821,5,0,omitted_for_runtime,omitted_for_runtime,00005garden,,,0,
SHAM,0.0,00005garden|824|1|16,823,23,1,,,00005garden,,23,0,0
SHAM,0.0,00005garden|824|1|16,823,23,2,,,00005garden,,23,0,0
SHAM,0.0,00005garden|824|1|16,823,23,3,,,00005garden,,23,0,0
SHAM,0.0,00005garden|824|1|16,823,23,4,,,00005garden,,23,0,0
SHAM,0.0,00005garden|824|1|16,823,23,5,,,00005garden,,23,0,0
SHAM,0.0,00005garden|824|1|16,823,23,6,,,00005garden,,23,0,0
SHAM,0.0,00005garden|824|1|16,823,23,7,,,00005garden,,23,0,0
SHAM,0.0,00005garden|824|1|16,823,23,8,,,00005garden,,23,0,0
SHAM,0.0,00005garden|824|1|16,823,23,9,,,00005garden,,23,0,0
SHAM,0.0,00005garden|824|1|16,823,23,10,,,00005garden,,21,0,0
SHAM,0.0,00005garden|824|1|16,823,23,11,,,00005garden,,21,0,0
SHAM,0.0,00005garden|824|1|16,823,23,12,,,00005garden,,22,0,0
SHAM,0.0,00005garden|824|1|16,823,23,13,,,00005garden,,21,0,0
SHAM,0.0,00005garden|824|1|16,823,23,14,,,00005garden,,22,0,0
SHAM,0.0,00005garden|824|1|16,823,23,15,,,00005garden,,23,0,0
SHAM,0.0,00005garden|824|1|16,823,23,16,,,00005garden,,22,0,0
SHAM,0.0,00005garden|824|1|16,823,23,17,,,00005garden,,22,0,0
SHAM,0.0,00005garden|824|1|16,823,23,18,,,00005garden,,23,0,0
SHAM,0.0,00005garden|824|1|16,823,23,19,,,00005garden,,22,0,0
SHAM,0.0,00005garden|824|1|16,823,23,20,,,00005garden,,23,0,0
C2b-INJECTION,0.0,00005garden|824|1|16,823,23,1,,,00005garden,,23,0,0
C2b-INJECTION,0.0,00005garden|824|1|16,823,23,2,,,00005garden,,23,0,0
C2b-INJECTION,0.0,00005garden|824|1|16,823,23,3,,,00005garden,,23,0,0
C2b-INJECTION,0.0,00005garden|824|1|16,823,23,4,,,00005garden,,23,0,0
C2b-INJECTION,0.0,00005garden|824|1|16,823,23,5,,,00005garden,,23,0,0
C2b-INJECTION,0.0,00005garden|824|1|16,823,23,6,,,00005garden,,23,0,0
C2b-INJECTION,0.0,00005garden|824|1|16,823,23,7,,,00005garden,,23,0,0
C2b-INJECTION,0.0,00005garden|824|1|16,823,23,8,,,00005garden,,23,0,0
C2b-INJECTION,0.0,00005garden|824|1|16,823,23,9,,,00005garden,,23,0,0
C2b-INJECTION,0.0,00005garden|824|1|16,823,23,10,,,00005garden,,22,0,0
C2b-INJECTION,0.0,00005garden|824|1|16,823,23,11,,,00005garden,,21,0,0
C2b-INJECTION,0.0,00005garden|824|1|16,823,23,12,,,00005garden,,22,0,0
C2b-INJECTION,0.0,00005garden|824|1|16,823,23,13,,,00005garden,,21,0,0
C2b-INJECTION,0.0,00005garden|824|1|16,823,23,14,,,00005garden,,22,0,0
C2b-INJECTION,0.0,00005garden|824|1|16,823,23,15,,,00005garden,,23,0,0
C2b-INJECTION,0.0,00005garden|824|1|16,823,23,16,,,00005garden,,22,0,0
C2b-INJECTION,0.0,00005garden|824|1|16,823,23,17,,,00005garden,,22,0,0
C2b-INJECTION,0.0,00005garden|824|1|16,823,23,18,,,00005garden,,23,0,0
C2b-INJECTION,0.0,00005garden|824|1|16,823,23,19,,,00005garden,,22,0,0
C2b-INJECTION,0.0,00005garden|824|1|16,823,23,20,,,00005garden,,23,0,0
_META,,00005garden|824|1|16,823,23,0,omitted_for_runtime,omitted_for_runtime,00005garden,,,0,
SHAM,0.0,00005garden|826|1|13,825,13,1,,,00005garden,,23,0,0
SHAM,0.0,00005garden|826|1|13,825,13,2,,,00005garden,,23,0,0
SHAM,0.0,00005garden|826|1|13,825,13,3,,,00005garden,,23,0,0
SHAM,0.0,00005garden|826|1|13,825,13,4,,,00005garden,,23,0,0
SHAM,0.0,00005garden|826|1|13,825,13,5,,,00005garden,,23,0,0
SHAM,0.0,00005garden|826|1|13,825,13,6,,,00005garden,,23,0,0
SHAM,0.0,00005garden|826|1|13,825,13,7,,,00005garden,,23,0,0
SHAM,0.0,00005garden|826|1|13,825,13,8,,,00005garden,,21,0,0
SHAM,0.0,00005garden|826|1|13,825,13,9,,,00005garden,,21,0,0
SHAM,0.0,00005garden|826|1|13,825,13,10,,,00005garden,,22,0,0
SHAM,0.0,00005garden|826|1|13,825,13,11,,,00005garden,,21,0,0
SHAM,0.0,00005garden|826|1|13,825,13,12,,,00005garden,,22,0,0
SHAM,0.0,00005garden|826|1|13,825,13,13,,,00005garden,,23,0,0
SHAM,0.0,00005garden|826|1|13,825,13,14,,,00005garden,,22,0,0
SHAM,0.0,00005garden|826|1|13,825,13,15,,,00005garden,,22,0,0
SHAM,0.0,00005garden|826|1|13,825,13,16,,,00005garden,,23,0,0
SHAM,0.0,00005garden|826|1|13,825,13,17,,,00005garden,,22,0,0
SHAM,0.0,00005garden|826|1|13,825,13,18,,,00005garden,,23,0,0
SHAM,0.0,00005garden|826|1|13,825,13,19,,,00005garden,,22,0,0
SHAM,0.0,00005garden|826|1|13,825,13,20,,,00005garden,,22,0,0
C2b-INJECTION,0.0,00005garden|826|1|13,825,13,1,,,00005garden,,23,0,0
C2b-INJECTION,0.0,00005garden|826|1|13,825,13,2,,,00005garden,,23,0,0
C2b-INJECTION,0.0,00005garden|826|1|13,825,13,3,,,00005garden,,23,0,0
C2b-INJECTION,0.0,00005garden|826|1|13,825,13,4,,,00005garden,,23,0,0
C2b-INJECTION,0.0,00005garden|826|1|13,825,13,5,,,00005garden,,23,0,0
C2b-INJECTION,0.0,00005garden|826|1|13,825,13,6,,,00005garden,,23,0,0
C2b-INJECTION,0.0,00005garden|826|1|13,825,13,7,,,00005garden,,23,0,0
C2b-INJECTION,0.0,00005garden|826|1|13,825,13,8,,,00005garden,,21,0,0
C2b-INJECTION,0.0,00005garden|826|1|13,825,13,9,,,00005garden,,21,0,0
C2b-INJECTION,0.0,00005garden|826|1|13,825,13,10,,,00005garden,,22,0,0
C2b-INJECTION,0.0,00005garden|826|1|13,825,13,11,,,00005garden,,21,0,0
C2b-INJECTION,0.0,00005garden|826|1|13,825,13,12,,,00005garden,,22,0,0
C2b-INJECTION,0.0,00005garden|826|1|13,825,13,13,,,00005garden,,23,0,0
C2b-INJECTION,0.0,00005garden|826|1|13,825,13,14,,,00005garden,,22,0,0
C2b-INJECTION,0.0,00005garden|826|1|13,825,13,15,,,00005garden,,22,0,0
C2b-INJECTION,0.0,00005garden|826|1|13,825,13,16,,,00005garden,,23,0,0
C2b-INJECTION,0.0,00005garden|826|1|13,825,13,17,,,00005garden,,22,0,0
C2b-INJECTION,0.0,00005garden|826|1|13,825,13,18,,,00005garden,,23,0,0
C2b-INJECTION,0.0,00005garden|826|1|13,825,13,19,,,00005garden,,22,0,0
C2b-INJECTION,0.0,00005garden|826|1|13,825,13,20,,,00005garden,,22,0,0
_META,,00005garden|826|1|13,825,13,0,omitted_for_runtime,omitted_for_runtime,00005garden,,,0,
SHAM,0.0,00005garden|836|1|8,835,19,1,,,00005garden,,21,0,0
SHAM,0.0,00005garden|836|1|8,835,19,2,,,00005garden,,22,0,0
SHAM,0.0,00005garden|836|1|8,835,19,3,,,00005garden,,23,0,0
SHAM,0.0,00005garden|836|1|8,835,19,4,,,00005garden,,22,0,0
SHAM,0.0,00005garden|836|1|8,835,19,5,,,00005garden,,22,0,0
SHAM,0.0,00005garden|836|1|8,835,19,6,,,00005garden,,23,0,0
SHAM,0.0,00005garden|836|1|8,835,19,7,,,00005garden,,22,0,0
SHAM,0.0,00005garden|836|1|8,835,19,8,,,00005garden,,23,0,0
SHAM,0.0,00005garden|836|1|8,835,19,9,,,00005garden,,22,0,0
SHAM,0.0,00005garden|836|1|8,835,19,10,,,00005garden,,22,0,0
SHAM,0.0,00005garden|836|1|8,835,19,11,,,00005garden,,22,0,0
SHAM,0.0,00005garden|836|1|8,835,19,12,,,00005garden,,23,0,0
SHAM,0.0,00005garden|836|1|8,835,19,13,,,00005garden,,22,0,0
SHAM,0.0,00005garden|836|1|8,835,19,14,,,00005garden,,22,0,0
SHAM,0.0,00005garden|836|1|8,835,19,15,,,00005garden,,21,0,0
SHAM,0.0,00005garden|836|1|8,835,19,16,,,00005garden,,22,0,0
SHAM,0.0,00005garden|836|1|8,835,19,17,,,00005garden,,22,0,0
SHAM,0.0,00005garden|836|1|8,835,19,18,,,00005garden,,22,0,0
SHAM,0.0,00005garden|836|1|8,835,19,19,,,00005garden,,20,0,0
SHAM,0.0,00005garden|836|1|8,835,19,20,,,00005garden,,21,0,0
C2b-INJECTION,0.0,00005garden|836|1|8,835,19,1,,,00005garden,,21,0,0
C2b-INJECTION,0.0,00005garden|836|1|8,835,19,2,,,00005garden,,22,0,0
C2b-INJECTION,0.0,00005garden|836|1|8,835,19,3,,,00005garden,,23,0,0
C2b-INJECTION,0.0,00005garden|836|1|8,835,19,4,,,00005garden,,22,0,0
C2b-INJECTION,0.0,00005garden|836|1|8,835,19,5,,,00005garden,,22,0,0
C2b-INJECTION,0.0,00005garden|836|1|8,835,19,6,,,00005garden,,23,0,0
C2b-INJECTION,0.0,00005garden|836|1|8,835,19,7,,,00005garden,,22,0,0
C2b-INJECTION,0.0,00005garden|836|1|8,835,19,8,,,00005garden,,23,0,0
C2b-INJECTION,0.0,00005garden|836|1|8,835,19,9,,,00005garden,,22,0,0
C2b-INJECTION,0.0,00005garden|836|1|8,835,19,10,,,00005garden,,22,0,0
C2b-INJECTION,0.0,00005garden|836|1|8,835,19,11,,,00005garden,,22,0,0
C2b-INJECTION,0.0,00005garden|836|1|8,835,19,12,,,00005garden,,23,0,0
C2b-INJECTION,0.0,00005garden|836|1|8,835,19,13,,,00005garden,,22,0,0
C2b-INJECTION,0.0,00005garden|836|1|8,835,19,14,,,00005garden,,22,0,0
C2b-INJECTION,0.0,00005garden|836|1|8,835,19,15,,,00005garden,,21,0,0
C2b-INJECTION,0.0,00005garden|836|1|8,835,19,16,,,00005garden,,22,0,0
C2b-INJECTION,0.0,00005garden|836|1|8,835,19,17,,,00005garden,,22,0,0
C2b-INJECTION,0.0,00005garden|836|1|8,835,19,18,,,00005garden,,22,0,0
C2b-INJECTION,0.0,00005garden|836|1|8,835,19,19,,,00005garden,,20,0,0
C2b-INJECTION,0.0,00005garden|836|1|8,835,19,20,,,00005garden,,21,0,0
_META,,00005garden|836|1|8,835,19,0,omitted_for_runtime,omitted_for_runtime,00005garden,,,0,
SHAM,0.0,00005garden|844|1|15,843,30,1,,,00005garden,,22,0,0
SHAM,0.0,00005garden|844|1|15,843,30,2,,,00005garden,,22,0,0
SHAM,0.0,00005garden|844|1|15,843,30,3,,,00005garden,,22,0,0
SHAM,0.0,00005garden|844|1|15,843,30,4,,,00005garden,,23,0,0
SHAM,0.0,00005garden|844|1|15,843,30,5,,,00005garden,,22,0,0
SHAM,0.0,00005garden|844|1|15,843,30,6,,,00005garden,,22,0,0
SHAM,0.0,00005garden|844|1|15,843,30,7,,,00005garden,,21,0,0
SHAM,0.0,00005garden|844|1|15,843,30,8,,,00005garden,,22,0,0
SHAM,0.0,00005garden|844|1|15,843,30,9,,,00005garden,,22,0,0
SHAM,0.0,00005garden|844|1|15,843,30,10,,,00005garden,,22,0,0
SHAM,0.0,00005garden|844|1|15,843,30,11,,,00005garden,,20,0,0
SHAM,0.0,00005garden|844|1|15,843,30,12,,,00005garden,,21,0,0
SHAM,0.0,00005garden|844|1|15,843,30,13,,,00005garden,,20,0,0
SHAM,0.0,00005garden|844|1|15,843,30,14,,,00005garden,,20,0,0
SHAM,0.0,00005garden|844|1|15,843,30,15,,,00005garden,,18,0,0
SHAM,0.0,00005garden|844|1|15,843,30,16,,,00005garden,,19,0,0
SHAM,0.0,00005garden|844|1|15,843,30,17,,,00005garden,,19,0,0
SHAM,0.0,00005garden|844|1|15,843,30,18,,,00005garden,,20,0,0
SHAM,0.0,00005garden|844|1|15,843,30,19,,,00005garden,,20,0,0
SHAM,0.0,00005garden|844|1|15,843,30,20,,,00005garden,,20,0,0
C2b-INJECTION,0.0,00005garden|844|1|15,843,30,1,,,00005garden,,22,0,0
C2b-INJECTION,0.0,00005garden|844|1|15,843,30,2,,,00005garden,,22,0,0
C2b-INJECTION,0.0,00005garden|844|1|15,843,30,3,,,00005garden,,22,0,0
C2b-INJECTION,0.0,00005garden|844|1|15,843,30,4,,,00005garden,,23,0,0
C2b-INJECTION,0.0,00005garden|844|1|15,843,30,5,,,00005garden,,22,0,0
C2b-INJECTION,0.0,00005garden|844|1|15,843,30,6,,,00005garden,,22,0,0
C2b-INJECTION,0.0,00005garden|844|1|15,843,30,7,,,00005garden,,21,0,0
C2b-INJECTION,0.0,00005garden|844|1|15,843,30,8,,,00005garden,,22,0,0
C2b-INJECTION,0.0,00005garden|844|1|15,843,30,9,,,00005garden,,22,0,0
C2b-INJECTION,0.0,00005garden|844|1|15,843,30,10,,,00005garden,,22,0,0
C2b-INJECTION,0.0,00005garden|844|1|15,843,30,11,,,00005garden,,20,0,0
C2b-INJECTION,0.0,00005garden|844|1|15,843,30,12,,,00005garden,,21,0,0
C2b-INJECTION,0.0,00005garden|844|1|15,843,30,13,,,00005garden,,20,0,0
C2b-INJECTION,0.0,00005garden|844|1|15,843,30,14,,,00005garden,,20,0,0
C2b-INJECTION,0.0,00005garden|844|1|15,843,30,15,,,00005garden,,18,0,0
C2b-INJECTION,0.0,00005garden|844|1|15,843,30,16,,,00005garden,,19,0,0
C2b-INJECTION,0.0,00005garden|844|1|15,843,30,17,,,00005garden,,19,0,0
C2b-INJECTION,0.0,00005garden|844|1|15,843,30,18,,,00005garden,,20,0,0
C2b-INJECTION,0.0,00005garden|844|1|15,843,30,19,,,00005garden,,20,0,0
C2b-INJECTION,0.0,00005garden|844|1|15,843,30,20,,,00005garden,,20,0,0
_META,,00005garden|844|1|15,843,30,0,omitted_for_runtime,omitted_for_runtime,00005garden,,,0,
SHAM,0.0,00005garden|863|1|0,862,2,1,,,00005garden,,20,0,0
SHAM,0.0,00005garden|863|1|0,862,2,2,,,00005garden,,22,0,0
SHAM,0.0,00005garden|863|1|0,862,2,3,,,00005garden,,21,0,0
SHAM,0.0,00005garden|863|1|0,862,2,4,,,00005garden,,22,0,0
SHAM,0.0,00005garden|863|1|0,862,2,5,,,00005garden,,23,0,0
SHAM,0.0,00005garden|863|1|0,862,2,6,,,00005garden,,22,0,0
SHAM,0.0,00005garden|863|1|0,862,2,7,,,00005garden,,22,0,0
SHAM,0.0,00005garden|863|1|0,862,2,8,,,00005garden,,21,0,0
SHAM,0.0,00005garden|863|1|0,862,2,9,,,00005garden,,23,0,0
SHAM,0.0,00005garden|863|1|0,862,2,10,,,00005garden,,22,0,0
SHAM,0.0,00005garden|863|1|0,862,2,11,,,00005garden,,23,0,0
SHAM,0.0,00005garden|863|1|0,862,2,12,,,00005garden,,22,0,0
SHAM,0.0,00005garden|863|1|0,862,2,13,,,00005garden,,21,0,0
SHAM,0.0,00005garden|863|1|0,862,2,14,,,00005garden,,22,0,0
SHAM,0.0,00005garden|863|1|0,862,2,15,,,00005garden,,22,0,0
SHAM,0.0,00005garden|863|1|0,862,2,16,,,00005garden,,22,0,0
SHAM,0.0,00005garden|863|1|0,862,2,17,,,00005garden,,23,0,0
SHAM,0.0,00005garden|863|1|0,862,2,18,,,00005garden,,23,0,0
SHAM,0.0,00005garden|863|1|0,862,2,19,,,00005garden,,23,0,0
SHAM,0.0,00005garden|863|1|0,862,2,20,,,00005garden,,23,0,0
C2b-INJECTION,,00005garden|863|1|0,862,2,1,,,00005garden,current_target_occupied,0,0,0
C2b-INJECTION,,00005garden|863|1|0,862,2,2,,,00005garden,current_target_occupied,0,0,0
C2b-INJECTION,,00005garden|863|1|0,862,2,3,,,00005garden,current_target_occupied,0,0,0
C2b-INJECTION,,00005garden|863|1|0,862,2,4,,,00005garden,current_target_occupied,0,0,0
C2b-INJECTION,,00005garden|863|1|0,862,2,5,,,00005garden,current_target_occupied,0,0,0
C2b-INJECTION,,00005garden|863|1|0,862,2,6,,,00005garden,current_target_occupied,0,0,0
C2b-INJECTION,,00005garden|863|1|0,862,2,7,,,00005garden,current_target_occupied,0,0,0
C2b-INJECTION,,00005garden|863|1|0,862,2,8,,,00005garden,current_target_occupied,0,0,0
C2b-INJECTION,,00005garden|863|1|0,862,2,9,,,00005garden,current_target_occupied,0,0,0
C2b-INJECTION,,00005garden|863|1|0,862,2,10,,,00005garden,current_target_occupied,0,0,0
C2b-INJECTION,,00005garden|863|1|0,862,2,11,,,00005garden,current_target_occupied,0,0,0
C2b-INJECTION,,00005garden|863|1|0,862,2,12,,,00005garden,current_target_occupied,0,0,0
C2b-INJECTION,,00005garden|863|1|0,862,2,13,,,00005garden,current_target_occupied,0,0,0
C2b-INJECTION,,00005garden|863|1|0,862,2,14,,,00005garden,current_target_occupied,0,0,0
C2b-INJECTION,,00005garden|863|1|0,862,2,15,,,00005garden,current_target_occupied,0,0,0
C2b-INJECTION,,00005garden|863|1|0,862,2,16,,,00005garden,current_target_occupied,0,0,0
C2b-INJECTION,,00005garden|863|1|0,862,2,17,,,00005garden,current_target_occupied,0,0,0
C2b-INJECTION,,00005garden|863|1|0,862,2,18,,,00005garden,current_target_occupied,0,0,0
C2b-INJECTION,,00005garden|863|1|0,862,2,19,,,00005garden,current_target_occupied,0,0,0
C2b-INJECTION,,00005garden|863|1|0,862,2,20,,,00005garden,current_target_occupied,0,0,0
_META,,00005garden|863|1|0,862,2,0,omitted_for_runtime,omitted_for_runtime,00005garden,,,0,
SHAM,0.0,00005garden|865|1|1,864,3,1,,,00005garden,,21,0,0
SHAM,0.0,00005garden|865|1|1,864,3,2,,,00005garden,,22,0,0
SHAM,0.0,00005garden|865|1|1,864,3,3,,,00005garden,,23,0,0
SHAM,0.0,00005garden|865|1|1,864,3,4,,,00005garden,,22,0,0
SHAM,0.0,00005garden|865|1|1,864,3,5,,,00005garden,,22,0,0
SHAM,0.0,00005garden|865|1|1,864,3,6,,,00005garden,,21,0,0
SHAM,0.0,00005garden|865|1|1,864,3,7,,,00005garden,,23,0,0
SHAM,0.0,00005garden|865|1|1,864,3,8,,,00005garden,,22,0,0
SHAM,0.0,00005garden|865|1|1,864,3,9,,,00005garden,,23,0,0
SHAM,0.0,00005garden|865|1|1,864,3,10,,,00005garden,,22,0,0
SHAM,0.0,00005garden|865|1|1,864,3,11,,,00005garden,,21,0,0
SHAM,0.0,00005garden|865|1|1,864,3,12,,,00005garden,,22,0,0
SHAM,0.0,00005garden|865|1|1,864,3,13,,,00005garden,,22,0,0
SHAM,0.0,00005garden|865|1|1,864,3,14,,,00005garden,,22,0,0
SHAM,0.0,00005garden|865|1|1,864,3,15,,,00005garden,,23,0,0
SHAM,0.0,00005garden|865|1|1,864,3,16,,,00005garden,,23,0,0
SHAM,0.0,00005garden|865|1|1,864,3,17,,,00005garden,,23,0,0
SHAM,0.0,00005garden|865|1|1,864,3,18,,,00005garden,,23,0,0
SHAM,0.0,00005garden|865|1|1,864,3,19,,,00005garden,,23,0,0
SHAM,0.0,00005garden|865|1|1,864,3,20,,,00005garden,,23,0,0
C2b-INJECTION,,00005garden|865|1|1,864,3,1,,,00005garden,current_target_occupied,0,0,0
C2b-INJECTION,,00005garden|865|1|1,864,3,2,,,00005garden,current_target_occupied,0,0,0
C2b-INJECTION,,00005garden|865|1|1,864,3,3,,,00005garden,current_target_occupied,0,0,0
C2b-INJECTION,,00005garden|865|1|1,864,3,4,,,00005garden,current_target_occupied,0,0,0
C2b-INJECTION,,00005garden|865|1|1,864,3,5,,,00005garden,current_target_occupied,0,0,0
C2b-INJECTION,,00005garden|865|1|1,864,3,6,,,00005garden,current_target_occupied,0,0,0
C2b-INJECTION,,00005garden|865|1|1,864,3,7,,,00005garden,current_target_occupied,0,0,0
C2b-INJECTION,,00005garden|865|1|1,864,3,8,,,00005garden,current_target_occupied,0,0,0
C2b-INJECTION,,00005garden|865|1|1,864,3,9,,,00005garden,current_target_occupied,0,0,0
C2b-INJECTION,,00005garden|865|1|1,864,3,10,,,00005garden,current_target_occupied,0,0,0
C2b-INJECTION,,00005garden|865|1|1,864,3,11,,,00005garden,current_target_occupied,0,0,0
C2b-INJECTION,,00005garden|865|1|1,864,3,12,,,00005garden,current_target_occupied,0,0,0
C2b-INJECTION,,00005garden|865|1|1,864,3,13,,,00005garden,current_target_occupied,0,0,0
C2b-INJECTION,,00005garden|865|1|1,864,3,14,,,00005garden,current_target_occupied,0,0,0
C2b-INJECTION,,00005garden|865|1|1,864,3,15,,,00005garden,current_target_occupied,0,0,0
C2b-INJECTION,,00005garden|865|1|1,864,3,16,,,00005garden,current_target_occupied,0,0,0
C2b-INJECTION,,00005garden|865|1|1,864,3,17,,,00005garden,current_target_occupied,0,0,0
C2b-INJECTION,,00005garden|865|1|1,864,3,18,,,00005garden,current_target_occupied,0,0,0
C2b-INJECTION,,00005garden|865|1|1,864,3,19,,,00005garden,current_target_occupied,0,0,0
C2b-INJECTION,,00005garden|865|1|1,864,3,20,,,00005garden,current_target_occupied,0,0,0
_META,,00005garden|865|1|1,864,3,0,omitted_for_runtime,omitted_for_runtime,00005garden,,,0,
SHAM,0.0,00005garden|877|1|16,876,19,1,,,00005garden,,22,0,0
SHAM,0.0,00005garden|877|1|16,876,19,2,,,00005garden,,22,0,0
SHAM,0.0,00005garden|877|1|16,876,19,3,,,00005garden,,23,0,0
SHAM,0.0,00005garden|877|1|16,876,19,4,,,00005garden,,23,0,0
SHAM,0.0,00005garden|877|1|16,876,19,5,,,00005garden,,23,0,0
SHAM,0.0,00005garden|877|1|16,876,19,6,,,00005garden,,23,0,0
SHAM,0.0,00005garden|877|1|16,876,19,7,,,00005garden,,23,0,0
SHAM,0.0,00005garden|877|1|16,876,19,8,,,00005garden,,23,0,0
SHAM,0.0,00005garden|877|1|16,876,19,9,,,00005garden,,21,0,0
SHAM,0.0,00005garden|877|1|16,876,19,10,,,00005garden,,20,0,0
SHAM,0.0,00005garden|877|1|16,876,19,11,,,00005garden,,21,0,0
SHAM,0.0,00005garden|877|1|16,876,19,12,,,00005garden,,21,0,0
SHAM,0.0,00005garden|877|1|16,876,19,13,,,00005garden,,20,0,0
SHAM,0.0,00005garden|877|1|16,876,19,14,,,00005garden,,21,0,0
SHAM,0.0,00005garden|877|1|16,876,19,15,,,00005garden,,20,0,0
SHAM,0.0,00005garden|877|1|16,876,19,16,,,00005garden,,20,0,0
SHAM,0.0,00005garden|877|1|16,876,19,17,,,00005garden,,21,0,0
SHAM,0.047619047619047616,00005garden|877|1|16,876,19,18,,,00005garden,,21,0,1
SHAM,0.045454545454545456,00005garden|877|1|16,876,19,19,,,00005garden,,22,0,1
SHAM,0.045454545454545456,00005garden|877|1|16,876,19,20,,,00005garden,,22,0,1
C2b-INJECTION,,00005garden|877|1|16,876,19,1,,,00005garden,current_target_occupied,0,0,0
C2b-INJECTION,,00005garden|877|1|16,876,19,2,,,00005garden,current_target_occupied,0,0,0
C2b-INJECTION,,00005garden|877|1|16,876,19,3,,,00005garden,current_target_occupied,0,0,0
C2b-INJECTION,,00005garden|877|1|16,876,19,4,,,00005garden,current_target_occupied,0,0,0
C2b-INJECTION,,00005garden|877|1|16,876,19,5,,,00005garden,current_target_occupied,0,0,0
C2b-INJECTION,,00005garden|877|1|16,876,19,6,,,00005garden,current_target_occupied,0,0,0
C2b-INJECTION,,00005garden|877|1|16,876,19,7,,,00005garden,current_target_occupied,0,0,0
C2b-INJECTION,,00005garden|877|1|16,876,19,8,,,00005garden,current_target_occupied,0,0,0
C2b-INJECTION,,00005garden|877|1|16,876,19,9,,,00005garden,current_target_occupied,0,0,0
C2b-INJECTION,,00005garden|877|1|16,876,19,10,,,00005garden,current_target_occupied,0,0,0
C2b-INJECTION,,00005garden|877|1|16,876,19,11,,,00005garden,current_target_occupied,0,0,0
C2b-INJECTION,,00005garden|877|1|16,876,19,12,,,00005garden,current_target_occupied,0,0,0
C2b-INJECTION,,00005garden|877|1|16,876,19,13,,,00005garden,current_target_occupied,0,0,0
C2b-INJECTION,,00005garden|877|1|16,876,19,14,,,00005garden,current_target_occupied,0,0,0
C2b-INJECTION,,00005garden|877|1|16,876,19,15,,,00005garden,current_target_occupied,0,0,0
C2b-INJECTION,,00005garden|877|1|16,876,19,16,,,00005garden,current_target_occupied,0,0,0
C2b-INJECTION,,00005garden|877|1|16,876,19,17,,,00005garden,current_target_occupied,0,0,0
C2b-INJECTION,,00005garden|877|1|16,876,19,18,,,00005garden,current_target_occupied,0,0,0
C2b-INJECTION,,00005garden|877|1|16,876,19,19,,,00005garden,current_target_occupied,0,0,0
C2b-INJECTION,,00005garden|877|1|16,876,19,20,,,00005garden,current_target_occupied,0,0,0
_META,,00005garden|877|1|16,876,19,0,omitted_for_runtime,omitted_for_runtime,00005garden,,,0,
SHAM,0.0,00005garden|880|1|6,879,6,1,,,00005garden,,23,0,0
SHAM,0.0,00005garden|880|1|6,879,6,2,,,00005garden,,23,0,0
SHAM,0.0,00005garden|880|1|6,879,6,3,,,00005garden,,23,0,0
SHAM,0.0,00005garden|880|1|6,879,6,4,,,00005garden,,23,0,0
SHAM,0.0,00005garden|880|1|6,879,6,5,,,00005garden,,23,0,0
SHAM,0.0,00005garden|880|1|6,879,6,6,,,00005garden,,21,0,0
SHAM,0.0,00005garden|880|1|6,879,6,7,,,00005garden,,20,0,0
SHAM,0.0,00005garden|880|1|6,879,6,8,,,00005garden,,21,0,0
SHAM,0.0,00005garden|880|1|6,879,6,9,,,00005garden,,21,0,0
SHAM,0.0,00005garden|880|1|6,879,6,10,,,00005garden,,20,0,0
SHAM,0.0,00005garden|880|1|6,879,6,11,,,00005garden,,21,0,0
SHAM,0.0,00005garden|880|1|6,879,6,12,,,00005garden,,20,0,0
SHAM,0.0,00005garden|880|1|6,879,6,13,,,00005garden,,20,0,0
SHAM,0.0,00005garden|880|1|6,879,6,14,,,00005garden,,21,0,0
SHAM,0.047619047619047616,00005garden|880|1|6,879,6,15,,,00005garden,,21,0,1
SHAM,0.045454545454545456,00005garden|880|1|6,879,6,16,,,00005garden,,22,0,1
SHAM,0.045454545454545456,00005garden|880|1|6,879,6,17,,,00005garden,,22,0,1
SHAM,0.045454545454545456,00005garden|880|1|6,879,6,18,,,00005garden,,22,0,1
SHAM,0.045454545454545456,00005garden|880|1|6,879,6,19,,,00005garden,,22,0,1
SHAM,0.045454545454545456,00005garden|880|1|6,879,6,20,,,00005garden,,22,0,1
C2b-INJECTION,0.0,00005garden|880|1|6,879,6,1,,,00005garden,,23,0,0
C2b-INJECTION,0.0,00005garden|880|1|6,879,6,2,,,00005garden,,23,0,0
C2b-INJECTION,0.0,00005garden|880|1|6,879,6,3,,,00005garden,,23,0,0
C2b-INJECTION,0.0,00005garden|880|1|6,879,6,4,,,00005garden,,23,0,0
C2b-INJECTION,0.0,00005garden|880|1|6,879,6,5,,,00005garden,,23,0,0
C2b-INJECTION,0.0,00005garden|880|1|6,879,6,6,,,00005garden,,21,0,0
C2b-INJECTION,0.0,00005garden|880|1|6,879,6,7,,,00005garden,,20,0,0
C2b-INJECTION,0.0,00005garden|880|1|6,879,6,8,,,00005garden,,21,0,0
C2b-INJECTION,0.0,00005garden|880|1|6,879,6,9,,,00005garden,,21,0,0
C2b-INJECTION,0.0,00005garden|880|1|6,879,6,10,,,00005garden,,20,0,0
C2b-INJECTION,0.0,00005garden|880|1|6,879,6,11,,,00005garden,,21,0,0
C2b-INJECTION,0.0,00005garden|880|1|6,879,6,12,,,00005garden,,20,0,0
C2b-INJECTION,0.0,00005garden|880|1|6,879,6,13,,,00005garden,,20,0,0
C2b-INJECTION,0.0,00005garden|880|1|6,879,6,14,,,00005garden,,21,0,0
C2b-INJECTION,0.047619047619047616,00005garden|880|1|6,879,6,15,,,00005garden,,21,0,1
C2b-INJECTION,0.045454545454545456,00005garden|880|1|6,879,6,16,,,00005garden,,22,0,1
C2b-INJECTION,0.045454545454545456,00005garden|880|1|6,879,6,17,,,00005garden,,22,0,1
C2b-INJECTION,0.045454545454545456,00005garden|880|1|6,879,6,18,,,00005garden,,22,0,1
C2b-INJECTION,0.045454545454545456,00005garden|880|1|6,879,6,19,,,00005garden,,22,0,1
C2b-INJECTION,0.045454545454545456,00005garden|880|1|6,879,6,20,,,00005garden,,22,0,1
_META,,00005garden|880|1|6,879,6,0,omitted_for_runtime,omitted_for_runtime,00005garden,,,0,
SHAM,0.0,00005garden|888|1|20,887,22,1,,,00005garden,,21,0,0
SHAM,0.0,00005garden|888|1|20,887,22,2,,,00005garden,,20,0,0
SHAM,0.0,00005garden|888|1|20,887,22,3,,,00005garden,,21,0,0
SHAM,0.0,00005garden|888|1|20,887,22,4,,,00005garden,,20,0,0
SHAM,0.0,00005garden|888|1|20,887,22,5,,,00005garden,,20,0,0
SHAM,0.0,00005garden|888|1|20,887,22,6,,,00005garden,,21,0,0
SHAM,0.047619047619047616,00005garden|888|1|20,887,22,7,,,00005garden,,21,0,1
SHAM,0.045454545454545456,00005garden|888|1|20,887,22,8,,,00005garden,,22,0,1
SHAM,0.045454545454545456,00005garden|888|1|20,887,22,9,,,00005garden,,22,0,1
SHAM,0.045454545454545456,00005garden|888|1|20,887,22,10,,,00005garden,,22,0,1
SHAM,0.045454545454545456,00005garden|888|1|20,887,22,11,,,00005garden,,22,0,1
SHAM,0.045454545454545456,00005garden|888|1|20,887,22,12,,,00005garden,,22,0,1
SHAM,,00005garden|888|1|20,887,22,13,,,00005garden,scene_end,0,0,0
SHAM,,00005garden|888|1|20,887,22,14,,,00005garden,scene_end,0,0,0
SHAM,,00005garden|888|1|20,887,22,15,,,00005garden,scene_end,0,0,0
SHAM,,00005garden|888|1|20,887,22,16,,,00005garden,scene_end,0,0,0
SHAM,,00005garden|888|1|20,887,22,17,,,00005garden,scene_end,0,0,0
SHAM,,00005garden|888|1|20,887,22,18,,,00005garden,scene_end,0,0,0
SHAM,,00005garden|888|1|20,887,22,19,,,00005garden,scene_end,0,0,0
SHAM,,00005garden|888|1|20,887,22,20,,,00005garden,scene_end,0,0,0
C2b-INJECTION,0.0,00005garden|888|1|20,887,22,1,,,00005garden,,21,0,0
C2b-INJECTION,0.0,00005garden|888|1|20,887,22,2,,,00005garden,,20,0,0
C2b-INJECTION,0.0,00005garden|888|1|20,887,22,3,,,00005garden,,21,0,0
C2b-INJECTION,0.0,00005garden|888|1|20,887,22,4,,,00005garden,,20,0,0
C2b-INJECTION,0.0,00005garden|888|1|20,887,22,5,,,00005garden,,20,0,0
C2b-INJECTION,0.0,00005garden|888|1|20,887,22,6,,,00005garden,,21,0,0
C2b-INJECTION,0.047619047619047616,00005garden|888|1|20,887,22,7,,,00005garden,,21,0,1
C2b-INJECTION,0.045454545454545456,00005garden|888|1|20,887,22,8,,,00005garden,,22,0,1
C2b-INJECTION,0.045454545454545456,00005garden|888|1|20,887,22,9,,,00005garden,,22,0,1
C2b-INJECTION,0.045454545454545456,00005garden|888|1|20,887,22,10,,,00005garden,,22,0,1
C2b-INJECTION,0.045454545454545456,00005garden|888|1|20,887,22,11,,,00005garden,,22,0,1
C2b-INJECTION,0.045454545454545456,00005garden|888|1|20,887,22,12,,,00005garden,,22,0,1
C2b-INJECTION,,00005garden|888|1|20,887,22,13,,,00005garden,scene_end,0,0,0
C2b-INJECTION,,00005garden|888|1|20,887,22,14,,,00005garden,scene_end,0,0,0
C2b-INJECTION,,00005garden|888|1|20,887,22,15,,,00005garden,scene_end,0,0,0
C2b-INJECTION,,00005garden|888|1|20,887,22,16,,,00005garden,scene_end,0,0,0
C2b-INJECTION,,00005garden|888|1|20,887,22,17,,,00005garden,scene_end,0,0,0
C2b-INJECTION,,00005garden|888|1|20,887,22,18,,,00005garden,scene_end,0,0,0
C2b-INJECTION,,00005garden|888|1|20,887,22,19,,,00005garden,scene_end,0,0,0
C2b-INJECTION,,00005garden|888|1|20,887,22,20,,,00005garden,scene_end,0,0,0
_META,,00005garden|888|1|20,887,22,0,omitted_for_runtime,omitted_for_runtime,00005garden,,,0,
