condition,error_rate,event_key,frame,gt_id,horizon,p_correct,p_wrong,post_snapshot_digest,pre_snapshot_digest,repair_assertions,repair_current_track_id,repair_executable,repair_moved_count,repair_skip_reason,scene,target_correct_count,target_correct_rate,target_cross_view_consistency,target_cross_view_correct_id,target_cross_view_n_views,target_cross_view_same_id,target_error_rate,target_fragment_rate,target_n_visible_matched,target_not_observable,target_other_id_count,target_skip_reason,target_track_ids_json,target_view_track_ids_json,target_wrong_id_count,target_wrong_id_rate,total,view,wrong
SHAM,0.08333333333333333,00001garden|2|2|3,1,2,1,8,2,,,{},2,True,0,,00001garden,1,0.5,0.0,False,2,False,0.5,0.0,2,False,0,,"[8, 2]","{""0"": 8, ""1"": 2}",1,0.5,12,1,1
SHAM,0.08333333333333333,00001garden|2|2|3,1,2,2,8,2,,,{},2,True,0,,00001garden,1,0.5,0.0,False,2,False,0.5,0.0,2,False,0,,"[8, 2]","{""0"": 8, ""1"": 2}",1,0.5,12,1,1
SHAM,0.08333333333333333,00001garden|2|2|3,1,2,3,8,2,,,{},2,True,0,,00001garden,1,0.5,0.0,False,2,False,0.5,0.0,2,False,0,,"[8, 2]","{""0"": 8, ""1"": 2}",1,0.5,12,1,1
SHAM,0.08333333333333333,00001garden|2|2|3,1,2,4,8,2,,,{},2,True,0,,00001garden,1,0.5,0.0,False,2,False,0.5,0.0,2,False,0,,"[8, 2]","{""0"": 8, ""1"": 2}",1,0.5,12,1,1
SHAM,0.08333333333333333,00001garden|2|2|3,1,2,5,8,2,,,{},2,True,0,,00001garden,1,0.5,0.0,False,2,False,0.5,0.0,2,False,0,,"[8, 2]","{""0"": 8, ""1"": 2}",1,0.5,12,1,1
SHAM,0.08333333333333333,00001garden|2|2|3,1,2,6,8,2,,,{},2,True,0,,00001garden,1,0.5,0.0,False,2,False,0.5,0.0,2,False,0,,"[8, 2]","{""0"": 8, ""1"": 2}",1,0.5,12,1,1
SHAM,0.08333333333333333,00001garden|2|2|3,1,2,7,8,2,,,{},2,True,0,,00001garden,1,0.5,0.0,False,2,False,0.5,0.0,2,False,0,,"[8, 2]","{""0"": 8, ""1"": 2}",1,0.5,12,1,1
SHAM,0.08333333333333333,00001garden|2|2|3,1,2,8,8,2,,,{},2,True,0,,00001garden,1,0.5,0.0,False,2,False,0.5,0.0,2,False,0,,"[8, 2]","{""0"": 8, ""1"": 2}",1,0.5,12,1,1
SHAM,0.08333333333333333,00001garden|2|2|3,1,2,9,8,2,,,{},2,True,0,,00001garden,1,0.5,0.0,False,2,False,0.5,0.0,2,False,0,,"[8, 2]","{""0"": 8, ""1"": 2}",1,0.5,12,1,1
SHAM,0.08333333333333333,00001garden|2|2|3,1,2,10,8,2,,,{},2,True,0,,00001garden,1,0.5,0.0,False,2,False,0.5,0.0,2,False,0,,"[8, 2]","{""0"": 8, ""1"": 2}",1,0.5,12,1,1
SHAM,0.07142857142857142,00001garden|2|2|3,1,2,11,8,2,,,{},2,True,0,,00001garden,1,0.5,0.0,False,2,False,0.5,0.0,2,False,0,,"[8, 2]","{""0"": 8, ""1"": 2}",1,0.5,14,1,1
SHAM,0.06666666666666667,00001garden|2|2|3,1,2,12,8,2,,,{},2,True,0,,00001garden,1,0.5,0.0,False,2,False,0.5,0.0,2,False,0,,"[8, 2]","{""0"": 8, ""1"": 2}",1,0.5,15,1,1
SHAM,0.07142857142857142,00001garden|2|2|3,1,2,13,8,2,,,{},2,True,0,,00001garden,1,0.5,0.0,False,2,False,0.5,0.0,2,False,0,,"[8, 2]","{""0"": 8, ""1"": 2}",1,0.5,14,1,1
SHAM,0.06666666666666667,00001garden|2|2|3,1,2,14,8,2,,,{},2,True,0,,00001garden,1,0.5,0.0,False,2,False,0.5,0.0,2,False,0,,"[8, 2]","{""0"": 8, ""1"": 2}",1,0.5,15,1,1
SHAM,0.07692307692307693,00001garden|2|2|3,1,2,15,8,2,,,{},2,True,0,,00001garden,1,0.5,0.0,False,2,False,0.5,0.0,2,False,0,,"[8, 2]","{""0"": 8, ""1"": 2}",1,0.5,13,1,1
SHAM,0.07142857142857142,00001garden|2|2|3,1,2,16,8,2,,,{},2,True,0,,00001garden,1,0.5,0.0,False,2,False,0.5,0.0,2,False,0,,"[8, 2]","{""0"": 8, ""1"": 2}",1,0.5,14,1,1
SHAM,0.07142857142857142,00001garden|2|2|3,1,2,17,8,2,,,{},2,True,0,,00001garden,1,0.5,0.0,False,2,False,0.5,0.0,2,False,0,,"[8, 2]","{""0"": 8, ""1"": 2}",1,0.5,14,1,1
SHAM,0.07142857142857142,00001garden|2|2|3,1,2,18,8,2,,,{},2,True,0,,00001garden,1,0.5,0.0,False,2,False,0.5,0.0,2,False,0,,"[8, 2]","{""0"": 8, ""1"": 2}",1,0.5,14,1,1
SHAM,0.08333333333333333,00001garden|2|2|3,1,2,19,8,2,,,{},2,True,0,,00001garden,1,0.5,0.0,False,2,False,0.5,0.0,2,False,0,,"[8, 2]","{""0"": 8, ""1"": 2}",1,0.5,12,1,1
SHAM,0.07692307692307693,00001garden|2|2|3,1,2,20,8,2,,,{},2,True,0,,00001garden,1,0.5,0.0,False,2,False,0.5,0.0,2,False,0,,"[8, 2]","{""0"": 8, ""1"": 2}",1,0.5,13,1,1
C1c-FULL-STATE-REPAIR,0.0,00001garden|2|2|3,1,2,1,8,2,,,"{""frame_view_failures"": [], ""frame_view_unique"": true, ""id_count_vs_id_reid"": {""2"": {""equal"": true, ""id_count_dict"": 2, ""id_reid_dict_len"": 2}, ""8"": {""equal"": true, ""id_count_dict"": 3, ""id_reid_dict_len"": 3}}, ""internal_history_counts"": {""2"": 1, ""8"": 2}, ""old_reids"": {""ids"": [], ""status"": ""not_present""}, ""public_history_unchanged"": true, ""state_after"": {""id_count_dict"": {""2"": 2, ""8"": 3}, ""id_reid_dict_len"": {""2"": 2, ""8"": 3}, ""old_reids_ids"": [], ""poss_ids"": []}, ""state_before"": {""id_count_dict"": {""2"": 3, ""8"": 2}, ""id_reid_dict_len"": {""2"": 3, ""8"": 2}, ""old_reids_ids"": [], ""poss_ids"": []}}",8,True,1,,00001garden,2,1.0,1.0,True,2,True,0.0,0.0,2,False,0,,"[8, 8]","{""0"": 8, ""1"": 8}",0,0.0,12,1,0
C1c-FULL-STATE-REPAIR,0.0,00001garden|2|2|3,1,2,2,8,2,,,"{""frame_view_failures"": [], ""frame_view_unique"": true, ""id_count_vs_id_reid"": {""2"": {""equal"": true, ""id_count_dict"": 2, ""id_reid_dict_len"": 2}, ""8"": {""equal"": true, ""id_count_dict"": 3, ""id_reid_dict_len"": 3}}, ""internal_history_counts"": {""2"": 1, ""8"": 2}, ""old_reids"": {""ids"": [], ""status"": ""not_present""}, ""public_history_unchanged"": true, ""state_after"": {""id_count_dict"": {""2"": 2, ""8"": 3}, ""id_reid_dict_len"": {""2"": 2, ""8"": 3}, ""old_reids_ids"": [], ""poss_ids"": []}, ""state_before"": {""id_count_dict"": {""2"": 3, ""8"": 2}, ""id_reid_dict_len"": {""2"": 3, ""8"": 2}, ""old_reids_ids"": [], ""poss_ids"": []}}",8,True,1,,00001garden,2,1.0,1.0,True,2,True,0.0,0.0,2,False,0,,"[8, 8]","{""0"": 8, ""1"": 8}",0,0.0,12,1,0
C1c-FULL-STATE-REPAIR,0.0,00001garden|2|2|3,1,2,3,8,2,,,"{""frame_view_failures"": [], ""frame_view_unique"": true, ""id_count_vs_id_reid"": {""2"": {""equal"": true, ""id_count_dict"": 2, ""id_reid_dict_len"": 2}, ""8"": {""equal"": true, ""id_count_dict"": 3, ""id_reid_dict_len"": 3}}, ""internal_history_counts"": {""2"": 1, ""8"": 2}, ""old_reids"": {""ids"": [], ""status"": ""not_present""}, ""public_history_unchanged"": true, ""state_after"": {""id_count_dict"": {""2"": 2, ""8"": 3}, ""id_reid_dict_len"": {""2"": 2, ""8"": 3}, ""old_reids_ids"": [], ""poss_ids"": []}, ""state_before"": {""id_count_dict"": {""2"": 3, ""8"": 2}, ""id_reid_dict_len"": {""2"": 3, ""8"": 2}, ""old_reids_ids"": [], ""poss_ids"": []}}",8,True,1,,00001garden,2,1.0,1.0,True,2,True,0.0,0.0,2,False,0,,"[8, 8]","{""0"": 8, ""1"": 8}",0,0.0,12,1,0
C1c-FULL-STATE-REPAIR,0.0,00001garden|2|2|3,1,2,4,8,2,,,"{""frame_view_failures"": [], ""frame_view_unique"": true, ""id_count_vs_id_reid"": {""2"": {""equal"": true, ""id_count_dict"": 2, ""id_reid_dict_len"": 2}, ""8"": {""equal"": true, ""id_count_dict"": 3, ""id_reid_dict_len"": 3}}, ""internal_history_counts"": {""2"": 1, ""8"": 2}, ""old_reids"": {""ids"": [], ""status"": ""not_present""}, ""public_history_unchanged"": true, ""state_after"": {""id_count_dict"": {""2"": 2, ""8"": 3}, ""id_reid_dict_len"": {""2"": 2, ""8"": 3}, ""old_reids_ids"": [], ""poss_ids"": []}, ""state_before"": {""id_count_dict"": {""2"": 3, ""8"": 2}, ""id_reid_dict_len"": {""2"": 3, ""8"": 2}, ""old_reids_ids"": [], ""poss_ids"": []}}",8,True,1,,00001garden,2,1.0,1.0,True,2,True,0.0,0.0,2,False,0,,"[8, 8]","{""0"": 8, ""1"": 8}",0,0.0,12,1,0
C1c-FULL-STATE-REPAIR,0.0,00001garden|2|2|3,1,2,5,8,2,,,"{""frame_view_failures"": [], ""frame_view_unique"": true, ""id_count_vs_id_reid"": {""2"": {""equal"": true, ""id_count_dict"": 2, ""id_reid_dict_len"": 2}, ""8"": {""equal"": true, ""id_count_dict"": 3, ""id_reid_dict_len"": 3}}, ""internal_history_counts"": {""2"": 1, ""8"": 2}, ""old_reids"": {""ids"": [], ""status"": ""not_present""}, ""public_history_unchanged"": true, ""state_after"": {""id_count_dict"": {""2"": 2, ""8"": 3}, ""id_reid_dict_len"": {""2"": 2, ""8"": 3}, ""old_reids_ids"": [], ""poss_ids"": []}, ""state_before"": {""id_count_dict"": {""2"": 3, ""8"": 2}, ""id_reid_dict_len"": {""2"": 3, ""8"": 2}, ""old_reids_ids"": [], ""poss_ids"": []}}",8,True,1,,00001garden,2,1.0,1.0,True,2,True,0.0,0.0,2,False,0,,"[8, 8]","{""0"": 8, ""1"": 8}",0,0.0,12,1,0
C1c-FULL-STATE-REPAIR,0.0,00001garden|2|2|3,1,2,6,8,2,,,"{""frame_view_failures"": [], ""frame_view_unique"": true, ""id_count_vs_id_reid"": {""2"": {""equal"": true, ""id_count_dict"": 2, ""id_reid_dict_len"": 2}, ""8"": {""equal"": true, ""id_count_dict"": 3, ""id_reid_dict_len"": 3}}, ""internal_history_counts"": {""2"": 1, ""8"": 2}, ""old_reids"": {""ids"": [], ""status"": ""not_present""}, ""public_history_unchanged"": true, ""state_after"": {""id_count_dict"": {""2"": 2, ""8"": 3}, ""id_reid_dict_len"": {""2"": 2, ""8"": 3}, ""old_reids_ids"": [], ""poss_ids"": []}, ""state_before"": {""id_count_dict"": {""2"": 3, ""8"": 2}, ""id_reid_dict_len"": {""2"": 3, ""8"": 2}, ""old_reids_ids"": [], ""poss_ids"": []}}",8,True,1,,00001garden,2,1.0,1.0,True,2,True,0.0,0.0,2,False,0,,"[8, 8]","{""0"": 8, ""1"": 8}",0,0.0,12,1,0
C1c-FULL-STATE-REPAIR,0.0,00001garden|2|2|3,1,2,7,8,2,,,"{""frame_view_failures"": [], ""frame_view_unique"": true, ""id_count_vs_id_reid"": {""2"": {""equal"": true, ""id_count_dict"": 2, ""id_reid_dict_len"": 2}, ""8"": {""equal"": true, ""id_count_dict"": 3, ""id_reid_dict_len"": 3}}, ""internal_history_counts"": {""2"": 1, ""8"": 2}, ""old_reids"": {""ids"": [], ""status"": ""not_present""}, ""public_history_unchanged"": true, ""state_after"": {""id_count_dict"": {""2"": 2, ""8"": 3}, ""id_reid_dict_len"": {""2"": 2, ""8"": 3}, ""old_reids_ids"": [], ""poss_ids"": []}, ""state_before"": {""id_count_dict"": {""2"": 3, ""8"": 2}, ""id_reid_dict_len"": {""2"": 3, ""8"": 2}, ""old_reids_ids"": [], ""poss_ids"": []}}",8,True,1,,00001garden,2,1.0,1.0,True,2,True,0.0,0.0,2,False,0,,"[8, 8]","{""0"": 8, ""1"": 8}",0,0.0,12,1,0
C1c-FULL-STATE-REPAIR,0.0,00001garden|2|2|3,1,2,8,8,2,,,"{""frame_view_failures"": [], ""frame_view_unique"": true, ""id_count_vs_id_reid"": {""2"": {""equal"": true, ""id_count_dict"": 2, ""id_reid_dict_len"": 2}, ""8"": {""equal"": true, ""id_count_dict"": 3, ""id_reid_dict_len"": 3}}, ""internal_history_counts"": {""2"": 1, ""8"": 2}, ""old_reids"": {""ids"": [], ""status"": ""not_present""}, ""public_history_unchanged"": true, ""state_after"": {""id_count_dict"": {""2"": 2, ""8"": 3}, ""id_reid_dict_len"": {""2"": 2, ""8"": 3}, ""old_reids_ids"": [], ""poss_ids"": []}, ""state_before"": {""id_count_dict"": {""2"": 3, ""8"": 2}, ""id_reid_dict_len"": {""2"": 3, ""8"": 2}, ""old_reids_ids"": [], ""poss_ids"": []}}",8,True,1,,00001garden,2,1.0,1.0,True,2,True,0.0,0.0,2,False,0,,"[8, 8]","{""0"": 8, ""1"": 8}",0,0.0,12,1,0
C1c-FULL-STATE-REPAIR,0.0,00001garden|2|2|3,1,2,9,8,2,,,"{""frame_view_failures"": [], ""frame_view_unique"": true, ""id_count_vs_id_reid"": {""2"": {""equal"": true, ""id_count_dict"": 2, ""id_reid_dict_len"": 2}, ""8"": {""equal"": true, ""id_count_dict"": 3, ""id_reid_dict_len"": 3}}, ""internal_history_counts"": {""2"": 1, ""8"": 2}, ""old_reids"": {""ids"": [], ""status"": ""not_present""}, ""public_history_unchanged"": true, ""state_after"": {""id_count_dict"": {""2"": 2, ""8"": 3}, ""id_reid_dict_len"": {""2"": 2, ""8"": 3}, ""old_reids_ids"": [], ""poss_ids"": []}, ""state_before"": {""id_count_dict"": {""2"": 3, ""8"": 2}, ""id_reid_dict_len"": {""2"": 3, ""8"": 2}, ""old_reids_ids"": [], ""poss_ids"": []}}",8,True,1,,00001garden,2,1.0,1.0,True,2,True,0.0,0.0,2,False,0,,"[8, 8]","{""0"": 8, ""1"": 8}",0,0.0,12,1,0
C1c-FULL-STATE-REPAIR,0.0,00001garden|2|2|3,1,2,10,8,2,,,"{""frame_view_failures"": [], ""frame_view_unique"": true, ""id_count_vs_id_reid"": {""2"": {""equal"": true, ""id_count_dict"": 2, ""id_reid_dict_len"": 2}, ""8"": {""equal"": true, ""id_count_dict"": 3, ""id_reid_dict_len"": 3}}, ""internal_history_counts"": {""2"": 1, ""8"": 2}, ""old_reids"": {""ids"": [], ""status"": ""not_present""}, ""public_history_unchanged"": true, ""state_after"": {""id_count_dict"": {""2"": 2, ""8"": 3}, ""id_reid_dict_len"": {""2"": 2, ""8"": 3}, ""old_reids_ids"": [], ""poss_ids"": []}, ""state_before"": {""id_count_dict"": {""2"": 3, ""8"": 2}, ""id_reid_dict_len"": {""2"": 3, ""8"": 2}, ""old_reids_ids"": [], ""poss_ids"": []}}",8,True,1,,00001garden,2,1.0,1.0,True,2,True,0.0,0.0,2,False,0,,"[8, 8]","{""0"": 8, ""1"": 8}",0,0.0,12,1,0
C1c-FULL-STATE-REPAIR,0.0,00001garden|2|2|3,1,2,11,8,2,,,"{""frame_view_failures"": [], ""frame_view_unique"": true, ""id_count_vs_id_reid"": {""2"": {""equal"": true, ""id_count_dict"": 2, ""id_reid_dict_len"": 2}, ""8"": {""equal"": true, ""id_count_dict"": 3, ""id_reid_dict_len"": 3}}, ""internal_history_counts"": {""2"": 1, ""8"": 2}, ""old_reids"": {""ids"": [], ""status"": ""not_present""}, ""public_history_unchanged"": true, ""state_after"": {""id_count_dict"": {""2"": 2, ""8"": 3}, ""id_reid_dict_len"": {""2"": 2, ""8"": 3}, ""old_reids_ids"": [], ""poss_ids"": []}, ""state_before"": {""id_count_dict"": {""2"": 3, ""8"": 2}, ""id_reid_dict_len"": {""2"": 3, ""8"": 2}, ""old_reids_ids"": [], ""poss_ids"": []}}",8,True,1,,00001garden,2,1.0,1.0,True,2,True,0.0,0.0,2,False,0,,"[8, 8]","{""0"": 8, ""1"": 8}",0,0.0,14,1,0
C1c-FULL-STATE-REPAIR,0.0,00001garden|2|2|3,1,2,12,8,2,,,"{""frame_view_failures"": [], ""frame_view_unique"": true, ""id_count_vs_id_reid"": {""2"": {""equal"": true, ""id_count_dict"": 2, ""id_reid_dict_len"": 2}, ""8"": {""equal"": true, ""id_count_dict"": 3, ""id_reid_dict_len"": 3}}, ""internal_history_counts"": {""2"": 1, ""8"": 2}, ""old_reids"": {""ids"": [], ""status"": ""not_present""}, ""public_history_unchanged"": true, ""state_after"": {""id_count_dict"": {""2"": 2, ""8"": 3}, ""id_reid_dict_len"": {""2"": 2, ""8"": 3}, ""old_reids_ids"": [], ""poss_ids"": []}, ""state_before"": {""id_count_dict"": {""2"": 3, ""8"": 2}, ""id_reid_dict_len"": {""2"": 3, ""8"": 2}, ""old_reids_ids"": [], ""poss_ids"": []}}",8,True,1,,00001garden,2,1.0,1.0,True,2,True,0.0,0.0,2,False,0,,"[8, 8]","{""0"": 8, ""1"": 8}",0,0.0,15,1,0
C1c-FULL-STATE-REPAIR,0.0,00001garden|2|2|3,1,2,13,8,2,,,"{""frame_view_failures"": [], ""frame_view_unique"": true, ""id_count_vs_id_reid"": {""2"": {""equal"": true, ""id_count_dict"": 2, ""id_reid_dict_len"": 2}, ""8"": {""equal"": true, ""id_count_dict"": 3, ""id_reid_dict_len"": 3}}, ""internal_history_counts"": {""2"": 1, ""8"": 2}, ""old_reids"": {""ids"": [], ""status"": ""not_present""}, ""public_history_unchanged"": true, ""state_after"": {""id_count_dict"": {""2"": 2, ""8"": 3}, ""id_reid_dict_len"": {""2"": 2, ""8"": 3}, ""old_reids_ids"": [], ""poss_ids"": []}, ""state_before"": {""id_count_dict"": {""2"": 3, ""8"": 2}, ""id_reid_dict_len"": {""2"": 3, ""8"": 2}, ""old_reids_ids"": [], ""poss_ids"": []}}",8,True,1,,00001garden,2,1.0,1.0,True,2,True,0.0,0.0,2,False,0,,"[8, 8]","{""0"": 8, ""1"": 8}",0,0.0,14,1,0
C1c-FULL-STATE-REPAIR,0.0,00001garden|2|2|3,1,2,14,8,2,,,"{""frame_view_failures"": [], ""frame_view_unique"": true, ""id_count_vs_id_reid"": {""2"": {""equal"": true, ""id_count_dict"": 2, ""id_reid_dict_len"": 2}, ""8"": {""equal"": true, ""id_count_dict"": 3, ""id_reid_dict_len"": 3}}, ""internal_history_counts"": {""2"": 1, ""8"": 2}, ""old_reids"": {""ids"": [], ""status"": ""not_present""}, ""public_history_unchanged"": true, ""state_after"": {""id_count_dict"": {""2"": 2, ""8"": 3}, ""id_reid_dict_len"": {""2"": 2, ""8"": 3}, ""old_reids_ids"": [], ""poss_ids"": []}, ""state_before"": {""id_count_dict"": {""2"": 3, ""8"": 2}, ""id_reid_dict_len"": {""2"": 3, ""8"": 2}, ""old_reids_ids"": [], ""poss_ids"": []}}",8,True,1,,00001garden,2,1.0,1.0,True,2,True,0.0,0.0,2,False,0,,"[8, 8]","{""0"": 8, ""1"": 8}",0,0.0,15,1,0
C1c-FULL-STATE-REPAIR,0.0,00001garden|2|2|3,1,2,15,8,2,,,"{""frame_view_failures"": [], ""frame_view_unique"": true, ""id_count_vs_id_reid"": {""2"": {""equal"": true, ""id_count_dict"": 2, ""id_reid_dict_len"": 2}, ""8"": {""equal"": true, ""id_count_dict"": 3, ""id_reid_dict_len"": 3}}, ""internal_history_counts"": {""2"": 1, ""8"": 2}, ""old_reids"": {""ids"": [], ""status"": ""not_present""}, ""public_history_unchanged"": true, ""state_after"": {""id_count_dict"": {""2"": 2, ""8"": 3}, ""id_reid_dict_len"": {""2"": 2, ""8"": 3}, ""old_reids_ids"": [], ""poss_ids"": []}, ""state_before"": {""id_count_dict"": {""2"": 3, ""8"": 2}, ""id_reid_dict_len"": {""2"": 3, ""8"": 2}, ""old_reids_ids"": [], ""poss_ids"": []}}",8,True,1,,00001garden,2,1.0,1.0,True,2,True,0.0,0.0,2,False,0,,"[8, 8]","{""0"": 8, ""1"": 8}",0,0.0,13,1,0
C1c-FULL-STATE-REPAIR,0.0,00001garden|2|2|3,1,2,16,8,2,,,"{""frame_view_failures"": [], ""frame_view_unique"": true, ""id_count_vs_id_reid"": {""2"": {""equal"": true, ""id_count_dict"": 2, ""id_reid_dict_len"": 2}, ""8"": {""equal"": true, ""id_count_dict"": 3, ""id_reid_dict_len"": 3}}, ""internal_history_counts"": {""2"": 1, ""8"": 2}, ""old_reids"": {""ids"": [], ""status"": ""not_present""}, ""public_history_unchanged"": true, ""state_after"": {""id_count_dict"": {""2"": 2, ""8"": 3}, ""id_reid_dict_len"": {""2"": 2, ""8"": 3}, ""old_reids_ids"": [], ""poss_ids"": []}, ""state_before"": {""id_count_dict"": {""2"": 3, ""8"": 2}, ""id_reid_dict_len"": {""2"": 3, ""8"": 2}, ""old_reids_ids"": [], ""poss_ids"": []}}",8,True,1,,00001garden,2,1.0,1.0,True,2,True,0.0,0.0,2,False,0,,"[8, 8]","{""0"": 8, ""1"": 8}",0,0.0,14,1,0
C1c-FULL-STATE-REPAIR,0.0,00001garden|2|2|3,1,2,17,8,2,,,"{""frame_view_failures"": [], ""frame_view_unique"": true, ""id_count_vs_id_reid"": {""2"": {""equal"": true, ""id_count_dict"": 2, ""id_reid_dict_len"": 2}, ""8"": {""equal"": true, ""id_count_dict"": 3, ""id_reid_dict_len"": 3}}, ""internal_history_counts"": {""2"": 1, ""8"": 2}, ""old_reids"": {""ids"": [], ""status"": ""not_present""}, ""public_history_unchanged"": true, ""state_after"": {""id_count_dict"": {""2"": 2, ""8"": 3}, ""id_reid_dict_len"": {""2"": 2, ""8"": 3}, ""old_reids_ids"": [], ""poss_ids"": []}, ""state_before"": {""id_count_dict"": {""2"": 3, ""8"": 2}, ""id_reid_dict_len"": {""2"": 3, ""8"": 2}, ""old_reids_ids"": [], ""poss_ids"": []}}",8,True,1,,00001garden,2,1.0,1.0,True,2,True,0.0,0.0,2,False,0,,"[8, 8]","{""0"": 8, ""1"": 8}",0,0.0,14,1,0
C1c-FULL-STATE-REPAIR,0.0,00001garden|2|2|3,1,2,18,8,2,,,"{""frame_view_failures"": [], ""frame_view_unique"": true, ""id_count_vs_id_reid"": {""2"": {""equal"": true, ""id_count_dict"": 2, ""id_reid_dict_len"": 2}, ""8"": {""equal"": true, ""id_count_dict"": 3, ""id_reid_dict_len"": 3}}, ""internal_history_counts"": {""2"": 1, ""8"": 2}, ""old_reids"": {""ids"": [], ""status"": ""not_present""}, ""public_history_unchanged"": true, ""state_after"": {""id_count_dict"": {""2"": 2, ""8"": 3}, ""id_reid_dict_len"": {""2"": 2, ""8"": 3}, ""old_reids_ids"": [], ""poss_ids"": []}, ""state_before"": {""id_count_dict"": {""2"": 3, ""8"": 2}, ""id_reid_dict_len"": {""2"": 3, ""8"": 2}, ""old_reids_ids"": [], ""poss_ids"": []}}",8,True,1,,00001garden,2,1.0,1.0,True,2,True,0.0,0.0,2,False,0,,"[8, 8]","{""0"": 8, ""1"": 8}",0,0.0,14,1,0
C1c-FULL-STATE-REPAIR,0.0,00001garden|2|2|3,1,2,19,8,2,,,"{""frame_view_failures"": [], ""frame_view_unique"": true, ""id_count_vs_id_reid"": {""2"": {""equal"": true, ""id_count_dict"": 2, ""id_reid_dict_len"": 2}, ""8"": {""equal"": true, ""id_count_dict"": 3, ""id_reid_dict_len"": 3}}, ""internal_history_counts"": {""2"": 1, ""8"": 2}, ""old_reids"": {""ids"": [], ""status"": ""not_present""}, ""public_history_unchanged"": true, ""state_after"": {""id_count_dict"": {""2"": 2, ""8"": 3}, ""id_reid_dict_len"": {""2"": 2, ""8"": 3}, ""old_reids_ids"": [], ""poss_ids"": []}, ""state_before"": {""id_count_dict"": {""2"": 3, ""8"": 2}, ""id_reid_dict_len"": {""2"": 3, ""8"": 2}, ""old_reids_ids"": [], ""poss_ids"": []}}",8,True,1,,00001garden,2,1.0,1.0,True,2,True,0.0,0.0,2,False,0,,"[8, 8]","{""0"": 8, ""1"": 8}",0,0.0,12,1,0
C1c-FULL-STATE-REPAIR,0.0,00001garden|2|2|3,1,2,20,8,2,,,"{""frame_view_failures"": [], ""frame_view_unique"": true, ""id_count_vs_id_reid"": {""2"": {""equal"": true, ""id_count_dict"": 2, ""id_reid_dict_len"": 2}, ""8"": {""equal"": true, ""id_count_dict"": 3, ""id_reid_dict_len"": 3}}, ""internal_history_counts"": {""2"": 1, ""8"": 2}, ""old_reids"": {""ids"": [], ""status"": ""not_present""}, ""public_history_unchanged"": true, ""state_after"": {""id_count_dict"": {""2"": 2, ""8"": 3}, ""id_reid_dict_len"": {""2"": 2, ""8"": 3}, ""old_reids_ids"": [], ""poss_ids"": []}, ""state_before"": {""id_count_dict"": {""2"": 3, ""8"": 2}, ""id_reid_dict_len"": {""2"": 3, ""8"": 2}, ""old_reids_ids"": [], ""poss_ids"": []}}",8,True,1,,00001garden,2,1.0,1.0,True,2,True,0.0,0.0,2,False,0,,"[8, 8]","{""0"": 8, ""1"": 8}",0,0.0,13,1,0
_META,,00001garden|2|2|3,1,2,0,,,28a3060118a04baf44eed44d7ee962d531ca2ca3e294121f88b0a971df7968c9,e8576e8ee777482f8d47368c3c314257abb393e52a058bec2cc2a885af18b7aa,,,,,,00001garden,,,,,,,,,,,,,,,,,,1,
SHAM,0.08333333333333333,00001garden|23|2|3,22,2,1,8,2,,,{},2,True,0,,00001garden,1,0.5,0.0,False,2,False,0.5,0.0,2,False,0,,"[8, 2]","{""0"": 8, ""1"": 2}",1,0.5,12,1,1
SHAM,0.13333333333333333,00001garden|23|2|3,22,2,2,8,2,,,{},2,True,0,,00001garden,1,0.5,0.0,False,2,False,0.5,0.0,2,False,0,,"[8, 2]","{""0"": 8, ""1"": 2}",1,0.5,15,1,2
SHAM,0.15384615384615385,00001garden|23|2|3,22,2,3,8,2,,,{},2,True,0,,00001garden,1,0.5,0.0,False,2,False,0.5,0.0,2,False,0,,"[8, 2]","{""0"": 8, ""1"": 2}",1,0.5,13,1,2
SHAM,0.13333333333333333,00001garden|23|2|3,22,2,4,8,2,,,{},2,True,0,,00001garden,1,0.5,0.0,False,2,False,0.5,0.0,2,False,0,,"[8, 2]","{""0"": 8, ""1"": 2}",1,0.5,15,1,2
SHAM,0.14285714285714285,00001garden|23|2|3,22,2,5,8,2,,,{},2,True,0,,00001garden,1,0.5,0.0,False,2,False,0.5,0.0,2,False,0,,"[8, 2]","{""0"": 8, ""1"": 2}",1,0.5,14,1,2
SHAM,0.14285714285714285,00001garden|23|2|3,22,2,6,8,2,,,{},2,True,0,,00001garden,1,0.5,0.0,False,2,False,0.5,0.0,2,False,0,,"[8, 2]","{""0"": 8, ""1"": 2}",1,0.5,14,1,2
SHAM,0.14285714285714285,00001garden|23|2|3,22,2,7,8,2,,,{},2,True,0,,00001garden,1,0.5,0.0,False,2,False,0.5,0.0,2,False,0,,"[8, 2]","{""0"": 8, ""1"": 2}",1,0.5,14,1,2
SHAM,0.14285714285714285,00001garden|23|2|3,22,2,8,8,2,,,{},2,True,0,,00001garden,1,0.5,0.0,False,2,False,0.5,0.0,2,False,0,,"[8, 2]","{""0"": 8, ""1"": 2}",1,0.5,14,1,2
SHAM,0.07142857142857142,00001garden|23|2|3,22,2,9,8,2,,,{},2,True,0,,00001garden,1,0.5,0.0,False,2,False,0.5,0.0,2,False,0,,"[8, 2]","{""0"": 8, ""1"": 2}",1,0.5,14,1,1
SHAM,0.07142857142857142,00001garden|23|2|3,22,2,10,8,2,,,{},2,True,0,,00001garden,1,0.5,0.0,False,2,False,0.5,0.0,2,False,0,,"[8, 2]","{""0"": 8, ""1"": 2}",1,0.5,14,1,1
SHAM,0.07142857142857142,00001garden|23|2|3,22,2,11,8,2,,,{},2,True,0,,00001garden,1,0.5,0.0,False,2,False,0.5,0.0,2,False,0,,"[8, 2]","{""0"": 8, ""1"": 2}",1,0.5,14,1,1
SHAM,0.07142857142857142,00001garden|23|2|3,22,2,12,8,2,,,{},2,True,0,,00001garden,1,0.5,0.0,False,2,False,0.5,0.0,2,False,0,,"[8, 2]","{""0"": 8, ""1"": 2}",1,0.5,14,1,1
SHAM,0.07142857142857142,00001garden|23|2|3,22,2,13,8,2,,,{},2,True,0,,00001garden,1,0.5,0.0,False,2,False,0.5,0.0,2,False,0,,"[8, 2]","{""0"": 8, ""1"": 2}",1,0.5,14,1,1
SHAM,0.07142857142857142,00001garden|23|2|3,22,2,14,8,2,,,{},2,True,0,,00001garden,1,0.5,0.0,False,2,False,0.5,0.0,2,False,0,,"[8, 2]","{""0"": 8, ""1"": 2}",1,0.5,14,1,1
SHAM,0.07692307692307693,00001garden|23|2|3,22,2,15,8,2,,,{},2,True,0,,00001garden,1,0.5,0.0,False,2,False,0.5,0.0,2,False,0,,"[8, 2]","{""0"": 8, ""1"": 2}",1,0.5,13,1,1
SHAM,0.07142857142857142,00001garden|23|2|3,22,2,16,8,2,,,{},2,True,0,,00001garden,1,0.5,0.0,False,2,False,0.5,0.0,2,False,0,,"[8, 2]","{""0"": 8, ""1"": 2}",1,0.5,14,1,1
SHAM,0.07142857142857142,00001garden|23|2|3,22,2,17,8,2,,,{},2,True,0,,00001garden,1,0.5,0.0,False,2,False,0.5,0.0,2,False,0,,"[8, 2]","{""0"": 8, ""1"": 2}",1,0.5,14,1,1
SHAM,0.07142857142857142,00001garden|23|2|3,22,2,18,8,2,,,{},2,True,0,,00001garden,1,0.5,0.0,False,2,False,0.5,0.0,2,False,0,,"[8, 2]","{""0"": 8, ""1"": 2}",1,0.5,14,1,1
SHAM,0.07142857142857142,00001garden|23|2|3,22,2,19,8,2,,,{},2,True,0,,00001garden,1,0.5,0.0,False,2,False,0.5,0.0,2,False,0,,"[8, 2]","{""0"": 8, ""1"": 2}",1,0.5,14,1,1
SHAM,0.07142857142857142,00001garden|23|2|3,22,2,20,8,2,,,{},2,True,0,,00001garden,1,0.5,0.0,False,2,False,0.5,0.0,2,False,0,,"[8, 2]","{""0"": 8, ""1"": 2}",1,0.5,14,1,1
C1c-FULL-STATE-REPAIR,0.0,00001garden|23|2|3,22,2,1,8,2,,,"{""frame_view_failures"": [], ""frame_view_unique"": true, ""id_count_vs_id_reid"": {""2"": {""equal"": true, ""id_count_dict"": 25, ""id_reid_dict_len"": 25}, ""8"": {""equal"": true, ""id_count_dict"": 43, ""id_reid_dict_len"": 43}}, ""internal_history_counts"": {""2"": 20, ""8"": 40}, ""old_reids"": {""ids"": [], ""status"": ""not_present""}, ""public_history_unchanged"": true, ""state_after"": {""id_count_dict"": {""2"": 25, ""8"": 43}, ""id_reid_dict_len"": {""2"": 25, ""8"": 43}, ""old_reids_ids"": [], ""poss_ids"": [2, 8]}, ""state_before"": {""id_count_dict"": {""2"": 45, ""8"": 23}, ""id_reid_dict_len"": {""2"": 45, ""8"": 23}, ""old_reids_ids"": [], ""poss_ids"": [2, 8]}}",8,True,20,,00001garden,2,1.0,1.0,True,2,True,0.0,0.0,2,False,0,,"[8, 8]","{""0"": 8, ""1"": 8}",0,0.0,12,1,0
C1c-FULL-STATE-REPAIR,0.06666666666666667,00001garden|23|2|3,22,2,2,8,2,,,"{""frame_view_failures"": [], ""frame_view_unique"": true, ""id_count_vs_id_reid"": {""2"": {""equal"": true, ""id_count_dict"": 25, ""id_reid_dict_len"": 25}, ""8"": {""equal"": true, ""id_count_dict"": 43, ""id_reid_dict_len"": 43}}, ""internal_history_counts"": {""2"": 20, ""8"": 40}, ""old_reids"": {""ids"": [], ""status"": ""not_present""}, ""public_history_unchanged"": true, ""state_after"": {""id_count_dict"": {""2"": 25, ""8"": 43}, ""id_reid_dict_len"": {""2"": 25, ""8"": 43}, ""old_reids_ids"": [], ""poss_ids"": [2, 8]}, ""state_before"": {""id_count_dict"": {""2"": 45, ""8"": 23}, ""id_reid_dict_len"": {""2"": 45, ""8"": 23}, ""old_reids_ids"": [], ""poss_ids"": [2, 8]}}",8,True,20,,00001garden,2,1.0,1.0,True,2,True,0.0,0.0,2,False,0,,"[8, 8]","{""0"": 8, ""1"": 8}",0,0.0,15,1,1
C1c-FULL-STATE-REPAIR,0.07692307692307693,00001garden|23|2|3,22,2,3,8,2,,,"{""frame_view_failures"": [], ""frame_view_unique"": true, ""id_count_vs_id_reid"": {""2"": {""equal"": true, ""id_count_dict"": 25, ""id_reid_dict_len"": 25}, ""8"": {""equal"": true, ""id_count_dict"": 43, ""id_reid_dict_len"": 43}}, ""internal_history_counts"": {""2"": 20, ""8"": 40}, ""old_reids"": {""ids"": [], ""status"": ""not_present""}, ""public_history_unchanged"": true, ""state_after"": {""id_count_dict"": {""2"": 25, ""8"": 43}, ""id_reid_dict_len"": {""2"": 25, ""8"": 43}, ""old_reids_ids"": [], ""poss_ids"": [2, 8]}, ""state_before"": {""id_count_dict"": {""2"": 45, ""8"": 23}, ""id_reid_dict_len"": {""2"": 45, ""8"": 23}, ""old_reids_ids"": [], ""poss_ids"": [2, 8]}}",8,True,20,,00001garden,2,1.0,1.0,True,2,True,0.0,0.0,2,False,0,,"[8, 8]","{""0"": 8, ""1"": 8}",0,0.0,13,1,1
C1c-FULL-STATE-REPAIR,0.06666666666666667,00001garden|23|2|3,22,2,4,8,2,,,"{""frame_view_failures"": [], ""frame_view_unique"": true, ""id_count_vs_id_reid"": {""2"": {""equal"": true, ""id_count_dict"": 25, ""id_reid_dict_len"": 25}, ""8"": {""equal"": true, ""id_count_dict"": 43, ""id_reid_dict_len"": 43}}, ""internal_history_counts"": {""2"": 20, ""8"": 40}, ""old_reids"": {""ids"": [], ""status"": ""not_present""}, ""public_history_unchanged"": true, ""state_after"": {""id_count_dict"": {""2"": 25, ""8"": 43}, ""id_reid_dict_len"": {""2"": 25, ""8"": 43}, ""old_reids_ids"": [], ""poss_ids"": [2, 8]}, ""state_before"": {""id_count_dict"": {""2"": 45, ""8"": 23}, ""id_reid_dict_len"": {""2"": 45, ""8"": 23}, ""old_reids_ids"": [], ""poss_ids"": [2, 8]}}",8,True,20,,00001garden,2,1.0,1.0,True,2,True,0.0,0.0,2,False,0,,"[8, 8]","{""0"": 8, ""1"": 8}",0,0.0,15,1,1
C1c-FULL-STATE-REPAIR,0.07142857142857142,00001garden|23|2|3,22,2,5,8,2,,,"{""frame_view_failures"": [], ""frame_view_unique"": true, ""id_count_vs_id_reid"": {""2"": {""equal"": true, ""id_count_dict"": 25, ""id_reid_dict_len"": 25}, ""8"": {""equal"": true, ""id_count_dict"": 43, ""id_reid_dict_len"": 43}}, ""internal_history_counts"": {""2"": 20, ""8"": 40}, ""old_reids"": {""ids"": [], ""status"": ""not_present""}, ""public_history_unchanged"": true, ""state_after"": {""id_count_dict"": {""2"": 25, ""8"": 43}, ""id_reid_dict_len"": {""2"": 25, ""8"": 43}, ""old_reids_ids"": [], ""poss_ids"": [2, 8]}, ""state_before"": {""id_count_dict"": {""2"": 45, ""8"": 23}, ""id_reid_dict_len"": {""2"": 45, ""8"": 23}, ""old_reids_ids"": [], ""poss_ids"": [2, 8]}}",8,True,20,,00001garden,2,1.0,1.0,True,2,True,0.0,0.0,2,False,0,,"[8, 8]","{""0"": 8, ""1"": 8}",0,0.0,14,1,1
C1c-FULL-STATE-REPAIR,0.07142857142857142,00001garden|23|2|3,22,2,6,8,2,,,"{""frame_view_failures"": [], ""frame_view_unique"": true, ""id_count_vs_id_reid"": {""2"": {""equal"": true, ""id_count_dict"": 25, ""id_reid_dict_len"": 25}, ""8"": {""equal"": true, ""id_count_dict"": 43, ""id_reid_dict_len"": 43}}, ""internal_history_counts"": {""2"": 20, ""8"": 40}, ""old_reids"": {""ids"": [], ""status"": ""not_present""}, ""public_history_unchanged"": true, ""state_after"": {""id_count_dict"": {""2"": 25, ""8"": 43}, ""id_reid_dict_len"": {""2"": 25, ""8"": 43}, ""old_reids_ids"": [], ""poss_ids"": [2, 8]}, ""state_before"": {""id_count_dict"": {""2"": 45, ""8"": 23}, ""id_reid_dict_len"": {""2"": 45, ""8"": 23}, ""old_reids_ids"": [], ""poss_ids"": [2, 8]}}",8,True,20,,00001garden,2,1.0,1.0,True,2,True,0.0,0.0,2,False,0,,"[8, 8]","{""0"": 8, ""1"": 8}",0,0.0,14,1,1
C1c-FULL-STATE-REPAIR,0.07142857142857142,00001garden|23|2|3,22,2,7,8,2,,,"{""frame_view_failures"": [], ""frame_view_unique"": true, ""id_count_vs_id_reid"": {""2"": {""equal"": true, ""id_count_dict"": 25, ""id_reid_dict_len"": 25}, ""8"": {""equal"": true, ""id_count_dict"": 43, ""id_reid_dict_len"": 43}}, ""internal_history_counts"": {""2"": 20, ""8"": 40}, ""old_reids"": {""ids"": [], ""status"": ""not_present""}, ""public_history_unchanged"": true, ""state_after"": {""id_count_dict"": {""2"": 25, ""8"": 43}, ""id_reid_dict_len"": {""2"": 25, ""8"": 43}, ""old_reids_ids"": [], ""poss_ids"": [2, 8]}, ""state_before"": {""id_count_dict"": {""2"": 45, ""8"": 23}, ""id_reid_dict_len"": {""2"": 45, ""8"": 23}, ""old_reids_ids"": [], ""poss_ids"": [2, 8]}}",8,True,20,,00001garden,2,1.0,1.0,True,2,True,0.0,0.0,2,False,0,,"[8, 8]","{""0"": 8, ""1"": 8}",0,0.0,14,1,1
C1c-FULL-STATE-REPAIR,0.07142857142857142,00001garden|23|2|3,22,2,8,8,2,,,"{""frame_view_failures"": [], ""frame_view_unique"": true, ""id_count_vs_id_reid"": {""2"": {""equal"": true, ""id_count_dict"": 25, ""id_reid_dict_len"": 25}, ""8"": {""equal"": true, ""id_count_dict"": 43, ""id_reid_dict_len"": 43}}, ""internal_history_counts"": {""2"": 20, ""8"": 40}, ""old_reids"": {""ids"": [], ""status"": ""not_present""}, ""public_history_unchanged"": true, ""state_after"": {""id_count_dict"": {""2"": 25, ""8"": 43}, ""id_reid_dict_len"": {""2"": 25, ""8"": 43}, ""old_reids_ids"": [], ""poss_ids"": [2, 8]}, ""state_before"": {""id_count_dict"": {""2"": 45, ""8"": 23}, ""id_reid_dict_len"": {""2"": 45, ""8"": 23}, ""old_reids_ids"": [], ""poss_ids"": [2, 8]}}",8,True,20,,00001garden,2,1.0,1.0,True,2,True,0.0,0.0,2,False,0,,"[8, 8]","{""0"": 8, ""1"": 8}",0,0.0,14,1,1
C1c-FULL-STATE-REPAIR,0.0,00001garden|23|2|3,22,2,9,8,2,,,"{""frame_view_failures"": [], ""frame_view_unique"": true, ""id_count_vs_id_reid"": {""2"": {""equal"": true, ""id_count_dict"": 25, ""id_reid_dict_len"": 25}, ""8"": {""equal"": true, ""id_count_dict"": 43, ""id_reid_dict_len"": 43}}, ""internal_history_counts"": {""2"": 20, ""8"": 40}, ""old_reids"": {""ids"": [], ""status"": ""not_present""}, ""public_history_unchanged"": true, ""state_after"": {""id_count_dict"": {""2"": 25, ""8"": 43}, ""id_reid_dict_len"": {""2"": 25, ""8"": 43}, ""old_reids_ids"": [], ""poss_ids"": [2, 8]}, ""state_before"": {""id_count_dict"": {""2"": 45, ""8"": 23}, ""id_reid_dict_len"": {""2"": 45, ""8"": 23}, ""old_reids_ids"": [], ""poss_ids"": [2, 8]}}",8,True,20,,00001garden,2,1.0,1.0,True,2,True,0.0,0.0,2,False,0,,"[8, 8]","{""0"": 8, ""1"": 8}",0,0.0,14,1,0
C1c-FULL-STATE-REPAIR,0.0,00001garden|23|2|3,22,2,10,8,2,,,"{""frame_view_failures"": [], ""frame_view_unique"": true, ""id_count_vs_id_reid"": {""2"": {""equal"": true, ""id_count_dict"": 25, ""id_reid_dict_len"": 25}, ""8"": {""equal"": true, ""id_count_dict"": 43, ""id_reid_dict_len"": 43}}, ""internal_history_counts"": {""2"": 20, ""8"": 40}, ""old_reids"": {""ids"": [], ""status"": ""not_present""}, ""public_history_unchanged"": true, ""state_after"": {""id_count_dict"": {""2"": 25, ""8"": 43}, ""id_reid_dict_len"": {""2"": 25, ""8"": 43}, ""old_reids_ids"": [], ""poss_ids"": [2, 8]}, ""state_before"": {""id_count_dict"": {""2"": 45, ""8"": 23}, ""id_reid_dict_len"": {""2"": 45, ""8"": 23}, ""old_reids_ids"": [], ""poss_ids"": [2, 8]}}",8,True,20,,00001garden,2,1.0,1.0,True,2,True,0.0,0.0,2,False,0,,"[8, 8]","{""0"": 8, ""1"": 8}",0,0.0,14,1,0
C1c-FULL-STATE-REPAIR,0.0,00001garden|23|2|3,22,2,11,8,2,,,"{""frame_view_failures"": [], ""frame_view_unique"": true, ""id_count_vs_id_reid"": {""2"": {""equal"": true, ""id_count_dict"": 25, ""id_reid_dict_len"": 25}, ""8"": {""equal"": true, ""id_count_dict"": 43, ""id_reid_dict_len"": 43}}, ""internal_history_counts"": {""2"": 20, ""8"": 40}, ""old_reids"": {""ids"": [], ""status"": ""not_present""}, ""public_history_unchanged"": true, ""state_after"": {""id_count_dict"": {""2"": 25, ""8"": 43}, ""id_reid_dict_len"": {""2"": 25, ""8"": 43}, ""old_reids_ids"": [], ""poss_ids"": [2, 8]}, ""state_before"": {""id_count_dict"": {""2"": 45, ""8"": 23}, ""id_reid_dict_len"": {""2"": 45, ""8"": 23}, ""old_reids_ids"": [], ""poss_ids"": [2, 8]}}",8,True,20,,00001garden,2,1.0,1.0,True,2,True,0.0,0.0,2,False,0,,"[8, 8]","{""0"": 8, ""1"": 8}",0,0.0,14,1,0
C1c-FULL-STATE-REPAIR,0.0,00001garden|23|2|3,22,2,12,8,2,,,"{""frame_view_failures"": [], ""frame_view_unique"": true, ""id_count_vs_id_reid"": {""2"": {""equal"": true, ""id_count_dict"": 25, ""id_reid_dict_len"": 25}, ""8"": {""equal"": true, ""id_count_dict"": 43, ""id_reid_dict_len"": 43}}, ""internal_history_counts"": {""2"": 20, ""8"": 40}, ""old_reids"": {""ids"": [], ""status"": ""not_present""}, ""public_history_unchanged"": true, ""state_after"": {""id_count_dict"": {""2"": 25, ""8"": 43}, ""id_reid_dict_len"": {""2"": 25, ""8"": 43}, ""old_reids_ids"": [], ""poss_ids"": [2, 8]}, ""state_before"": {""id_count_dict"": {""2"": 45, ""8"": 23}, ""id_reid_dict_len"": {""2"": 45, ""8"": 23}, ""old_reids_ids"": [], ""poss_ids"": [2, 8]}}",8,True,20,,00001garden,2,1.0,1.0,True,2,True,0.0,0.0,2,False,0,,"[8, 8]","{""0"": 8, ""1"": 8}",0,0.0,14,1,0
C1c-FULL-STATE-REPAIR,0.0,00001garden|23|2|3,22,2,13,8,2,,,"{""frame_view_failures"": [], ""frame_view_unique"": true, ""id_count_vs_id_reid"": {""2"": {""equal"": true, ""id_count_dict"": 25, ""id_reid_dict_len"": 25}, ""8"": {""equal"": true, ""id_count_dict"": 43, ""id_reid_dict_len"": 43}}, ""internal_history_counts"": {""2"": 20, ""8"": 40}, ""old_reids"": {""ids"": [], ""status"": ""not_present""}, ""public_history_unchanged"": true, ""state_after"": {""id_count_dict"": {""2"": 25, ""8"": 43}, ""id_reid_dict_len"": {""2"": 25, ""8"": 43}, ""old_reids_ids"": [], ""poss_ids"": [2, 8]}, ""state_before"": {""id_count_dict"": {""2"": 45, ""8"": 23}, ""id_reid_dict_len"": {""2"": 45, ""8"": 23}, ""old_reids_ids"": [], ""poss_ids"": [2, 8]}}",8,True,20,,00001garden,2,1.0,1.0,True,2,True,0.0,0.0,2,False,0,,"[8, 8]","{""0"": 8, ""1"": 8}",0,0.0,14,1,0
C1c-FULL-STATE-REPAIR,0.0,00001garden|23|2|3,22,2,14,8,2,,,"{""frame_view_failures"": [], ""frame_view_unique"": true, ""id_count_vs_id_reid"": {""2"": {""equal"": true, ""id_count_dict"": 25, ""id_reid_dict_len"": 25}, ""8"": {""equal"": true, ""id_count_dict"": 43, ""id_reid_dict_len"": 43}}, ""internal_history_counts"": {""2"": 20, ""8"": 40}, ""old_reids"": {""ids"": [], ""status"": ""not_present""}, ""public_history_unchanged"": true, ""state_after"": {""id_count_dict"": {""2"": 25, ""8"": 43}, ""id_reid_dict_len"": {""2"": 25, ""8"": 43}, ""old_reids_ids"": [], ""poss_ids"": [2, 8]}, ""state_before"": {""id_count_dict"": {""2"": 45, ""8"": 23}, ""id_reid_dict_len"": {""2"": 45, ""8"": 23}, ""old_reids_ids"": [], ""poss_ids"": [2, 8]}}",8,True,20,,00001garden,2,1.0,1.0,True,2,True,0.0,0.0,2,False,0,,"[8, 8]","{""0"": 8, ""1"": 8}",0,0.0,14,1,0
C1c-FULL-STATE-REPAIR,0.0,00001garden|23|2|3,22,2,15,8,2,,,"{""frame_view_failures"": [], ""frame_view_unique"": true, ""id_count_vs_id_reid"": {""2"": {""equal"": true, ""id_count_dict"": 25, ""id_reid_dict_len"": 25}, ""8"": {""equal"": true, ""id_count_dict"": 43, ""id_reid_dict_len"": 43}}, ""internal_history_counts"": {""2"": 20, ""8"": 40}, ""old_reids"": {""ids"": [], ""status"": ""not_present""}, ""public_history_unchanged"": true, ""state_after"": {""id_count_dict"": {""2"": 25, ""8"": 43}, ""id_reid_dict_len"": {""2"": 25, ""8"": 43}, ""old_reids_ids"": [], ""poss_ids"": [2, 8]}, ""state_before"": {""id_count_dict"": {""2"": 45, ""8"": 23}, ""id_reid_dict_len"": {""2"": 45, ""8"": 23}, ""old_reids_ids"": [], ""poss_ids"": [2, 8]}}",8,True,20,,00001garden,2,1.0,1.0,True,2,True,0.0,0.0,2,False,0,,"[8, 8]","{""0"": 8, ""1"": 8}",0,0.0,13,1,0
C1c-FULL-STATE-REPAIR,0.0,00001garden|23|2|3,22,2,16,8,2,,,"{""frame_view_failures"": [], ""frame_view_unique"": true, ""id_count_vs_id_reid"": {""2"": {""equal"": true, ""id_count_dict"": 25, ""id_reid_dict_len"": 25}, ""8"": {""equal"": true, ""id_count_dict"": 43, ""id_reid_dict_len"": 43}}, ""internal_history_counts"": {""2"": 20, ""8"": 40}, ""old_reids"": {""ids"": [], ""status"": ""not_present""}, ""public_history_unchanged"": true, ""state_after"": {""id_count_dict"": {""2"": 25, ""8"": 43}, ""id_reid_dict_len"": {""2"": 25, ""8"": 43}, ""old_reids_ids"": [], ""poss_ids"": [2, 8]}, ""state_before"": {""id_count_dict"": {""2"": 45, ""8"": 23}, ""id_reid_dict_len"": {""2"": 45, ""8"": 23}, ""old_reids_ids"": [], ""poss_ids"": [2, 8]}}",8,True,20,,00001garden,2,1.0,1.0,True,2,True,0.0,0.0,2,False,0,,"[8, 8]","{""0"": 8, ""1"": 8}",0,0.0,14,1,0
C1c-FULL-STATE-REPAIR,0.0,00001garden|23|2|3,22,2,17,8,2,,,"{""frame_view_failures"": [], ""frame_view_unique"": true, ""id_count_vs_id_reid"": {""2"": {""equal"": true, ""id_count_dict"": 25, ""id_reid_dict_len"": 25}, ""8"": {""equal"": true, ""id_count_dict"": 43, ""id_reid_dict_len"": 43}}, ""internal_history_counts"": {""2"": 20, ""8"": 40}, ""old_reids"": {""ids"": [], ""status"": ""not_present""}, ""public_history_unchanged"": true, ""state_after"": {""id_count_dict"": {""2"": 25, ""8"": 43}, ""id_reid_dict_len"": {""2"": 25, ""8"": 43}, ""old_reids_ids"": [], ""poss_ids"": [2, 8]}, ""state_before"": {""id_count_dict"": {""2"": 45, ""8"": 23}, ""id_reid_dict_len"": {""2"": 45, ""8"": 23}, ""old_reids_ids"": [], ""poss_ids"": [2, 8]}}",8,True,20,,00001garden,2,1.0,1.0,True,2,True,0.0,0.0,2,False,0,,"[8, 8]","{""0"": 8, ""1"": 8}",0,0.0,14,1,0
C1c-FULL-STATE-REPAIR,0.0,00001garden|23|2|3,22,2,18,8,2,,,"{""frame_view_failures"": [], ""frame_view_unique"": true, ""id_count_vs_id_reid"": {""2"": {""equal"": true, ""id_count_dict"": 25, ""id_reid_dict_len"": 25}, ""8"": {""equal"": true, ""id_count_dict"": 43, ""id_reid_dict_len"": 43}}, ""internal_history_counts"": {""2"": 20, ""8"": 40}, ""old_reids"": {""ids"": [], ""status"": ""not_present""}, ""public_history_unchanged"": true, ""state_after"": {""id_count_dict"": {""2"": 25, ""8"": 43}, ""id_reid_dict_len"": {""2"": 25, ""8"": 43}, ""old_reids_ids"": [], ""poss_ids"": [2, 8]}, ""state_before"": {""id_count_dict"": {""2"": 45, ""8"": 23}, ""id_reid_dict_len"": {""2"": 45, ""8"": 23}, ""old_reids_ids"": [], ""poss_ids"": [2, 8]}}",8,True,20,,00001garden,2,1.0,1.0,True,2,True,0.0,0.0,2,False,0,,"[8, 8]","{""0"": 8, ""1"": 8}",0,0.0,14,1,0
C1c-FULL-STATE-REPAIR,0.0,00001garden|23|2|3,22,2,19,8,2,,,"{""frame_view_failures"": [], ""frame_view_unique"": true, ""id_count_vs_id_reid"": {""2"": {""equal"": true, ""id_count_dict"": 25, ""id_reid_dict_len"": 25}, ""8"": {""equal"": true, ""id_count_dict"": 43, ""id_reid_dict_len"": 43}}, ""internal_history_counts"": {""2"": 20, ""8"": 40}, ""old_reids"": {""ids"": [], ""status"": ""not_present""}, ""public_history_unchanged"": true, ""state_after"": {""id_count_dict"": {""2"": 25, ""8"": 43}, ""id_reid_dict_len"": {""2"": 25, ""8"": 43}, ""old_reids_ids"": [], ""poss_ids"": [2, 8]}, ""state_before"": {""id_count_dict"": {""2"": 45, ""8"": 23}, ""id_reid_dict_len"": {""2"": 45, ""8"": 23}, ""old_reids_ids"": [], ""poss_ids"": [2, 8]}}",8,True,20,,00001garden,2,1.0,1.0,True,2,True,0.0,0.0,2,False,0,,"[8, 8]","{""0"": 8, ""1"": 8}",0,0.0,14,1,0
C1c-FULL-STATE-REPAIR,0.0,00001garden|23|2|3,22,2,20,8,2,,,"{""frame_view_failures"": [], ""frame_view_unique"": true, ""id_count_vs_id_reid"": {""2"": {""equal"": true, ""id_count_dict"": 25, ""id_reid_dict_len"": 25}, ""8"": {""equal"": true, ""id_count_dict"": 43, ""id_reid_dict_len"": 43}}, ""internal_history_counts"": {""2"": 20, ""8"": 40}, ""old_reids"": {""ids"": [], ""status"": ""not_present""}, ""public_history_unchanged"": true, ""state_after"": {""id_count_dict"": {""2"": 25, ""8"": 43}, ""id_reid_dict_len"": {""2"": 25, ""8"": 43}, ""old_reids_ids"": [], ""poss_ids"": [2, 8]}, ""state_before"": {""id_count_dict"": {""2"": 45, ""8"": 23}, ""id_reid_dict_len"": {""2"": 45, ""8"": 23}, ""old_reids_ids"": [], ""poss_ids"": [2, 8]}}",8,True,20,,00001garden,2,1.0,1.0,True,2,True,0.0,0.0,2,False,0,,"[8, 8]","{""0"": 8, ""1"": 8}",0,0.0,14,1,0
_META,,00001garden|23|2|3,22,2,0,,,omitted_for_runtime,omitted_for_runtime,,,,,,00001garden,,,,,,,,,,,,,,,,,,1,
SHAM,0.07142857142857142,00001garden|44|2|1,43,2,1,8,2,,,{},2,True,0,,00001garden,1,0.5,0.0,False,2,False,0.5,0.0,2,False,0,,"[8, 2]","{""0"": 8, ""1"": 2}",1,0.5,14,1,1
SHAM,0.07142857142857142,00001garden|44|2|1,43,2,2,8,2,,,{},2,True,0,,00001garden,1,0.5,0.0,False,2,False,0.5,0.0,2,False,0,,"[8, 2]","{""0"": 8, ""1"": 2}",1,0.5,14,1,1
SHAM,0.07142857142857142,00001garden|44|2|1,43,2,3,8,2,,,{},2,True,0,,00001garden,1,0.5,0.0,False,2,False,0.5,0.0,2,False,0,,"[8, 2]","{""0"": 8, ""1"": 2}",1,0.5,14,1,1
SHAM,0.07142857142857142,00001garden|44|2|1,43,2,4,8,2,,,{},2,True,0,,00001garden,1,0.5,0.0,False,2,False,0.5,0.0,2,False,0,,"[8, 2]","{""0"": 8, ""1"": 2}",1,0.5,14,1,1
SHAM,0.07692307692307693,00001garden|44|2|1,43,2,5,8,2,,,{},2,True,0,,00001garden,1,0.5,0.0,False,2,False,0.5,0.0,2,False,0,,"[8, 2]","{""0"": 8, ""1"": 2}",1,0.5,13,1,1
SHAM,0.07692307692307693,00001garden|44|2|1,43,2,6,8,2,,,{},2,True,0,,00001garden,1,0.5,0.0,False,2,False,0.5,0.0,2,False,0,,"[8, 2]","{""0"": 8, ""1"": 2}",1,0.5,13,1,1
SHAM,0.07692307692307693,00001garden|44|2|1,43,2,7,8,2,,,{},2,True,0,,00001garden,1,0.5,0.0,False,2,False,0.5,0.0,2,False,0,,"[8, 2]","{""0"": 8, ""1"": 2}",1,0.5,13,1,1
SHAM,0.07142857142857142,00001garden|44|2|1,43,2,8,8,2,,,{},2,True,0,,00001garden,1,0.5,0.0,False,2,False,0.5,0.0,2,False,0,,"[8, 2]","{""0"": 8, ""1"": 2}",1,0.5,14,1,1
SHAM,0.07142857142857142,00001garden|44|2|1,43,2,9,8,2,,,{},2,True,0,,00001garden,1,0.5,0.0,False,2,False,0.5,0.0,2,False,0,,"[8, 2]","{""0"": 8, ""1"": 2}",1,0.5,14,1,1
SHAM,0.06666666666666667,00001garden|44|2|1,43,2,10,8,2,,,{},2,True,0,,00001garden,1,0.5,0.0,False,2,False,0.5,0.0,2,False,0,,"[8, 2]","{""0"": 8, ""1"": 2}",1,0.5,15,1,1
SHAM,0.07142857142857142,00001garden|44|2|1,43,2,11,8,2,,,{},2,True,0,,00001garden,1,0.5,0.0,False,2,False,0.5,0.0,2,False,0,,"[8, 2]","{""0"": 8, ""1"": 2}",1,0.5,14,1,1
SHAM,0.06666666666666667,00001garden|44|2|1,43,2,12,8,2,,,{},2,True,0,,00001garden,1,0.5,0.0,False,2,False,0.5,0.0,2,False,0,,"[8, 2]","{""0"": 8, ""1"": 2}",1,0.5,15,1,1
SHAM,0.07142857142857142,00001garden|44|2|1,43,2,13,8,2,,,{},2,True,0,,00001garden,1,0.5,0.0,False,2,False,0.5,0.0,2,False,0,,"[8, 2]","{""0"": 8, ""1"": 2}",1,0.5,14,1,1
SHAM,0.07142857142857142,00001garden|44|2|1,43,2,14,8,2,,,{},2,True,0,,00001garden,1,0.5,0.0,False,2,False,0.5,0.0,2,False,0,,"[8, 2]","{""0"": 8, ""1"": 2}",1,0.5,14,1,1
SHAM,0.06666666666666667,00001garden|44|2|1,43,2,15,8,2,,,{},2,True,0,,00001garden,1,0.5,0.0,False,2,False,0.5,0.0,2,False,0,,"[8, 2]","{""0"": 8, ""1"": 2}",1,0.5,15,1,1
SHAM,0.06666666666666667,00001garden|44|2|1,43,2,16,8,2,,,{},2,True,0,,00001garden,1,0.5,0.0,False,2,False,0.5,0.0,2,False,0,,"[8, 2]","{""0"": 8, ""1"": 2}",1,0.5,15,1,1
SHAM,0.0625,00001garden|44|2|1,43,2,17,8,2,,,{},2,True,0,,00001garden,1,0.5,0.0,False,2,False,0.5,0.0,2,False,0,,"[8, 2]","{""0"": 8, ""1"": 2}",1,0.5,16,1,1
SHAM,0.06666666666666667,00001garden|44|2|1,43,2,18,8,2,,,{},2,True,0,,00001garden,1,0.5,0.0,False,2,False,0.5,0.0,2,False,0,,"[8, 2]","{""0"": 8, ""1"": 2}",1,0.5,15,1,1
SHAM,0.0625,00001garden|44|2|1,43,2,19,8,2,,,{},2,True,0,,00001garden,1,0.5,0.0,False,2,False,0.5,0.0,2,False,0,,"[8, 2]","{""0"": 8, ""1"": 2}",1,0.5,16,1,1
SHAM,0.0625,00001garden|44|2|1,43,2,20,8,2,,,{},2,True,0,,00001garden,1,0.5,0.0,False,2,False,0.5,0.0,2,False,0,,"[8, 2]","{""0"": 8, ""1"": 2}",1,0.5,16,1,1
C1c-FULL-STATE-REPAIR,0.0,00001garden|44|2|1,43,2,1,8,2,,,"{""frame_view_failures"": [], ""frame_view_unique"": true, ""id_count_vs_id_reid"": {""2"": {""equal"": true, ""id_count_dict"": 67, ""id_reid_dict_len"": 67}, ""8"": {""equal"": true, ""id_count_dict"": 64, ""id_reid_dict_len"": 64}}, ""internal_history_counts"": {""2"": 20, ""8"": 40}, ""old_reids"": {""ids"": [], ""status"": ""not_present""}, ""public_history_unchanged"": true, ""state_after"": {""id_count_dict"": {""2"": 67, ""8"": 64}, ""id_reid_dict_len"": {""2"": 67, ""8"": 64}, ""old_reids_ids"": [], ""poss_ids"": [2, 8]}, ""state_before"": {""id_count_dict"": {""2"": 87, ""8"": 44}, ""id_reid_dict_len"": {""2"": 87, ""8"": 44}, ""old_reids_ids"": [], ""poss_ids"": [2, 8]}}",8,True,20,,00001garden,2,1.0,1.0,True,2,True,0.0,0.0,2,False,0,,"[8, 8]","{""0"": 8, ""1"": 8}",0,0.0,14,1,0
C1c-FULL-STATE-REPAIR,0.0,00001garden|44|2|1,43,2,2,8,2,,,"{""frame_view_failures"": [], ""frame_view_unique"": true, ""id_count_vs_id_reid"": {""2"": {""equal"": true, ""id_count_dict"": 67, ""id_reid_dict_len"": 67}, ""8"": {""equal"": true, ""id_count_dict"": 64, ""id_reid_dict_len"": 64}}, ""internal_history_counts"": {""2"": 20, ""8"": 40}, ""old_reids"": {""ids"": [], ""status"": ""not_present""}, ""public_history_unchanged"": true, ""state_after"": {""id_count_dict"": {""2"": 67, ""8"": 64}, ""id_reid_dict_len"": {""2"": 67, ""8"": 64}, ""old_reids_ids"": [], ""poss_ids"": [2, 8]}, ""state_before"": {""id_count_dict"": {""2"": 87, ""8"": 44}, ""id_reid_dict_len"": {""2"": 87, ""8"": 44}, ""old_reids_ids"": [], ""poss_ids"": [2, 8]}}",8,True,20,,00001garden,2,1.0,1.0,True,2,True,0.0,0.0,2,False,0,,"[8, 8]","{""0"": 8, ""1"": 8}",0,0.0,14,1,0
C1c-FULL-STATE-REPAIR,0.0,00001garden|44|2|1,43,2,3,8,2,,,"{""frame_view_failures"": [], ""frame_view_unique"": true, ""id_count_vs_id_reid"": {""2"": {""equal"": true, ""id_count_dict"": 67, ""id_reid_dict_len"": 67}, ""8"": {""equal"": true, ""id_count_dict"": 64, ""id_reid_dict_len"": 64}}, ""internal_history_counts"": {""2"": 20, ""8"": 40}, ""old_reids"": {""ids"": [], ""status"": ""not_present""}, ""public_history_unchanged"": true, ""state_after"": {""id_count_dict"": {""2"": 67, ""8"": 64}, ""id_reid_dict_len"": {""2"": 67, ""8"": 64}, ""old_reids_ids"": [], ""poss_ids"": [2, 8]}, ""state_before"": {""id_count_dict"": {""2"": 87, ""8"": 44}, ""id_reid_dict_len"": {""2"": 87, ""8"": 44}, ""old_reids_ids"": [], ""poss_ids"": [2, 8]}}",8,True,20,,00001garden,2,1.0,1.0,True,2,True,0.0,0.0,2,False,0,,"[8, 8]","{""0"": 8, ""1"": 8}",0,0.0,14,1,0
C1c-FULL-STATE-REPAIR,0.0,00001garden|44|2|1,43,2,4,8,2,,,"{""frame_view_failures"": [], ""frame_view_unique"": true, ""id_count_vs_id_reid"": {""2"": {""equal"": true, ""id_count_dict"": 67, ""id_reid_dict_len"": 67}, ""8"": {""equal"": true, ""id_count_dict"": 64, ""id_reid_dict_len"": 64}}, ""internal_history_counts"": {""2"": 20, ""8"": 40}, ""old_reids"": {""ids"": [], ""status"": ""not_present""}, ""public_history_unchanged"": true, ""state_after"": {""id_count_dict"": {""2"": 67, ""8"": 64}, ""id_reid_dict_len"": {""2"": 67, ""8"": 64}, ""old_reids_ids"": [], ""poss_ids"": [2, 8]}, ""state_before"": {""id_count_dict"": {""2"": 87, ""8"": 44}, ""id_reid_dict_len"": {""2"": 87, ""8"": 44}, ""old_reids_ids"": [], ""poss_ids"": [2, 8]}}",8,True,20,,00001garden,2,1.0,1.0,True,2,True,0.0,0.0,2,False,0,,"[8, 8]","{""0"": 8, ""1"": 8}",0,0.0,14,1,0
C1c-FULL-STATE-REPAIR,0.0,00001garden|44|2|1,43,2,5,8,2,,,"{""frame_view_failures"": [], ""frame_view_unique"": true, ""id_count_vs_id_reid"": {""2"": {""equal"": true, ""id_count_dict"": 67, ""id_reid_dict_len"": 67}, ""8"": {""equal"": true, ""id_count_dict"": 64, ""id_reid_dict_len"": 64}}, ""internal_history_counts"": {""2"": 20, ""8"": 40}, ""old_reids"": {""ids"": [], ""status"": ""not_present""}, ""public_history_unchanged"": true, ""state_after"": {""id_count_dict"": {""2"": 67, ""8"": 64}, ""id_reid_dict_len"": {""2"": 67, ""8"": 64}, ""old_reids_ids"": [], ""poss_ids"": [2, 8]}, ""state_before"": {""id_count_dict"": {""2"": 87, ""8"": 44}, ""id_reid_dict_len"": {""2"": 87, ""8"": 44}, ""old_reids_ids"": [], ""poss_ids"": [2, 8]}}",8,True,20,,00001garden,2,1.0,1.0,True,2,True,0.0,0.0,2,False,0,,"[8, 8]","{""0"": 8, ""1"": 8}",0,0.0,13,1,0
C1c-FULL-STATE-REPAIR,0.0,00001garden|44|2|1,43,2,6,8,2,,,"{""frame_view_failures"": [], ""frame_view_unique"": true, ""id_count_vs_id_reid"": {""2"": {""equal"": true, ""id_count_dict"": 67, ""id_reid_dict_len"": 67}, ""8"": {""equal"": true, ""id_count_dict"": 64, ""id_reid_dict_len"": 64}}, ""internal_history_counts"": {""2"": 20, ""8"": 40}, ""old_reids"": {""ids"": [], ""status"": ""not_present""}, ""public_history_unchanged"": true, ""state_after"": {""id_count_dict"": {""2"": 67, ""8"": 64}, ""id_reid_dict_len"": {""2"": 67, ""8"": 64}, ""old_reids_ids"": [], ""poss_ids"": [2, 8]}, ""state_before"": {""id_count_dict"": {""2"": 87, ""8"": 44}, ""id_reid_dict_len"": {""2"": 87, ""8"": 44}, ""old_reids_ids"": [], ""poss_ids"": [2, 8]}}",8,True,20,,00001garden,2,1.0,1.0,True,2,True,0.0,0.0,2,False,0,,"[8, 8]","{""0"": 8, ""1"": 8}",0,0.0,13,1,0
C1c-FULL-STATE-REPAIR,0.0,00001garden|44|2|1,43,2,7,8,2,,,"{""frame_view_failures"": [], ""frame_view_unique"": true, ""id_count_vs_id_reid"": {""2"": {""equal"": true, ""id_count_dict"": 67, ""id_reid_dict_len"": 67}, ""8"": {""equal"": true, ""id_count_dict"": 64, ""id_reid_dict_len"": 64}}, ""internal_history_counts"": {""2"": 20, ""8"": 40}, ""old_reids"": {""ids"": [], ""status"": ""not_present""}, ""public_history_unchanged"": true, ""state_after"": {""id_count_dict"": {""2"": 67, ""8"": 64}, ""id_reid_dict_len"": {""2"": 67, ""8"": 64}, ""old_reids_ids"": [], ""poss_ids"": [2, 8]}, ""state_before"": {""id_count_dict"": {""2"": 87, ""8"": 44}, ""id_reid_dict_len"": {""2"": 87, ""8"": 44}, ""old_reids_ids"": [], ""poss_ids"": [2, 8]}}",8,True,20,,00001garden,2,1.0,1.0,True,2,True,0.0,0.0,2,False,0,,"[8, 8]","{""0"": 8, ""1"": 8}",0,0.0,13,1,0
C1c-FULL-STATE-REPAIR,0.0,00001garden|44|2|1,43,2,8,8,2,,,"{""frame_view_failures"": [], ""frame_view_unique"": true, ""id_count_vs_id_reid"": {""2"": {""equal"": true, ""id_count_dict"": 67, ""id_reid_dict_len"": 67}, ""8"": {""equal"": true, ""id_count_dict"": 64, ""id_reid_dict_len"": 64}}, ""internal_history_counts"": {""2"": 20, ""8"": 40}, ""old_reids"": {""ids"": [], ""status"": ""not_present""}, ""public_history_unchanged"": true, ""state_after"": {""id_count_dict"": {""2"": 67, ""8"": 64}, ""id_reid_dict_len"": {""2"": 67, ""8"": 64}, ""old_reids_ids"": [], ""poss_ids"": [2, 8]}, ""state_before"": {""id_count_dict"": {""2"": 87, ""8"": 44}, ""id_reid_dict_len"": {""2"": 87, ""8"": 44}, ""old_reids_ids"": [], ""poss_ids"": [2, 8]}}",8,True,20,,00001garden,2,1.0,1.0,True,2,True,0.0,0.0,2,False,0,,"[8, 8]","{""0"": 8, ""1"": 8}",0,0.0,14,1,0
C1c-FULL-STATE-REPAIR,0.0,00001garden|44|2|1,43,2,9,8,2,,,"{""frame_view_failures"": [], ""frame_view_unique"": true, ""id_count_vs_id_reid"": {""2"": {""equal"": true, ""id_count_dict"": 67, ""id_reid_dict_len"": 67}, ""8"": {""equal"": true, ""id_count_dict"": 64, ""id_reid_dict_len"": 64}}, ""internal_history_counts"": {""2"": 20, ""8"": 40}, ""old_reids"": {""ids"": [], ""status"": ""not_present""}, ""public_history_unchanged"": true, ""state_after"": {""id_count_dict"": {""2"": 67, ""8"": 64}, ""id_reid_dict_len"": {""2"": 67, ""8"": 64}, ""old_reids_ids"": [], ""poss_ids"": [2, 8]}, ""state_before"": {""id_count_dict"": {""2"": 87, ""8"": 44}, ""id_reid_dict_len"": {""2"": 87, ""8"": 44}, ""old_reids_ids"": [], ""poss_ids"": [2, 8]}}",8,True,20,,00001garden,2,1.0,1.0,True,2,True,0.0,0.0,2,False,0,,"[8, 8]","{""0"": 8, ""1"": 8}",0,0.0,14,1,0
C1c-FULL-STATE-REPAIR,0.0,00001garden|44|2|1,43,2,10,8,2,,,"{""frame_view_failures"": [], ""frame_view_unique"": true, ""id_count_vs_id_reid"": {""2"": {""equal"": true, ""id_count_dict"": 67, ""id_reid_dict_len"": 67}, ""8"": {""equal"": true, ""id_count_dict"": 64, ""id_reid_dict_len"": 64}}, ""internal_history_counts"": {""2"": 20, ""8"": 40}, ""old_reids"": {""ids"": [], ""status"": ""not_present""}, ""public_history_unchanged"": true, ""state_after"": {""id_count_dict"": {""2"": 67, ""8"": 64}, ""id_reid_dict_len"": {""2"": 67, ""8"": 64}, ""old_reids_ids"": [], ""poss_ids"": [2, 8]}, ""state_before"": {""id_count_dict"": {""2"": 87, ""8"": 44}, ""id_reid_dict_len"": {""2"": 87, ""8"": 44}, ""old_reids_ids"": [], ""poss_ids"": [2, 8]}}",8,True,20,,00001garden,2,1.0,1.0,True,2,True,0.0,0.0,2,False,0,,"[8, 8]","{""0"": 8, ""1"": 8}",0,0.0,15,1,0
C1c-FULL-STATE-REPAIR,0.0,00001garden|44|2|1,43,2,11,8,2,,,"{""frame_view_failures"": [], ""frame_view_unique"": true, ""id_count_vs_id_reid"": {""2"": {""equal"": true, ""id_count_dict"": 67, ""id_reid_dict_len"": 67}, ""8"": {""equal"": true, ""id_count_dict"": 64, ""id_reid_dict_len"": 64}}, ""internal_history_counts"": {""2"": 20, ""8"": 40}, ""old_reids"": {""ids"": [], ""status"": ""not_present""}, ""public_history_unchanged"": true, ""state_after"": {""id_count_dict"": {""2"": 67, ""8"": 64}, ""id_reid_dict_len"": {""2"": 67, ""8"": 64}, ""old_reids_ids"": [], ""poss_ids"": [2, 8]}, ""state_before"": {""id_count_dict"": {""2"": 87, ""8"": 44}, ""id_reid_dict_len"": {""2"": 87, ""8"": 44}, ""old_reids_ids"": [], ""poss_ids"": [2, 8]}}",8,True,20,,00001garden,2,1.0,1.0,True,2,True,0.0,0.0,2,False,0,,"[8, 8]","{""0"": 8, ""1"": 8}",0,0.0,14,1,0
C1c-FULL-STATE-REPAIR,0.0,00001garden|44|2|1,43,2,12,8,2,,,"{""frame_view_failures"": [], ""frame_view_unique"": true, ""id_count_vs_id_reid"": {""2"": {""equal"": true, ""id_count_dict"": 67, ""id_reid_dict_len"": 67}, ""8"": {""equal"": true, ""id_count_dict"": 64, ""id_reid_dict_len"": 64}}, ""internal_history_counts"": {""2"": 20, ""8"": 40}, ""old_reids"": {""ids"": [], ""status"": ""not_present""}, ""public_history_unchanged"": true, ""state_after"": {""id_count_dict"": {""2"": 67, ""8"": 64}, ""id_reid_dict_len"": {""2"": 67, ""8"": 64}, ""old_reids_ids"": [], ""poss_ids"": [2, 8]}, ""state_before"": {""id_count_dict"": {""2"": 87, ""8"": 44}, ""id_reid_dict_len"": {""2"": 87, ""8"": 44}, ""old_reids_ids"": [], ""poss_ids"": [2, 8]}}",8,True,20,,00001garden,2,1.0,1.0,True,2,True,0.0,0.0,2,False,0,,"[8, 8]","{""0"": 8, ""1"": 8}",0,0.0,15,1,0
C1c-FULL-STATE-REPAIR,0.0,00001garden|44|2|1,43,2,13,8,2,,,"{""frame_view_failures"": [], ""frame_view_unique"": true, ""id_count_vs_id_reid"": {""2"": {""equal"": true, ""id_count_dict"": 67, ""id_reid_dict_len"": 67}, ""8"": {""equal"": true, ""id_count_dict"": 64, ""id_reid_dict_len"": 64}}, ""internal_history_counts"": {""2"": 20, ""8"": 40}, ""old_reids"": {""ids"": [], ""status"": ""not_present""}, ""public_history_unchanged"": true, ""state_after"": {""id_count_dict"": {""2"": 67, ""8"": 64}, ""id_reid_dict_len"": {""2"": 67, ""8"": 64}, ""old_reids_ids"": [], ""poss_ids"": [2, 8]}, ""state_before"": {""id_count_dict"": {""2"": 87, ""8"": 44}, ""id_reid_dict_len"": {""2"": 87, ""8"": 44}, ""old_reids_ids"": [], ""poss_ids"": [2, 8]}}",8,True,20,,00001garden,2,1.0,1.0,True,2,True,0.0,0.0,2,False,0,,"[8, 8]","{""0"": 8, ""1"": 8}",0,0.0,14,1,0
C1c-FULL-STATE-REPAIR,0.0,00001garden|44|2|1,43,2,14,8,2,,,"{""frame_view_failures"": [], ""frame_view_unique"": true, ""id_count_vs_id_reid"": {""2"": {""equal"": true, ""id_count_dict"": 67, ""id_reid_dict_len"": 67}, ""8"": {""equal"": true, ""id_count_dict"": 64, ""id_reid_dict_len"": 64}}, ""internal_history_counts"": {""2"": 20, ""8"": 40}, ""old_reids"": {""ids"": [], ""status"": ""not_present""}, ""public_history_unchanged"": true, ""state_after"": {""id_count_dict"": {""2"": 67, ""8"": 64}, ""id_reid_dict_len"": {""2"": 67, ""8"": 64}, ""old_reids_ids"": [], ""poss_ids"": [2, 8]}, ""state_before"": {""id_count_dict"": {""2"": 87, ""8"": 44}, ""id_reid_dict_len"": {""2"": 87, ""8"": 44}, ""old_reids_ids"": [], ""poss_ids"": [2, 8]}}",8,True,20,,00001garden,2,1.0,1.0,True,2,True,0.0,0.0,2,False,0,,"[8, 8]","{""0"": 8, ""1"": 8}",0,0.0,14,1,0
C1c-FULL-STATE-REPAIR,0.0,00001garden|44|2|1,43,2,15,8,2,,,"{""frame_view_failures"": [], ""frame_view_unique"": true, ""id_count_vs_id_reid"": {""2"": {""equal"": true, ""id_count_dict"": 67, ""id_reid_dict_len"": 67}, ""8"": {""equal"": true, ""id_count_dict"": 64, ""id_reid_dict_len"": 64}}, ""internal_history_counts"": {""2"": 20, ""8"": 40}, ""old_reids"": {""ids"": [], ""status"": ""not_present""}, ""public_history_unchanged"": true, ""state_after"": {""id_count_dict"": {""2"": 67, ""8"": 64}, ""id_reid_dict_len"": {""2"": 67, ""8"": 64}, ""old_reids_ids"": [], ""poss_ids"": [2, 8]}, ""state_before"": {""id_count_dict"": {""2"": 87, ""8"": 44}, ""id_reid_dict_len"": {""2"": 87, ""8"": 44}, ""old_reids_ids"": [], ""poss_ids"": [2, 8]}}",8,True,20,,00001garden,2,1.0,1.0,True,2,True,0.0,0.0,2,False,0,,"[8, 8]","{""0"": 8, ""1"": 8}",0,0.0,15,1,0
C1c-FULL-STATE-REPAIR,0.0,00001garden|44|2|1,43,2,16,8,2,,,"{""frame_view_failures"": [], ""frame_view_unique"": true, ""id_count_vs_id_reid"": {""2"": {""equal"": true, ""id_count_dict"": 67, ""id_reid_dict_len"": 67}, ""8"": {""equal"": true, ""id_count_dict"": 64, ""id_reid_dict_len"": 64}}, ""internal_history_counts"": {""2"": 20, ""8"": 40}, ""old_reids"": {""ids"": [], ""status"": ""not_present""}, ""public_history_unchanged"": true, ""state_after"": {""id_count_dict"": {""2"": 67, ""8"": 64}, ""id_reid_dict_len"": {""2"": 67, ""8"": 64}, ""old_reids_ids"": [], ""poss_ids"": [2, 8]}, ""state_before"": {""id_count_dict"": {""2"": 87, ""8"": 44}, ""id_reid_dict_len"": {""2"": 87, ""8"": 44}, ""old_reids_ids"": [], ""poss_ids"": [2, 8]}}",8,True,20,,00001garden,2,1.0,1.0,True,2,True,0.0,0.0,2,False,0,,"[8, 8]","{""0"": 8, ""1"": 8}",0,0.0,15,1,0
C1c-FULL-STATE-REPAIR,0.0,00001garden|44|2|1,43,2,17,8,2,,,"{""frame_view_failures"": [], ""frame_view_unique"": true, ""id_count_vs_id_reid"": {""2"": {""equal"": true, ""id_count_dict"": 67, ""id_reid_dict_len"": 67}, ""8"": {""equal"": true, ""id_count_dict"": 64, ""id_reid_dict_len"": 64}}, ""internal_history_counts"": {""2"": 20, ""8"": 40}, ""old_reids"": {""ids"": [], ""status"": ""not_present""}, ""public_history_unchanged"": true, ""state_after"": {""id_count_dict"": {""2"": 67, ""8"": 64}, ""id_reid_dict_len"": {""2"": 67, ""8"": 64}, ""old_reids_ids"": [], ""poss_ids"": [2, 8]}, ""state_before"": {""id_count_dict"": {""2"": 87, ""8"": 44}, ""id_reid_dict_len"": {""2"": 87, ""8"": 44}, ""old_reids_ids"": [], ""poss_ids"": [2, 8]}}",8,True,20,,00001garden,2,1.0,1.0,True,2,True,0.0,0.0,2,False,0,,"[8, 8]","{""0"": 8, ""1"": 8}",0,0.0,16,1,0
C1c-FULL-STATE-REPAIR,0.0,00001garden|44|2|1,43,2,18,8,2,,,"{""frame_view_failures"": [], ""frame_view_unique"": true, ""id_count_vs_id_reid"": {""2"": {""equal"": true, ""id_count_dict"": 67, ""id_reid_dict_len"": 67}, ""8"": {""equal"": true, ""id_count_dict"": 64, ""id_reid_dict_len"": 64}}, ""internal_history_counts"": {""2"": 20, ""8"": 40}, ""old_reids"": {""ids"": [], ""status"": ""not_present""}, ""public_history_unchanged"": true, ""state_after"": {""id_count_dict"": {""2"": 67, ""8"": 64}, ""id_reid_dict_len"": {""2"": 67, ""8"": 64}, ""old_reids_ids"": [], ""poss_ids"": [2, 8]}, ""state_before"": {""id_count_dict"": {""2"": 87, ""8"": 44}, ""id_reid_dict_len"": {""2"": 87, ""8"": 44}, ""old_reids_ids"": [], ""poss_ids"": [2, 8]}}",8,True,20,,00001garden,2,1.0,1.0,True,2,True,0.0,0.0,2,False,0,,"[8, 8]","{""0"": 8, ""1"": 8}",0,0.0,15,1,0
C1c-FULL-STATE-REPAIR,0.0,00001garden|44|2|1,43,2,19,8,2,,,"{""frame_view_failures"": [], ""frame_view_unique"": true, ""id_count_vs_id_reid"": {""2"": {""equal"": true, ""id_count_dict"": 67, ""id_reid_dict_len"": 67}, ""8"": {""equal"": true, ""id_count_dict"": 64, ""id_reid_dict_len"": 64}}, ""internal_history_counts"": {""2"": 20, ""8"": 40}, ""old_reids"": {""ids"": [], ""status"": ""not_present""}, ""public_history_unchanged"": true, ""state_after"": {""id_count_dict"": {""2"": 67, ""8"": 64}, ""id_reid_dict_len"": {""2"": 67, ""8"": 64}, ""old_reids_ids"": [], ""poss_ids"": [2, 8]}, ""state_before"": {""id_count_dict"": {""2"": 87, ""8"": 44}, ""id_reid_dict_len"": {""2"": 87, ""8"": 44}, ""old_reids_ids"": [], ""poss_ids"": [2, 8]}}",8,True,20,,00001garden,2,1.0,1.0,True,2,True,0.0,0.0,2,False,0,,"[8, 8]","{""0"": 8, ""1"": 8}",0,0.0,16,1,0
C1c-FULL-STATE-REPAIR,0.0,00001garden|44|2|1,43,2,20,8,2,,,"{""frame_view_failures"": [], ""frame_view_unique"": true, ""id_count_vs_id_reid"": {""2"": {""equal"": true, ""id_count_dict"": 67, ""id_reid_dict_len"": 67}, ""8"": {""equal"": true, ""id_count_dict"": 64, ""id_reid_dict_len"": 64}}, ""internal_history_counts"": {""2"": 20, ""8"": 40}, ""old_reids"": {""ids"": [], ""status"": ""not_present""}, ""public_history_unchanged"": true, ""state_after"": {""id_count_dict"": {""2"": 67, ""8"": 64}, ""id_reid_dict_len"": {""2"": 67, ""8"": 64}, ""old_reids_ids"": [], ""poss_ids"": [2, 8]}, ""state_before"": {""id_count_dict"": {""2"": 87, ""8"": 44}, ""id_reid_dict_len"": {""2"": 87, ""8"": 44}, ""old_reids_ids"": [], ""poss_ids"": [2, 8]}}",8,True,20,,00001garden,2,1.0,1.0,True,2,True,0.0,0.0,2,False,0,,"[8, 8]","{""0"": 8, ""1"": 8}",0,0.0,16,1,0
_META,,00001garden|44|2|1,43,2,0,,,omitted_for_runtime,omitted_for_runtime,,,,,,00001garden,,,,,,,,,,,,,,,,,,1,
SHAM,0.0625,00001garden|65|2|1,64,2,1,8,2,,,{},2,True,0,,00001garden,1,0.5,0.0,False,2,False,0.5,0.0,2,False,0,,"[8, 2]","{""0"": 8, ""1"": 2}",1,0.5,16,1,1
SHAM,0.0625,00001garden|65|2|1,64,2,2,8,2,,,{},2,True,0,,00001garden,1,0.5,0.0,False,2,False,0.5,0.0,2,False,0,,"[8, 2]","{""0"": 8, ""1"": 2}",1,0.5,16,1,1
SHAM,0.0625,00001garden|65|2|1,64,2,3,8,2,,,{},2,True,0,,00001garden,1,0.5,0.0,False,2,False,0.5,0.0,2,False,0,,"[8, 2]","{""0"": 8, ""1"": 2}",1,0.5,16,1,1
SHAM,0.0625,00001garden|65|2|1,64,2,4,8,2,,,{},2,True,0,,00001garden,1,0.5,0.0,False,2,False,0.5,0.0,2,False,0,,"[8, 2]","{""0"": 8, ""1"": 2}",1,0.5,16,1,1
SHAM,0.0625,00001garden|65|2|1,64,2,5,8,2,,,{},2,True,0,,00001garden,1,0.5,0.0,False,2,False,0.5,0.0,2,False,0,,"[8, 2]","{""0"": 8, ""1"": 2}",1,0.5,16,1,1
SHAM,0.0625,00001garden|65|2|1,64,2,6,8,2,,,{},2,True,0,,00001garden,1,0.5,0.0,False,2,False,0.5,0.0,2,False,0,,"[8, 2]","{""0"": 8, ""1"": 2}",1,0.5,16,1,1
SHAM,0.0625,00001garden|65|2|1,64,2,7,8,2,,,{},2,True,0,,00001garden,1,0.5,0.0,False,2,False,0.5,0.0,2,False,0,,"[8, 2]","{""0"": 8, ""1"": 2}",1,0.5,16,1,1
SHAM,0.0625,00001garden|65|2|1,64,2,8,8,2,,,{},2,True,0,,00001garden,1,0.5,0.0,False,2,False,0.5,0.0,2,False,0,,"[8, 2]","{""0"": 8, ""1"": 2}",1,0.5,16,1,1
SHAM,0.0625,00001garden|65|2|1,64,2,9,8,2,,,{},2,True,0,,00001garden,1,0.5,0.0,False,2,False,0.5,0.0,2,False,0,,"[8, 2]","{""0"": 8, ""1"": 2}",1,0.5,16,1,1
SHAM,0.0625,00001garden|65|2|1,64,2,10,8,2,,,{},2,True,0,,00001garden,1,0.5,0.0,False,2,False,0.5,0.0,2,False,0,,"[8, 2]","{""0"": 8, ""1"": 2}",1,0.5,16,1,1
SHAM,0.0625,00001garden|65|2|1,64,2,11,8,2,,,{},2,True,0,,00001garden,1,0.5,0.0,False,2,False,0.5,0.0,2,False,0,,"[8, 2]","{""0"": 8, ""1"": 2}",1,0.5,16,1,1
SHAM,0.0625,00001garden|65|2|1,64,2,12,8,2,,,{},2,True,0,,00001garden,2,1.0,1.0,True,2,True,0.0,0.0,2,False,0,,"[8, 8]","{""0"": 8, ""1"": 8}",0,0.0,16,1,1
SHAM,0.0,00001garden|65|2|1,64,2,13,8,2,,,{},2,True,0,,00001garden,2,1.0,1.0,True,2,True,0.0,0.0,2,False,0,,"[8, 8]","{""0"": 8, ""1"": 8}",0,0.0,16,1,0
SHAM,0.0,00001garden|65|2|1,64,2,14,8,2,,,{},2,True,0,,00001garden,2,1.0,1.0,True,2,True,0.0,0.0,2,False,0,,"[8, 8]","{""0"": 8, ""1"": 8}",0,0.0,17,1,0
SHAM,0.0,00001garden|65|2|1,64,2,15,8,2,,,{},2,True,0,,00001garden,2,1.0,1.0,True,2,True,0.0,0.0,2,False,0,,"[8, 8]","{""0"": 8, ""1"": 8}",0,0.0,16,1,0
SHAM,0.0,00001garden|65|2|1,64,2,16,8,2,,,{},2,True,0,,00001garden,2,1.0,1.0,True,2,True,0.0,0.0,2,False,0,,"[8, 8]","{""0"": 8, ""1"": 8}",0,0.0,17,1,0
SHAM,0.0,00001garden|65|2|1,64,2,17,8,2,,,{},2,True,0,,00001garden,2,1.0,1.0,True,2,True,0.0,0.0,2,False,0,,"[8, 8]","{""0"": 8, ""1"": 8}",0,0.0,17,1,0
SHAM,0.0,00001garden|65|2|1,64,2,18,8,2,,,{},2,True,0,,00001garden,2,1.0,1.0,True,2,True,0.0,0.0,2,False,0,,"[8, 8]","{""0"": 8, ""1"": 8}",0,0.0,17,1,0
SHAM,0.0625,00001garden|65|2|1,64,2,19,8,2,,,{},2,True,0,,00001garden,2,1.0,1.0,True,2,True,0.0,0.0,2,False,0,,"[8, 8]","{""0"": 8, ""1"": 8}",0,0.0,16,1,1
SHAM,0.0,00001garden|65|2|1,64,2,20,8,2,,,{},2,True,0,,00001garden,2,1.0,1.0,True,2,True,0.0,0.0,2,False,0,,"[8, 8]","{""0"": 8, ""1"": 8}",0,0.0,17,1,0
C1c-FULL-STATE-REPAIR,0.0,00001garden|65|2|1,64,2,1,8,2,,,"{""frame_view_failures"": [], ""frame_view_unique"": true, ""id_count_vs_id_reid"": {""2"": {""equal"": true, ""id_count_dict"": 109, ""id_reid_dict_len"": 109}, ""8"": {""equal"": true, ""id_count_dict"": 85, ""id_reid_dict_len"": 85}}, ""internal_history_counts"": {""2"": 20, ""8"": 40}, ""old_reids"": {""ids"": [], ""status"": ""not_present""}, ""public_history_unchanged"": true, ""state_after"": {""id_count_dict"": {""2"": 109, ""8"": 85}, ""id_reid_dict_len"": {""2"": 109, ""8"": 85}, ""old_reids_ids"": [], ""poss_ids"": [2, 8]}, ""state_before"": {""id_count_dict"": {""2"": 129, ""8"": 65}, ""id_reid_dict_len"": {""2"": 129, ""8"": 65}, ""old_reids_ids"": [], ""poss_ids"": [2, 8]}}",8,True,20,,00001garden,2,1.0,1.0,True,2,True,0.0,0.0,2,False,0,,"[8, 8]","{""0"": 8, ""1"": 8}",0,0.0,16,1,0
C1c-FULL-STATE-REPAIR,0.0,00001garden|65|2|1,64,2,2,8,2,,,"{""frame_view_failures"": [], ""frame_view_unique"": true, ""id_count_vs_id_reid"": {""2"": {""equal"": true, ""id_count_dict"": 109, ""id_reid_dict_len"": 109}, ""8"": {""equal"": true, ""id_count_dict"": 85, ""id_reid_dict_len"": 85}}, ""internal_history_counts"": {""2"": 20, ""8"": 40}, ""old_reids"": {""ids"": [], ""status"": ""not_present""}, ""public_history_unchanged"": true, ""state_after"": {""id_count_dict"": {""2"": 109, ""8"": 85}, ""id_reid_dict_len"": {""2"": 109, ""8"": 85}, ""old_reids_ids"": [], ""poss_ids"": [2, 8]}, ""state_before"": {""id_count_dict"": {""2"": 129, ""8"": 65}, ""id_reid_dict_len"": {""2"": 129, ""8"": 65}, ""old_reids_ids"": [], ""poss_ids"": [2, 8]}}",8,True,20,,00001garden,2,1.0,1.0,True,2,True,0.0,0.0,2,False,0,,"[8, 8]","{""0"": 8, ""1"": 8}",0,0.0,16,1,0
C1c-FULL-STATE-REPAIR,0.0,00001garden|65|2|1,64,2,3,8,2,,,"{""frame_view_failures"": [], ""frame_view_unique"": true, ""id_count_vs_id_reid"": {""2"": {""equal"": true, ""id_count_dict"": 109, ""id_reid_dict_len"": 109}, ""8"": {""equal"": true, ""id_count_dict"": 85, ""id_reid_dict_len"": 85}}, ""internal_history_counts"": {""2"": 20, ""8"": 40}, ""old_reids"": {""ids"": [], ""status"": ""not_present""}, ""public_history_unchanged"": true, ""state_after"": {""id_count_dict"": {""2"": 109, ""8"": 85}, ""id_reid_dict_len"": {""2"": 109, ""8"": 85}, ""old_reids_ids"": [], ""poss_ids"": [2, 8]}, ""state_before"": {""id_count_dict"": {""2"": 129, ""8"": 65}, ""id_reid_dict_len"": {""2"": 129, ""8"": 65}, ""old_reids_ids"": [], ""poss_ids"": [2, 8]}}",8,True,20,,00001garden,2,1.0,1.0,True,2,True,0.0,0.0,2,False,0,,"[8, 8]","{""0"": 8, ""1"": 8}",0,0.0,16,1,0
C1c-FULL-STATE-REPAIR,0.0,00001garden|65|2|1,64,2,4,8,2,,,"{""frame_view_failures"": [], ""frame_view_unique"": true, ""id_count_vs_id_reid"": {""2"": {""equal"": true, ""id_count_dict"": 109, ""id_reid_dict_len"": 109}, ""8"": {""equal"": true, ""id_count_dict"": 85, ""id_reid_dict_len"": 85}}, ""internal_history_counts"": {""2"": 20, ""8"": 40}, ""old_reids"": {""ids"": [], ""status"": ""not_present""}, ""public_history_unchanged"": true, ""state_after"": {""id_count_dict"": {""2"": 109, ""8"": 85}, ""id_reid_dict_len"": {""2"": 109, ""8"": 85}, ""old_reids_ids"": [], ""poss_ids"": [2, 8]}, ""state_before"": {""id_count_dict"": {""2"": 129, ""8"": 65}, ""id_reid_dict_len"": {""2"": 129, ""8"": 65}, ""old_reids_ids"": [], ""poss_ids"": [2, 8]}}",8,True,20,,00001garden,2,1.0,1.0,True,2,True,0.0,0.0,2,False,0,,"[8, 8]","{""0"": 8, ""1"": 8}",0,0.0,16,1,0
C1c-FULL-STATE-REPAIR,0.0,00001garden|65|2|1,64,2,5,8,2,,,"{""frame_view_failures"": [], ""frame_view_unique"": true, ""id_count_vs_id_reid"": {""2"": {""equal"": true, ""id_count_dict"": 109, ""id_reid_dict_len"": 109}, ""8"": {""equal"": true, ""id_count_dict"": 85, ""id_reid_dict_len"": 85}}, ""internal_history_counts"": {""2"": 20, ""8"": 40}, ""old_reids"": {""ids"": [], ""status"": ""not_present""}, ""public_history_unchanged"": true, ""state_after"": {""id_count_dict"": {""2"": 109, ""8"": 85}, ""id_reid_dict_len"": {""2"": 109, ""8"": 85}, ""old_reids_ids"": [], ""poss_ids"": [2, 8]}, ""state_before"": {""id_count_dict"": {""2"": 129, ""8"": 65}, ""id_reid_dict_len"": {""2"": 129, ""8"": 65}, ""old_reids_ids"": [], ""poss_ids"": [2, 8]}}",8,True,20,,00001garden,2,1.0,1.0,True,2,True,0.0,0.0,2,False,0,,"[8, 8]","{""0"": 8, ""1"": 8}",0,0.0,16,1,0
C1c-FULL-STATE-REPAIR,0.0,00001garden|65|2|1,64,2,6,8,2,,,"{""frame_view_failures"": [], ""frame_view_unique"": true, ""id_count_vs_id_reid"": {""2"": {""equal"": true, ""id_count_dict"": 109, ""id_reid_dict_len"": 109}, ""8"": {""equal"": true, ""id_count_dict"": 85, ""id_reid_dict_len"": 85}}, ""internal_history_counts"": {""2"": 20, ""8"": 40}, ""old_reids"": {""ids"": [], ""status"": ""not_present""}, ""public_history_unchanged"": true, ""state_after"": {""id_count_dict"": {""2"": 109, ""8"": 85}, ""id_reid_dict_len"": {""2"": 109, ""8"": 85}, ""old_reids_ids"": [], ""poss_ids"": [2, 8]}, ""state_before"": {""id_count_dict"": {""2"": 129, ""8"": 65}, ""id_reid_dict_len"": {""2"": 129, ""8"": 65}, ""old_reids_ids"": [], ""poss_ids"": [2, 8]}}",8,True,20,,00001garden,2,1.0,1.0,True,2,True,0.0,0.0,2,False,0,,"[8, 8]","{""0"": 8, ""1"": 8}",0,0.0,16,1,0
C1c-FULL-STATE-REPAIR,0.0,00001garden|65|2|1,64,2,7,8,2,,,"{""frame_view_failures"": [], ""frame_view_unique"": true, ""id_count_vs_id_reid"": {""2"": {""equal"": true, ""id_count_dict"": 109, ""id_reid_dict_len"": 109}, ""8"": {""equal"": true, ""id_count_dict"": 85, ""id_reid_dict_len"": 85}}, ""internal_history_counts"": {""2"": 20, ""8"": 40}, ""old_reids"": {""ids"": [], ""status"": ""not_present""}, ""public_history_unchanged"": true, ""state_after"": {""id_count_dict"": {""2"": 109, ""8"": 85}, ""id_reid_dict_len"": {""2"": 109, ""8"": 85}, ""old_reids_ids"": [], ""poss_ids"": [2, 8]}, ""state_before"": {""id_count_dict"": {""2"": 129, ""8"": 65}, ""id_reid_dict_len"": {""2"": 129, ""8"": 65}, ""old_reids_ids"": [], ""poss_ids"": [2, 8]}}",8,True,20,,00001garden,2,1.0,1.0,True,2,True,0.0,0.0,2,False,0,,"[8, 8]","{""0"": 8, ""1"": 8}",0,0.0,16,1,0
C1c-FULL-STATE-REPAIR,0.0,00001garden|65|2|1,64,2,8,8,2,,,"{""frame_view_failures"": [], ""frame_view_unique"": true, ""id_count_vs_id_reid"": {""2"": {""equal"": true, ""id_count_dict"": 109, ""id_reid_dict_len"": 109}, ""8"": {""equal"": true, ""id_count_dict"": 85, ""id_reid_dict_len"": 85}}, ""internal_history_counts"": {""2"": 20, ""8"": 40}, ""old_reids"": {""ids"": [], ""status"": ""not_present""}, ""public_history_unchanged"": true, ""state_after"": {""id_count_dict"": {""2"": 109, ""8"": 85}, ""id_reid_dict_len"": {""2"": 109, ""8"": 85}, ""old_reids_ids"": [], ""poss_ids"": [2, 8]}, ""state_before"": {""id_count_dict"": {""2"": 129, ""8"": 65}, ""id_reid_dict_len"": {""2"": 129, ""8"": 65}, ""old_reids_ids"": [], ""poss_ids"": [2, 8]}}",8,True,20,,00001garden,2,1.0,1.0,True,2,True,0.0,0.0,2,False,0,,"[8, 8]","{""0"": 8, ""1"": 8}",0,0.0,16,1,0
C1c-FULL-STATE-REPAIR,0.0,00001garden|65|2|1,64,2,9,8,2,,,"{""frame_view_failures"": [], ""frame_view_unique"": true, ""id_count_vs_id_reid"": {""2"": {""equal"": true, ""id_count_dict"": 109, ""id_reid_dict_len"": 109}, ""8"": {""equal"": true, ""id_count_dict"": 85, ""id_reid_dict_len"": 85}}, ""internal_history_counts"": {""2"": 20, ""8"": 40}, ""old_reids"": {""ids"": [], ""status"": ""not_present""}, ""public_history_unchanged"": true, ""state_after"": {""id_count_dict"": {""2"": 109, ""8"": 85}, ""id_reid_dict_len"": {""2"": 109, ""8"": 85}, ""old_reids_ids"": [], ""poss_ids"": [2, 8]}, ""state_before"": {""id_count_dict"": {""2"": 129, ""8"": 65}, ""id_reid_dict_len"": {""2"": 129, ""8"": 65}, ""old_reids_ids"": [], ""poss_ids"": [2, 8]}}",8,True,20,,00001garden,2,1.0,1.0,True,2,True,0.0,0.0,2,False,0,,"[8, 8]","{""0"": 8, ""1"": 8}",0,0.0,16,1,0
C1c-FULL-STATE-REPAIR,0.0,00001garden|65|2|1,64,2,10,8,2,,,"{""frame_view_failures"": [], ""frame_view_unique"": true, ""id_count_vs_id_reid"": {""2"": {""equal"": true, ""id_count_dict"": 109, ""id_reid_dict_len"": 109}, ""8"": {""equal"": true, ""id_count_dict"": 85, ""id_reid_dict_len"": 85}}, ""internal_history_counts"": {""2"": 20, ""8"": 40}, ""old_reids"": {""ids"": [], ""status"": ""not_present""}, ""public_history_unchanged"": true, ""state_after"": {""id_count_dict"": {""2"": 109, ""8"": 85}, ""id_reid_dict_len"": {""2"": 109, ""8"": 85}, ""old_reids_ids"": [], ""poss_ids"": [2, 8]}, ""state_before"": {""id_count_dict"": {""2"": 129, ""8"": 65}, ""id_reid_dict_len"": {""2"": 129, ""8"": 65}, ""old_reids_ids"": [], ""poss_ids"": [2, 8]}}",8,True,20,,00001garden,2,1.0,1.0,True,2,True,0.0,0.0,2,False,0,,"[8, 8]","{""0"": 8, ""1"": 8}",0,0.0,16,1,0
C1c-FULL-STATE-REPAIR,0.0,00001garden|65|2|1,64,2,11,8,2,,,"{""frame_view_failures"": [], ""frame_view_unique"": true, ""id_count_vs_id_reid"": {""2"": {""equal"": true, ""id_count_dict"": 109, ""id_reid_dict_len"": 109}, ""8"": {""equal"": true, ""id_count_dict"": 85, ""id_reid_dict_len"": 85}}, ""internal_history_counts"": {""2"": 20, ""8"": 40}, ""old_reids"": {""ids"": [], ""status"": ""not_present""}, ""public_history_unchanged"": true, ""state_after"": {""id_count_dict"": {""2"": 109, ""8"": 85}, ""id_reid_dict_len"": {""2"": 109, ""8"": 85}, ""old_reids_ids"": [], ""poss_ids"": [2, 8]}, ""state_before"": {""id_count_dict"": {""2"": 129, ""8"": 65}, ""id_reid_dict_len"": {""2"": 129, ""8"": 65}, ""old_reids_ids"": [], ""poss_ids"": [2, 8]}}",8,True,20,,00001garden,2,1.0,1.0,True,2,True,0.0,0.0,2,False,0,,"[8, 8]","{""0"": 8, ""1"": 8}",0,0.0,16,1,0
C1c-FULL-STATE-REPAIR,0.0,00001garden|65|2|1,64,2,12,8,2,,,"{""frame_view_failures"": [], ""frame_view_unique"": true, ""id_count_vs_id_reid"": {""2"": {""equal"": true, ""id_count_dict"": 109, ""id_reid_dict_len"": 109}, ""8"": {""equal"": true, ""id_count_dict"": 85, ""id_reid_dict_len"": 85}}, ""internal_history_counts"": {""2"": 20, ""8"": 40}, ""old_reids"": {""ids"": [], ""status"": ""not_present""}, ""public_history_unchanged"": true, ""state_after"": {""id_count_dict"": {""2"": 109, ""8"": 85}, ""id_reid_dict_len"": {""2"": 109, ""8"": 85}, ""old_reids_ids"": [], ""poss_ids"": [2, 8]}, ""state_before"": {""id_count_dict"": {""2"": 129, ""8"": 65}, ""id_reid_dict_len"": {""2"": 129, ""8"": 65}, ""old_reids_ids"": [], ""poss_ids"": [2, 8]}}",8,True,20,,00001garden,2,1.0,1.0,True,2,True,0.0,0.0,2,False,0,,"[8, 8]","{""0"": 8, ""1"": 8}",0,0.0,16,1,0
C1c-FULL-STATE-REPAIR,0.0,00001garden|65|2|1,64,2,13,8,2,,,"{""frame_view_failures"": [], ""frame_view_unique"": true, ""id_count_vs_id_reid"": {""2"": {""equal"": true, ""id_count_dict"": 109, ""id_reid_dict_len"": 109}, ""8"": {""equal"": true, ""id_count_dict"": 85, ""id_reid_dict_len"": 85}}, ""internal_history_counts"": {""2"": 20, ""8"": 40}, ""old_reids"": {""ids"": [], ""status"": ""not_present""}, ""public_history_unchanged"": true, ""state_after"": {""id_count_dict"": {""2"": 109, ""8"": 85}, ""id_reid_dict_len"": {""2"": 109, ""8"": 85}, ""old_reids_ids"": [], ""poss_ids"": [2, 8]}, ""state_before"": {""id_count_dict"": {""2"": 129, ""8"": 65}, ""id_reid_dict_len"": {""2"": 129, ""8"": 65}, ""old_reids_ids"": [], ""poss_ids"": [2, 8]}}",8,True,20,,00001garden,2,1.0,1.0,True,2,True,0.0,0.0,2,False,0,,"[8, 8]","{""0"": 8, ""1"": 8}",0,0.0,16,1,0
C1c-FULL-STATE-REPAIR,0.0,00001garden|65|2|1,64,2,14,8,2,,,"{""frame_view_failures"": [], ""frame_view_unique"": true, ""id_count_vs_id_reid"": {""2"": {""equal"": true, ""id_count_dict"": 109, ""id_reid_dict_len"": 109}, ""8"": {""equal"": true, ""id_count_dict"": 85, ""id_reid_dict_len"": 85}}, ""internal_history_counts"": {""2"": 20, ""8"": 40}, ""old_reids"": {""ids"": [], ""status"": ""not_present""}, ""public_history_unchanged"": true, ""state_after"": {""id_count_dict"": {""2"": 109, ""8"": 85}, ""id_reid_dict_len"": {""2"": 109, ""8"": 85}, ""old_reids_ids"": [], ""poss_ids"": [2, 8]}, ""state_before"": {""id_count_dict"": {""2"": 129, ""8"": 65}, ""id_reid_dict_len"": {""2"": 129, ""8"": 65}, ""old_reids_ids"": [], ""poss_ids"": [2, 8]}}",8,True,20,,00001garden,2,1.0,1.0,True,2,True,0.0,0.0,2,False,0,,"[8, 8]","{""0"": 8, ""1"": 8}",0,0.0,17,1,0
C1c-FULL-STATE-REPAIR,0.0,00001garden|65|2|1,64,2,15,8,2,,,"{""frame_view_failures"": [], ""frame_view_unique"": true, ""id_count_vs_id_reid"": {""2"": {""equal"": true, ""id_count_dict"": 109, ""id_reid_dict_len"": 109}, ""8"": {""equal"": true, ""id_count_dict"": 85, ""id_reid_dict_len"": 85}}, ""internal_history_counts"": {""2"": 20, ""8"": 40}, ""old_reids"": {""ids"": [], ""status"": ""not_present""}, ""public_history_unchanged"": true, ""state_after"": {""id_count_dict"": {""2"": 109, ""8"": 85}, ""id_reid_dict_len"": {""2"": 109, ""8"": 85}, ""old_reids_ids"": [], ""poss_ids"": [2, 8]}, ""state_before"": {""id_count_dict"": {""2"": 129, ""8"": 65}, ""id_reid_dict_len"": {""2"": 129, ""8"": 65}, ""old_reids_ids"": [], ""poss_ids"": [2, 8]}}",8,True,20,,00001garden,2,1.0,1.0,True,2,True,0.0,0.0,2,False,0,,"[8, 8]","{""0"": 8, ""1"": 8}",0,0.0,16,1,0
C1c-FULL-STATE-REPAIR,0.0,00001garden|65|2|1,64,2,16,8,2,,,"{""frame_view_failures"": [], ""frame_view_unique"": true, ""id_count_vs_id_reid"": {""2"": {""equal"": true, ""id_count_dict"": 109, ""id_reid_dict_len"": 109}, ""8"": {""equal"": true, ""id_count_dict"": 85, ""id_reid_dict_len"": 85}}, ""internal_history_counts"": {""2"": 20, ""8"": 40}, ""old_reids"": {""ids"": [], ""status"": ""not_present""}, ""public_history_unchanged"": true, ""state_after"": {""id_count_dict"": {""2"": 109, ""8"": 85}, ""id_reid_dict_len"": {""2"": 109, ""8"": 85}, ""old_reids_ids"": [], ""poss_ids"": [2, 8]}, ""state_before"": {""id_count_dict"": {""2"": 129, ""8"": 65}, ""id_reid_dict_len"": {""2"": 129, ""8"": 65}, ""old_reids_ids"": [], ""poss_ids"": [2, 8]}}",8,True,20,,00001garden,2,1.0,1.0,True,2,True,0.0,0.0,2,False,0,,"[8, 8]","{""0"": 8, ""1"": 8}",0,0.0,17,1,0
C1c-FULL-STATE-REPAIR,0.0,00001garden|65|2|1,64,2,17,8,2,,,"{""frame_view_failures"": [], ""frame_view_unique"": true, ""id_count_vs_id_reid"": {""2"": {""equal"": true, ""id_count_dict"": 109, ""id_reid_dict_len"": 109}, ""8"": {""equal"": true, ""id_count_dict"": 85, ""id_reid_dict_len"": 85}}, ""internal_history_counts"": {""2"": 20, ""8"": 40}, ""old_reids"": {""ids"": [], ""status"": ""not_present""}, ""public_history_unchanged"": true, ""state_after"": {""id_count_dict"": {""2"": 109, ""8"": 85}, ""id_reid_dict_len"": {""2"": 109, ""8"": 85}, ""old_reids_ids"": [], ""poss_ids"": [2, 8]}, ""state_before"": {""id_count_dict"": {""2"": 129, ""8"": 65}, ""id_reid_dict_len"": {""2"": 129, ""8"": 65}, ""old_reids_ids"": [], ""poss_ids"": [2, 8]}}",8,True,20,,00001garden,2,1.0,1.0,True,2,True,0.0,0.0,2,False,0,,"[8, 8]","{""0"": 8, ""1"": 8}",0,0.0,17,1,0
C1c-FULL-STATE-REPAIR,0.0,00001garden|65|2|1,64,2,18,8,2,,,"{""frame_view_failures"": [], ""frame_view_unique"": true, ""id_count_vs_id_reid"": {""2"": {""equal"": true, ""id_count_dict"": 109, ""id_reid_dict_len"": 109}, ""8"": {""equal"": true, ""id_count_dict"": 85, ""id_reid_dict_len"": 85}}, ""internal_history_counts"": {""2"": 20, ""8"": 40}, ""old_reids"": {""ids"": [], ""status"": ""not_present""}, ""public_history_unchanged"": true, ""state_after"": {""id_count_dict"": {""2"": 109, ""8"": 85}, ""id_reid_dict_len"": {""2"": 109, ""8"": 85}, ""old_reids_ids"": [], ""poss_ids"": [2, 8]}, ""state_before"": {""id_count_dict"": {""2"": 129, ""8"": 65}, ""id_reid_dict_len"": {""2"": 129, ""8"": 65}, ""old_reids_ids"": [], ""poss_ids"": [2, 8]}}",8,True,20,,00001garden,2,1.0,1.0,True,2,True,0.0,0.0,2,False,0,,"[8, 8]","{""0"": 8, ""1"": 8}",0,0.0,17,1,0
C1c-FULL-STATE-REPAIR,0.0625,00001garden|65|2|1,64,2,19,8,2,,,"{""frame_view_failures"": [], ""frame_view_unique"": true, ""id_count_vs_id_reid"": {""2"": {""equal"": true, ""id_count_dict"": 109, ""id_reid_dict_len"": 109}, ""8"": {""equal"": true, ""id_count_dict"": 85, ""id_reid_dict_len"": 85}}, ""internal_history_counts"": {""2"": 20, ""8"": 40}, ""old_reids"": {""ids"": [], ""status"": ""not_present""}, ""public_history_unchanged"": true, ""state_after"": {""id_count_dict"": {""2"": 109, ""8"": 85}, ""id_reid_dict_len"": {""2"": 109, ""8"": 85}, ""old_reids_ids"": [], ""poss_ids"": [2, 8]}, ""state_before"": {""id_count_dict"": {""2"": 129, ""8"": 65}, ""id_reid_dict_len"": {""2"": 129, ""8"": 65}, ""old_reids_ids"": [], ""poss_ids"": [2, 8]}}",8,True,20,,00001garden,2,1.0,1.0,True,2,True,0.0,0.0,2,False,0,,"[8, 8]","{""0"": 8, ""1"": 8}",0,0.0,16,1,1
C1c-FULL-STATE-REPAIR,0.0,00001garden|65|2|1,64,2,20,8,2,,,"{""frame_view_failures"": [], ""frame_view_unique"": true, ""id_count_vs_id_reid"": {""2"": {""equal"": true, ""id_count_dict"": 109, ""id_reid_dict_len"": 109}, ""8"": {""equal"": true, ""id_count_dict"": 85, ""id_reid_dict_len"": 85}}, ""internal_history_counts"": {""2"": 20, ""8"": 40}, ""old_reids"": {""ids"": [], ""status"": ""not_present""}, ""public_history_unchanged"": true, ""state_after"": {""id_count_dict"": {""2"": 109, ""8"": 85}, ""id_reid_dict_len"": {""2"": 109, ""8"": 85}, ""old_reids_ids"": [], ""poss_ids"": [2, 8]}, ""state_before"": {""id_count_dict"": {""2"": 129, ""8"": 65}, ""id_reid_dict_len"": {""2"": 129, ""8"": 65}, ""old_reids_ids"": [], ""poss_ids"": [2, 8]}}",8,True,20,,00001garden,2,1.0,1.0,True,2,True,0.0,0.0,2,False,0,,"[8, 8]","{""0"": 8, ""1"": 8}",0,0.0,17,1,0
_META,,00001garden|65|2|1,64,2,0,,,omitted_for_runtime,omitted_for_runtime,,,,,,00001garden,,,,,,,,,,,,,,,,,,1,
SHAM,0.0,00001garden|84|1|12,83,9,1,37,11,,,{},11,True,0,,00001garden,0,0.0,,,1,,1.0,1.0,1,False,1,,[38],"{""0"": 38}",0,0.0,17,0,0
SHAM,0.0,00001garden|84|1|12,83,9,2,37,11,,,{},11,True,0,,00001garden,0,0.0,,,1,,1.0,1.0,1,False,1,,[38],"{""0"": 38}",0,0.0,17,0,0
SHAM,0.0,00001garden|84|1|12,83,9,3,37,11,,,{},11,True,0,,00001garden,0,0.0,,,1,,1.0,1.0,1,False,1,,[38],"{""0"": 38}",0,0.0,17,0,0
SHAM,0.0,00001garden|84|1|12,83,9,4,37,11,,,{},11,True,0,,00001garden,0,0.0,,,1,,1.0,1.0,1,False,1,,[38],"{""0"": 38}",0,0.0,17,0,0
SHAM,0.0,00001garden|84|1|12,83,9,5,37,11,,,{},11,True,0,,00001garden,0,0.0,,,1,,1.0,1.0,1,False,1,,[38],"{""0"": 38}",0,0.0,17,0,0
SHAM,0.0,00001garden|84|1|12,83,9,6,37,11,,,{},11,True,0,,00001garden,0,0.0,,,1,,1.0,1.0,1,False,1,,[38],"{""0"": 38}",0,0.0,17,0,0
SHAM,0.0,00001garden|84|1|12,83,9,7,37,11,,,{},11,True,0,,00001garden,0,0.0,,,1,,1.0,1.0,1,False,1,,[38],"{""0"": 38}",0,0.0,17,0,0
SHAM,0.0,00001garden|84|1|12,83,9,8,37,11,,,{},11,True,0,,00001garden,0,0.0,,,1,,1.0,1.0,1,False,1,,[38],"{""0"": 38}",0,0.0,17,0,0
SHAM,0.0,00001garden|84|1|12,83,9,9,37,11,,,{},11,True,0,,00001garden,0,0.0,,,1,,1.0,1.0,1,False,1,,[38],"{""0"": 38}",0,0.0,17,0,0
SHAM,0.0,00001garden|84|1|12,83,9,10,37,11,,,{},11,True,0,,00001garden,0,0.0,,,1,,1.0,1.0,1,False,1,,[38],"{""0"": 38}",0,0.0,17,0,0
SHAM,0.0,00001garden|84|1|12,83,9,11,37,11,,,{},11,True,0,,00001garden,0,0.0,,,1,,1.0,1.0,1,False,1,,[38],"{""0"": 38}",0,0.0,17,0,0
SHAM,0.0,00001garden|84|1|12,83,9,12,37,11,,,{},11,True,0,,00001garden,0,0.0,,,1,,1.0,1.0,1,False,1,,[38],"{""0"": 38}",0,0.0,17,0,0
SHAM,0.0,00001garden|84|1|12,83,9,13,37,11,,,{},11,True,0,,00001garden,0,0.0,,,1,,1.0,1.0,1,False,1,,[38],"{""0"": 38}",0,0.0,17,0,0
SHAM,0.0,00001garden|84|1|12,83,9,14,37,11,,,{},11,True,0,,00001garden,0,0.0,,,1,,1.0,1.0,1,False,1,,[38],"{""0"": 38}",0,0.0,17,0,0
SHAM,0.0,00001garden|84|1|12,83,9,15,37,11,,,{},11,True,0,,00001garden,0,0.0,,,1,,1.0,1.0,1,False,1,,[38],"{""0"": 38}",0,0.0,17,0,0
SHAM,0.0,00001garden|84|1|12,83,9,16,37,11,,,{},11,True,0,,00001garden,0,0.0,,,1,,1.0,1.0,1,False,1,,[38],"{""0"": 38}",0,0.0,17,0,0
SHAM,0.0,00001garden|84|1|12,83,9,17,37,11,,,{},11,True,0,,00001garden,0,0.0,,,1,,1.0,1.0,1,False,1,,[38],"{""0"": 38}",0,0.0,17,0,0
SHAM,0.0,00001garden|84|1|12,83,9,18,37,11,,,{},11,True,0,,00001garden,0,0.0,,,1,,1.0,1.0,1,False,1,,[38],"{""0"": 38}",0,0.0,17,0,0
SHAM,0.0,00001garden|84|1|12,83,9,19,37,11,,,{},11,True,0,,00001garden,0,0.0,,,1,,1.0,1.0,1,False,1,,[38],"{""0"": 38}",0,0.0,17,0,0
SHAM,0.0,00001garden|84|1|12,83,9,20,37,11,,,{},11,True,0,,00001garden,0,0.0,,,1,,1.0,1.0,1,False,1,,[38],"{""0"": 38}",0,0.0,17,0,0
C1c-FULL-STATE-REPAIR,0.0,00001garden|84|1|12,83,9,1,37,11,,,"{""frame_view_failures"": [], ""frame_view_unique"": true, ""id_count_vs_id_reid"": {""11"": {""equal"": true, ""id_count_dict"": 63, ""id_reid_dict_len"": 63}, ""37"": {""equal"": true, ""id_count_dict"": 1, ""id_reid_dict_len"": 1}}, ""internal_history_counts"": {""11"": 20, ""37"": 1}, ""old_reids"": {""ids"": [], ""status"": ""not_present""}, ""public_history_unchanged"": true, ""state_after"": {""id_count_dict"": {""11"": 63, ""37"": 1}, ""id_reid_dict_len"": {""11"": 63, ""37"": 1}, ""old_reids_ids"": [], ""poss_ids"": [11]}, ""state_before"": {""id_count_dict"": {""11"": 63, ""37"": 1}, ""id_reid_dict_len"": {""11"": 63, ""37"": 1}, ""old_reids_ids"": [], ""poss_ids"": [11]}}",37,True,0,,00001garden,0,0.0,,,1,,1.0,1.0,1,False,1,,[38],"{""0"": 38}",0,0.0,17,0,0
C1c-FULL-STATE-REPAIR,0.0,00001garden|84|1|12,83,9,2,37,11,,,"{""frame_view_failures"": [], ""frame_view_unique"": true, ""id_count_vs_id_reid"": {""11"": {""equal"": true, ""id_count_dict"": 63, ""id_reid_dict_len"": 63}, ""37"": {""equal"": true, ""id_count_dict"": 1, ""id_reid_dict_len"": 1}}, ""internal_history_counts"": {""11"": 20, ""37"": 1}, ""old_reids"": {""ids"": [], ""status"": ""not_present""}, ""public_history_unchanged"": true, ""state_after"": {""id_count_dict"": {""11"": 63, ""37"": 1}, ""id_reid_dict_len"": {""11"": 63, ""37"": 1}, ""old_reids_ids"": [], ""poss_ids"": [11]}, ""state_before"": {""id_count_dict"": {""11"": 63, ""37"": 1}, ""id_reid_dict_len"": {""11"": 63, ""37"": 1}, ""old_reids_ids"": [], ""poss_ids"": [11]}}",37,True,0,,00001garden,0,0.0,,,1,,1.0,1.0,1,False,1,,[38],"{""0"": 38}",0,0.0,17,0,0
C1c-FULL-STATE-REPAIR,0.0,00001garden|84|1|12,83,9,3,37,11,,,"{""frame_view_failures"": [], ""frame_view_unique"": true, ""id_count_vs_id_reid"": {""11"": {""equal"": true, ""id_count_dict"": 63, ""id_reid_dict_len"": 63}, ""37"": {""equal"": true, ""id_count_dict"": 1, ""id_reid_dict_len"": 1}}, ""internal_history_counts"": {""11"": 20, ""37"": 1}, ""old_reids"": {""ids"": [], ""status"": ""not_present""}, ""public_history_unchanged"": true, ""state_after"": {""id_count_dict"": {""11"": 63, ""37"": 1}, ""id_reid_dict_len"": {""11"": 63, ""37"": 1}, ""old_reids_ids"": [], ""poss_ids"": [11]}, ""state_before"": {""id_count_dict"": {""11"": 63, ""37"": 1}, ""id_reid_dict_len"": {""11"": 63, ""37"": 1}, ""old_reids_ids"": [], ""poss_ids"": [11]}}",37,True,0,,00001garden,0,0.0,,,1,,1.0,1.0,1,False,1,,[38],"{""0"": 38}",0,0.0,17,0,0
C1c-FULL-STATE-REPAIR,0.0,00001garden|84|1|12,83,9,4,37,11,,,"{""frame_view_failures"": [], ""frame_view_unique"": true, ""id_count_vs_id_reid"": {""11"": {""equal"": true, ""id_count_dict"": 63, ""id_reid_dict_len"": 63}, ""37"": {""equal"": true, ""id_count_dict"": 1, ""id_reid_dict_len"": 1}}, ""internal_history_counts"": {""11"": 20, ""37"": 1}, ""old_reids"": {""ids"": [], ""status"": ""not_present""}, ""public_history_unchanged"": true, ""state_after"": {""id_count_dict"": {""11"": 63, ""37"": 1}, ""id_reid_dict_len"": {""11"": 63, ""37"": 1}, ""old_reids_ids"": [], ""poss_ids"": [11]}, ""state_before"": {""id_count_dict"": {""11"": 63, ""37"": 1}, ""id_reid_dict_len"": {""11"": 63, ""37"": 1}, ""old_reids_ids"": [], ""poss_ids"": [11]}}",37,True,0,,00001garden,0,0.0,,,1,,1.0,1.0,1,False,1,,[38],"{""0"": 38}",0,0.0,17,0,0
C1c-FULL-STATE-REPAIR,0.0,00001garden|84|1|12,83,9,5,37,11,,,"{""frame_view_failures"": [], ""frame_view_unique"": true, ""id_count_vs_id_reid"": {""11"": {""equal"": true, ""id_count_dict"": 63, ""id_reid_dict_len"": 63}, ""37"": {""equal"": true, ""id_count_dict"": 1, ""id_reid_dict_len"": 1}}, ""internal_history_counts"": {""11"": 20, ""37"": 1}, ""old_reids"": {""ids"": [], ""status"": ""not_present""}, ""public_history_unchanged"": true, ""state_after"": {""id_count_dict"": {""11"": 63, ""37"": 1}, ""id_reid_dict_len"": {""11"": 63, ""37"": 1}, ""old_reids_ids"": [], ""poss_ids"": [11]}, ""state_before"": {""id_count_dict"": {""11"": 63, ""37"": 1}, ""id_reid_dict_len"": {""11"": 63, ""37"": 1}, ""old_reids_ids"": [], ""poss_ids"": [11]}}",37,True,0,,00001garden,0,0.0,,,1,,1.0,1.0,1,False,1,,[38],"{""0"": 38}",0,0.0,17,0,0
C1c-FULL-STATE-REPAIR,0.0,00001garden|84|1|12,83,9,6,37,11,,,"{""frame_view_failures"": [], ""frame_view_unique"": true, ""id_count_vs_id_reid"": {""11"": {""equal"": true, ""id_count_dict"": 63, ""id_reid_dict_len"": 63}, ""37"": {""equal"": true, ""id_count_dict"": 1, ""id_reid_dict_len"": 1}}, ""internal_history_counts"": {""11"": 20, ""37"": 1}, ""old_reids"": {""ids"": [], ""status"": ""not_present""}, ""public_history_unchanged"": true, ""state_after"": {""id_count_dict"": {""11"": 63, ""37"": 1}, ""id_reid_dict_len"": {""11"": 63, ""37"": 1}, ""old_reids_ids"": [], ""poss_ids"": [11]}, ""state_before"": {""id_count_dict"": {""11"": 63, ""37"": 1}, ""id_reid_dict_len"": {""11"": 63, ""37"": 1}, ""old_reids_ids"": [], ""poss_ids"": [11]}}",37,True,0,,00001garden,0,0.0,,,1,,1.0,1.0,1,False,1,,[38],"{""0"": 38}",0,0.0,17,0,0
C1c-FULL-STATE-REPAIR,0.0,00001garden|84|1|12,83,9,7,37,11,,,"{""frame_view_failures"": [], ""frame_view_unique"": true, ""id_count_vs_id_reid"": {""11"": {""equal"": true, ""id_count_dict"": 63, ""id_reid_dict_len"": 63}, ""37"": {""equal"": true, ""id_count_dict"": 1, ""id_reid_dict_len"": 1}}, ""internal_history_counts"": {""11"": 20, ""37"": 1}, ""old_reids"": {""ids"": [], ""status"": ""not_present""}, ""public_history_unchanged"": true, ""state_after"": {""id_count_dict"": {""11"": 63, ""37"": 1}, ""id_reid_dict_len"": {""11"": 63, ""37"": 1}, ""old_reids_ids"": [], ""poss_ids"": [11]}, ""state_before"": {""id_count_dict"": {""11"": 63, ""37"": 1}, ""id_reid_dict_len"": {""11"": 63, ""37"": 1}, ""old_reids_ids"": [], ""poss_ids"": [11]}}",37,True,0,,00001garden,0,0.0,,,1,,1.0,1.0,1,False,1,,[38],"{""0"": 38}",0,0.0,17,0,0
C1c-FULL-STATE-REPAIR,0.0,00001garden|84|1|12,83,9,8,37,11,,,"{""frame_view_failures"": [], ""frame_view_unique"": true, ""id_count_vs_id_reid"": {""11"": {""equal"": true, ""id_count_dict"": 63, ""id_reid_dict_len"": 63}, ""37"": {""equal"": true, ""id_count_dict"": 1, ""id_reid_dict_len"": 1}}, ""internal_history_counts"": {""11"": 20, ""37"": 1}, ""old_reids"": {""ids"": [], ""status"": ""not_present""}, ""public_history_unchanged"": true, ""state_after"": {""id_count_dict"": {""11"": 63, ""37"": 1}, ""id_reid_dict_len"": {""11"": 63, ""37"": 1}, ""old_reids_ids"": [], ""poss_ids"": [11]}, ""state_before"": {""id_count_dict"": {""11"": 63, ""37"": 1}, ""id_reid_dict_len"": {""11"": 63, ""37"": 1}, ""old_reids_ids"": [], ""poss_ids"": [11]}}",37,True,0,,00001garden,0,0.0,,,1,,1.0,1.0,1,False,1,,[38],"{""0"": 38}",0,0.0,17,0,0
C1c-FULL-STATE-REPAIR,0.0,00001garden|84|1|12,83,9,9,37,11,,,"{""frame_view_failures"": [], ""frame_view_unique"": true, ""id_count_vs_id_reid"": {""11"": {""equal"": true, ""id_count_dict"": 63, ""id_reid_dict_len"": 63}, ""37"": {""equal"": true, ""id_count_dict"": 1, ""id_reid_dict_len"": 1}}, ""internal_history_counts"": {""11"": 20, ""37"": 1}, ""old_reids"": {""ids"": [], ""status"": ""not_present""}, ""public_history_unchanged"": true, ""state_after"": {""id_count_dict"": {""11"": 63, ""37"": 1}, ""id_reid_dict_len"": {""11"": 63, ""37"": 1}, ""old_reids_ids"": [], ""poss_ids"": [11]}, ""state_before"": {""id_count_dict"": {""11"": 63, ""37"": 1}, ""id_reid_dict_len"": {""11"": 63, ""37"": 1}, ""old_reids_ids"": [], ""poss_ids"": [11]}}",37,True,0,,00001garden,0,0.0,,,1,,1.0,1.0,1,False,1,,[38],"{""0"": 38}",0,0.0,17,0,0
C1c-FULL-STATE-REPAIR,0.0,00001garden|84|1|12,83,9,10,37,11,,,"{""frame_view_failures"": [], ""frame_view_unique"": true, ""id_count_vs_id_reid"": {""11"": {""equal"": true, ""id_count_dict"": 63, ""id_reid_dict_len"": 63}, ""37"": {""equal"": true, ""id_count_dict"": 1, ""id_reid_dict_len"": 1}}, ""internal_history_counts"": {""11"": 20, ""37"": 1}, ""old_reids"": {""ids"": [], ""status"": ""not_present""}, ""public_history_unchanged"": true, ""state_after"": {""id_count_dict"": {""11"": 63, ""37"": 1}, ""id_reid_dict_len"": {""11"": 63, ""37"": 1}, ""old_reids_ids"": [], ""poss_ids"": [11]}, ""state_before"": {""id_count_dict"": {""11"": 63, ""37"": 1}, ""id_reid_dict_len"": {""11"": 63, ""37"": 1}, ""old_reids_ids"": [], ""poss_ids"": [11]}}",37,True,0,,00001garden,0,0.0,,,1,,1.0,1.0,1,False,1,,[38],"{""0"": 38}",0,0.0,17,0,0
C1c-FULL-STATE-REPAIR,0.0,00001garden|84|1|12,83,9,11,37,11,,,"{""frame_view_failures"": [], ""frame_view_unique"": true, ""id_count_vs_id_reid"": {""11"": {""equal"": true, ""id_count_dict"": 63, ""id_reid_dict_len"": 63}, ""37"": {""equal"": true, ""id_count_dict"": 1, ""id_reid_dict_len"": 1}}, ""internal_history_counts"": {""11"": 20, ""37"": 1}, ""old_reids"": {""ids"": [], ""status"": ""not_present""}, ""public_history_unchanged"": true, ""state_after"": {""id_count_dict"": {""11"": 63, ""37"": 1}, ""id_reid_dict_len"": {""11"": 63, ""37"": 1}, ""old_reids_ids"": [], ""poss_ids"": [11]}, ""state_before"": {""id_count_dict"": {""11"": 63, ""37"": 1}, ""id_reid_dict_len"": {""11"": 63, ""37"": 1}, ""old_reids_ids"": [], ""poss_ids"": [11]}}",37,True,0,,00001garden,0,0.0,,,1,,1.0,1.0,1,False,1,,[38],"{""0"": 38}",0,0.0,17,0,0
C1c-FULL-STATE-REPAIR,0.0,00001garden|84|1|12,83,9,12,37,11,,,"{""frame_view_failures"": [], ""frame_view_unique"": true, ""id_count_vs_id_reid"": {""11"": {""equal"": true, ""id_count_dict"": 63, ""id_reid_dict_len"": 63}, ""37"": {""equal"": true, ""id_count_dict"": 1, ""id_reid_dict_len"": 1}}, ""internal_history_counts"": {""11"": 20, ""37"": 1}, ""old_reids"": {""ids"": [], ""status"": ""not_present""}, ""public_history_unchanged"": true, ""state_after"": {""id_count_dict"": {""11"": 63, ""37"": 1}, ""id_reid_dict_len"": {""11"": 63, ""37"": 1}, ""old_reids_ids"": [], ""poss_ids"": [11]}, ""state_before"": {""id_count_dict"": {""11"": 63, ""37"": 1}, ""id_reid_dict_len"": {""11"": 63, ""37"": 1}, ""old_reids_ids"": [], ""poss_ids"": [11]}}",37,True,0,,00001garden,0,0.0,,,1,,1.0,1.0,1,False,1,,[38],"{""0"": 38}",0,0.0,17,0,0
C1c-FULL-STATE-REPAIR,0.0,00001garden|84|1|12,83,9,13,37,11,,,"{""frame_view_failures"": [], ""frame_view_unique"": true, ""id_count_vs_id_reid"": {""11"": {""equal"": true, ""id_count_dict"": 63, ""id_reid_dict_len"": 63}, ""37"": {""equal"": true, ""id_count_dict"": 1, ""id_reid_dict_len"": 1}}, ""internal_history_counts"": {""11"": 20, ""37"": 1}, ""old_reids"": {""ids"": [], ""status"": ""not_present""}, ""public_history_unchanged"": true, ""state_after"": {""id_count_dict"": {""11"": 63, ""37"": 1}, ""id_reid_dict_len"": {""11"": 63, ""37"": 1}, ""old_reids_ids"": [], ""poss_ids"": [11]}, ""state_before"": {""id_count_dict"": {""11"": 63, ""37"": 1}, ""id_reid_dict_len"": {""11"": 63, ""37"": 1}, ""old_reids_ids"": [], ""poss_ids"": [11]}}",37,True,0,,00001garden,0,0.0,,,1,,1.0,1.0,1,False,1,,[38],"{""0"": 38}",0,0.0,17,0,0
C1c-FULL-STATE-REPAIR,0.0,00001garden|84|1|12,83,9,14,37,11,,,"{""frame_view_failures"": [], ""frame_view_unique"": true, ""id_count_vs_id_reid"": {""11"": {""equal"": true, ""id_count_dict"": 63, ""id_reid_dict_len"": 63}, ""37"": {""equal"": true, ""id_count_dict"": 1, ""id_reid_dict_len"": 1}}, ""internal_history_counts"": {""11"": 20, ""37"": 1}, ""old_reids"": {""ids"": [], ""status"": ""not_present""}, ""public_history_unchanged"": true, ""state_after"": {""id_count_dict"": {""11"": 63, ""37"": 1}, ""id_reid_dict_len"": {""11"": 63, ""37"": 1}, ""old_reids_ids"": [], ""poss_ids"": [11]}, ""state_before"": {""id_count_dict"": {""11"": 63, ""37"": 1}, ""id_reid_dict_len"": {""11"": 63, ""37"": 1}, ""old_reids_ids"": [], ""poss_ids"": [11]}}",37,True,0,,00001garden,0,0.0,,,1,,1.0,1.0,1,False,1,,[38],"{""0"": 38}",0,0.0,17,0,0
C1c-FULL-STATE-REPAIR,0.0,00001garden|84|1|12,83,9,15,37,11,,,"{""frame_view_failures"": [], ""frame_view_unique"": true, ""id_count_vs_id_reid"": {""11"": {""equal"": true, ""id_count_dict"": 63, ""id_reid_dict_len"": 63}, ""37"": {""equal"": true, ""id_count_dict"": 1, ""id_reid_dict_len"": 1}}, ""internal_history_counts"": {""11"": 20, ""37"": 1}, ""old_reids"": {""ids"": [], ""status"": ""not_present""}, ""public_history_unchanged"": true, ""state_after"": {""id_count_dict"": {""11"": 63, ""37"": 1}, ""id_reid_dict_len"": {""11"": 63, ""37"": 1}, ""old_reids_ids"": [], ""poss_ids"": [11]}, ""state_before"": {""id_count_dict"": {""11"": 63, ""37"": 1}, ""id_reid_dict_len"": {""11"": 63, ""37"": 1}, ""old_reids_ids"": [], ""poss_ids"": [11]}}",37,True,0,,00001garden,0,0.0,,,1,,1.0,1.0,1,False,1,,[38],"{""0"": 38}",0,0.0,17,0,0
C1c-FULL-STATE-REPAIR,0.0,00001garden|84|1|12,83,9,16,37,11,,,"{""frame_view_failures"": [], ""frame_view_unique"": true, ""id_count_vs_id_reid"": {""11"": {""equal"": true, ""id_count_dict"": 63, ""id_reid_dict_len"": 63}, ""37"": {""equal"": true, ""id_count_dict"": 1, ""id_reid_dict_len"": 1}}, ""internal_history_counts"": {""11"": 20, ""37"": 1}, ""old_reids"": {""ids"": [], ""status"": ""not_present""}, ""public_history_unchanged"": true, ""state_after"": {""id_count_dict"": {""11"": 63, ""37"": 1}, ""id_reid_dict_len"": {""11"": 63, ""37"": 1}, ""old_reids_ids"": [], ""poss_ids"": [11]}, ""state_before"": {""id_count_dict"": {""11"": 63, ""37"": 1}, ""id_reid_dict_len"": {""11"": 63, ""37"": 1}, ""old_reids_ids"": [], ""poss_ids"": [11]}}",37,True,0,,00001garden,0,0.0,,,1,,1.0,1.0,1,False,1,,[38],"{""0"": 38}",0,0.0,17,0,0
C1c-FULL-STATE-REPAIR,0.0,00001garden|84|1|12,83,9,17,37,11,,,"{""frame_view_failures"": [], ""frame_view_unique"": true, ""id_count_vs_id_reid"": {""11"": {""equal"": true, ""id_count_dict"": 63, ""id_reid_dict_len"": 63}, ""37"": {""equal"": true, ""id_count_dict"": 1, ""id_reid_dict_len"": 1}}, ""internal_history_counts"": {""11"": 20, ""37"": 1}, ""old_reids"": {""ids"": [], ""status"": ""not_present""}, ""public_history_unchanged"": true, ""state_after"": {""id_count_dict"": {""11"": 63, ""37"": 1}, ""id_reid_dict_len"": {""11"": 63, ""37"": 1}, ""old_reids_ids"": [], ""poss_ids"": [11]}, ""state_before"": {""id_count_dict"": {""11"": 63, ""37"": 1}, ""id_reid_dict_len"": {""11"": 63, ""37"": 1}, ""old_reids_ids"": [], ""poss_ids"": [11]}}",37,True,0,,00001garden,0,0.0,,,1,,1.0,1.0,1,False,1,,[38],"{""0"": 38}",0,0.0,17,0,0
C1c-FULL-STATE-REPAIR,0.0,00001garden|84|1|12,83,9,18,37,11,,,"{""frame_view_failures"": [], ""frame_view_unique"": true, ""id_count_vs_id_reid"": {""11"": {""equal"": true, ""id_count_dict"": 63, ""id_reid_dict_len"": 63}, ""37"": {""equal"": true, ""id_count_dict"": 1, ""id_reid_dict_len"": 1}}, ""internal_history_counts"": {""11"": 20, ""37"": 1}, ""old_reids"": {""ids"": [], ""status"": ""not_present""}, ""public_history_unchanged"": true, ""state_after"": {""id_count_dict"": {""11"": 63, ""37"": 1}, ""id_reid_dict_len"": {""11"": 63, ""37"": 1}, ""old_reids_ids"": [], ""poss_ids"": [11]}, ""state_before"": {""id_count_dict"": {""11"": 63, ""37"": 1}, ""id_reid_dict_len"": {""11"": 63, ""37"": 1}, ""old_reids_ids"": [], ""poss_ids"": [11]}}",37,True,0,,00001garden,0,0.0,,,1,,1.0,1.0,1,False,1,,[38],"{""0"": 38}",0,0.0,17,0,0
C1c-FULL-STATE-REPAIR,0.0,00001garden|84|1|12,83,9,19,37,11,,,"{""frame_view_failures"": [], ""frame_view_unique"": true, ""id_count_vs_id_reid"": {""11"": {""equal"": true, ""id_count_dict"": 63, ""id_reid_dict_len"": 63}, ""37"": {""equal"": true, ""id_count_dict"": 1, ""id_reid_dict_len"": 1}}, ""internal_history_counts"": {""11"": 20, ""37"": 1}, ""old_reids"": {""ids"": [], ""status"": ""not_present""}, ""public_history_unchanged"": true, ""state_after"": {""id_count_dict"": {""11"": 63, ""37"": 1}, ""id_reid_dict_len"": {""11"": 63, ""37"": 1}, ""old_reids_ids"": [], ""poss_ids"": [11]}, ""state_before"": {""id_count_dict"": {""11"": 63, ""37"": 1}, ""id_reid_dict_len"": {""11"": 63, ""37"": 1}, ""old_reids_ids"": [], ""poss_ids"": [11]}}",37,True,0,,00001garden,0,0.0,,,1,,1.0,1.0,1,False,1,,[38],"{""0"": 38}",0,0.0,17,0,0
C1c-FULL-STATE-REPAIR,0.0,00001garden|84|1|12,83,9,20,37,11,,,"{""frame_view_failures"": [], ""frame_view_unique"": true, ""id_count_vs_id_reid"": {""11"": {""equal"": true, ""id_count_dict"": 63, ""id_reid_dict_len"": 63}, ""37"": {""equal"": true, ""id_count_dict"": 1, ""id_reid_dict_len"": 1}}, ""internal_history_counts"": {""11"": 20, ""37"": 1}, ""old_reids"": {""ids"": [], ""status"": ""not_present""}, ""public_history_unchanged"": true, ""state_after"": {""id_count_dict"": {""11"": 63, ""37"": 1}, ""id_reid_dict_len"": {""11"": 63, ""37"": 1}, ""old_reids_ids"": [], ""poss_ids"": [11]}, ""state_before"": {""id_count_dict"": {""11"": 63, ""37"": 1}, ""id_reid_dict_len"": {""11"": 63, ""37"": 1}, ""old_reids_ids"": [], ""poss_ids"": [11]}}",37,True,0,,00001garden,0,0.0,,,1,,1.0,1.0,1,False,1,,[38],"{""0"": 38}",0,0.0,17,0,0
_META,,00001garden|84|1|12,83,9,0,,,omitted_for_runtime,omitted_for_runtime,,,,,,00001garden,,,,,,,,,,,,,,,,,,0,
