event_id,scene_effect,gt_id_effect,event_frame_effect,horizon,estimable_effect,applied_effect,apply_reason_effect,error_effect,n_future_observations_effect,cross_view_error_effect,target_id_effect,target_source_effect,scene_sham,gt_id_sham,event_frame_sham,estimable_sham,applied_sham,apply_reason_sham,error_sham,n_future_observations_sham,cross_view_error_sham,target_id_sham,target_source_sham,difference,cross_view_difference,scene,intervention
injection_000000,00001garden,14,2,1,True,True,applied,1.0,1,,1,C2 Error injection,00001garden,14,2,True,True,applied,0.0,1,,1,sham,1.0,,00001garden,C2 Error injection
injection_000000,00001garden,14,2,2,True,True,applied,1.0,1,,1,C2 Error injection,00001garden,14,2,True,True,applied,0.0,1,,1,sham,1.0,,00001garden,C2 Error injection
injection_000000,00001garden,14,2,5,True,True,applied,1.0,1,,1,C2 Error injection,00001garden,14,2,True,True,applied,0.0,1,,1,sham,1.0,,00001garden,C2 Error injection
injection_000000,00001garden,14,2,10,True,True,applied,1.0,1,,1,C2 Error injection,00001garden,14,2,True,True,applied,0.0,1,,1,sham,1.0,,00001garden,C2 Error injection
injection_000000,00001garden,14,2,20,True,True,applied,1.0,1,,1,C2 Error injection,00001garden,14,2,True,True,applied,0.0,1,,1,sham,1.0,,00001garden,C2 Error injection
injection_000006,00001garden,1,2,1,True,True,applied,0.5,2,1.0,9,C2 Error injection,00001garden,1,2,True,True,applied,0.5,2,1.0,9,sham,0.0,0.0,00001garden,C2 Error injection
injection_000006,00001garden,1,2,2,True,True,applied,0.5,2,1.0,9,C2 Error injection,00001garden,1,2,True,True,applied,0.5,2,1.0,9,sham,0.0,0.0,00001garden,C2 Error injection
injection_000006,00001garden,1,2,5,True,True,applied,0.5,2,1.0,9,C2 Error injection,00001garden,1,2,True,True,applied,0.5,2,1.0,9,sham,0.0,0.0,00001garden,C2 Error injection
injection_000006,00001garden,1,2,10,True,True,applied,0.5,2,1.0,9,C2 Error injection,00001garden,1,2,True,True,applied,0.5,2,1.0,9,sham,0.0,0.0,00001garden,C2 Error injection
injection_000006,00001garden,1,2,20,True,True,applied,0.5,2,1.0,9,C2 Error injection,00001garden,1,2,True,True,applied,0.5,2,1.0,9,sham,0.0,0.0,00001garden,C2 Error injection
injection_000009,00001garden,10,15,1,True,True,applied,0.0,1,,12,C2 Error injection,00001garden,10,15,True,True,applied,0.0,1,,12,sham,0.0,,00001garden,C2 Error injection
injection_000009,00001garden,10,15,10,True,True,applied,0.0,1,,12,C2 Error injection,00001garden,10,15,True,True,applied,0.0,1,,12,sham,0.0,,00001garden,C2 Error injection
injection_000010,00001garden,11,32,1,True,True,applied,0.0,1,,10,C2 Error injection,00001garden,11,32,True,True,applied,0.0,1,,10,sham,0.0,,00001garden,C2 Error injection
injection_000010,00001garden,11,32,2,True,True,applied,0.0,1,,10,C2 Error injection,00001garden,11,32,True,True,applied,0.0,1,,10,sham,0.0,,00001garden,C2 Error injection
injection_000010,00001garden,11,32,5,True,True,applied,0.0,1,,10,C2 Error injection,00001garden,11,32,True,True,applied,0.0,1,,10,sham,0.0,,00001garden,C2 Error injection
injection_000010,00001garden,11,32,10,True,True,applied,0.0,1,,10,C2 Error injection,00001garden,11,32,True,True,applied,0.0,1,,10,sham,0.0,,00001garden,C2 Error injection
injection_000010,00001garden,11,32,20,True,True,applied,0.0,1,,10,C2 Error injection,00001garden,11,32,True,True,applied,0.0,1,,10,sham,0.0,,00001garden,C2 Error injection
injection_000013,00001garden,14,43,1,True,True,applied,1.0,1,,1,C2 Error injection,00001garden,14,43,True,True,applied,0.0,1,,1,sham,1.0,,00001garden,C2 Error injection
injection_000013,00001garden,14,43,2,True,True,applied,1.0,1,,1,C2 Error injection,00001garden,14,43,True,True,applied,0.0,1,,1,sham,1.0,,00001garden,C2 Error injection
injection_000013,00001garden,14,43,5,True,True,applied,1.0,1,,1,C2 Error injection,00001garden,14,43,True,True,applied,0.0,1,,1,sham,1.0,,00001garden,C2 Error injection
injection_000013,00001garden,14,43,10,True,True,applied,1.0,1,,1,C2 Error injection,00001garden,14,43,True,True,applied,0.0,1,,1,sham,1.0,,00001garden,C2 Error injection
injection_000013,00001garden,14,43,20,True,True,applied,1.0,1,,1,C2 Error injection,00001garden,14,43,True,True,applied,0.0,1,,1,sham,1.0,,00001garden,C2 Error injection
injection_000014,00001garden,1,43,1,True,True,applied,0.5,2,1.0,3,C2 Error injection,00001garden,1,43,True,True,applied,0.5,2,1.0,3,sham,0.0,0.0,00001garden,C2 Error injection
injection_000014,00001garden,1,43,2,True,True,applied,0.5,2,1.0,3,C2 Error injection,00001garden,1,43,True,True,applied,0.5,2,1.0,3,sham,0.0,0.0,00001garden,C2 Error injection
injection_000014,00001garden,1,43,5,True,True,applied,0.5,2,1.0,3,C2 Error injection,00001garden,1,43,True,True,applied,0.5,2,1.0,3,sham,0.0,0.0,00001garden,C2 Error injection
injection_000014,00001garden,1,43,10,True,True,applied,0.5,2,1.0,3,C2 Error injection,00001garden,1,43,True,True,applied,0.5,2,1.0,3,sham,0.0,0.0,00001garden,C2 Error injection
injection_000014,00001garden,1,43,20,True,True,applied,0.5,2,1.0,3,C2 Error injection,00001garden,1,43,True,True,applied,0.5,2,1.0,3,sham,0.0,0.0,00001garden,C2 Error injection
injection_000018,00001garden,8,55,1,True,True,applied,0.0,1,,11,C2 Error injection,00001garden,8,55,True,True,applied,0.0,1,,11,sham,0.0,,00001garden,C2 Error injection
injection_000018,00001garden,8,55,2,True,True,applied,0.0,1,,11,C2 Error injection,00001garden,8,55,True,True,applied,0.0,1,,11,sham,0.0,,00001garden,C2 Error injection
injection_000018,00001garden,8,55,5,True,True,applied,0.0,1,,11,C2 Error injection,00001garden,8,55,True,True,applied,0.0,1,,11,sham,0.0,,00001garden,C2 Error injection
injection_000018,00001garden,8,55,10,True,True,applied,0.0,1,,11,C2 Error injection,00001garden,8,55,True,True,applied,0.0,1,,11,sham,0.0,,00001garden,C2 Error injection
injection_000018,00001garden,8,55,20,True,True,applied,0.0,1,,11,C2 Error injection,00001garden,8,55,True,True,applied,0.0,1,,11,sham,0.0,,00001garden,C2 Error injection
injection_000019,00001garden,7,56,5,True,True,applied,0.0,1,,24,C2 Error injection,00001garden,7,56,True,True,applied,0.0,1,,24,sham,0.0,,00001garden,C2 Error injection
injection_000019,00001garden,7,56,10,True,True,applied,0.0,1,,24,C2 Error injection,00001garden,7,56,True,True,applied,0.0,1,,24,sham,0.0,,00001garden,C2 Error injection
injection_000019,00001garden,7,56,20,True,True,applied,0.0,1,,24,C2 Error injection,00001garden,7,56,True,True,applied,0.0,1,,24,sham,0.0,,00001garden,C2 Error injection
injection_000027,00001garden,14,84,1,True,True,applied,1.0,1,,1,C2 Error injection,00001garden,14,84,True,True,applied,0.0,1,,1,sham,1.0,,00001garden,C2 Error injection
injection_000027,00001garden,14,84,2,True,True,applied,1.0,1,,1,C2 Error injection,00001garden,14,84,True,True,applied,0.0,1,,1,sham,1.0,,00001garden,C2 Error injection
injection_000027,00001garden,14,84,5,True,True,applied,1.0,1,,1,C2 Error injection,00001garden,14,84,True,True,applied,0.0,1,,1,sham,1.0,,00001garden,C2 Error injection
injection_000027,00001garden,14,84,10,True,True,applied,1.0,1,,1,C2 Error injection,00001garden,14,84,True,True,applied,0.0,1,,1,sham,1.0,,00001garden,C2 Error injection
injection_000027,00001garden,14,84,20,True,True,applied,1.0,1,,1,C2 Error injection,00001garden,14,84,True,True,applied,0.0,1,,1,sham,1.0,,00001garden,C2 Error injection
injection_000028,00001garden,1,84,1,True,True,applied,0.5,2,1.0,3,C2 Error injection,00001garden,1,84,True,True,applied,0.5,2,1.0,3,sham,0.0,0.0,00001garden,C2 Error injection
injection_000028,00001garden,1,84,2,True,True,applied,0.5,2,1.0,3,C2 Error injection,00001garden,1,84,True,True,applied,0.5,2,1.0,3,sham,0.0,0.0,00001garden,C2 Error injection
injection_000028,00001garden,1,84,5,True,True,applied,0.5,2,1.0,3,C2 Error injection,00001garden,1,84,True,True,applied,0.5,2,1.0,3,sham,0.0,0.0,00001garden,C2 Error injection
injection_000028,00001garden,1,84,10,True,True,applied,0.5,2,1.0,3,C2 Error injection,00001garden,1,84,True,True,applied,0.5,2,1.0,3,sham,0.0,0.0,00001garden,C2 Error injection
injection_000028,00001garden,1,84,20,True,True,applied,0.5,2,1.0,3,C2 Error injection,00001garden,1,84,True,True,applied,0.5,2,1.0,3,sham,0.0,0.0,00001garden,C2 Error injection
injection_000039,00001garden,1,125,1,True,True,applied,0.5,2,1.0,3,C2 Error injection,00001garden,1,125,True,True,applied,0.5,2,1.0,3,sham,0.0,0.0,00001garden,C2 Error injection
injection_000039,00001garden,1,125,2,True,True,applied,0.5,2,1.0,3,C2 Error injection,00001garden,1,125,True,True,applied,0.5,2,1.0,3,sham,0.0,0.0,00001garden,C2 Error injection
injection_000039,00001garden,1,125,5,True,True,applied,0.5,2,1.0,3,C2 Error injection,00001garden,1,125,True,True,applied,0.5,2,1.0,3,sham,0.0,0.0,00001garden,C2 Error injection
injection_000039,00001garden,1,125,10,True,True,applied,0.5,2,1.0,3,C2 Error injection,00001garden,1,125,True,True,applied,0.5,2,1.0,3,sham,0.0,0.0,00001garden,C2 Error injection
injection_000039,00001garden,1,125,20,True,True,applied,0.5,2,1.0,3,C2 Error injection,00001garden,1,125,True,True,applied,0.5,2,1.0,3,sham,0.0,0.0,00001garden,C2 Error injection
injection_000041,00001garden,14,125,1,True,True,applied,1.0,1,,1,C2 Error injection,00001garden,14,125,True,True,applied,0.0,1,,1,sham,1.0,,00001garden,C2 Error injection
injection_000041,00001garden,14,125,2,True,True,applied,1.0,1,,1,C2 Error injection,00001garden,14,125,True,True,applied,0.0,1,,1,sham,1.0,,00001garden,C2 Error injection
injection_000041,00001garden,14,125,5,True,True,applied,1.0,1,,1,C2 Error injection,00001garden,14,125,True,True,applied,0.0,1,,1,sham,1.0,,00001garden,C2 Error injection
injection_000041,00001garden,14,125,10,True,True,applied,1.0,1,,1,C2 Error injection,00001garden,14,125,True,True,applied,0.0,1,,1,sham,1.0,,00001garden,C2 Error injection
injection_000041,00001garden,14,125,20,True,True,applied,1.0,1,,1,C2 Error injection,00001garden,14,125,True,True,applied,0.0,1,,1,sham,1.0,,00001garden,C2 Error injection
injection_000044,00001garden,7,138,1,True,True,applied,0.0,1,,24,C2 Error injection,00001garden,7,138,True,True,applied,0.0,1,,24,sham,0.0,,00001garden,C2 Error injection
injection_000044,00001garden,7,138,2,True,True,applied,0.0,1,,24,C2 Error injection,00001garden,7,138,True,True,applied,0.0,1,,24,sham,0.0,,00001garden,C2 Error injection
injection_000044,00001garden,7,138,5,True,True,applied,0.0,1,,24,C2 Error injection,00001garden,7,138,True,True,applied,0.0,1,,24,sham,0.0,,00001garden,C2 Error injection
injection_000044,00001garden,7,138,10,True,True,applied,0.0,1,,24,C2 Error injection,00001garden,7,138,True,True,applied,0.0,1,,24,sham,0.0,,00001garden,C2 Error injection
injection_000044,00001garden,7,138,20,True,True,applied,0.0,1,,24,C2 Error injection,00001garden,7,138,True,True,applied,0.0,1,,24,sham,0.0,,00001garden,C2 Error injection
injection_000050,00001garden,14,166,1,True,True,applied,1.0,1,,1,C2 Error injection,00001garden,14,166,True,True,applied,0.0,1,,1,sham,1.0,,00001garden,C2 Error injection
injection_000050,00001garden,14,166,2,True,True,applied,1.0,1,,1,C2 Error injection,00001garden,14,166,True,True,applied,0.0,1,,1,sham,1.0,,00001garden,C2 Error injection
injection_000050,00001garden,14,166,5,True,True,applied,1.0,1,,1,C2 Error injection,00001garden,14,166,True,True,applied,0.0,1,,1,sham,1.0,,00001garden,C2 Error injection
injection_000050,00001garden,14,166,10,True,True,applied,1.0,1,,1,C2 Error injection,00001garden,14,166,True,True,applied,0.0,1,,1,sham,1.0,,00001garden,C2 Error injection
injection_000053,00001garden,1,166,1,True,True,applied,0.5,2,0.0,3,C2 Error injection,00001garden,1,166,True,True,applied,0.0,2,0.0,3,sham,0.5,0.0,00001garden,C2 Error injection
injection_000053,00001garden,1,166,2,True,True,applied,0.5,2,0.0,3,C2 Error injection,00001garden,1,166,True,True,applied,0.0,2,0.0,3,sham,0.5,0.0,00001garden,C2 Error injection
injection_000053,00001garden,1,166,5,True,True,applied,0.0,2,0.0,3,C2 Error injection,00001garden,1,166,True,True,applied,0.0,2,0.0,3,sham,0.0,0.0,00001garden,C2 Error injection
injection_000053,00001garden,1,166,10,True,True,applied,0.0,2,0.0,3,C2 Error injection,00001garden,1,166,True,True,applied,0.0,2,0.0,3,sham,0.0,0.0,00001garden,C2 Error injection
injection_000053,00001garden,1,166,20,True,True,applied,0.0,2,0.0,3,C2 Error injection,00001garden,1,166,True,True,applied,0.0,2,0.0,3,sham,0.0,0.0,00001garden,C2 Error injection
injection_000057,00001garden,10,184,1,True,True,applied,0.0,1,,12,C2 Error injection,00001garden,10,184,True,True,applied,0.0,1,,12,sham,0.0,,00001garden,C2 Error injection
injection_000057,00001garden,10,184,2,True,True,applied,0.0,1,,12,C2 Error injection,00001garden,10,184,True,True,applied,0.0,1,,12,sham,0.0,,00001garden,C2 Error injection
injection_000057,00001garden,10,184,5,True,True,applied,0.0,1,,12,C2 Error injection,00001garden,10,184,True,True,applied,0.0,1,,12,sham,0.0,,00001garden,C2 Error injection
injection_000057,00001garden,10,184,10,True,True,applied,0.0,1,,12,C2 Error injection,00001garden,10,184,True,True,applied,0.0,1,,12,sham,0.0,,00001garden,C2 Error injection
injection_000057,00001garden,10,184,20,True,True,applied,0.0,1,,12,C2 Error injection,00001garden,10,184,True,True,applied,0.0,1,,12,sham,0.0,,00001garden,C2 Error injection
injection_000058,00001garden,11,196,1,True,True,applied,0.0,1,,10,C2 Error injection,00001garden,11,196,True,True,applied,0.0,1,,10,sham,0.0,,00001garden,C2 Error injection
injection_000058,00001garden,11,196,2,True,True,applied,0.0,1,,10,C2 Error injection,00001garden,11,196,True,True,applied,0.0,1,,10,sham,0.0,,00001garden,C2 Error injection
injection_000058,00001garden,11,196,5,True,True,applied,0.0,1,,10,C2 Error injection,00001garden,11,196,True,True,applied,0.0,1,,10,sham,0.0,,00001garden,C2 Error injection
injection_000058,00001garden,11,196,10,True,True,applied,0.0,1,,10,C2 Error injection,00001garden,11,196,True,True,applied,0.0,1,,10,sham,0.0,,00001garden,C2 Error injection
injection_000058,00001garden,11,196,20,True,True,applied,0.0,1,,10,C2 Error injection,00001garden,11,196,True,True,applied,0.0,1,,10,sham,0.0,,00001garden,C2 Error injection
injection_000059,00001garden,9,204,1,True,True,applied,1.0,1,,37,C2 Error injection,00001garden,9,204,True,True,applied,0.0,1,,37,sham,1.0,,00001garden,C2 Error injection
injection_000059,00001garden,9,204,2,True,True,applied,1.0,1,,37,C2 Error injection,00001garden,9,204,True,True,applied,0.0,1,,37,sham,1.0,,00001garden,C2 Error injection
injection_000059,00001garden,9,204,5,True,True,applied,1.0,1,,37,C2 Error injection,00001garden,9,204,True,True,applied,0.0,1,,37,sham,1.0,,00001garden,C2 Error injection
injection_000059,00001garden,9,204,10,True,True,applied,1.0,1,,37,C2 Error injection,00001garden,9,204,True,True,applied,0.0,1,,37,sham,1.0,,00001garden,C2 Error injection
injection_000059,00001garden,9,204,20,True,True,applied,1.0,1,,37,C2 Error injection,00001garden,9,204,True,True,applied,0.0,1,,37,sham,1.0,,00001garden,C2 Error injection
injection_000060,00001garden,1,207,1,True,True,applied,0.0,2,0.0,3,C2 Error injection,00001garden,1,207,True,True,applied,0.0,2,0.0,3,sham,0.0,0.0,00001garden,C2 Error injection
injection_000060,00001garden,1,207,2,True,True,applied,0.0,2,0.0,3,C2 Error injection,00001garden,1,207,True,True,applied,0.0,2,0.0,3,sham,0.0,0.0,00001garden,C2 Error injection
injection_000060,00001garden,1,207,5,True,True,applied,0.0,2,0.0,3,C2 Error injection,00001garden,1,207,True,True,applied,0.0,2,0.0,3,sham,0.0,0.0,00001garden,C2 Error injection
injection_000060,00001garden,1,207,10,True,True,applied,0.0,2,0.0,3,C2 Error injection,00001garden,1,207,True,True,applied,0.0,2,0.0,3,sham,0.0,0.0,00001garden,C2 Error injection
injection_000060,00001garden,1,207,20,True,True,applied,0.0,2,0.0,3,C2 Error injection,00001garden,1,207,True,True,applied,0.0,2,0.0,3,sham,0.0,0.0,00001garden,C2 Error injection
injection_000065,00001garden,13,208,1,True,True,applied,1.0,1,,53,C2 Error injection,00001garden,13,208,True,True,applied,0.0,1,,53,sham,1.0,,00001garden,C2 Error injection
injection_000065,00001garden,13,208,2,True,True,applied,1.0,1,,53,C2 Error injection,00001garden,13,208,True,True,applied,0.0,1,,53,sham,1.0,,00001garden,C2 Error injection
injection_000065,00001garden,13,208,5,True,True,applied,1.0,1,,53,C2 Error injection,00001garden,13,208,True,True,applied,0.0,1,,53,sham,1.0,,00001garden,C2 Error injection
injection_000065,00001garden,13,208,10,True,True,applied,1.0,1,,53,C2 Error injection,00001garden,13,208,True,True,applied,0.0,1,,53,sham,1.0,,00001garden,C2 Error injection
injection_000065,00001garden,13,208,20,True,True,applied,1.0,1,,53,C2 Error injection,00001garden,13,208,True,True,applied,0.0,1,,53,sham,1.0,,00001garden,C2 Error injection
injection_000066,00001garden,8,219,1,True,True,applied,0.0,1,,11,C2 Error injection,00001garden,8,219,True,True,applied,0.0,1,,11,sham,0.0,,00001garden,C2 Error injection
injection_000066,00001garden,8,219,2,True,True,applied,0.0,1,,11,C2 Error injection,00001garden,8,219,True,True,applied,0.0,1,,11,sham,0.0,,00001garden,C2 Error injection
injection_000066,00001garden,8,219,5,True,True,applied,0.0,1,,11,C2 Error injection,00001garden,8,219,True,True,applied,0.0,1,,11,sham,0.0,,00001garden,C2 Error injection
injection_000066,00001garden,8,219,10,True,True,applied,0.0,1,,11,C2 Error injection,00001garden,8,219,True,True,applied,0.0,1,,11,sham,0.0,,00001garden,C2 Error injection
injection_000066,00001garden,8,219,20,True,True,applied,0.0,1,,11,C2 Error injection,00001garden,8,219,True,True,applied,0.0,1,,11,sham,0.0,,00001garden,C2 Error injection
injection_000067,00001garden,7,220,1,True,True,applied,0.0,1,,24,C2 Error injection,00001garden,7,220,True,True,applied,0.0,1,,24,sham,0.0,,00001garden,C2 Error injection
injection_000067,00001garden,7,220,2,True,True,applied,0.0,1,,24,C2 Error injection,00001garden,7,220,True,True,applied,0.0,1,,24,sham,0.0,,00001garden,C2 Error injection
injection_000067,00001garden,7,220,5,True,True,applied,0.0,1,,24,C2 Error injection,00001garden,7,220,True,True,applied,0.0,1,,24,sham,0.0,,00001garden,C2 Error injection
injection_000067,00001garden,7,220,10,True,True,applied,0.0,1,,24,C2 Error injection,00001garden,7,220,True,True,applied,0.0,1,,24,sham,0.0,,00001garden,C2 Error injection
injection_000067,00001garden,7,220,20,True,True,applied,0.0,1,,24,C2 Error injection,00001garden,7,220,True,True,applied,0.0,1,,24,sham,0.0,,00001garden,C2 Error injection
injection_000068,00001garden,10,227,1,True,True,applied,0.0,1,,12,C2 Error injection,00001garden,10,227,True,True,applied,0.0,1,,12,sham,0.0,,00001garden,C2 Error injection
injection_000068,00001garden,10,227,2,True,True,applied,0.0,1,,12,C2 Error injection,00001garden,10,227,True,True,applied,0.0,1,,12,sham,0.0,,00001garden,C2 Error injection
injection_000068,00001garden,10,227,5,True,True,applied,0.0,1,,12,C2 Error injection,00001garden,10,227,True,True,applied,0.0,1,,12,sham,0.0,,00001garden,C2 Error injection
injection_000068,00001garden,10,227,10,True,True,applied,0.0,1,,12,C2 Error injection,00001garden,10,227,True,True,applied,0.0,1,,12,sham,0.0,,00001garden,C2 Error injection
injection_000068,00001garden,10,227,20,True,True,applied,0.0,1,,12,C2 Error injection,00001garden,10,227,True,True,applied,0.0,1,,12,sham,0.0,,00001garden,C2 Error injection
injection_000069,00001garden,11,237,1,True,True,applied,0.0,1,,10,C2 Error injection,00001garden,11,237,True,True,applied,0.0,1,,10,sham,0.0,,00001garden,C2 Error injection
injection_000069,00001garden,11,237,2,True,True,applied,0.0,1,,10,C2 Error injection,00001garden,11,237,True,True,applied,0.0,1,,10,sham,0.0,,00001garden,C2 Error injection
injection_000069,00001garden,11,237,5,True,True,applied,0.0,1,,10,C2 Error injection,00001garden,11,237,True,True,applied,0.0,1,,10,sham,0.0,,00001garden,C2 Error injection
injection_000069,00001garden,11,237,10,True,True,applied,0.0,1,,10,C2 Error injection,00001garden,11,237,True,True,applied,0.0,1,,10,sham,0.0,,00001garden,C2 Error injection
injection_000069,00001garden,11,237,20,True,True,applied,0.0,1,,10,C2 Error injection,00001garden,11,237,True,True,applied,0.0,1,,10,sham,0.0,,00001garden,C2 Error injection
injection_000070,00001garden,18,240,1,True,True,applied,0.0,1,,27,C2 Error injection,00001garden,18,240,True,True,applied,0.0,1,,27,sham,0.0,,00001garden,C2 Error injection
injection_000070,00001garden,18,240,2,True,True,applied,0.0,1,,27,C2 Error injection,00001garden,18,240,True,True,applied,0.0,1,,27,sham,0.0,,00001garden,C2 Error injection
injection_000070,00001garden,18,240,5,True,True,applied,0.0,1,,27,C2 Error injection,00001garden,18,240,True,True,applied,0.0,1,,27,sham,0.0,,00001garden,C2 Error injection
injection_000070,00001garden,18,240,10,True,True,applied,0.0,1,,27,C2 Error injection,00001garden,18,240,True,True,applied,0.0,1,,27,sham,0.0,,00001garden,C2 Error injection
injection_000070,00001garden,18,240,20,True,True,applied,0.0,1,,27,C2 Error injection,00001garden,18,240,True,True,applied,0.0,1,,27,sham,0.0,,00001garden,C2 Error injection
injection_000071,00001garden,9,245,1,True,True,applied,1.0,1,,37,C2 Error injection,00001garden,9,245,True,True,applied,0.0,1,,37,sham,1.0,,00001garden,C2 Error injection
injection_000071,00001garden,9,245,2,True,True,applied,1.0,1,,37,C2 Error injection,00001garden,9,245,True,True,applied,0.0,1,,37,sham,1.0,,00001garden,C2 Error injection
injection_000071,00001garden,9,245,5,True,True,applied,1.0,1,,37,C2 Error injection,00001garden,9,245,True,True,applied,0.0,1,,37,sham,1.0,,00001garden,C2 Error injection
injection_000071,00001garden,9,245,10,True,True,applied,1.0,1,,37,C2 Error injection,00001garden,9,245,True,True,applied,0.0,1,,37,sham,1.0,,00001garden,C2 Error injection
injection_000071,00001garden,9,245,20,True,True,applied,1.0,1,,37,C2 Error injection,00001garden,9,245,True,True,applied,0.0,1,,37,sham,1.0,,00001garden,C2 Error injection
injection_000072,00001garden,2,248,1,True,True,applied,0.0,1,,8,C2 Error injection,00001garden,2,248,True,True,applied,0.0,1,,8,sham,0.0,,00001garden,C2 Error injection
injection_000072,00001garden,2,248,2,True,True,applied,0.0,1,,8,C2 Error injection,00001garden,2,248,True,True,applied,0.0,1,,8,sham,0.0,,00001garden,C2 Error injection
injection_000072,00001garden,2,248,5,True,True,applied,0.0,1,,8,C2 Error injection,00001garden,2,248,True,True,applied,0.0,1,,8,sham,0.0,,00001garden,C2 Error injection
injection_000072,00001garden,2,248,10,True,True,applied,0.0,1,,8,C2 Error injection,00001garden,2,248,True,True,applied,0.0,1,,8,sham,0.0,,00001garden,C2 Error injection
injection_000072,00001garden,2,248,20,True,True,applied,0.0,1,,8,C2 Error injection,00001garden,2,248,True,True,applied,0.0,1,,8,sham,0.0,,00001garden,C2 Error injection
injection_000073,00001garden,1,248,1,True,True,applied,0.0,2,0.0,3,C2 Error injection,00001garden,1,248,True,True,applied,0.0,2,0.0,3,sham,0.0,0.0,00001garden,C2 Error injection
injection_000073,00001garden,1,248,2,True,True,applied,0.0,2,0.0,3,C2 Error injection,00001garden,1,248,True,True,applied,0.0,2,0.0,3,sham,0.0,0.0,00001garden,C2 Error injection
injection_000073,00001garden,1,248,5,True,True,applied,0.0,2,0.0,3,C2 Error injection,00001garden,1,248,True,True,applied,0.0,2,0.0,3,sham,0.0,0.0,00001garden,C2 Error injection
injection_000073,00001garden,1,248,10,True,True,applied,0.0,2,0.0,3,C2 Error injection,00001garden,1,248,True,True,applied,0.0,2,0.0,3,sham,0.0,0.0,00001garden,C2 Error injection
injection_000073,00001garden,1,248,20,True,True,applied,0.0,2,0.0,3,C2 Error injection,00001garden,1,248,True,True,applied,0.0,2,0.0,3,sham,0.0,0.0,00001garden,C2 Error injection
injection_000075,00001garden,5,248,1,True,True,applied,0.0,1,,7,C2 Error injection,00001garden,5,248,True,True,applied,0.0,1,,7,sham,0.0,,00001garden,C2 Error injection
injection_000075,00001garden,5,248,2,True,True,applied,0.0,1,,7,C2 Error injection,00001garden,5,248,True,True,applied,0.0,1,,7,sham,0.0,,00001garden,C2 Error injection
injection_000075,00001garden,5,248,5,True,True,applied,0.0,1,,7,C2 Error injection,00001garden,5,248,True,True,applied,0.0,1,,7,sham,0.0,,00001garden,C2 Error injection
injection_000075,00001garden,5,248,10,True,True,applied,0.0,1,,7,C2 Error injection,00001garden,5,248,True,True,applied,0.0,1,,7,sham,0.0,,00001garden,C2 Error injection
injection_000075,00001garden,5,248,20,True,True,applied,0.0,1,,7,C2 Error injection,00001garden,5,248,True,True,applied,0.0,1,,7,sham,0.0,,00001garden,C2 Error injection
injection_000077,00001garden,13,249,1,True,True,applied,1.0,1,,53,C2 Error injection,00001garden,13,249,True,True,applied,0.0,1,,53,sham,1.0,,00001garden,C2 Error injection
injection_000077,00001garden,13,249,2,True,True,applied,1.0,1,,53,C2 Error injection,00001garden,13,249,True,True,applied,0.0,1,,53,sham,1.0,,00001garden,C2 Error injection
injection_000077,00001garden,13,249,5,True,True,applied,1.0,1,,53,C2 Error injection,00001garden,13,249,True,True,applied,0.0,1,,53,sham,1.0,,00001garden,C2 Error injection
injection_000077,00001garden,13,249,10,True,True,applied,1.0,1,,53,C2 Error injection,00001garden,13,249,True,True,applied,0.0,1,,53,sham,1.0,,00001garden,C2 Error injection
injection_000077,00001garden,13,249,20,True,True,applied,1.0,1,,53,C2 Error injection,00001garden,13,249,True,True,applied,0.0,1,,53,sham,1.0,,00001garden,C2 Error injection
injection_000078,00001garden,8,260,1,True,True,applied,0.0,1,,11,C2 Error injection,00001garden,8,260,True,True,applied,0.0,1,,11,sham,0.0,,00001garden,C2 Error injection
injection_000078,00001garden,8,260,2,True,True,applied,0.0,1,,11,C2 Error injection,00001garden,8,260,True,True,applied,0.0,1,,11,sham,0.0,,00001garden,C2 Error injection
injection_000078,00001garden,8,260,5,True,True,applied,0.0,1,,11,C2 Error injection,00001garden,8,260,True,True,applied,0.0,1,,11,sham,0.0,,00001garden,C2 Error injection
injection_000078,00001garden,8,260,10,True,True,applied,0.0,1,,11,C2 Error injection,00001garden,8,260,True,True,applied,0.0,1,,11,sham,0.0,,00001garden,C2 Error injection
injection_000078,00001garden,8,260,20,True,True,applied,0.0,1,,11,C2 Error injection,00001garden,8,260,True,True,applied,0.0,1,,11,sham,0.0,,00001garden,C2 Error injection
injection_000079,00001garden,7,261,1,True,True,applied,0.0,1,,24,C2 Error injection,00001garden,7,261,True,True,applied,0.0,1,,24,sham,0.0,,00001garden,C2 Error injection
injection_000079,00001garden,7,261,2,True,True,applied,0.0,1,,24,C2 Error injection,00001garden,7,261,True,True,applied,0.0,1,,24,sham,0.0,,00001garden,C2 Error injection
injection_000079,00001garden,7,261,5,True,True,applied,0.0,1,,24,C2 Error injection,00001garden,7,261,True,True,applied,0.0,1,,24,sham,0.0,,00001garden,C2 Error injection
injection_000079,00001garden,7,261,10,True,True,applied,0.0,1,,24,C2 Error injection,00001garden,7,261,True,True,applied,0.0,1,,24,sham,0.0,,00001garden,C2 Error injection
injection_000079,00001garden,7,261,20,True,True,applied,0.0,1,,24,C2 Error injection,00001garden,7,261,True,True,applied,0.0,1,,24,sham,0.0,,00001garden,C2 Error injection
injection_000080,00001garden,10,268,1,True,True,applied,0.0,1,,12,C2 Error injection,00001garden,10,268,True,True,applied,0.0,1,,12,sham,0.0,,00001garden,C2 Error injection
injection_000080,00001garden,10,268,2,True,True,applied,0.0,1,,12,C2 Error injection,00001garden,10,268,True,True,applied,0.0,1,,12,sham,0.0,,00001garden,C2 Error injection
injection_000080,00001garden,10,268,5,True,True,applied,0.0,1,,12,C2 Error injection,00001garden,10,268,True,True,applied,0.0,1,,12,sham,0.0,,00001garden,C2 Error injection
injection_000080,00001garden,10,268,10,True,True,applied,0.0,1,,12,C2 Error injection,00001garden,10,268,True,True,applied,0.0,1,,12,sham,0.0,,00001garden,C2 Error injection
injection_000080,00001garden,10,268,20,True,True,applied,0.0,1,,12,C2 Error injection,00001garden,10,268,True,True,applied,0.0,1,,12,sham,0.0,,00001garden,C2 Error injection
injection_000081,00001garden,11,278,1,True,True,applied,0.0,1,,10,C2 Error injection,00001garden,11,278,True,True,applied,0.0,1,,10,sham,0.0,,00001garden,C2 Error injection
injection_000081,00001garden,11,278,2,True,True,applied,0.0,1,,10,C2 Error injection,00001garden,11,278,True,True,applied,0.0,1,,10,sham,0.0,,00001garden,C2 Error injection
injection_000081,00001garden,11,278,5,True,True,applied,0.0,1,,10,C2 Error injection,00001garden,11,278,True,True,applied,0.0,1,,10,sham,0.0,,00001garden,C2 Error injection
injection_000081,00001garden,11,278,10,True,True,applied,0.0,1,,10,C2 Error injection,00001garden,11,278,True,True,applied,0.0,1,,10,sham,0.0,,00001garden,C2 Error injection
injection_000081,00001garden,11,278,20,True,True,applied,0.0,1,,10,C2 Error injection,00001garden,11,278,True,True,applied,0.0,1,,10,sham,0.0,,00001garden,C2 Error injection
injection_000082,00001garden,9,286,5,True,True,applied,1.0,1,,37,C2 Error injection,00001garden,9,286,True,True,applied,0.0,1,,37,sham,1.0,,00001garden,C2 Error injection
injection_000082,00001garden,9,286,10,True,True,applied,1.0,1,,37,C2 Error injection,00001garden,9,286,True,True,applied,0.0,1,,37,sham,1.0,,00001garden,C2 Error injection
injection_000083,00001garden,3,289,1,True,True,applied,0.0,1,,5,C2 Error injection,00001garden,3,289,True,True,applied,0.0,1,,5,sham,0.0,,00001garden,C2 Error injection
injection_000083,00001garden,3,289,2,True,True,applied,0.0,1,,5,C2 Error injection,00001garden,3,289,True,True,applied,0.0,1,,5,sham,0.0,,00001garden,C2 Error injection
injection_000083,00001garden,3,289,5,True,True,applied,0.0,1,,5,C2 Error injection,00001garden,3,289,True,True,applied,0.0,1,,5,sham,0.0,,00001garden,C2 Error injection
injection_000083,00001garden,3,289,10,True,True,applied,0.0,1,,5,C2 Error injection,00001garden,3,289,True,True,applied,0.0,1,,5,sham,0.0,,00001garden,C2 Error injection
injection_000083,00001garden,3,289,20,True,True,applied,0.0,2,0.0,5,C2 Error injection,00001garden,3,289,True,True,applied,0.0,2,0.0,5,sham,0.0,0.0,00001garden,C2 Error injection
injection_000084,00001garden,2,289,1,True,True,applied,0.0,1,,8,C2 Error injection,00001garden,2,289,True,True,applied,0.0,1,,8,sham,0.0,,00001garden,C2 Error injection
injection_000084,00001garden,2,289,2,True,True,applied,0.0,1,,8,C2 Error injection,00001garden,2,289,True,True,applied,0.0,1,,8,sham,0.0,,00001garden,C2 Error injection
injection_000084,00001garden,2,289,5,True,True,applied,0.0,1,,8,C2 Error injection,00001garden,2,289,True,True,applied,0.0,1,,8,sham,0.0,,00001garden,C2 Error injection
injection_000084,00001garden,2,289,10,True,True,applied,0.0,1,,8,C2 Error injection,00001garden,2,289,True,True,applied,0.0,1,,8,sham,0.0,,00001garden,C2 Error injection
injection_000084,00001garden,2,289,20,True,True,applied,0.0,1,,8,C2 Error injection,00001garden,2,289,True,True,applied,0.0,1,,8,sham,0.0,,00001garden,C2 Error injection
injection_000086,00001garden,5,289,1,True,True,applied,0.0,1,,7,C2 Error injection,00001garden,5,289,True,True,applied,0.0,1,,7,sham,0.0,,00001garden,C2 Error injection
injection_000086,00001garden,5,289,2,True,True,applied,0.0,1,,7,C2 Error injection,00001garden,5,289,True,True,applied,0.0,1,,7,sham,0.0,,00001garden,C2 Error injection
injection_000086,00001garden,5,289,5,True,True,applied,0.0,1,,7,C2 Error injection,00001garden,5,289,True,True,applied,0.0,1,,7,sham,0.0,,00001garden,C2 Error injection
injection_000086,00001garden,5,289,10,True,True,applied,0.0,1,,7,C2 Error injection,00001garden,5,289,True,True,applied,0.0,1,,7,sham,0.0,,00001garden,C2 Error injection
injection_000086,00001garden,5,289,20,True,True,applied,0.0,1,,7,C2 Error injection,00001garden,5,289,True,True,applied,0.0,1,,7,sham,0.0,,00001garden,C2 Error injection
injection_000087,00001garden,6,289,1,True,True,applied,0.0,1,,4,C2 Error injection,00001garden,6,289,True,True,applied,0.0,1,,4,sham,0.0,,00001garden,C2 Error injection
injection_000087,00001garden,6,289,2,True,True,applied,0.0,1,,4,C2 Error injection,00001garden,6,289,True,True,applied,0.0,1,,4,sham,0.0,,00001garden,C2 Error injection
injection_000087,00001garden,6,289,5,True,True,applied,0.0,1,,4,C2 Error injection,00001garden,6,289,True,True,applied,0.0,1,,4,sham,0.0,,00001garden,C2 Error injection
injection_000087,00001garden,6,289,10,True,True,applied,0.0,1,,4,C2 Error injection,00001garden,6,289,True,True,applied,0.0,1,,4,sham,0.0,,00001garden,C2 Error injection
injection_000087,00001garden,6,289,20,True,True,applied,0.0,1,,4,C2 Error injection,00001garden,6,289,True,True,applied,0.0,1,,4,sham,0.0,,00001garden,C2 Error injection
injection_000088,00001garden,13,290,1,True,True,applied,1.0,1,,53,C2 Error injection,00001garden,13,290,True,True,applied,0.0,1,,53,sham,1.0,,00001garden,C2 Error injection
injection_000088,00001garden,13,290,2,True,True,applied,1.0,1,,53,C2 Error injection,00001garden,13,290,True,True,applied,0.0,1,,53,sham,1.0,,00001garden,C2 Error injection
injection_000088,00001garden,13,290,5,True,True,applied,1.0,1,,53,C2 Error injection,00001garden,13,290,True,True,applied,0.0,1,,53,sham,1.0,,00001garden,C2 Error injection
injection_000088,00001garden,13,290,10,True,True,applied,1.0,1,,53,C2 Error injection,00001garden,13,290,True,True,applied,0.0,1,,53,sham,1.0,,00001garden,C2 Error injection
injection_000088,00001garden,13,290,20,True,True,applied,1.0,1,,53,C2 Error injection,00001garden,13,290,True,True,applied,0.0,1,,53,sham,1.0,,00001garden,C2 Error injection
injection_000089,00001garden,8,301,1,True,True,applied,0.0,1,,11,C2 Error injection,00001garden,8,301,True,True,applied,0.0,1,,11,sham,0.0,,00001garden,C2 Error injection
injection_000089,00001garden,8,301,2,True,True,applied,0.0,1,,11,C2 Error injection,00001garden,8,301,True,True,applied,0.0,1,,11,sham,0.0,,00001garden,C2 Error injection
injection_000089,00001garden,8,301,5,True,True,applied,0.0,1,,11,C2 Error injection,00001garden,8,301,True,True,applied,0.0,1,,11,sham,0.0,,00001garden,C2 Error injection
injection_000089,00001garden,8,301,10,True,True,applied,0.0,1,,11,C2 Error injection,00001garden,8,301,True,True,applied,0.0,1,,11,sham,0.0,,00001garden,C2 Error injection
injection_000089,00001garden,8,301,20,True,True,applied,0.0,1,,11,C2 Error injection,00001garden,8,301,True,True,applied,0.0,1,,11,sham,0.0,,00001garden,C2 Error injection
injection_000090,00001garden,7,302,1,True,True,applied,0.0,1,,24,C2 Error injection,00001garden,7,302,True,True,applied,0.0,1,,24,sham,0.0,,00001garden,C2 Error injection
injection_000090,00001garden,7,302,2,True,True,applied,0.0,1,,24,C2 Error injection,00001garden,7,302,True,True,applied,0.0,1,,24,sham,0.0,,00001garden,C2 Error injection
injection_000090,00001garden,7,302,5,True,True,applied,0.0,1,,24,C2 Error injection,00001garden,7,302,True,True,applied,0.0,1,,24,sham,0.0,,00001garden,C2 Error injection
injection_000090,00001garden,7,302,10,True,True,applied,0.0,1,,24,C2 Error injection,00001garden,7,302,True,True,applied,0.0,1,,24,sham,0.0,,00001garden,C2 Error injection
injection_000090,00001garden,7,302,20,True,True,applied,0.0,1,,24,C2 Error injection,00001garden,7,302,True,True,applied,0.0,1,,24,sham,0.0,,00001garden,C2 Error injection
injection_000091,00001garden,10,309,1,True,True,applied,0.0,1,,12,C2 Error injection,00001garden,10,309,True,True,applied,0.0,1,,12,sham,0.0,,00001garden,C2 Error injection
injection_000091,00001garden,10,309,2,True,True,applied,0.0,1,,12,C2 Error injection,00001garden,10,309,True,True,applied,0.0,1,,12,sham,0.0,,00001garden,C2 Error injection
injection_000091,00001garden,10,309,5,True,True,applied,0.0,1,,12,C2 Error injection,00001garden,10,309,True,True,applied,0.0,1,,12,sham,0.0,,00001garden,C2 Error injection
injection_000091,00001garden,10,309,10,True,True,applied,0.0,1,,12,C2 Error injection,00001garden,10,309,True,True,applied,0.0,1,,12,sham,0.0,,00001garden,C2 Error injection
injection_000091,00001garden,10,309,20,True,True,applied,0.0,1,,12,C2 Error injection,00001garden,10,309,True,True,applied,0.0,1,,12,sham,0.0,,00001garden,C2 Error injection
injection_000092,00001garden,11,319,1,True,True,applied,0.0,1,,10,C2 Error injection,00001garden,11,319,True,True,applied,0.0,1,,10,sham,0.0,,00001garden,C2 Error injection
injection_000092,00001garden,11,319,2,True,True,applied,0.0,1,,10,C2 Error injection,00001garden,11,319,True,True,applied,0.0,1,,10,sham,0.0,,00001garden,C2 Error injection
injection_000092,00001garden,11,319,5,True,True,applied,0.0,1,,10,C2 Error injection,00001garden,11,319,True,True,applied,0.0,1,,10,sham,0.0,,00001garden,C2 Error injection
injection_000092,00001garden,11,319,10,True,True,applied,0.0,1,,10,C2 Error injection,00001garden,11,319,True,True,applied,0.0,1,,10,sham,0.0,,00001garden,C2 Error injection
injection_000092,00001garden,11,319,20,True,True,applied,0.0,1,,10,C2 Error injection,00001garden,11,319,True,True,applied,0.0,1,,10,sham,0.0,,00001garden,C2 Error injection
injection_000093,00001garden,9,327,1,True,True,applied,1.0,1,,37,C2 Error injection,00001garden,9,327,True,True,applied,0.0,1,,37,sham,1.0,,00001garden,C2 Error injection
injection_000093,00001garden,9,327,2,True,True,applied,1.0,1,,37,C2 Error injection,00001garden,9,327,True,True,applied,0.0,1,,37,sham,1.0,,00001garden,C2 Error injection
injection_000093,00001garden,9,327,5,True,True,applied,1.0,1,,37,C2 Error injection,00001garden,9,327,True,True,applied,0.0,1,,37,sham,1.0,,00001garden,C2 Error injection
injection_000093,00001garden,9,327,10,True,True,applied,1.0,1,,37,C2 Error injection,00001garden,9,327,True,True,applied,0.0,1,,37,sham,1.0,,00001garden,C2 Error injection
injection_000093,00001garden,9,327,20,True,True,applied,1.0,1,,37,C2 Error injection,00001garden,9,327,True,True,applied,0.0,1,,37,sham,1.0,,00001garden,C2 Error injection
injection_000094,00001garden,2,330,1,True,True,applied,0.0,1,,8,C2 Error injection,00001garden,2,330,True,True,applied,0.0,1,,8,sham,0.0,,00001garden,C2 Error injection
injection_000094,00001garden,2,330,2,True,True,applied,0.0,1,,8,C2 Error injection,00001garden,2,330,True,True,applied,0.0,1,,8,sham,0.0,,00001garden,C2 Error injection
injection_000094,00001garden,2,330,5,True,True,applied,0.0,1,,8,C2 Error injection,00001garden,2,330,True,True,applied,0.0,1,,8,sham,0.0,,00001garden,C2 Error injection
injection_000094,00001garden,2,330,10,True,True,applied,0.0,1,,8,C2 Error injection,00001garden,2,330,True,True,applied,0.0,1,,8,sham,0.0,,00001garden,C2 Error injection
injection_000094,00001garden,2,330,20,True,True,applied,0.0,1,,8,C2 Error injection,00001garden,2,330,True,True,applied,0.0,1,,8,sham,0.0,,00001garden,C2 Error injection
injection_000097,00001garden,5,330,1,True,True,applied,0.0,1,,7,C2 Error injection,00001garden,5,330,True,True,applied,0.0,1,,7,sham,0.0,,00001garden,C2 Error injection
injection_000097,00001garden,5,330,2,True,True,applied,0.0,1,,7,C2 Error injection,00001garden,5,330,True,True,applied,0.0,1,,7,sham,0.0,,00001garden,C2 Error injection
injection_000097,00001garden,5,330,5,True,True,applied,0.0,1,,7,C2 Error injection,00001garden,5,330,True,True,applied,0.0,1,,7,sham,0.0,,00001garden,C2 Error injection
injection_000097,00001garden,5,330,10,True,True,applied,0.0,1,,7,C2 Error injection,00001garden,5,330,True,True,applied,0.0,1,,7,sham,0.0,,00001garden,C2 Error injection
injection_000097,00001garden,5,330,20,True,True,applied,0.0,1,,7,C2 Error injection,00001garden,5,330,True,True,applied,0.0,1,,7,sham,0.0,,00001garden,C2 Error injection
injection_000098,00001garden,13,331,1,True,True,applied,1.0,1,,53,C2 Error injection,00001garden,13,331,True,True,applied,0.0,1,,53,sham,1.0,,00001garden,C2 Error injection
injection_000098,00001garden,13,331,2,True,True,applied,1.0,1,,53,C2 Error injection,00001garden,13,331,True,True,applied,0.0,1,,53,sham,1.0,,00001garden,C2 Error injection
injection_000098,00001garden,13,331,5,True,True,applied,1.0,1,,53,C2 Error injection,00001garden,13,331,True,True,applied,0.0,1,,53,sham,1.0,,00001garden,C2 Error injection
injection_000098,00001garden,13,331,10,True,True,applied,1.0,1,,53,C2 Error injection,00001garden,13,331,True,True,applied,0.0,1,,53,sham,1.0,,00001garden,C2 Error injection
injection_000098,00001garden,13,331,20,True,True,applied,1.0,1,,53,C2 Error injection,00001garden,13,331,True,True,applied,0.0,1,,53,sham,1.0,,00001garden,C2 Error injection
injection_000099,00001garden,6,331,1,True,True,applied,0.0,1,,4,C2 Error injection,00001garden,6,331,True,True,applied,0.0,1,,4,sham,0.0,,00001garden,C2 Error injection
injection_000099,00001garden,6,331,2,True,True,applied,0.0,1,,4,C2 Error injection,00001garden,6,331,True,True,applied,0.0,1,,4,sham,0.0,,00001garden,C2 Error injection
injection_000099,00001garden,6,331,5,True,True,applied,0.0,1,,4,C2 Error injection,00001garden,6,331,True,True,applied,0.0,1,,4,sham,0.0,,00001garden,C2 Error injection
injection_000099,00001garden,6,331,10,True,True,applied,0.0,1,,4,C2 Error injection,00001garden,6,331,True,True,applied,0.0,1,,4,sham,0.0,,00001garden,C2 Error injection
injection_000099,00001garden,6,331,20,True,True,applied,0.0,1,,4,C2 Error injection,00001garden,6,331,True,True,applied,0.0,1,,4,sham,0.0,,00001garden,C2 Error injection
injection_000100,00001garden,16,339,1,True,True,applied,1.0,1,,109,C2 Error injection,00001garden,16,339,True,True,applied,0.0,1,,109,sham,1.0,,00001garden,C2 Error injection
injection_000100,00001garden,16,339,2,True,True,applied,1.0,1,,109,C2 Error injection,00001garden,16,339,True,True,applied,0.0,1,,109,sham,1.0,,00001garden,C2 Error injection
injection_000100,00001garden,16,339,5,True,True,applied,1.0,1,,109,C2 Error injection,00001garden,16,339,True,True,applied,0.0,1,,109,sham,1.0,,00001garden,C2 Error injection
injection_000100,00001garden,16,339,10,True,True,applied,1.0,1,,109,C2 Error injection,00001garden,16,339,True,True,applied,0.0,1,,109,sham,1.0,,00001garden,C2 Error injection
injection_000100,00001garden,16,339,20,True,True,applied,1.0,1,,109,C2 Error injection,00001garden,16,339,True,True,applied,0.0,1,,109,sham,1.0,,00001garden,C2 Error injection
injection_000101,00001garden,8,342,1,True,True,applied,0.0,1,,11,C2 Error injection,00001garden,8,342,True,True,applied,0.0,1,,11,sham,0.0,,00001garden,C2 Error injection
injection_000101,00001garden,8,342,2,True,True,applied,0.0,1,,11,C2 Error injection,00001garden,8,342,True,True,applied,0.0,1,,11,sham,0.0,,00001garden,C2 Error injection
injection_000101,00001garden,8,342,5,True,True,applied,0.0,1,,11,C2 Error injection,00001garden,8,342,True,True,applied,0.0,1,,11,sham,0.0,,00001garden,C2 Error injection
injection_000101,00001garden,8,342,10,True,True,applied,0.0,1,,11,C2 Error injection,00001garden,8,342,True,True,applied,0.0,1,,11,sham,0.0,,00001garden,C2 Error injection
injection_000101,00001garden,8,342,20,True,True,applied,0.0,1,,11,C2 Error injection,00001garden,8,342,True,True,applied,0.0,1,,11,sham,0.0,,00001garden,C2 Error injection
injection_000102,00001garden,7,343,1,True,True,applied,0.0,1,,24,C2 Error injection,00001garden,7,343,True,True,applied,0.0,1,,24,sham,0.0,,00001garden,C2 Error injection
injection_000102,00001garden,7,343,2,True,True,applied,0.0,1,,24,C2 Error injection,00001garden,7,343,True,True,applied,0.0,1,,24,sham,0.0,,00001garden,C2 Error injection
injection_000102,00001garden,7,343,5,True,True,applied,0.0,1,,24,C2 Error injection,00001garden,7,343,True,True,applied,0.0,1,,24,sham,0.0,,00001garden,C2 Error injection
injection_000102,00001garden,7,343,10,True,True,applied,0.0,1,,24,C2 Error injection,00001garden,7,343,True,True,applied,0.0,1,,24,sham,0.0,,00001garden,C2 Error injection
injection_000102,00001garden,7,343,20,True,True,applied,0.0,1,,24,C2 Error injection,00001garden,7,343,True,True,applied,0.0,1,,24,sham,0.0,,00001garden,C2 Error injection
injection_000103,00001garden,10,350,1,True,True,applied,0.0,1,,12,C2 Error injection,00001garden,10,350,True,True,applied,0.0,1,,12,sham,0.0,,00001garden,C2 Error injection
injection_000103,00001garden,10,350,2,True,True,applied,0.0,1,,12,C2 Error injection,00001garden,10,350,True,True,applied,0.0,1,,12,sham,0.0,,00001garden,C2 Error injection
injection_000103,00001garden,10,350,5,True,True,applied,0.0,1,,12,C2 Error injection,00001garden,10,350,True,True,applied,0.0,1,,12,sham,0.0,,00001garden,C2 Error injection
injection_000103,00001garden,10,350,10,True,True,applied,0.0,1,,12,C2 Error injection,00001garden,10,350,True,True,applied,0.0,1,,12,sham,0.0,,00001garden,C2 Error injection
injection_000103,00001garden,10,350,20,True,True,applied,0.0,1,,12,C2 Error injection,00001garden,10,350,True,True,applied,0.0,1,,12,sham,0.0,,00001garden,C2 Error injection
injection_000104,00001garden,11,360,1,True,True,applied,0.0,1,,10,C2 Error injection,00001garden,11,360,True,True,applied,0.0,1,,10,sham,0.0,,00001garden,C2 Error injection
injection_000104,00001garden,11,360,2,True,True,applied,0.0,1,,10,C2 Error injection,00001garden,11,360,True,True,applied,0.0,1,,10,sham,0.0,,00001garden,C2 Error injection
injection_000104,00001garden,11,360,5,True,True,applied,0.0,1,,10,C2 Error injection,00001garden,11,360,True,True,applied,0.0,1,,10,sham,0.0,,00001garden,C2 Error injection
injection_000104,00001garden,11,360,10,True,True,applied,0.0,1,,10,C2 Error injection,00001garden,11,360,True,True,applied,0.0,1,,10,sham,0.0,,00001garden,C2 Error injection
injection_000104,00001garden,11,360,20,True,True,applied,0.0,1,,10,C2 Error injection,00001garden,11,360,True,True,applied,0.0,1,,10,sham,0.0,,00001garden,C2 Error injection
injection_000105,00001garden,18,363,1,True,True,applied,1.0,1,,123,C2 Error injection,00001garden,18,363,True,True,applied,0.0,1,,123,sham,1.0,,00001garden,C2 Error injection
injection_000105,00001garden,18,363,2,True,True,applied,1.0,1,,123,C2 Error injection,00001garden,18,363,True,True,applied,0.0,1,,123,sham,1.0,,00001garden,C2 Error injection
injection_000105,00001garden,18,363,5,True,True,applied,1.0,1,,123,C2 Error injection,00001garden,18,363,True,True,applied,0.0,1,,123,sham,1.0,,00001garden,C2 Error injection
injection_000105,00001garden,18,363,10,True,True,applied,1.0,1,,123,C2 Error injection,00001garden,18,363,True,True,applied,0.0,1,,123,sham,1.0,,00001garden,C2 Error injection
injection_000105,00001garden,18,363,20,True,True,applied,1.0,1,,123,C2 Error injection,00001garden,18,363,True,True,applied,0.0,1,,123,sham,1.0,,00001garden,C2 Error injection
injection_000106,00001garden,9,368,1,True,True,applied,1.0,1,,37,C2 Error injection,00001garden,9,368,True,True,applied,0.0,1,,37,sham,1.0,,00001garden,C2 Error injection
injection_000106,00001garden,9,368,2,True,True,applied,1.0,1,,37,C2 Error injection,00001garden,9,368,True,True,applied,0.0,1,,37,sham,1.0,,00001garden,C2 Error injection
injection_000106,00001garden,9,368,5,True,True,applied,1.0,1,,37,C2 Error injection,00001garden,9,368,True,True,applied,0.0,1,,37,sham,1.0,,00001garden,C2 Error injection
injection_000106,00001garden,9,368,10,True,True,applied,1.0,1,,37,C2 Error injection,00001garden,9,368,True,True,applied,0.0,1,,37,sham,1.0,,00001garden,C2 Error injection
injection_000106,00001garden,9,368,20,True,True,applied,1.0,1,,37,C2 Error injection,00001garden,9,368,True,True,applied,0.0,1,,37,sham,1.0,,00001garden,C2 Error injection
injection_000107,00001garden,1,371,1,True,True,applied,0.0,2,0.0,3,C2 Error injection,00001garden,1,371,True,True,applied,0.0,2,0.0,3,sham,0.0,0.0,00001garden,C2 Error injection
injection_000107,00001garden,1,371,2,True,True,applied,0.0,2,0.0,3,C2 Error injection,00001garden,1,371,True,True,applied,0.0,2,0.0,3,sham,0.0,0.0,00001garden,C2 Error injection
injection_000107,00001garden,1,371,5,True,True,applied,0.0,2,0.0,3,C2 Error injection,00001garden,1,371,True,True,applied,0.0,2,0.0,3,sham,0.0,0.0,00001garden,C2 Error injection
injection_000107,00001garden,1,371,10,True,True,applied,0.0,2,0.0,3,C2 Error injection,00001garden,1,371,True,True,applied,0.0,2,0.0,3,sham,0.0,0.0,00001garden,C2 Error injection
injection_000107,00001garden,1,371,20,True,True,applied,0.0,2,0.0,3,C2 Error injection,00001garden,1,371,True,True,applied,0.0,2,0.0,3,sham,0.0,0.0,00001garden,C2 Error injection
injection_000109,00001garden,5,371,1,True,True,applied,0.0,1,,7,C2 Error injection,00001garden,5,371,True,True,applied,0.0,1,,7,sham,0.0,,00001garden,C2 Error injection
injection_000109,00001garden,5,371,2,True,True,applied,0.5,2,1.0,7,C2 Error injection,00001garden,5,371,True,True,applied,0.5,2,1.0,7,sham,0.0,0.0,00001garden,C2 Error injection
injection_000109,00001garden,5,371,5,True,True,applied,0.0,2,0.0,7,C2 Error injection,00001garden,5,371,True,True,applied,0.0,2,0.0,7,sham,0.0,0.0,00001garden,C2 Error injection
injection_000109,00001garden,5,371,10,True,True,applied,0.0,2,0.0,7,C2 Error injection,00001garden,5,371,True,True,applied,0.0,2,0.0,7,sham,0.0,0.0,00001garden,C2 Error injection
injection_000109,00001garden,5,371,20,True,True,applied,0.0,2,0.0,7,C2 Error injection,00001garden,5,371,True,True,applied,0.0,2,0.0,7,sham,0.0,0.0,00001garden,C2 Error injection
injection_000110,00001garden,3,371,1,True,True,applied,0.0,1,,5,C2 Error injection,00001garden,3,371,True,True,applied,0.0,1,,5,sham,0.0,,00001garden,C2 Error injection
injection_000110,00001garden,3,371,2,True,True,applied,0.0,1,,5,C2 Error injection,00001garden,3,371,True,True,applied,0.0,1,,5,sham,0.0,,00001garden,C2 Error injection
injection_000110,00001garden,3,371,5,True,True,applied,0.0,1,,5,C2 Error injection,00001garden,3,371,True,True,applied,0.0,1,,5,sham,0.0,,00001garden,C2 Error injection
injection_000110,00001garden,3,371,10,True,True,applied,0.0,1,,5,C2 Error injection,00001garden,3,371,True,True,applied,0.0,1,,5,sham,0.0,,00001garden,C2 Error injection
injection_000110,00001garden,3,371,20,True,True,applied,0.0,2,0.0,5,C2 Error injection,00001garden,3,371,True,True,applied,0.0,2,0.0,5,sham,0.0,0.0,00001garden,C2 Error injection
injection_000111,00001garden,13,372,1,True,True,applied,1.0,1,,53,C2 Error injection,00001garden,13,372,True,True,applied,0.0,1,,53,sham,1.0,,00001garden,C2 Error injection
injection_000111,00001garden,13,372,2,True,True,applied,1.0,1,,53,C2 Error injection,00001garden,13,372,True,True,applied,0.0,1,,53,sham,1.0,,00001garden,C2 Error injection
injection_000111,00001garden,13,372,5,True,True,applied,1.0,1,,53,C2 Error injection,00001garden,13,372,True,True,applied,0.0,1,,53,sham,1.0,,00001garden,C2 Error injection
injection_000111,00001garden,13,372,10,True,True,applied,1.0,1,,53,C2 Error injection,00001garden,13,372,True,True,applied,0.0,1,,53,sham,1.0,,00001garden,C2 Error injection
injection_000111,00001garden,13,372,20,True,True,applied,1.0,1,,53,C2 Error injection,00001garden,13,372,True,True,applied,0.0,1,,53,sham,1.0,,00001garden,C2 Error injection
injection_000112,00001garden,6,372,1,True,True,applied,0.5,2,1.0,4,C2 Error injection,00001garden,6,372,True,True,applied,0.5,2,1.0,4,sham,0.0,0.0,00001garden,C2 Error injection
injection_000112,00001garden,6,372,2,True,True,applied,0.0,2,0.0,4,C2 Error injection,00001garden,6,372,True,True,applied,0.0,2,0.0,4,sham,0.0,0.0,00001garden,C2 Error injection
injection_000112,00001garden,6,372,5,True,True,applied,0.0,2,0.0,4,C2 Error injection,00001garden,6,372,True,True,applied,0.0,2,0.0,4,sham,0.0,0.0,00001garden,C2 Error injection
injection_000112,00001garden,6,372,10,True,True,applied,0.0,2,0.0,4,C2 Error injection,00001garden,6,372,True,True,applied,0.0,2,0.0,4,sham,0.0,0.0,00001garden,C2 Error injection
injection_000112,00001garden,6,372,20,True,True,applied,0.0,2,0.0,4,C2 Error injection,00001garden,6,372,True,True,applied,0.0,2,0.0,4,sham,0.0,0.0,00001garden,C2 Error injection
injection_000113,00001garden,16,380,1,True,True,applied,1.0,1,,109,C2 Error injection,00001garden,16,380,True,True,applied,0.0,1,,109,sham,1.0,,00001garden,C2 Error injection
injection_000113,00001garden,16,380,2,True,True,applied,1.0,1,,109,C2 Error injection,00001garden,16,380,True,True,applied,0.0,1,,109,sham,1.0,,00001garden,C2 Error injection
injection_000113,00001garden,16,380,10,True,True,applied,1.0,1,,109,C2 Error injection,00001garden,16,380,True,True,applied,0.0,1,,109,sham,1.0,,00001garden,C2 Error injection
injection_000114,00001garden,8,383,1,True,True,applied,0.0,1,,11,C2 Error injection,00001garden,8,383,True,True,applied,0.0,1,,11,sham,0.0,,00001garden,C2 Error injection
injection_000114,00001garden,8,383,2,True,True,applied,0.0,1,,11,C2 Error injection,00001garden,8,383,True,True,applied,0.0,1,,11,sham,0.0,,00001garden,C2 Error injection
injection_000114,00001garden,8,383,5,True,True,applied,0.0,1,,11,C2 Error injection,00001garden,8,383,True,True,applied,0.0,1,,11,sham,0.0,,00001garden,C2 Error injection
injection_000114,00001garden,8,383,10,True,True,applied,0.0,1,,11,C2 Error injection,00001garden,8,383,True,True,applied,0.0,1,,11,sham,0.0,,00001garden,C2 Error injection
injection_000114,00001garden,8,383,20,True,True,applied,0.0,1,,11,C2 Error injection,00001garden,8,383,True,True,applied,0.0,1,,11,sham,0.0,,00001garden,C2 Error injection
injection_000115,00001garden,7,384,1,True,True,applied,0.0,1,,24,C2 Error injection,00001garden,7,384,True,True,applied,0.0,1,,24,sham,0.0,,00001garden,C2 Error injection
injection_000115,00001garden,7,384,2,True,True,applied,0.0,1,,24,C2 Error injection,00001garden,7,384,True,True,applied,0.0,1,,24,sham,0.0,,00001garden,C2 Error injection
injection_000115,00001garden,7,384,5,True,True,applied,0.0,1,,24,C2 Error injection,00001garden,7,384,True,True,applied,0.0,1,,24,sham,0.0,,00001garden,C2 Error injection
injection_000115,00001garden,7,384,10,True,True,applied,0.0,1,,24,C2 Error injection,00001garden,7,384,True,True,applied,0.0,1,,24,sham,0.0,,00001garden,C2 Error injection
injection_000115,00001garden,7,384,20,True,True,applied,0.0,1,,24,C2 Error injection,00001garden,7,384,True,True,applied,0.0,1,,24,sham,0.0,,00001garden,C2 Error injection
injection_000116,00001garden,10,391,1,True,True,applied,0.0,1,,12,C2 Error injection,00001garden,10,391,True,True,applied,0.0,1,,12,sham,0.0,,00001garden,C2 Error injection
injection_000116,00001garden,10,391,2,True,True,applied,0.0,1,,12,C2 Error injection,00001garden,10,391,True,True,applied,0.0,1,,12,sham,0.0,,00001garden,C2 Error injection
injection_000116,00001garden,10,391,5,True,True,applied,0.0,1,,12,C2 Error injection,00001garden,10,391,True,True,applied,0.0,1,,12,sham,0.0,,00001garden,C2 Error injection
injection_000116,00001garden,10,391,10,True,True,applied,0.0,1,,12,C2 Error injection,00001garden,10,391,True,True,applied,0.0,1,,12,sham,0.0,,00001garden,C2 Error injection
injection_000116,00001garden,10,391,20,True,True,applied,0.0,1,,12,C2 Error injection,00001garden,10,391,True,True,applied,0.0,1,,12,sham,0.0,,00001garden,C2 Error injection
injection_000117,00001garden,11,401,1,True,True,applied,0.0,1,,10,C2 Error injection,00001garden,11,401,True,True,applied,0.0,1,,10,sham,0.0,,00001garden,C2 Error injection
injection_000117,00001garden,11,401,2,True,True,applied,0.0,1,,10,C2 Error injection,00001garden,11,401,True,True,applied,0.0,1,,10,sham,0.0,,00001garden,C2 Error injection
injection_000117,00001garden,11,401,5,True,True,applied,0.0,1,,10,C2 Error injection,00001garden,11,401,True,True,applied,0.0,1,,10,sham,0.0,,00001garden,C2 Error injection
injection_000117,00001garden,11,401,10,True,True,applied,0.0,1,,10,C2 Error injection,00001garden,11,401,True,True,applied,0.0,1,,10,sham,0.0,,00001garden,C2 Error injection
injection_000117,00001garden,11,401,20,True,True,applied,0.0,1,,10,C2 Error injection,00001garden,11,401,True,True,applied,0.0,1,,10,sham,0.0,,00001garden,C2 Error injection
injection_000118,00001garden,17,402,1,True,True,applied,1.0,1,,122,C2 Error injection,00001garden,17,402,True,True,applied,0.0,1,,122,sham,1.0,,00001garden,C2 Error injection
injection_000118,00001garden,17,402,2,True,True,applied,1.0,1,,122,C2 Error injection,00001garden,17,402,True,True,applied,0.0,1,,122,sham,1.0,,00001garden,C2 Error injection
injection_000118,00001garden,17,402,5,True,True,applied,1.0,1,,122,C2 Error injection,00001garden,17,402,True,True,applied,0.0,1,,122,sham,1.0,,00001garden,C2 Error injection
injection_000118,00001garden,17,402,10,True,True,applied,1.0,1,,122,C2 Error injection,00001garden,17,402,True,True,applied,0.0,1,,122,sham,1.0,,00001garden,C2 Error injection
injection_000119,00001garden,18,404,1,True,True,applied,1.0,1,,123,C2 Error injection,00001garden,18,404,True,True,applied,0.0,1,,123,sham,1.0,,00001garden,C2 Error injection
injection_000119,00001garden,18,404,2,True,True,applied,1.0,1,,123,C2 Error injection,00001garden,18,404,True,True,applied,0.0,1,,123,sham,1.0,,00001garden,C2 Error injection
injection_000119,00001garden,18,404,5,True,True,applied,1.0,1,,123,C2 Error injection,00001garden,18,404,True,True,applied,0.0,1,,123,sham,1.0,,00001garden,C2 Error injection
injection_000119,00001garden,18,404,10,True,True,applied,1.0,1,,123,C2 Error injection,00001garden,18,404,True,True,applied,0.0,1,,123,sham,1.0,,00001garden,C2 Error injection
injection_000119,00001garden,18,404,20,True,True,applied,1.0,1,,123,C2 Error injection,00001garden,18,404,True,True,applied,0.0,1,,123,sham,1.0,,00001garden,C2 Error injection
injection_000120,00001garden,9,409,1,True,True,applied,1.0,1,,37,C2 Error injection,00001garden,9,409,True,True,applied,0.0,1,,37,sham,1.0,,00001garden,C2 Error injection
injection_000120,00001garden,9,409,2,True,True,applied,1.0,1,,37,C2 Error injection,00001garden,9,409,True,True,applied,0.0,1,,37,sham,1.0,,00001garden,C2 Error injection
injection_000120,00001garden,9,409,5,True,True,applied,1.0,1,,37,C2 Error injection,00001garden,9,409,True,True,applied,0.0,1,,37,sham,1.0,,00001garden,C2 Error injection
injection_000120,00001garden,9,409,10,True,True,applied,1.0,1,,37,C2 Error injection,00001garden,9,409,True,True,applied,0.0,1,,37,sham,1.0,,00001garden,C2 Error injection
injection_000120,00001garden,9,409,20,True,True,applied,1.0,1,,37,C2 Error injection,00001garden,9,409,True,True,applied,0.0,1,,37,sham,1.0,,00001garden,C2 Error injection
injection_000121,00001garden,1,412,1,True,True,applied,0.0,2,0.0,3,C2 Error injection,00001garden,1,412,True,True,applied,0.0,2,0.0,3,sham,0.0,0.0,00001garden,C2 Error injection
injection_000121,00001garden,1,412,2,True,True,applied,0.0,2,0.0,3,C2 Error injection,00001garden,1,412,True,True,applied,0.0,2,0.0,3,sham,0.0,0.0,00001garden,C2 Error injection
injection_000121,00001garden,1,412,5,True,True,applied,0.0,2,0.0,3,C2 Error injection,00001garden,1,412,True,True,applied,0.0,2,0.0,3,sham,0.0,0.0,00001garden,C2 Error injection
injection_000121,00001garden,1,412,10,True,True,applied,0.0,2,0.0,3,C2 Error injection,00001garden,1,412,True,True,applied,0.0,2,0.0,3,sham,0.0,0.0,00001garden,C2 Error injection
injection_000121,00001garden,1,412,20,True,True,applied,0.0,2,0.0,3,C2 Error injection,00001garden,1,412,True,True,applied,0.0,2,0.0,3,sham,0.0,0.0,00001garden,C2 Error injection
injection_000124,00001garden,5,412,1,True,True,applied,0.0,2,0.0,7,C2 Error injection,00001garden,5,412,True,True,applied,0.0,2,0.0,7,sham,0.0,0.0,00001garden,C2 Error injection
injection_000124,00001garden,5,412,2,True,True,applied,0.0,2,0.0,7,C2 Error injection,00001garden,5,412,True,True,applied,0.0,2,0.0,7,sham,0.0,0.0,00001garden,C2 Error injection
injection_000124,00001garden,5,412,5,True,True,applied,0.0,2,0.0,7,C2 Error injection,00001garden,5,412,True,True,applied,0.0,2,0.0,7,sham,0.0,0.0,00001garden,C2 Error injection
injection_000124,00001garden,5,412,10,True,True,applied,0.0,2,0.0,7,C2 Error injection,00001garden,5,412,True,True,applied,0.0,2,0.0,7,sham,0.0,0.0,00001garden,C2 Error injection
injection_000124,00001garden,5,412,20,True,True,applied,0.0,2,0.0,7,C2 Error injection,00001garden,5,412,True,True,applied,0.0,2,0.0,7,sham,0.0,0.0,00001garden,C2 Error injection
injection_000125,00001garden,6,413,1,True,True,applied,0.0,2,0.0,4,C2 Error injection,00001garden,6,413,True,True,applied,0.0,2,0.0,4,sham,0.0,0.0,00001garden,C2 Error injection
injection_000125,00001garden,6,413,2,True,True,applied,0.0,2,0.0,4,C2 Error injection,00001garden,6,413,True,True,applied,0.0,2,0.0,4,sham,0.0,0.0,00001garden,C2 Error injection
injection_000125,00001garden,6,413,5,True,True,applied,0.0,2,0.0,4,C2 Error injection,00001garden,6,413,True,True,applied,0.0,2,0.0,4,sham,0.0,0.0,00001garden,C2 Error injection
injection_000125,00001garden,6,413,10,True,True,applied,0.0,2,0.0,4,C2 Error injection,00001garden,6,413,True,True,applied,0.0,2,0.0,4,sham,0.0,0.0,00001garden,C2 Error injection
injection_000125,00001garden,6,413,20,True,True,applied,0.0,2,0.0,4,C2 Error injection,00001garden,6,413,True,True,applied,0.0,2,0.0,4,sham,0.0,0.0,00001garden,C2 Error injection
injection_000127,00001garden,10,433,1,True,True,applied,0.0,1,,12,C2 Error injection,00001garden,10,433,True,True,applied,0.0,1,,12,sham,0.0,,00001garden,C2 Error injection
injection_000127,00001garden,10,433,2,True,True,applied,0.0,1,,12,C2 Error injection,00001garden,10,433,True,True,applied,0.0,1,,12,sham,0.0,,00001garden,C2 Error injection
injection_000127,00001garden,10,433,5,True,True,applied,0.0,1,,12,C2 Error injection,00001garden,10,433,True,True,applied,0.0,1,,12,sham,0.0,,00001garden,C2 Error injection
injection_000127,00001garden,10,433,10,True,True,applied,0.0,1,,12,C2 Error injection,00001garden,10,433,True,True,applied,0.0,1,,12,sham,0.0,,00001garden,C2 Error injection
injection_000127,00001garden,10,433,20,True,True,applied,0.0,1,,12,C2 Error injection,00001garden,10,433,True,True,applied,0.0,1,,12,sham,0.0,,00001garden,C2 Error injection
injection_000130,00001garden,11,442,1,True,True,applied,0.0,1,,10,C2 Error injection,00001garden,11,442,True,True,applied,0.0,1,,10,sham,0.0,,00001garden,C2 Error injection
injection_000130,00001garden,11,442,2,True,True,applied,0.0,1,,10,C2 Error injection,00001garden,11,442,True,True,applied,0.0,1,,10,sham,0.0,,00001garden,C2 Error injection
injection_000130,00001garden,11,442,5,True,True,applied,0.0,1,,10,C2 Error injection,00001garden,11,442,True,True,applied,0.0,1,,10,sham,0.0,,00001garden,C2 Error injection
injection_000130,00001garden,11,442,10,True,True,applied,0.0,1,,10,C2 Error injection,00001garden,11,442,True,True,applied,0.0,1,,10,sham,0.0,,00001garden,C2 Error injection
injection_000131,00001garden,17,443,1,True,True,applied,1.0,1,,122,C2 Error injection,00001garden,17,443,True,True,applied,0.0,1,,122,sham,1.0,,00001garden,C2 Error injection
injection_000131,00001garden,17,443,2,True,True,applied,1.0,1,,122,C2 Error injection,00001garden,17,443,True,True,applied,0.0,1,,122,sham,1.0,,00001garden,C2 Error injection
injection_000131,00001garden,17,443,5,True,True,applied,1.0,1,,122,C2 Error injection,00001garden,17,443,True,True,applied,0.0,1,,122,sham,1.0,,00001garden,C2 Error injection
injection_000131,00001garden,17,443,10,True,True,applied,1.0,1,,122,C2 Error injection,00001garden,17,443,True,True,applied,0.0,1,,122,sham,1.0,,00001garden,C2 Error injection
injection_000132,00001garden,18,445,1,True,True,applied,1.0,1,,123,C2 Error injection,00001garden,18,445,True,True,applied,0.0,1,,123,sham,1.0,,00001garden,C2 Error injection
injection_000132,00001garden,18,445,2,True,True,applied,1.0,1,,123,C2 Error injection,00001garden,18,445,True,True,applied,0.0,1,,123,sham,1.0,,00001garden,C2 Error injection
injection_000132,00001garden,18,445,5,True,True,applied,1.0,1,,123,C2 Error injection,00001garden,18,445,True,True,applied,0.0,1,,123,sham,1.0,,00001garden,C2 Error injection
injection_000132,00001garden,18,445,10,True,True,applied,1.0,1,,123,C2 Error injection,00001garden,18,445,True,True,applied,0.0,1,,123,sham,1.0,,00001garden,C2 Error injection
injection_000133,00001garden,9,450,1,True,True,applied,1.0,1,,37,C2 Error injection,00001garden,9,450,True,True,applied,0.0,1,,37,sham,1.0,,00001garden,C2 Error injection
injection_000133,00001garden,9,450,2,True,True,applied,1.0,1,,37,C2 Error injection,00001garden,9,450,True,True,applied,0.0,1,,37,sham,1.0,,00001garden,C2 Error injection
injection_000133,00001garden,9,450,5,True,True,applied,1.0,1,,37,C2 Error injection,00001garden,9,450,True,True,applied,0.0,1,,37,sham,1.0,,00001garden,C2 Error injection
injection_000134,00001garden,5,453,1,True,True,applied,0.0,2,0.0,7,C2 Error injection,00001garden,5,453,True,True,applied,0.0,2,0.0,7,sham,0.0,0.0,00001garden,C2 Error injection
injection_000134,00001garden,5,453,2,True,True,applied,0.0,2,0.0,7,C2 Error injection,00001garden,5,453,True,True,applied,0.0,2,0.0,7,sham,0.0,0.0,00001garden,C2 Error injection
injection_000134,00001garden,5,453,5,True,True,applied,0.0,2,0.0,7,C2 Error injection,00001garden,5,453,True,True,applied,0.0,2,0.0,7,sham,0.0,0.0,00001garden,C2 Error injection
injection_000134,00001garden,5,453,10,True,True,applied,0.0,1,0.0,7,C2 Error injection,00001garden,5,453,True,True,applied,0.0,1,0.0,7,sham,0.0,0.0,00001garden,C2 Error injection
injection_000134,00001garden,5,453,20,True,True,applied,0.0,2,0.0,7,C2 Error injection,00001garden,5,453,True,True,applied,0.0,2,0.0,7,sham,0.0,0.0,00001garden,C2 Error injection
injection_000138,00001garden,6,454,1,True,True,applied,0.5,2,1.0,4,C2 Error injection,00001garden,6,454,True,True,applied,0.5,2,1.0,4,sham,0.0,0.0,00001garden,C2 Error injection
injection_000138,00001garden,6,454,2,True,True,applied,0.5,2,1.0,4,C2 Error injection,00001garden,6,454,True,True,applied,0.5,2,1.0,4,sham,0.0,0.0,00001garden,C2 Error injection
injection_000138,00001garden,6,454,5,True,True,applied,0.0,2,0.0,4,C2 Error injection,00001garden,6,454,True,True,applied,0.0,2,0.0,4,sham,0.0,0.0,00001garden,C2 Error injection
injection_000138,00001garden,6,454,10,True,True,applied,0.0,1,0.0,4,C2 Error injection,00001garden,6,454,True,True,applied,0.0,1,0.0,4,sham,0.0,0.0,00001garden,C2 Error injection
injection_000138,00001garden,6,454,20,True,True,applied,0.0,2,0.0,4,C2 Error injection,00001garden,6,454,True,True,applied,0.0,2,0.0,4,sham,0.0,0.0,00001garden,C2 Error injection
injection_000139,00001garden,13,454,1,True,True,applied,1.0,1,,53,C2 Error injection,00001garden,13,454,True,True,applied,0.0,1,,53,sham,1.0,,00001garden,C2 Error injection
injection_000139,00001garden,13,454,2,True,True,applied,1.0,1,,53,C2 Error injection,00001garden,13,454,True,True,applied,0.0,1,,53,sham,1.0,,00001garden,C2 Error injection
injection_000140,00001garden,17,490,1,True,True,applied,1.0,1,,122,C2 Error injection,00001garden,17,490,True,True,applied,0.0,1,,122,sham,1.0,,00001garden,C2 Error injection
injection_000140,00001garden,17,490,2,True,True,applied,1.0,1,,122,C2 Error injection,00001garden,17,490,True,True,applied,0.0,1,,122,sham,1.0,,00001garden,C2 Error injection
injection_000140,00001garden,17,490,5,True,True,applied,1.0,1,,122,C2 Error injection,00001garden,17,490,True,True,applied,0.0,1,,122,sham,1.0,,00001garden,C2 Error injection
injection_000140,00001garden,17,490,10,True,True,applied,1.0,1,,122,C2 Error injection,00001garden,17,490,True,True,applied,0.0,1,,122,sham,1.0,,00001garden,C2 Error injection
injection_000140,00001garden,17,490,20,True,True,applied,1.0,1,,122,C2 Error injection,00001garden,17,490,True,True,applied,0.0,1,,122,sham,1.0,,00001garden,C2 Error injection
injection_000141,00001garden,5,494,1,True,True,applied,0.0,2,0.0,7,C2 Error injection,00001garden,5,494,True,True,applied,0.0,2,0.0,7,sham,0.0,0.0,00001garden,C2 Error injection
injection_000141,00001garden,5,494,2,True,True,applied,0.0,2,0.0,7,C2 Error injection,00001garden,5,494,True,True,applied,0.0,2,0.0,7,sham,0.0,0.0,00001garden,C2 Error injection
injection_000141,00001garden,5,494,5,True,True,applied,0.0,2,0.0,7,C2 Error injection,00001garden,5,494,True,True,applied,0.0,2,0.0,7,sham,0.0,0.0,00001garden,C2 Error injection
injection_000141,00001garden,5,494,10,True,True,applied,0.0,2,0.0,7,C2 Error injection,00001garden,5,494,True,True,applied,0.0,2,0.0,7,sham,0.0,0.0,00001garden,C2 Error injection
injection_000141,00001garden,5,494,20,True,True,applied,0.0,2,0.0,7,C2 Error injection,00001garden,5,494,True,True,applied,0.0,2,0.0,7,sham,0.0,0.0,00001garden,C2 Error injection
injection_000142,00001garden,1,494,1,True,True,applied,0.0,1,,3,C2 Error injection,00001garden,1,494,True,True,applied,0.0,1,,3,sham,0.0,,00001garden,C2 Error injection
injection_000142,00001garden,1,494,2,True,True,applied,0.0,1,,3,C2 Error injection,00001garden,1,494,True,True,applied,0.0,1,,3,sham,0.0,,00001garden,C2 Error injection
injection_000142,00001garden,1,494,5,True,True,applied,0.0,1,,3,C2 Error injection,00001garden,1,494,True,True,applied,0.0,1,,3,sham,0.0,,00001garden,C2 Error injection
injection_000142,00001garden,1,494,10,True,True,applied,0.0,1,,3,C2 Error injection,00001garden,1,494,True,True,applied,0.0,1,,3,sham,0.0,,00001garden,C2 Error injection
injection_000142,00001garden,1,494,20,True,True,applied,0.0,1,,3,C2 Error injection,00001garden,1,494,True,True,applied,0.0,1,,3,sham,0.0,,00001garden,C2 Error injection
injection_000143,00001garden,3,494,1,True,True,applied,0.5,2,1.0,5,C2 Error injection,00001garden,3,494,True,True,applied,0.5,2,1.0,5,sham,0.0,0.0,00001garden,C2 Error injection
injection_000143,00001garden,3,494,2,True,True,applied,0.5,2,1.0,5,C2 Error injection,00001garden,3,494,True,True,applied,0.5,2,1.0,5,sham,0.0,0.0,00001garden,C2 Error injection
injection_000143,00001garden,3,494,5,True,True,applied,0.5,2,1.0,5,C2 Error injection,00001garden,3,494,True,True,applied,0.5,2,1.0,5,sham,0.0,0.0,00001garden,C2 Error injection
injection_000143,00001garden,3,494,10,True,True,applied,0.0,2,0.0,5,C2 Error injection,00001garden,3,494,True,True,applied,0.0,2,0.0,5,sham,0.0,0.0,00001garden,C2 Error injection
injection_000143,00001garden,3,494,20,True,True,applied,0.0,2,0.0,5,C2 Error injection,00001garden,3,494,True,True,applied,0.0,2,0.0,5,sham,0.0,0.0,00001garden,C2 Error injection
injection_000144,00001garden,6,495,1,True,True,applied,0.5,2,1.0,4,C2 Error injection,00001garden,6,495,True,True,applied,0.0,2,0.0,4,sham,0.5,1.0,00001garden,C2 Error injection
injection_000144,00001garden,6,495,2,True,True,applied,0.0,2,0.0,4,C2 Error injection,00001garden,6,495,True,True,applied,0.0,2,0.0,4,sham,0.0,0.0,00001garden,C2 Error injection
injection_000144,00001garden,6,495,5,True,True,applied,0.0,2,0.0,4,C2 Error injection,00001garden,6,495,True,True,applied,0.0,2,0.0,4,sham,0.0,0.0,00001garden,C2 Error injection
injection_000144,00001garden,6,495,10,True,True,applied,0.0,2,0.0,4,C2 Error injection,00001garden,6,495,True,True,applied,0.0,2,0.0,4,sham,0.0,0.0,00001garden,C2 Error injection
injection_000144,00001garden,6,495,20,True,True,applied,0.0,2,0.0,4,C2 Error injection,00001garden,6,495,True,True,applied,0.0,2,0.0,4,sham,0.0,0.0,00001garden,C2 Error injection
injection_000145,00001garden,5,535,1,True,True,applied,0.0,2,0.0,7,C2 Error injection,00001garden,5,535,True,True,applied,0.0,2,0.0,7,sham,0.0,0.0,00001garden,C2 Error injection
injection_000145,00001garden,5,535,2,True,True,applied,0.5,2,1.0,7,C2 Error injection,00001garden,5,535,True,True,applied,0.5,2,1.0,7,sham,0.0,0.0,00001garden,C2 Error injection
injection_000145,00001garden,5,535,5,True,True,applied,0.0,2,0.0,7,C2 Error injection,00001garden,5,535,True,True,applied,0.0,2,0.0,7,sham,0.0,0.0,00001garden,C2 Error injection
injection_000145,00001garden,5,535,10,True,True,applied,0.0,2,0.0,7,C2 Error injection,00001garden,5,535,True,True,applied,0.0,2,0.0,7,sham,0.0,0.0,00001garden,C2 Error injection
injection_000145,00001garden,5,535,20,True,True,applied,0.0,2,0.0,7,C2 Error injection,00001garden,5,535,True,True,applied,0.0,2,0.0,7,sham,0.0,0.0,00001garden,C2 Error injection
injection_000147,00001garden,6,536,1,True,True,applied,0.0,2,0.0,4,C2 Error injection,00001garden,6,536,True,True,applied,0.0,2,0.0,4,sham,0.0,0.0,00001garden,C2 Error injection
injection_000147,00001garden,6,536,2,True,True,applied,0.0,2,0.0,4,C2 Error injection,00001garden,6,536,True,True,applied,0.0,2,0.0,4,sham,0.0,0.0,00001garden,C2 Error injection
injection_000147,00001garden,6,536,5,True,True,applied,0.0,2,0.0,4,C2 Error injection,00001garden,6,536,True,True,applied,0.0,2,0.0,4,sham,0.0,0.0,00001garden,C2 Error injection
injection_000147,00001garden,6,536,10,True,True,applied,0.0,2,0.0,4,C2 Error injection,00001garden,6,536,True,True,applied,0.0,2,0.0,4,sham,0.0,0.0,00001garden,C2 Error injection
injection_000147,00001garden,6,536,20,True,True,applied,0.0,2,0.0,4,C2 Error injection,00001garden,6,536,True,True,applied,0.0,2,0.0,4,sham,0.0,0.0,00001garden,C2 Error injection
injection_000148,00001garden,1,536,1,True,True,applied,0.0,1,,3,C2 Error injection,00001garden,1,536,True,True,applied,0.0,1,,3,sham,0.0,,00001garden,C2 Error injection
injection_000148,00001garden,1,536,2,True,True,applied,0.0,1,,3,C2 Error injection,00001garden,1,536,True,True,applied,0.0,1,,3,sham,0.0,,00001garden,C2 Error injection
injection_000148,00001garden,1,536,5,True,True,applied,0.0,1,,3,C2 Error injection,00001garden,1,536,True,True,applied,0.0,1,,3,sham,0.0,,00001garden,C2 Error injection
injection_000148,00001garden,1,536,10,True,True,applied,0.0,1,,3,C2 Error injection,00001garden,1,536,True,True,applied,0.0,1,,3,sham,0.0,,00001garden,C2 Error injection
injection_000148,00001garden,1,536,20,True,True,applied,0.0,1,,3,C2 Error injection,00001garden,1,536,True,True,applied,0.0,1,,3,sham,0.0,,00001garden,C2 Error injection
injection_000150,00001garden,2,571,1,True,True,applied,1.0,1,,232,C2 Error injection,00001garden,2,571,True,True,applied,0.0,1,,232,sham,1.0,,00001garden,C2 Error injection
injection_000150,00001garden,2,571,2,True,True,applied,1.0,1,,232,C2 Error injection,00001garden,2,571,True,True,applied,0.0,1,,232,sham,1.0,,00001garden,C2 Error injection
injection_000150,00001garden,2,571,5,True,True,applied,1.0,1,,232,C2 Error injection,00001garden,2,571,True,True,applied,0.0,1,,232,sham,1.0,,00001garden,C2 Error injection
injection_000150,00001garden,2,571,10,True,True,applied,1.0,1,,232,C2 Error injection,00001garden,2,571,True,True,applied,0.0,1,,232,sham,1.0,,00001garden,C2 Error injection
injection_000150,00001garden,2,571,20,True,True,applied,1.0,1,,232,C2 Error injection,00001garden,2,571,True,True,applied,0.0,1,,232,sham,1.0,,00001garden,C2 Error injection
injection_000151,00001garden,5,576,1,True,True,applied,0.0,2,0.0,7,C2 Error injection,00001garden,5,576,True,True,applied,0.0,2,0.0,7,sham,0.0,0.0,00001garden,C2 Error injection
injection_000151,00001garden,5,576,2,True,True,applied,0.0,2,0.0,7,C2 Error injection,00001garden,5,576,True,True,applied,0.0,2,0.0,7,sham,0.0,0.0,00001garden,C2 Error injection
injection_000151,00001garden,5,576,5,True,True,applied,0.0,2,0.0,7,C2 Error injection,00001garden,5,576,True,True,applied,0.0,2,0.0,7,sham,0.0,0.0,00001garden,C2 Error injection
injection_000151,00001garden,5,576,10,True,True,applied,0.0,2,0.0,7,C2 Error injection,00001garden,5,576,True,True,applied,0.0,2,0.0,7,sham,0.0,0.0,00001garden,C2 Error injection
injection_000151,00001garden,5,576,20,True,True,applied,0.0,2,0.0,7,C2 Error injection,00001garden,5,576,True,True,applied,0.0,2,0.0,7,sham,0.0,0.0,00001garden,C2 Error injection
injection_000153,00001garden,6,577,1,True,True,applied,0.0,2,0.0,4,C2 Error injection,00001garden,6,577,True,True,applied,0.0,2,0.0,4,sham,0.0,0.0,00001garden,C2 Error injection
injection_000153,00001garden,6,577,2,True,True,applied,0.0,2,0.0,4,C2 Error injection,00001garden,6,577,True,True,applied,0.0,2,0.0,4,sham,0.0,0.0,00001garden,C2 Error injection
injection_000153,00001garden,6,577,5,True,True,applied,0.5,2,1.0,4,C2 Error injection,00001garden,6,577,True,True,applied,0.5,2,1.0,4,sham,0.0,0.0,00001garden,C2 Error injection
injection_000153,00001garden,6,577,10,True,True,applied,0.0,2,0.0,4,C2 Error injection,00001garden,6,577,True,True,applied,0.0,2,0.0,4,sham,0.0,0.0,00001garden,C2 Error injection
injection_000153,00001garden,6,577,20,True,True,applied,0.0,2,0.0,4,C2 Error injection,00001garden,6,577,True,True,applied,0.0,2,0.0,4,sham,0.0,0.0,00001garden,C2 Error injection
injection_000154,00001garden,1,577,1,True,True,applied,0.0,1,,3,C2 Error injection,00001garden,1,577,True,True,applied,0.0,1,,3,sham,0.0,,00001garden,C2 Error injection
injection_000154,00001garden,1,577,2,True,True,applied,0.0,1,,3,C2 Error injection,00001garden,1,577,True,True,applied,0.0,1,,3,sham,0.0,,00001garden,C2 Error injection
injection_000154,00001garden,1,577,5,True,True,applied,0.0,1,,3,C2 Error injection,00001garden,1,577,True,True,applied,0.0,1,,3,sham,0.0,,00001garden,C2 Error injection
injection_000154,00001garden,1,577,10,True,True,applied,0.0,1,,3,C2 Error injection,00001garden,1,577,True,True,applied,0.0,1,,3,sham,0.0,,00001garden,C2 Error injection
injection_000154,00001garden,1,577,20,True,True,applied,0.0,1,,3,C2 Error injection,00001garden,1,577,True,True,applied,0.0,1,,3,sham,0.0,,00001garden,C2 Error injection
injection_000156,00001garden,5,617,1,True,True,applied,0.0,2,0.0,7,C2 Error injection,00001garden,5,617,True,True,applied,0.0,2,0.0,7,sham,0.0,0.0,00001garden,C2 Error injection
injection_000156,00001garden,5,617,2,True,True,applied,0.0,2,0.0,7,C2 Error injection,00001garden,5,617,True,True,applied,0.0,2,0.0,7,sham,0.0,0.0,00001garden,C2 Error injection
injection_000156,00001garden,5,617,5,True,True,applied,0.0,2,0.0,7,C2 Error injection,00001garden,5,617,True,True,applied,0.0,2,0.0,7,sham,0.0,0.0,00001garden,C2 Error injection
injection_000156,00001garden,5,617,10,True,True,applied,0.0,2,0.0,7,C2 Error injection,00001garden,5,617,True,True,applied,0.0,2,0.0,7,sham,0.0,0.0,00001garden,C2 Error injection
injection_000156,00001garden,5,617,20,True,True,applied,0.0,2,0.0,7,C2 Error injection,00001garden,5,617,True,True,applied,0.0,2,0.0,7,sham,0.0,0.0,00001garden,C2 Error injection
injection_000158,00001garden,6,618,1,True,True,applied,0.0,2,0.0,4,C2 Error injection,00001garden,6,618,True,True,applied,0.0,2,0.0,4,sham,0.0,0.0,00001garden,C2 Error injection
injection_000158,00001garden,6,618,2,True,True,applied,0.0,2,0.0,4,C2 Error injection,00001garden,6,618,True,True,applied,0.0,2,0.0,4,sham,0.0,0.0,00001garden,C2 Error injection
injection_000158,00001garden,6,618,5,True,True,applied,0.0,2,0.0,4,C2 Error injection,00001garden,6,618,True,True,applied,0.0,2,0.0,4,sham,0.0,0.0,00001garden,C2 Error injection
injection_000158,00001garden,6,618,10,True,True,applied,0.0,2,0.0,4,C2 Error injection,00001garden,6,618,True,True,applied,0.0,2,0.0,4,sham,0.0,0.0,00001garden,C2 Error injection
injection_000158,00001garden,6,618,20,True,True,applied,0.0,2,0.0,4,C2 Error injection,00001garden,6,618,True,True,applied,0.0,2,0.0,4,sham,0.0,0.0,00001garden,C2 Error injection
injection_000159,00001garden,17,618,1,True,True,applied,1.0,2,1.0,122,C2 Error injection,00001garden,17,618,True,True,applied,0.0,2,0.0,122,sham,1.0,1.0,00001garden,C2 Error injection
injection_000159,00001garden,17,618,2,True,True,applied,1.0,2,1.0,122,C2 Error injection,00001garden,17,618,True,True,applied,0.0,2,0.0,122,sham,1.0,1.0,00001garden,C2 Error injection
injection_000159,00001garden,17,618,5,True,True,applied,1.0,2,1.0,122,C2 Error injection,00001garden,17,618,True,True,applied,0.0,2,0.0,122,sham,1.0,1.0,00001garden,C2 Error injection
injection_000159,00001garden,17,618,10,True,True,applied,1.0,2,1.0,122,C2 Error injection,00001garden,17,618,True,True,applied,0.0,2,0.0,122,sham,1.0,1.0,00001garden,C2 Error injection
injection_000159,00001garden,17,618,20,True,True,applied,1.0,2,1.0,122,C2 Error injection,00001garden,17,618,True,True,applied,0.5,2,0.0,122,sham,0.5,1.0,00001garden,C2 Error injection
injection_000160,00001garden,2,621,1,True,True,applied,1.0,1,,232,C2 Error injection,00001garden,2,621,True,True,applied,0.0,1,,232,sham,1.0,,00001garden,C2 Error injection
injection_000160,00001garden,2,621,2,True,True,applied,1.0,1,,232,C2 Error injection,00001garden,2,621,True,True,applied,0.0,1,,232,sham,1.0,,00001garden,C2 Error injection
injection_000160,00001garden,2,621,5,True,True,applied,1.0,2,1.0,232,C2 Error injection,00001garden,2,621,True,True,applied,0.0,2,0.0,232,sham,1.0,1.0,00001garden,C2 Error injection
injection_000160,00001garden,2,621,10,True,True,applied,1.0,2,1.0,232,C2 Error injection,00001garden,2,621,True,True,applied,0.0,2,0.0,232,sham,1.0,1.0,00001garden,C2 Error injection
injection_000160,00001garden,2,621,20,True,True,applied,1.0,2,1.0,232,C2 Error injection,00001garden,2,621,True,True,applied,0.0,2,0.0,232,sham,1.0,1.0,00001garden,C2 Error injection
injection_000162,00001garden,5,658,1,True,True,applied,0.0,2,0.0,7,C2 Error injection,00001garden,5,658,True,True,applied,0.0,2,0.0,7,sham,0.0,0.0,00001garden,C2 Error injection
injection_000162,00001garden,5,658,2,True,True,applied,0.0,2,0.0,7,C2 Error injection,00001garden,5,658,True,True,applied,0.0,2,0.0,7,sham,0.0,0.0,00001garden,C2 Error injection
injection_000162,00001garden,5,658,5,True,True,applied,0.0,2,0.0,7,C2 Error injection,00001garden,5,658,True,True,applied,0.0,2,0.0,7,sham,0.0,0.0,00001garden,C2 Error injection
injection_000162,00001garden,5,658,10,True,True,applied,0.0,2,0.0,7,C2 Error injection,00001garden,5,658,True,True,applied,0.0,2,0.0,7,sham,0.0,0.0,00001garden,C2 Error injection
injection_000162,00001garden,5,658,20,True,True,applied,0.0,2,0.0,7,C2 Error injection,00001garden,5,658,True,True,applied,0.0,2,0.0,7,sham,0.0,0.0,00001garden,C2 Error injection
injection_000164,00001garden,3,658,1,True,True,applied,0.0,1,,5,C2 Error injection,00001garden,3,658,True,True,applied,0.0,1,,5,sham,0.0,,00001garden,C2 Error injection
injection_000164,00001garden,3,658,2,True,True,applied,0.0,1,,5,C2 Error injection,00001garden,3,658,True,True,applied,0.0,1,,5,sham,0.0,,00001garden,C2 Error injection
injection_000164,00001garden,3,658,5,True,True,applied,0.0,1,,5,C2 Error injection,00001garden,3,658,True,True,applied,0.0,1,,5,sham,0.0,,00001garden,C2 Error injection
injection_000164,00001garden,3,658,10,True,True,applied,0.0,1,,5,C2 Error injection,00001garden,3,658,True,True,applied,0.0,1,,5,sham,0.0,,00001garden,C2 Error injection
injection_000164,00001garden,3,658,20,True,True,applied,0.0,1,,5,C2 Error injection,00001garden,3,658,True,True,applied,0.0,1,,5,sham,0.0,,00001garden,C2 Error injection
injection_000165,00001garden,6,659,1,True,True,applied,0.0,2,0.0,4,C2 Error injection,00001garden,6,659,True,True,applied,0.0,2,0.0,4,sham,0.0,0.0,00001garden,C2 Error injection
injection_000165,00001garden,6,659,2,True,True,applied,0.0,2,0.0,4,C2 Error injection,00001garden,6,659,True,True,applied,0.0,2,0.0,4,sham,0.0,0.0,00001garden,C2 Error injection
injection_000165,00001garden,6,659,5,True,True,applied,0.0,2,0.0,4,C2 Error injection,00001garden,6,659,True,True,applied,0.0,2,0.0,4,sham,0.0,0.0,00001garden,C2 Error injection
injection_000165,00001garden,6,659,10,True,True,applied,0.0,2,0.0,4,C2 Error injection,00001garden,6,659,True,True,applied,0.0,2,0.0,4,sham,0.0,0.0,00001garden,C2 Error injection
injection_000165,00001garden,6,659,20,True,True,applied,0.5,2,1.0,4,C2 Error injection,00001garden,6,659,True,True,applied,0.5,2,1.0,4,sham,0.0,0.0,00001garden,C2 Error injection
injection_000167,00001garden,17,659,1,True,True,applied,1.0,2,1.0,122,C2 Error injection,00001garden,17,659,True,True,applied,0.5,2,1.0,122,sham,0.5,0.0,00001garden,C2 Error injection
injection_000167,00001garden,17,659,2,True,True,applied,1.0,1,,122,C2 Error injection,00001garden,17,659,True,True,applied,0.0,1,,122,sham,1.0,,00001garden,C2 Error injection
injection_000167,00001garden,17,659,5,True,True,applied,1.0,1,,122,C2 Error injection,00001garden,17,659,True,True,applied,0.0,1,,122,sham,1.0,,00001garden,C2 Error injection
injection_000167,00001garden,17,659,10,True,True,applied,1.0,1,,122,C2 Error injection,00001garden,17,659,True,True,applied,0.0,1,,122,sham,1.0,,00001garden,C2 Error injection
injection_000167,00001garden,17,659,20,True,True,applied,1.0,1,,122,C2 Error injection,00001garden,17,659,True,True,applied,0.0,1,,122,sham,1.0,,00001garden,C2 Error injection
injection_000168,00001garden,1,662,1,True,True,applied,0.0,1,,3,C2 Error injection,00001garden,1,662,True,True,applied,0.0,1,,3,sham,0.0,,00001garden,C2 Error injection
injection_000168,00001garden,1,662,2,True,True,applied,0.0,1,,3,C2 Error injection,00001garden,1,662,True,True,applied,0.0,1,,3,sham,0.0,,00001garden,C2 Error injection
injection_000168,00001garden,1,662,5,True,True,applied,0.0,1,,3,C2 Error injection,00001garden,1,662,True,True,applied,0.0,1,,3,sham,0.0,,00001garden,C2 Error injection
injection_000168,00001garden,1,662,10,True,True,applied,0.0,1,,3,C2 Error injection,00001garden,1,662,True,True,applied,0.0,1,,3,sham,0.0,,00001garden,C2 Error injection
injection_000168,00001garden,1,662,20,True,True,applied,0.0,1,,3,C2 Error injection,00001garden,1,662,True,True,applied,0.0,1,,3,sham,0.0,,00001garden,C2 Error injection
injection_000170,00001garden,5,699,1,True,True,applied,0.0,2,0.0,7,C2 Error injection,00001garden,5,699,True,True,applied,0.0,2,0.0,7,sham,0.0,0.0,00001garden,C2 Error injection
injection_000170,00001garden,5,699,2,True,True,applied,0.0,2,0.0,7,C2 Error injection,00001garden,5,699,True,True,applied,0.0,2,0.0,7,sham,0.0,0.0,00001garden,C2 Error injection
injection_000170,00001garden,5,699,5,True,True,applied,0.0,2,0.0,7,C2 Error injection,00001garden,5,699,True,True,applied,0.0,2,0.0,7,sham,0.0,0.0,00001garden,C2 Error injection
injection_000170,00001garden,5,699,10,True,True,applied,0.0,2,0.0,7,C2 Error injection,00001garden,5,699,True,True,applied,0.0,2,0.0,7,sham,0.0,0.0,00001garden,C2 Error injection
injection_000170,00001garden,5,699,20,True,True,applied,0.0,2,0.0,7,C2 Error injection,00001garden,5,699,True,True,applied,0.0,2,0.0,7,sham,0.0,0.0,00001garden,C2 Error injection
injection_000172,00001garden,3,699,1,True,True,applied,0.0,1,,5,C2 Error injection,00001garden,3,699,True,True,applied,0.0,1,,5,sham,0.0,,00001garden,C2 Error injection
injection_000172,00001garden,3,699,2,True,True,applied,0.0,1,,5,C2 Error injection,00001garden,3,699,True,True,applied,0.0,1,,5,sham,0.0,,00001garden,C2 Error injection
injection_000172,00001garden,3,699,5,True,True,applied,0.0,1,,5,C2 Error injection,00001garden,3,699,True,True,applied,0.0,1,,5,sham,0.0,,00001garden,C2 Error injection
injection_000172,00001garden,3,699,10,True,True,applied,0.0,1,,5,C2 Error injection,00001garden,3,699,True,True,applied,0.0,1,,5,sham,0.0,,00001garden,C2 Error injection
injection_000172,00001garden,3,699,20,True,True,applied,0.0,1,,5,C2 Error injection,00001garden,3,699,True,True,applied,0.0,1,,5,sham,0.0,,00001garden,C2 Error injection
injection_000173,00001garden,6,700,1,True,True,applied,0.0,2,0.0,4,C2 Error injection,00001garden,6,700,True,True,applied,0.0,2,0.0,4,sham,0.0,0.0,00001garden,C2 Error injection
injection_000173,00001garden,6,700,2,True,True,applied,0.0,2,0.0,4,C2 Error injection,00001garden,6,700,True,True,applied,0.0,2,0.0,4,sham,0.0,0.0,00001garden,C2 Error injection
injection_000173,00001garden,6,700,5,True,True,applied,0.0,2,0.0,4,C2 Error injection,00001garden,6,700,True,True,applied,0.0,2,0.0,4,sham,0.0,0.0,00001garden,C2 Error injection
injection_000173,00001garden,6,700,10,True,True,applied,0.0,2,0.0,4,C2 Error injection,00001garden,6,700,True,True,applied,0.0,2,0.0,4,sham,0.0,0.0,00001garden,C2 Error injection
injection_000173,00001garden,6,700,20,True,True,applied,0.0,2,0.0,4,C2 Error injection,00001garden,6,700,True,True,applied,0.0,2,0.0,4,sham,0.0,0.0,00001garden,C2 Error injection
injection_000174,00001garden,17,700,1,True,True,applied,1.0,1,,122,C2 Error injection,00001garden,17,700,True,True,applied,0.0,1,,122,sham,1.0,,00001garden,C2 Error injection
injection_000174,00001garden,17,700,2,True,True,applied,1.0,1,,122,C2 Error injection,00001garden,17,700,True,True,applied,0.0,1,,122,sham,1.0,,00001garden,C2 Error injection
injection_000174,00001garden,17,700,5,True,True,applied,1.0,1,,122,C2 Error injection,00001garden,17,700,True,True,applied,0.0,1,,122,sham,1.0,,00001garden,C2 Error injection
injection_000174,00001garden,17,700,10,True,True,applied,1.0,1,,122,C2 Error injection,00001garden,17,700,True,True,applied,0.0,1,,122,sham,1.0,,00001garden,C2 Error injection
injection_000175,00001garden,2,703,1,True,True,applied,1.0,2,1.0,232,C2 Error injection,00001garden,2,703,True,True,applied,0.0,2,0.0,232,sham,1.0,1.0,00001garden,C2 Error injection
injection_000175,00001garden,2,703,2,True,True,applied,1.0,2,1.0,232,C2 Error injection,00001garden,2,703,True,True,applied,0.0,2,0.0,232,sham,1.0,1.0,00001garden,C2 Error injection
injection_000175,00001garden,2,703,5,True,True,applied,1.0,2,1.0,232,C2 Error injection,00001garden,2,703,True,True,applied,0.0,2,0.0,232,sham,1.0,1.0,00001garden,C2 Error injection
injection_000175,00001garden,2,703,10,True,True,applied,1.0,2,1.0,232,C2 Error injection,00001garden,2,703,True,True,applied,0.0,2,0.0,232,sham,1.0,1.0,00001garden,C2 Error injection
injection_000175,00001garden,2,703,20,True,True,applied,1.0,2,1.0,232,C2 Error injection,00001garden,2,703,True,True,applied,0.0,2,0.0,232,sham,1.0,1.0,00001garden,C2 Error injection
injection_000177,00001garden,7,706,5,True,True,applied,1.0,1,,311,C2 Error injection,00001garden,7,706,True,True,applied,0.0,1,,311,sham,1.0,,00001garden,C2 Error injection
injection_000177,00001garden,7,706,10,True,True,applied,1.0,1,,311,C2 Error injection,00001garden,7,706,True,True,applied,0.0,1,,311,sham,1.0,,00001garden,C2 Error injection
injection_000177,00001garden,7,706,20,True,True,applied,1.0,1,,311,C2 Error injection,00001garden,7,706,True,True,applied,0.0,1,,311,sham,1.0,,00001garden,C2 Error injection
injection_000178,00001garden,5,740,1,True,True,applied,0.0,2,0.0,7,C2 Error injection,00001garden,5,740,True,True,applied,0.0,2,0.0,7,sham,0.0,0.0,00001garden,C2 Error injection
injection_000178,00001garden,5,740,2,True,True,applied,0.0,2,0.0,7,C2 Error injection,00001garden,5,740,True,True,applied,0.0,2,0.0,7,sham,0.0,0.0,00001garden,C2 Error injection
injection_000178,00001garden,5,740,5,True,True,applied,0.0,2,0.0,7,C2 Error injection,00001garden,5,740,True,True,applied,0.0,2,0.0,7,sham,0.0,0.0,00001garden,C2 Error injection
injection_000178,00001garden,5,740,10,True,True,applied,0.0,2,0.0,7,C2 Error injection,00001garden,5,740,True,True,applied,0.0,2,0.0,7,sham,0.0,0.0,00001garden,C2 Error injection
injection_000178,00001garden,5,740,20,True,True,applied,0.0,2,0.0,7,C2 Error injection,00001garden,5,740,True,True,applied,0.0,2,0.0,7,sham,0.0,0.0,00001garden,C2 Error injection
injection_000179,00001garden,8,740,1,True,True,applied,1.0,1,,312,C2 Error injection,00001garden,8,740,True,True,applied,0.0,1,,312,sham,1.0,,00001garden,C2 Error injection
injection_000179,00001garden,8,740,2,True,True,applied,1.0,1,,312,C2 Error injection,00001garden,8,740,True,True,applied,0.0,1,,312,sham,1.0,,00001garden,C2 Error injection
injection_000179,00001garden,8,740,5,True,True,applied,1.0,1,,312,C2 Error injection,00001garden,8,740,True,True,applied,0.0,1,,312,sham,1.0,,00001garden,C2 Error injection
injection_000179,00001garden,8,740,10,True,True,applied,1.0,1,,312,C2 Error injection,00001garden,8,740,True,True,applied,0.0,1,,312,sham,1.0,,00001garden,C2 Error injection
injection_000179,00001garden,8,740,20,True,True,applied,1.0,1,,312,C2 Error injection,00001garden,8,740,True,True,applied,0.0,1,,312,sham,1.0,,00001garden,C2 Error injection
injection_000180,00001garden,3,740,1,True,True,applied,0.0,1,,5,C2 Error injection,00001garden,3,740,True,True,applied,0.0,1,,5,sham,0.0,,00001garden,C2 Error injection
injection_000180,00001garden,3,740,2,True,True,applied,0.0,1,,5,C2 Error injection,00001garden,3,740,True,True,applied,0.0,1,,5,sham,0.0,,00001garden,C2 Error injection
injection_000180,00001garden,3,740,5,True,True,applied,0.0,1,,5,C2 Error injection,00001garden,3,740,True,True,applied,0.0,1,,5,sham,0.0,,00001garden,C2 Error injection
injection_000180,00001garden,3,740,10,True,True,applied,0.0,1,,5,C2 Error injection,00001garden,3,740,True,True,applied,0.0,1,,5,sham,0.0,,00001garden,C2 Error injection
injection_000180,00001garden,3,740,20,True,True,applied,0.0,1,,5,C2 Error injection,00001garden,3,740,True,True,applied,0.0,1,,5,sham,0.0,,00001garden,C2 Error injection
injection_000181,00001garden,6,741,1,True,True,applied,0.0,2,0.0,4,C2 Error injection,00001garden,6,741,True,True,applied,0.0,2,0.0,4,sham,0.0,0.0,00001garden,C2 Error injection
injection_000181,00001garden,6,741,2,True,True,applied,0.0,2,0.0,4,C2 Error injection,00001garden,6,741,True,True,applied,0.0,2,0.0,4,sham,0.0,0.0,00001garden,C2 Error injection
injection_000181,00001garden,6,741,5,True,True,applied,0.0,2,0.0,4,C2 Error injection,00001garden,6,741,True,True,applied,0.0,2,0.0,4,sham,0.0,0.0,00001garden,C2 Error injection
injection_000181,00001garden,6,741,10,True,True,applied,0.0,2,0.0,4,C2 Error injection,00001garden,6,741,True,True,applied,0.0,2,0.0,4,sham,0.0,0.0,00001garden,C2 Error injection
injection_000181,00001garden,6,741,20,True,True,applied,0.0,2,0.0,4,C2 Error injection,00001garden,6,741,True,True,applied,0.0,2,0.0,4,sham,0.0,0.0,00001garden,C2 Error injection
injection_000182,00001garden,2,744,1,True,True,applied,1.0,1,,232,C2 Error injection,00001garden,2,744,True,True,applied,0.0,1,,232,sham,1.0,,00001garden,C2 Error injection
injection_000182,00001garden,2,744,2,True,True,applied,1.0,1,,232,C2 Error injection,00001garden,2,744,True,True,applied,0.0,1,,232,sham,1.0,,00001garden,C2 Error injection
injection_000182,00001garden,2,744,5,True,True,applied,1.0,1,,232,C2 Error injection,00001garden,2,744,True,True,applied,0.0,1,,232,sham,1.0,,00001garden,C2 Error injection
injection_000182,00001garden,2,744,10,True,True,applied,1.0,1,,232,C2 Error injection,00001garden,2,744,True,True,applied,0.0,1,,232,sham,1.0,,00001garden,C2 Error injection
injection_000182,00001garden,2,744,20,True,True,applied,1.0,1,,232,C2 Error injection,00001garden,2,744,True,True,applied,0.0,1,,232,sham,1.0,,00001garden,C2 Error injection
injection_000183,00001garden,7,747,1,True,True,applied,1.0,1,,311,C2 Error injection,00001garden,7,747,True,True,applied,0.0,1,,311,sham,1.0,,00001garden,C2 Error injection
injection_000183,00001garden,7,747,2,True,True,applied,1.0,1,,311,C2 Error injection,00001garden,7,747,True,True,applied,0.0,1,,311,sham,1.0,,00001garden,C2 Error injection
injection_000183,00001garden,7,747,5,True,True,applied,1.0,1,,311,C2 Error injection,00001garden,7,747,True,True,applied,0.0,1,,311,sham,1.0,,00001garden,C2 Error injection
injection_000183,00001garden,7,747,10,True,True,applied,1.0,1,,311,C2 Error injection,00001garden,7,747,True,True,applied,0.0,1,,311,sham,1.0,,00001garden,C2 Error injection
injection_000183,00001garden,7,747,20,True,True,applied,1.0,1,,311,C2 Error injection,00001garden,7,747,True,True,applied,0.0,1,,311,sham,1.0,,00001garden,C2 Error injection
injection_000184,00001garden,5,781,1,True,True,applied,0.0,2,0.0,7,C2 Error injection,00001garden,5,781,True,True,applied,0.0,2,0.0,7,sham,0.0,0.0,00001garden,C2 Error injection
injection_000184,00001garden,5,781,2,True,True,applied,0.0,2,0.0,7,C2 Error injection,00001garden,5,781,True,True,applied,0.0,2,0.0,7,sham,0.0,0.0,00001garden,C2 Error injection
injection_000184,00001garden,5,781,5,True,True,applied,0.0,2,0.0,7,C2 Error injection,00001garden,5,781,True,True,applied,0.0,2,0.0,7,sham,0.0,0.0,00001garden,C2 Error injection
injection_000184,00001garden,5,781,10,True,True,applied,0.0,2,0.0,7,C2 Error injection,00001garden,5,781,True,True,applied,0.0,2,0.0,7,sham,0.0,0.0,00001garden,C2 Error injection
injection_000184,00001garden,5,781,20,True,True,applied,0.0,2,0.0,7,C2 Error injection,00001garden,5,781,True,True,applied,0.0,2,0.0,7,sham,0.0,0.0,00001garden,C2 Error injection
injection_000186,00001garden,3,781,1,True,True,applied,0.0,1,,5,C2 Error injection,00001garden,3,781,True,True,applied,0.0,1,,5,sham,0.0,,00001garden,C2 Error injection
injection_000186,00001garden,3,781,2,True,True,applied,0.0,1,,5,C2 Error injection,00001garden,3,781,True,True,applied,0.0,1,,5,sham,0.0,,00001garden,C2 Error injection
injection_000186,00001garden,3,781,5,True,True,applied,0.0,1,,5,C2 Error injection,00001garden,3,781,True,True,applied,0.0,1,,5,sham,0.0,,00001garden,C2 Error injection
injection_000186,00001garden,3,781,10,True,True,applied,0.0,1,,5,C2 Error injection,00001garden,3,781,True,True,applied,0.0,1,,5,sham,0.0,,00001garden,C2 Error injection
injection_000186,00001garden,3,781,20,True,True,applied,0.0,1,,5,C2 Error injection,00001garden,3,781,True,True,applied,0.0,1,,5,sham,0.0,,00001garden,C2 Error injection
injection_000187,00001garden,6,782,1,True,True,applied,0.0,2,0.0,4,C2 Error injection,00001garden,6,782,True,True,applied,0.0,2,0.0,4,sham,0.0,0.0,00001garden,C2 Error injection
injection_000187,00001garden,6,782,2,True,True,applied,0.0,2,0.0,4,C2 Error injection,00001garden,6,782,True,True,applied,0.0,2,0.0,4,sham,0.0,0.0,00001garden,C2 Error injection
injection_000187,00001garden,6,782,5,True,True,applied,0.0,2,0.0,4,C2 Error injection,00001garden,6,782,True,True,applied,0.0,2,0.0,4,sham,0.0,0.0,00001garden,C2 Error injection
injection_000187,00001garden,6,782,10,True,True,applied,0.0,2,0.0,4,C2 Error injection,00001garden,6,782,True,True,applied,0.0,2,0.0,4,sham,0.0,0.0,00001garden,C2 Error injection
injection_000187,00001garden,6,782,20,True,True,applied,0.0,2,0.0,4,C2 Error injection,00001garden,6,782,True,True,applied,0.0,2,0.0,4,sham,0.0,0.0,00001garden,C2 Error injection
injection_000188,00001garden,2,785,1,True,True,applied,1.0,1,,232,C2 Error injection,00001garden,2,785,True,True,applied,0.0,1,,232,sham,1.0,,00001garden,C2 Error injection
injection_000188,00001garden,2,785,2,True,True,applied,1.0,1,,232,C2 Error injection,00001garden,2,785,True,True,applied,0.0,1,,232,sham,1.0,,00001garden,C2 Error injection
injection_000188,00001garden,2,785,5,True,True,applied,1.0,1,,232,C2 Error injection,00001garden,2,785,True,True,applied,0.0,1,,232,sham,1.0,,00001garden,C2 Error injection
injection_000188,00001garden,2,785,10,True,True,applied,1.0,1,,232,C2 Error injection,00001garden,2,785,True,True,applied,0.0,1,,232,sham,1.0,,00001garden,C2 Error injection
injection_000188,00001garden,2,785,20,True,True,applied,1.0,2,1.0,232,C2 Error injection,00001garden,2,785,True,True,applied,0.5,2,1.0,232,sham,0.5,0.0,00001garden,C2 Error injection
injection_000189,00001garden,7,788,1,True,True,applied,1.0,1,,311,C2 Error injection,00001garden,7,788,True,True,applied,0.0,1,,311,sham,1.0,,00001garden,C2 Error injection
injection_000189,00001garden,7,788,2,True,True,applied,1.0,1,,311,C2 Error injection,00001garden,7,788,True,True,applied,0.0,1,,311,sham,1.0,,00001garden,C2 Error injection
injection_000189,00001garden,7,788,5,True,True,applied,1.0,1,,311,C2 Error injection,00001garden,7,788,True,True,applied,0.0,1,,311,sham,1.0,,00001garden,C2 Error injection
injection_000189,00001garden,7,788,10,True,True,applied,1.0,1,,311,C2 Error injection,00001garden,7,788,True,True,applied,0.0,1,,311,sham,1.0,,00001garden,C2 Error injection
injection_000189,00001garden,7,788,20,True,True,applied,1.0,1,,311,C2 Error injection,00001garden,7,788,True,True,applied,0.0,1,,311,sham,1.0,,00001garden,C2 Error injection
injection_000190,00001garden,5,822,1,True,True,applied,0.0,2,0.0,7,C2 Error injection,00001garden,5,822,True,True,applied,0.0,2,0.0,7,sham,0.0,0.0,00001garden,C2 Error injection
injection_000190,00001garden,5,822,2,True,True,applied,0.0,2,0.0,7,C2 Error injection,00001garden,5,822,True,True,applied,0.0,2,0.0,7,sham,0.0,0.0,00001garden,C2 Error injection
injection_000190,00001garden,5,822,5,True,True,applied,0.0,2,0.0,7,C2 Error injection,00001garden,5,822,True,True,applied,0.0,2,0.0,7,sham,0.0,0.0,00001garden,C2 Error injection
injection_000190,00001garden,5,822,10,True,True,applied,0.0,2,0.0,7,C2 Error injection,00001garden,5,822,True,True,applied,0.0,2,0.0,7,sham,0.0,0.0,00001garden,C2 Error injection
injection_000190,00001garden,5,822,20,True,True,applied,0.0,2,0.0,7,C2 Error injection,00001garden,5,822,True,True,applied,0.0,2,0.0,7,sham,0.0,0.0,00001garden,C2 Error injection
injection_000192,00001garden,3,822,1,True,True,applied,0.0,1,,5,C2 Error injection,00001garden,3,822,True,True,applied,0.0,1,,5,sham,0.0,,00001garden,C2 Error injection
injection_000192,00001garden,3,822,2,True,True,applied,0.0,1,,5,C2 Error injection,00001garden,3,822,True,True,applied,0.0,1,,5,sham,0.0,,00001garden,C2 Error injection
injection_000192,00001garden,3,822,5,True,True,applied,0.0,1,,5,C2 Error injection,00001garden,3,822,True,True,applied,0.0,1,,5,sham,0.0,,00001garden,C2 Error injection
injection_000192,00001garden,3,822,10,True,True,applied,0.0,1,,5,C2 Error injection,00001garden,3,822,True,True,applied,0.0,1,,5,sham,0.0,,00001garden,C2 Error injection
injection_000192,00001garden,3,822,20,True,True,applied,0.0,1,,5,C2 Error injection,00001garden,3,822,True,True,applied,0.0,1,,5,sham,0.0,,00001garden,C2 Error injection
injection_000193,00001garden,6,823,1,True,True,applied,0.0,2,0.0,4,C2 Error injection,00001garden,6,823,True,True,applied,0.0,2,0.0,4,sham,0.0,0.0,00001garden,C2 Error injection
injection_000193,00001garden,6,823,2,True,True,applied,0.0,2,0.0,4,C2 Error injection,00001garden,6,823,True,True,applied,0.0,2,0.0,4,sham,0.0,0.0,00001garden,C2 Error injection
injection_000193,00001garden,6,823,5,True,True,applied,0.0,2,0.0,4,C2 Error injection,00001garden,6,823,True,True,applied,0.0,2,0.0,4,sham,0.0,0.0,00001garden,C2 Error injection
injection_000193,00001garden,6,823,10,True,True,applied,0.0,2,0.0,4,C2 Error injection,00001garden,6,823,True,True,applied,0.0,2,0.0,4,sham,0.0,0.0,00001garden,C2 Error injection
injection_000193,00001garden,6,823,20,True,True,applied,0.0,2,0.0,4,C2 Error injection,00001garden,6,823,True,True,applied,0.0,2,0.0,4,sham,0.0,0.0,00001garden,C2 Error injection
injection_000194,00001garden,2,826,1,True,True,applied,1.0,1,,232,C2 Error injection,00001garden,2,826,True,True,applied,0.0,1,,232,sham,1.0,,00001garden,C2 Error injection
injection_000194,00001garden,2,826,2,True,True,applied,1.0,2,1.0,232,C2 Error injection,00001garden,2,826,True,True,applied,0.5,2,1.0,232,sham,0.5,0.0,00001garden,C2 Error injection
injection_000194,00001garden,2,826,5,True,True,applied,1.0,1,,232,C2 Error injection,00001garden,2,826,True,True,applied,0.0,1,,232,sham,1.0,,00001garden,C2 Error injection
injection_000194,00001garden,2,826,10,True,True,applied,1.0,1,,232,C2 Error injection,00001garden,2,826,True,True,applied,0.0,1,,232,sham,1.0,,00001garden,C2 Error injection
injection_000194,00001garden,2,826,20,True,True,applied,1.0,1,,232,C2 Error injection,00001garden,2,826,True,True,applied,0.0,1,,232,sham,1.0,,00001garden,C2 Error injection
injection_000195,00001garden,7,831,5,True,True,applied,1.0,1,,311,C2 Error injection,00001garden,7,831,True,True,applied,0.0,1,,311,sham,1.0,,00001garden,C2 Error injection
injection_000195,00001garden,7,831,20,True,True,applied,1.0,1,,311,C2 Error injection,00001garden,7,831,True,True,applied,0.0,1,,311,sham,1.0,,00001garden,C2 Error injection
injection_000197,00001garden,5,863,1,True,True,applied,0.0,2,0.0,7,C2 Error injection,00001garden,5,863,True,True,applied,0.0,2,0.0,7,sham,0.0,0.0,00001garden,C2 Error injection
injection_000197,00001garden,5,863,2,True,True,applied,0.0,2,0.0,7,C2 Error injection,00001garden,5,863,True,True,applied,0.0,2,0.0,7,sham,0.0,0.0,00001garden,C2 Error injection
injection_000197,00001garden,5,863,5,True,True,applied,0.0,2,0.0,7,C2 Error injection,00001garden,5,863,True,True,applied,0.0,2,0.0,7,sham,0.0,0.0,00001garden,C2 Error injection
injection_000197,00001garden,5,863,10,True,True,applied,0.0,2,0.0,7,C2 Error injection,00001garden,5,863,True,True,applied,0.0,2,0.0,7,sham,0.0,0.0,00001garden,C2 Error injection
injection_000197,00001garden,5,863,20,True,True,applied,0.0,2,0.0,7,C2 Error injection,00001garden,5,863,True,True,applied,0.0,2,0.0,7,sham,0.0,0.0,00001garden,C2 Error injection
injection_000198,00001garden,8,863,1,True,True,applied,1.0,1,,312,C2 Error injection,00001garden,8,863,True,True,applied,0.0,1,,312,sham,1.0,,00001garden,C2 Error injection
injection_000198,00001garden,8,863,2,True,True,applied,1.0,1,,312,C2 Error injection,00001garden,8,863,True,True,applied,1.0,1,,312,sham,0.0,,00001garden,C2 Error injection
injection_000198,00001garden,8,863,5,True,True,applied,1.0,1,,312,C2 Error injection,00001garden,8,863,True,True,applied,0.0,1,,312,sham,1.0,,00001garden,C2 Error injection
injection_000198,00001garden,8,863,10,True,True,applied,1.0,1,,312,C2 Error injection,00001garden,8,863,True,True,applied,0.0,1,,312,sham,1.0,,00001garden,C2 Error injection
injection_000198,00001garden,8,863,20,True,True,applied,1.0,1,,312,C2 Error injection,00001garden,8,863,True,True,applied,0.0,1,,312,sham,1.0,,00001garden,C2 Error injection
injection_000199,00001garden,3,863,1,True,True,applied,0.0,1,,5,C2 Error injection,00001garden,3,863,True,True,applied,0.0,1,,5,sham,0.0,,00001garden,C2 Error injection
injection_000199,00001garden,3,863,2,True,True,applied,0.0,1,,5,C2 Error injection,00001garden,3,863,True,True,applied,0.0,1,,5,sham,0.0,,00001garden,C2 Error injection
injection_000199,00001garden,3,863,5,True,True,applied,0.0,1,,5,C2 Error injection,00001garden,3,863,True,True,applied,0.0,1,,5,sham,0.0,,00001garden,C2 Error injection
injection_000199,00001garden,3,863,10,True,True,applied,0.0,1,,5,C2 Error injection,00001garden,3,863,True,True,applied,0.0,1,,5,sham,0.0,,00001garden,C2 Error injection
injection_000199,00001garden,3,863,20,True,True,applied,0.0,1,,5,C2 Error injection,00001garden,3,863,True,True,applied,0.0,1,,5,sham,0.0,,00001garden,C2 Error injection
injection_000200,00001garden,6,864,1,True,True,applied,0.0,2,0.0,4,C2 Error injection,00001garden,6,864,True,True,applied,0.0,2,0.0,4,sham,0.0,0.0,00001garden,C2 Error injection
injection_000200,00001garden,6,864,2,True,True,applied,0.0,2,0.0,4,C2 Error injection,00001garden,6,864,True,True,applied,0.0,2,0.0,4,sham,0.0,0.0,00001garden,C2 Error injection
injection_000200,00001garden,6,864,5,True,True,applied,0.0,2,0.0,4,C2 Error injection,00001garden,6,864,True,True,applied,0.0,2,0.0,4,sham,0.0,0.0,00001garden,C2 Error injection
injection_000200,00001garden,6,864,10,True,True,applied,0.0,2,0.0,4,C2 Error injection,00001garden,6,864,True,True,applied,0.0,2,0.0,4,sham,0.0,0.0,00001garden,C2 Error injection
injection_000200,00001garden,6,864,20,True,True,applied,0.0,2,0.0,4,C2 Error injection,00001garden,6,864,True,True,applied,0.0,2,0.0,4,sham,0.0,0.0,00001garden,C2 Error injection
injection_000201,00001garden,2,867,1,True,True,applied,1.0,1,,232,C2 Error injection,00001garden,2,867,True,True,applied,0.0,1,,232,sham,1.0,,00001garden,C2 Error injection
injection_000201,00001garden,2,867,2,True,True,applied,1.0,1,,232,C2 Error injection,00001garden,2,867,True,True,applied,0.0,1,,232,sham,1.0,,00001garden,C2 Error injection
injection_000201,00001garden,2,867,5,True,True,applied,1.0,1,,232,C2 Error injection,00001garden,2,867,True,True,applied,0.0,1,,232,sham,1.0,,00001garden,C2 Error injection
injection_000201,00001garden,2,867,10,True,True,applied,1.0,1,,232,C2 Error injection,00001garden,2,867,True,True,applied,0.0,1,,232,sham,1.0,,00001garden,C2 Error injection
injection_000201,00001garden,2,867,20,True,True,applied,1.0,1,,232,C2 Error injection,00001garden,2,867,True,True,applied,0.0,1,,232,sham,1.0,,00001garden,C2 Error injection
injection_000202,00001garden,7,872,1,True,True,applied,1.0,1,,311,C2 Error injection,00001garden,7,872,True,True,applied,0.0,1,,311,sham,1.0,,00001garden,C2 Error injection
injection_000202,00001garden,7,872,2,True,True,applied,1.0,1,,311,C2 Error injection,00001garden,7,872,True,True,applied,0.0,1,,311,sham,1.0,,00001garden,C2 Error injection
injection_000202,00001garden,7,872,5,True,True,applied,1.0,1,,311,C2 Error injection,00001garden,7,872,True,True,applied,0.0,1,,311,sham,1.0,,00001garden,C2 Error injection
injection_000202,00001garden,7,872,10,True,True,applied,1.0,1,,311,C2 Error injection,00001garden,7,872,True,True,applied,0.0,1,,311,sham,1.0,,00001garden,C2 Error injection
injection_000202,00001garden,7,872,20,True,True,applied,1.0,1,,311,C2 Error injection,00001garden,7,872,True,True,applied,0.0,1,,311,sham,1.0,,00001garden,C2 Error injection
injection_000203,00001garden,5,904,1,True,True,applied,0.0,2,0.0,7,C2 Error injection,00001garden,5,904,True,True,applied,0.0,2,0.0,7,sham,0.0,0.0,00001garden,C2 Error injection
injection_000203,00001garden,5,904,2,True,True,applied,0.0,2,0.0,7,C2 Error injection,00001garden,5,904,True,True,applied,0.0,2,0.0,7,sham,0.0,0.0,00001garden,C2 Error injection
injection_000203,00001garden,5,904,5,True,True,applied,0.0,2,0.0,7,C2 Error injection,00001garden,5,904,True,True,applied,0.0,2,0.0,7,sham,0.0,0.0,00001garden,C2 Error injection
injection_000203,00001garden,5,904,10,True,True,applied,0.0,2,0.0,7,C2 Error injection,00001garden,5,904,True,True,applied,0.0,2,0.0,7,sham,0.0,0.0,00001garden,C2 Error injection
injection_000203,00001garden,5,904,20,True,True,applied,0.0,2,0.0,7,C2 Error injection,00001garden,5,904,True,True,applied,0.0,2,0.0,7,sham,0.0,0.0,00001garden,C2 Error injection
injection_000204,00001garden,8,904,1,True,True,applied,1.0,1,,312,C2 Error injection,00001garden,8,904,True,True,applied,0.0,1,,312,sham,1.0,,00001garden,C2 Error injection
injection_000204,00001garden,8,904,2,True,True,applied,1.0,1,,312,C2 Error injection,00001garden,8,904,True,True,applied,0.0,1,,312,sham,1.0,,00001garden,C2 Error injection
injection_000204,00001garden,8,904,5,True,True,applied,1.0,1,,312,C2 Error injection,00001garden,8,904,True,True,applied,0.0,1,,312,sham,1.0,,00001garden,C2 Error injection
injection_000204,00001garden,8,904,10,True,True,applied,1.0,1,,312,C2 Error injection,00001garden,8,904,True,True,applied,0.0,1,,312,sham,1.0,,00001garden,C2 Error injection
injection_000204,00001garden,8,904,20,True,True,applied,1.0,1,,312,C2 Error injection,00001garden,8,904,True,True,applied,0.0,1,,312,sham,1.0,,00001garden,C2 Error injection
injection_000205,00001garden,3,904,1,True,True,applied,0.0,1,,5,C2 Error injection,00001garden,3,904,True,True,applied,0.0,1,,5,sham,0.0,,00001garden,C2 Error injection
injection_000205,00001garden,3,904,2,True,True,applied,0.0,1,,5,C2 Error injection,00001garden,3,904,True,True,applied,0.0,1,,5,sham,0.0,,00001garden,C2 Error injection
injection_000205,00001garden,3,904,5,True,True,applied,0.0,1,,5,C2 Error injection,00001garden,3,904,True,True,applied,0.0,1,,5,sham,0.0,,00001garden,C2 Error injection
injection_000205,00001garden,3,904,10,True,True,applied,0.0,1,,5,C2 Error injection,00001garden,3,904,True,True,applied,0.0,1,,5,sham,0.0,,00001garden,C2 Error injection
injection_000205,00001garden,3,904,20,True,True,applied,0.0,1,,5,C2 Error injection,00001garden,3,904,True,True,applied,0.0,1,,5,sham,0.0,,00001garden,C2 Error injection
injection_000206,00001garden,6,905,1,True,True,applied,0.0,2,0.0,4,C2 Error injection,00001garden,6,905,True,True,applied,0.0,2,0.0,4,sham,0.0,0.0,00001garden,C2 Error injection
injection_000206,00001garden,6,905,2,True,True,applied,0.0,2,0.0,4,C2 Error injection,00001garden,6,905,True,True,applied,0.0,2,0.0,4,sham,0.0,0.0,00001garden,C2 Error injection
injection_000206,00001garden,6,905,5,True,True,applied,0.0,2,0.0,4,C2 Error injection,00001garden,6,905,True,True,applied,0.0,2,0.0,4,sham,0.0,0.0,00001garden,C2 Error injection
injection_000206,00001garden,6,905,10,True,True,applied,0.0,2,0.0,4,C2 Error injection,00001garden,6,905,True,True,applied,0.0,2,0.0,4,sham,0.0,0.0,00001garden,C2 Error injection
injection_000206,00001garden,6,905,20,True,True,applied,0.0,2,0.0,4,C2 Error injection,00001garden,6,905,True,True,applied,0.0,2,0.0,4,sham,0.0,0.0,00001garden,C2 Error injection
injection_000207,00001garden,2,908,1,True,True,applied,1.0,1,,232,C2 Error injection,00001garden,2,908,True,True,applied,0.0,1,,232,sham,1.0,,00001garden,C2 Error injection
injection_000207,00001garden,2,908,2,True,True,applied,1.0,1,,232,C2 Error injection,00001garden,2,908,True,True,applied,0.0,1,,232,sham,1.0,,00001garden,C2 Error injection
injection_000207,00001garden,2,908,5,True,True,applied,1.0,1,,232,C2 Error injection,00001garden,2,908,True,True,applied,0.0,1,,232,sham,1.0,,00001garden,C2 Error injection
injection_000207,00001garden,2,908,10,True,True,applied,1.0,1,,232,C2 Error injection,00001garden,2,908,True,True,applied,0.0,1,,232,sham,1.0,,00001garden,C2 Error injection
injection_000207,00001garden,2,908,20,True,True,applied,1.0,1,,232,C2 Error injection,00001garden,2,908,True,True,applied,0.0,1,,232,sham,1.0,,00001garden,C2 Error injection
injection_000208,00001garden,7,913,1,True,True,applied,1.0,1,,311,C2 Error injection,00001garden,7,913,True,True,applied,0.0,1,,311,sham,1.0,,00001garden,C2 Error injection
injection_000208,00001garden,7,913,2,True,True,applied,1.0,1,,311,C2 Error injection,00001garden,7,913,True,True,applied,0.0,1,,311,sham,1.0,,00001garden,C2 Error injection
injection_000208,00001garden,7,913,5,True,True,applied,1.0,1,,311,C2 Error injection,00001garden,7,913,True,True,applied,0.0,1,,311,sham,1.0,,00001garden,C2 Error injection
injection_000208,00001garden,7,913,10,True,True,applied,1.0,1,,311,C2 Error injection,00001garden,7,913,True,True,applied,0.0,1,,311,sham,1.0,,00001garden,C2 Error injection
injection_000209,00001garden,5,945,1,True,True,applied,0.0,2,0.0,7,C2 Error injection,00001garden,5,945,True,True,applied,0.0,2,0.0,7,sham,0.0,0.0,00001garden,C2 Error injection
injection_000209,00001garden,5,945,2,True,True,applied,0.0,2,0.0,7,C2 Error injection,00001garden,5,945,True,True,applied,0.0,2,0.0,7,sham,0.0,0.0,00001garden,C2 Error injection
injection_000209,00001garden,5,945,5,True,True,applied,0.0,2,0.0,7,C2 Error injection,00001garden,5,945,True,True,applied,0.0,2,0.0,7,sham,0.0,0.0,00001garden,C2 Error injection
injection_000209,00001garden,5,945,10,True,True,applied,0.0,2,0.0,7,C2 Error injection,00001garden,5,945,True,True,applied,0.0,2,0.0,7,sham,0.0,0.0,00001garden,C2 Error injection
injection_000209,00001garden,5,945,20,True,True,applied,0.0,2,0.0,7,C2 Error injection,00001garden,5,945,True,True,applied,0.0,2,0.0,7,sham,0.0,0.0,00001garden,C2 Error injection
injection_000210,00001garden,3,945,1,True,True,applied,0.0,1,,5,C2 Error injection,00001garden,3,945,True,True,applied,0.0,1,,5,sham,0.0,,00001garden,C2 Error injection
injection_000210,00001garden,3,945,2,True,True,applied,0.0,1,,5,C2 Error injection,00001garden,3,945,True,True,applied,0.0,1,,5,sham,0.0,,00001garden,C2 Error injection
injection_000210,00001garden,3,945,5,True,True,applied,0.0,1,,5,C2 Error injection,00001garden,3,945,True,True,applied,0.0,1,,5,sham,0.0,,00001garden,C2 Error injection
injection_000210,00001garden,3,945,10,True,True,applied,1.0,1,,5,C2 Error injection,00001garden,3,945,True,True,applied,1.0,1,,5,sham,0.0,,00001garden,C2 Error injection
injection_000210,00001garden,3,945,20,True,True,applied,0.0,1,,5,C2 Error injection,00001garden,3,945,True,True,applied,0.0,1,,5,sham,0.0,,00001garden,C2 Error injection
injection_000211,00001garden,6,946,1,True,True,applied,0.0,2,0.0,4,C2 Error injection,00001garden,6,946,True,True,applied,0.0,2,0.0,4,sham,0.0,0.0,00001garden,C2 Error injection
injection_000211,00001garden,6,946,2,True,True,applied,0.0,2,0.0,4,C2 Error injection,00001garden,6,946,True,True,applied,0.0,2,0.0,4,sham,0.0,0.0,00001garden,C2 Error injection
injection_000211,00001garden,6,946,5,True,True,applied,0.0,2,0.0,4,C2 Error injection,00001garden,6,946,True,True,applied,0.0,2,0.0,4,sham,0.0,0.0,00001garden,C2 Error injection
injection_000211,00001garden,6,946,10,True,True,applied,0.0,2,0.0,4,C2 Error injection,00001garden,6,946,True,True,applied,0.0,2,0.0,4,sham,0.0,0.0,00001garden,C2 Error injection
injection_000211,00001garden,6,946,20,True,True,applied,0.0,2,0.0,4,C2 Error injection,00001garden,6,946,True,True,applied,0.0,2,0.0,4,sham,0.0,0.0,00001garden,C2 Error injection
injection_000212,00001garden,2,962,5,True,True,applied,1.0,1,,402,C2 Error injection,00001garden,2,962,True,True,applied,1.0,1,,402,sham,0.0,,00001garden,C2 Error injection
injection_000213,00001garden,5,986,1,True,True,applied,0.0,1,,7,C2 Error injection,00001garden,5,986,True,True,applied,0.0,1,,7,sham,0.0,,00001garden,C2 Error injection
injection_000213,00001garden,5,986,2,True,True,applied,0.0,1,,7,C2 Error injection,00001garden,5,986,True,True,applied,0.0,1,,7,sham,0.0,,00001garden,C2 Error injection
injection_000213,00001garden,5,986,5,True,True,applied,0.0,1,,7,C2 Error injection,00001garden,5,986,True,True,applied,0.0,1,,7,sham,0.0,,00001garden,C2 Error injection
injection_000213,00001garden,5,986,10,True,True,applied,0.0,1,,7,C2 Error injection,00001garden,5,986,True,True,applied,0.0,1,,7,sham,0.0,,00001garden,C2 Error injection
injection_000214,00001garden,3,986,1,True,True,applied,0.0,1,,5,C2 Error injection,00001garden,3,986,True,True,applied,0.0,1,,5,sham,0.0,,00001garden,C2 Error injection
injection_000214,00001garden,3,986,2,True,True,applied,0.0,1,,5,C2 Error injection,00001garden,3,986,True,True,applied,0.0,1,,5,sham,0.0,,00001garden,C2 Error injection
injection_000214,00001garden,3,986,5,True,True,applied,0.0,1,,5,C2 Error injection,00001garden,3,986,True,True,applied,0.0,1,,5,sham,0.0,,00001garden,C2 Error injection
injection_000214,00001garden,3,986,10,True,True,applied,0.0,1,,5,C2 Error injection,00001garden,3,986,True,True,applied,0.0,1,,5,sham,0.0,,00001garden,C2 Error injection
injection_000215,00001garden,6,987,1,True,True,applied,0.5,2,1.0,4,C2 Error injection,00001garden,6,987,True,True,applied,0.5,2,1.0,4,sham,0.0,0.0,00001garden,C2 Error injection
injection_000215,00001garden,6,987,2,True,True,applied,0.0,1,,4,C2 Error injection,00001garden,6,987,True,True,applied,0.0,1,,4,sham,0.0,,00001garden,C2 Error injection
injection_000215,00001garden,6,987,5,True,True,applied,0.0,1,,4,C2 Error injection,00001garden,6,987,True,True,applied,0.0,1,,4,sham,0.0,,00001garden,C2 Error injection
injection_000215,00001garden,6,987,10,True,True,applied,0.0,1,,4,C2 Error injection,00001garden,6,987,True,True,applied,0.0,1,,4,sham,0.0,,00001garden,C2 Error injection
injection_000216,00003garden,2,2,1,True,True,applied,0.0,2,0.0,1,C2 Error injection,00003garden,2,2,True,True,applied,0.0,2,0.0,1,sham,0.0,0.0,00003garden,C2 Error injection
injection_000216,00003garden,2,2,2,True,True,applied,0.0,2,0.0,1,C2 Error injection,00003garden,2,2,True,True,applied,0.0,2,0.0,1,sham,0.0,0.0,00003garden,C2 Error injection
injection_000216,00003garden,2,2,5,True,True,applied,0.0,2,0.0,1,C2 Error injection,00003garden,2,2,True,True,applied,0.0,2,0.0,1,sham,0.0,0.0,00003garden,C2 Error injection
injection_000216,00003garden,2,2,10,True,True,applied,0.0,2,0.0,1,C2 Error injection,00003garden,2,2,True,True,applied,0.0,2,0.0,1,sham,0.0,0.0,00003garden,C2 Error injection
injection_000216,00003garden,2,2,20,True,True,applied,0.0,2,0.0,1,C2 Error injection,00003garden,2,2,True,True,applied,0.0,2,0.0,1,sham,0.0,0.0,00003garden,C2 Error injection
injection_000217,00003garden,1,2,1,True,True,applied,0.0,2,0.0,2,C2 Error injection,00003garden,1,2,True,True,applied,0.0,2,0.0,2,sham,0.0,0.0,00003garden,C2 Error injection
injection_000217,00003garden,1,2,2,True,True,applied,0.0,2,0.0,2,C2 Error injection,00003garden,1,2,True,True,applied,0.0,2,0.0,2,sham,0.0,0.0,00003garden,C2 Error injection
injection_000217,00003garden,1,2,5,True,True,applied,0.0,2,0.0,2,C2 Error injection,00003garden,1,2,True,True,applied,0.0,2,0.0,2,sham,0.0,0.0,00003garden,C2 Error injection
injection_000217,00003garden,1,2,10,True,True,applied,0.0,2,0.0,2,C2 Error injection,00003garden,1,2,True,True,applied,0.0,2,0.0,2,sham,0.0,0.0,00003garden,C2 Error injection
injection_000217,00003garden,1,2,20,True,True,applied,0.0,2,0.0,2,C2 Error injection,00003garden,1,2,True,True,applied,0.0,2,0.0,2,sham,0.0,0.0,00003garden,C2 Error injection
injection_000218,00003garden,1,43,1,True,True,applied,0.0,2,0.0,2,C2 Error injection,00003garden,1,43,True,True,applied,0.0,2,0.0,2,sham,0.0,0.0,00003garden,C2 Error injection
injection_000218,00003garden,1,43,2,True,True,applied,0.0,2,0.0,2,C2 Error injection,00003garden,1,43,True,True,applied,0.0,2,0.0,2,sham,0.0,0.0,00003garden,C2 Error injection
injection_000218,00003garden,1,43,5,True,True,applied,0.0,2,0.0,2,C2 Error injection,00003garden,1,43,True,True,applied,0.0,2,0.0,2,sham,0.0,0.0,00003garden,C2 Error injection
injection_000218,00003garden,1,43,10,True,True,applied,0.0,2,0.0,2,C2 Error injection,00003garden,1,43,True,True,applied,0.0,2,0.0,2,sham,0.0,0.0,00003garden,C2 Error injection
injection_000218,00003garden,1,43,20,True,True,applied,0.0,2,0.0,2,C2 Error injection,00003garden,1,43,True,True,applied,0.0,2,0.0,2,sham,0.0,0.0,00003garden,C2 Error injection
injection_000220,00003garden,2,84,1,True,True,applied,0.0,2,0.0,1,C2 Error injection,00003garden,2,84,True,True,applied,0.0,2,0.0,1,sham,0.0,0.0,00003garden,C2 Error injection
injection_000220,00003garden,2,84,2,True,True,applied,0.0,2,0.0,1,C2 Error injection,00003garden,2,84,True,True,applied,0.0,2,0.0,1,sham,0.0,0.0,00003garden,C2 Error injection
injection_000220,00003garden,2,84,5,True,True,applied,0.0,2,0.0,1,C2 Error injection,00003garden,2,84,True,True,applied,0.0,2,0.0,1,sham,0.0,0.0,00003garden,C2 Error injection
injection_000220,00003garden,2,84,10,True,True,applied,0.0,2,0.0,1,C2 Error injection,00003garden,2,84,True,True,applied,0.0,2,0.0,1,sham,0.0,0.0,00003garden,C2 Error injection
injection_000220,00003garden,2,84,20,True,True,applied,0.0,2,0.0,1,C2 Error injection,00003garden,2,84,True,True,applied,0.0,2,0.0,1,sham,0.0,0.0,00003garden,C2 Error injection
injection_000222,00003garden,2,125,1,True,True,applied,0.0,2,0.0,1,C2 Error injection,00003garden,2,125,True,True,applied,0.0,2,0.0,1,sham,0.0,0.0,00003garden,C2 Error injection
injection_000222,00003garden,2,125,2,True,True,applied,0.0,2,0.0,1,C2 Error injection,00003garden,2,125,True,True,applied,0.0,2,0.0,1,sham,0.0,0.0,00003garden,C2 Error injection
injection_000222,00003garden,2,125,5,True,True,applied,0.0,2,0.0,1,C2 Error injection,00003garden,2,125,True,True,applied,0.0,2,0.0,1,sham,0.0,0.0,00003garden,C2 Error injection
injection_000222,00003garden,2,125,10,True,True,applied,0.0,2,0.0,1,C2 Error injection,00003garden,2,125,True,True,applied,0.0,2,0.0,1,sham,0.0,0.0,00003garden,C2 Error injection
injection_000222,00003garden,2,125,20,True,True,applied,0.0,2,0.0,1,C2 Error injection,00003garden,2,125,True,True,applied,0.0,2,0.0,1,sham,0.0,0.0,00003garden,C2 Error injection
injection_000224,00003garden,2,166,1,True,True,applied,0.0,2,0.0,1,C2 Error injection,00003garden,2,166,True,True,applied,0.0,2,0.0,1,sham,0.0,0.0,00003garden,C2 Error injection
injection_000224,00003garden,2,166,2,True,True,applied,0.0,2,0.0,1,C2 Error injection,00003garden,2,166,True,True,applied,0.0,2,0.0,1,sham,0.0,0.0,00003garden,C2 Error injection
injection_000224,00003garden,2,166,5,True,True,applied,0.0,2,0.0,1,C2 Error injection,00003garden,2,166,True,True,applied,0.0,2,0.0,1,sham,0.0,0.0,00003garden,C2 Error injection
injection_000224,00003garden,2,166,10,True,True,applied,0.0,2,0.0,1,C2 Error injection,00003garden,2,166,True,True,applied,0.0,2,0.0,1,sham,0.0,0.0,00003garden,C2 Error injection
injection_000224,00003garden,2,166,20,True,True,applied,0.0,2,0.0,1,C2 Error injection,00003garden,2,166,True,True,applied,0.0,2,0.0,1,sham,0.0,0.0,00003garden,C2 Error injection
injection_000226,00003garden,2,207,1,True,True,applied,0.0,2,0.0,1,C2 Error injection,00003garden,2,207,True,True,applied,0.0,2,0.0,1,sham,0.0,0.0,00003garden,C2 Error injection
injection_000226,00003garden,2,207,2,True,True,applied,0.0,2,0.0,1,C2 Error injection,00003garden,2,207,True,True,applied,0.0,2,0.0,1,sham,0.0,0.0,00003garden,C2 Error injection
injection_000226,00003garden,2,207,5,True,True,applied,0.0,2,0.0,1,C2 Error injection,00003garden,2,207,True,True,applied,0.0,2,0.0,1,sham,0.0,0.0,00003garden,C2 Error injection
injection_000226,00003garden,2,207,10,True,True,applied,0.0,2,0.0,1,C2 Error injection,00003garden,2,207,True,True,applied,0.0,2,0.0,1,sham,0.0,0.0,00003garden,C2 Error injection
injection_000226,00003garden,2,207,20,True,True,applied,0.0,2,0.0,1,C2 Error injection,00003garden,2,207,True,True,applied,0.0,2,0.0,1,sham,0.0,0.0,00003garden,C2 Error injection
injection_000228,00003garden,2,248,1,True,True,applied,0.0,2,0.0,1,C2 Error injection,00003garden,2,248,True,True,applied,0.0,2,0.0,1,sham,0.0,0.0,00003garden,C2 Error injection
injection_000228,00003garden,2,248,2,True,True,applied,0.0,2,0.0,1,C2 Error injection,00003garden,2,248,True,True,applied,0.0,2,0.0,1,sham,0.0,0.0,00003garden,C2 Error injection
injection_000228,00003garden,2,248,5,True,True,applied,0.0,2,0.0,1,C2 Error injection,00003garden,2,248,True,True,applied,0.0,2,0.0,1,sham,0.0,0.0,00003garden,C2 Error injection
injection_000228,00003garden,2,248,10,True,True,applied,0.0,2,0.0,1,C2 Error injection,00003garden,2,248,True,True,applied,0.0,2,0.0,1,sham,0.0,0.0,00003garden,C2 Error injection
injection_000228,00003garden,2,248,20,True,True,applied,0.0,2,0.0,1,C2 Error injection,00003garden,2,248,True,True,applied,0.0,2,0.0,1,sham,0.0,0.0,00003garden,C2 Error injection
injection_000229,00003garden,1,248,1,True,True,applied,0.0,2,0.0,2,C2 Error injection,00003garden,1,248,True,True,applied,0.0,2,0.0,2,sham,0.0,0.0,00003garden,C2 Error injection
injection_000229,00003garden,1,248,2,True,True,applied,0.0,2,0.0,2,C2 Error injection,00003garden,1,248,True,True,applied,0.0,2,0.0,2,sham,0.0,0.0,00003garden,C2 Error injection
injection_000229,00003garden,1,248,5,True,True,applied,0.0,2,0.0,2,C2 Error injection,00003garden,1,248,True,True,applied,0.0,2,0.0,2,sham,0.0,0.0,00003garden,C2 Error injection
injection_000229,00003garden,1,248,10,True,True,applied,0.0,2,0.0,2,C2 Error injection,00003garden,1,248,True,True,applied,0.0,2,0.0,2,sham,0.0,0.0,00003garden,C2 Error injection
injection_000229,00003garden,1,248,20,True,True,applied,0.0,2,0.0,2,C2 Error injection,00003garden,1,248,True,True,applied,0.0,2,0.0,2,sham,0.0,0.0,00003garden,C2 Error injection
injection_000230,00003garden,3,282,1,True,True,applied,0.0,1,,4,C2 Error injection,00003garden,3,282,True,True,applied,0.0,1,,4,sham,0.0,,00003garden,C2 Error injection
injection_000230,00003garden,3,282,2,True,True,applied,0.0,1,,4,C2 Error injection,00003garden,3,282,True,True,applied,0.0,1,,4,sham,0.0,,00003garden,C2 Error injection
injection_000230,00003garden,3,282,5,True,True,applied,0.0,1,,4,C2 Error injection,00003garden,3,282,True,True,applied,0.0,1,,4,sham,0.0,,00003garden,C2 Error injection
injection_000230,00003garden,3,282,10,True,True,applied,0.0,1,,4,C2 Error injection,00003garden,3,282,True,True,applied,0.0,1,,4,sham,0.0,,00003garden,C2 Error injection
injection_000230,00003garden,3,282,20,True,True,applied,0.0,1,,4,C2 Error injection,00003garden,3,282,True,True,applied,0.0,1,,4,sham,0.0,,00003garden,C2 Error injection
injection_000233,00003garden,2,289,1,True,True,applied,0.0,2,0.0,1,C2 Error injection,00003garden,2,289,True,True,applied,0.0,2,0.0,1,sham,0.0,0.0,00003garden,C2 Error injection
injection_000233,00003garden,2,289,2,True,True,applied,0.0,2,0.0,1,C2 Error injection,00003garden,2,289,True,True,applied,0.0,2,0.0,1,sham,0.0,0.0,00003garden,C2 Error injection
injection_000233,00003garden,2,289,5,True,True,applied,0.0,2,0.0,1,C2 Error injection,00003garden,2,289,True,True,applied,0.0,2,0.0,1,sham,0.0,0.0,00003garden,C2 Error injection
injection_000233,00003garden,2,289,10,True,True,applied,0.0,2,0.0,1,C2 Error injection,00003garden,2,289,True,True,applied,0.0,2,0.0,1,sham,0.0,0.0,00003garden,C2 Error injection
injection_000233,00003garden,2,289,20,True,True,applied,0.0,2,0.0,1,C2 Error injection,00003garden,2,289,True,True,applied,0.0,2,0.0,1,sham,0.0,0.0,00003garden,C2 Error injection
injection_000235,00003garden,2,330,1,True,True,applied,0.0,2,0.0,1,C2 Error injection,00003garden,2,330,True,True,applied,0.0,2,0.0,1,sham,0.0,0.0,00003garden,C2 Error injection
injection_000235,00003garden,2,330,2,True,True,applied,0.0,2,0.0,1,C2 Error injection,00003garden,2,330,True,True,applied,0.0,2,0.0,1,sham,0.0,0.0,00003garden,C2 Error injection
injection_000235,00003garden,2,330,5,True,True,applied,0.0,2,0.0,1,C2 Error injection,00003garden,2,330,True,True,applied,0.0,2,0.0,1,sham,0.0,0.0,00003garden,C2 Error injection
injection_000235,00003garden,2,330,10,True,True,applied,0.0,2,0.0,1,C2 Error injection,00003garden,2,330,True,True,applied,0.0,2,0.0,1,sham,0.0,0.0,00003garden,C2 Error injection
injection_000235,00003garden,2,330,20,True,True,applied,0.0,2,0.0,1,C2 Error injection,00003garden,2,330,True,True,applied,0.0,2,0.0,1,sham,0.0,0.0,00003garden,C2 Error injection
injection_000237,00003garden,2,371,1,True,True,applied,0.0,2,0.0,1,C2 Error injection,00003garden,2,371,True,True,applied,0.0,2,0.0,1,sham,0.0,0.0,00003garden,C2 Error injection
injection_000237,00003garden,2,371,2,True,True,applied,0.0,2,0.0,1,C2 Error injection,00003garden,2,371,True,True,applied,0.0,2,0.0,1,sham,0.0,0.0,00003garden,C2 Error injection
injection_000237,00003garden,2,371,5,True,True,applied,0.0,2,0.0,1,C2 Error injection,00003garden,2,371,True,True,applied,0.0,2,0.0,1,sham,0.0,0.0,00003garden,C2 Error injection
injection_000237,00003garden,2,371,10,True,True,applied,0.0,2,0.0,1,C2 Error injection,00003garden,2,371,True,True,applied,0.0,2,0.0,1,sham,0.0,0.0,00003garden,C2 Error injection
injection_000237,00003garden,2,371,20,True,True,applied,0.0,2,0.0,1,C2 Error injection,00003garden,2,371,True,True,applied,0.0,2,0.0,1,sham,0.0,0.0,00003garden,C2 Error injection
injection_000238,00003garden,1,371,1,True,True,applied,0.0,2,0.0,2,C2 Error injection,00003garden,1,371,True,True,applied,0.0,2,0.0,2,sham,0.0,0.0,00003garden,C2 Error injection
injection_000238,00003garden,1,371,2,True,True,applied,0.0,2,0.0,2,C2 Error injection,00003garden,1,371,True,True,applied,0.0,2,0.0,2,sham,0.0,0.0,00003garden,C2 Error injection
injection_000238,00003garden,1,371,5,True,True,applied,0.0,2,0.0,2,C2 Error injection,00003garden,1,371,True,True,applied,0.0,2,0.0,2,sham,0.0,0.0,00003garden,C2 Error injection
injection_000238,00003garden,1,371,10,True,True,applied,0.0,1,0.0,2,C2 Error injection,00003garden,1,371,True,True,applied,0.0,1,0.0,2,sham,0.0,0.0,00003garden,C2 Error injection
injection_000238,00003garden,1,371,20,True,True,applied,0.0,2,0.0,2,C2 Error injection,00003garden,1,371,True,True,applied,0.0,2,0.0,2,sham,0.0,0.0,00003garden,C2 Error injection
injection_000239,00003garden,3,386,1,True,True,applied,0.0,1,,4,C2 Error injection,00003garden,3,386,True,True,applied,0.0,1,,4,sham,0.0,,00003garden,C2 Error injection
injection_000239,00003garden,3,386,2,True,True,applied,0.0,1,,4,C2 Error injection,00003garden,3,386,True,True,applied,0.0,1,,4,sham,0.0,,00003garden,C2 Error injection
injection_000239,00003garden,3,386,5,True,True,applied,0.0,1,,4,C2 Error injection,00003garden,3,386,True,True,applied,0.0,1,,4,sham,0.0,,00003garden,C2 Error injection
injection_000239,00003garden,3,386,10,True,True,applied,0.0,1,,4,C2 Error injection,00003garden,3,386,True,True,applied,0.0,1,,4,sham,0.0,,00003garden,C2 Error injection
injection_000239,00003garden,3,386,20,True,True,applied,0.0,1,,4,C2 Error injection,00003garden,3,386,True,True,applied,0.0,1,,4,sham,0.0,,00003garden,C2 Error injection
injection_000242,00003garden,2,412,1,True,True,applied,0.0,2,0.0,1,C2 Error injection,00003garden,2,412,True,True,applied,0.0,2,0.0,1,sham,0.0,0.0,00003garden,C2 Error injection
injection_000242,00003garden,2,412,2,True,True,applied,0.0,2,0.0,1,C2 Error injection,00003garden,2,412,True,True,applied,0.0,2,0.0,1,sham,0.0,0.0,00003garden,C2 Error injection
injection_000242,00003garden,2,412,5,True,True,applied,0.0,2,0.0,1,C2 Error injection,00003garden,2,412,True,True,applied,0.0,2,0.0,1,sham,0.0,0.0,00003garden,C2 Error injection
injection_000242,00003garden,2,412,10,True,True,applied,0.0,2,0.0,1,C2 Error injection,00003garden,2,412,True,True,applied,0.0,2,0.0,1,sham,0.0,0.0,00003garden,C2 Error injection
injection_000242,00003garden,2,412,20,True,True,applied,0.0,2,0.0,1,C2 Error injection,00003garden,2,412,True,True,applied,0.0,2,0.0,1,sham,0.0,0.0,00003garden,C2 Error injection
injection_000243,00003garden,1,412,1,True,True,applied,0.0,2,0.0,2,C2 Error injection,00003garden,1,412,True,True,applied,0.0,2,0.0,2,sham,0.0,0.0,00003garden,C2 Error injection
injection_000243,00003garden,1,412,2,True,True,applied,0.0,2,0.0,2,C2 Error injection,00003garden,1,412,True,True,applied,0.0,2,0.0,2,sham,0.0,0.0,00003garden,C2 Error injection
injection_000243,00003garden,1,412,5,True,True,applied,0.0,2,0.0,2,C2 Error injection,00003garden,1,412,True,True,applied,0.0,2,0.0,2,sham,0.0,0.0,00003garden,C2 Error injection
injection_000243,00003garden,1,412,10,True,True,applied,0.0,2,0.0,2,C2 Error injection,00003garden,1,412,True,True,applied,0.0,2,0.0,2,sham,0.0,0.0,00003garden,C2 Error injection
injection_000243,00003garden,1,412,20,True,True,applied,0.0,2,0.0,2,C2 Error injection,00003garden,1,412,True,True,applied,0.0,2,0.0,2,sham,0.0,0.0,00003garden,C2 Error injection
injection_000244,00003garden,2,453,1,True,True,applied,0.0,2,0.0,1,C2 Error injection,00003garden,2,453,True,True,applied,0.0,2,0.0,1,sham,0.0,0.0,00003garden,C2 Error injection
injection_000244,00003garden,2,453,2,True,True,applied,0.0,2,0.0,1,C2 Error injection,00003garden,2,453,True,True,applied,0.0,2,0.0,1,sham,0.0,0.0,00003garden,C2 Error injection
injection_000244,00003garden,2,453,5,True,True,applied,0.0,2,0.0,1,C2 Error injection,00003garden,2,453,True,True,applied,0.0,2,0.0,1,sham,0.0,0.0,00003garden,C2 Error injection
injection_000244,00003garden,2,453,10,True,True,applied,0.0,2,0.0,1,C2 Error injection,00003garden,2,453,True,True,applied,0.0,2,0.0,1,sham,0.0,0.0,00003garden,C2 Error injection
injection_000244,00003garden,2,453,20,True,True,applied,0.0,2,0.0,1,C2 Error injection,00003garden,2,453,True,True,applied,0.0,2,0.0,1,sham,0.0,0.0,00003garden,C2 Error injection
injection_000246,00003garden,3,464,1,True,True,applied,0.0,1,,4,C2 Error injection,00003garden,3,464,True,True,applied,0.0,1,,4,sham,0.0,,00003garden,C2 Error injection
injection_000246,00003garden,3,464,2,True,True,applied,0.0,1,,4,C2 Error injection,00003garden,3,464,True,True,applied,0.0,1,,4,sham,0.0,,00003garden,C2 Error injection
injection_000246,00003garden,3,464,5,True,True,applied,0.0,1,,4,C2 Error injection,00003garden,3,464,True,True,applied,0.0,1,,4,sham,0.0,,00003garden,C2 Error injection
injection_000246,00003garden,3,464,10,True,True,applied,0.0,1,,4,C2 Error injection,00003garden,3,464,True,True,applied,0.0,1,,4,sham,0.0,,00003garden,C2 Error injection
injection_000246,00003garden,3,464,20,True,True,applied,0.0,1,,4,C2 Error injection,00003garden,3,464,True,True,applied,0.0,1,,4,sham,0.0,,00003garden,C2 Error injection
injection_000249,00003garden,7,473,5,True,True,applied,1.0,1,,27,C2 Error injection,00003garden,7,473,True,True,applied,0.0,1,,27,sham,1.0,,00003garden,C2 Error injection
injection_000249,00003garden,7,473,20,True,True,applied,1.0,1,,27,C2 Error injection,00003garden,7,473,True,True,applied,0.0,1,,27,sham,1.0,,00003garden,C2 Error injection
injection_000250,00003garden,6,474,1,True,True,applied,0.0,1,,12,C2 Error injection,00003garden,6,474,True,True,applied,0.0,1,,12,sham,0.0,,00003garden,C2 Error injection
injection_000250,00003garden,6,474,2,True,True,applied,0.0,1,,12,C2 Error injection,00003garden,6,474,True,True,applied,0.0,1,,12,sham,0.0,,00003garden,C2 Error injection
injection_000250,00003garden,6,474,5,True,True,applied,0.0,1,,12,C2 Error injection,00003garden,6,474,True,True,applied,0.0,1,,12,sham,0.0,,00003garden,C2 Error injection
injection_000250,00003garden,6,474,10,True,True,applied,0.0,1,,12,C2 Error injection,00003garden,6,474,True,True,applied,0.0,1,,12,sham,0.0,,00003garden,C2 Error injection
injection_000250,00003garden,6,474,20,True,True,applied,0.0,1,,12,C2 Error injection,00003garden,6,474,True,True,applied,0.0,1,,12,sham,0.0,,00003garden,C2 Error injection
injection_000251,00003garden,1,494,1,True,True,applied,0.0,2,0.0,2,C2 Error injection,00003garden,1,494,True,True,applied,0.0,2,0.0,2,sham,0.0,0.0,00003garden,C2 Error injection
injection_000251,00003garden,1,494,2,True,True,applied,0.0,2,0.0,2,C2 Error injection,00003garden,1,494,True,True,applied,0.0,2,0.0,2,sham,0.0,0.0,00003garden,C2 Error injection
injection_000251,00003garden,1,494,5,True,True,applied,0.0,2,0.0,2,C2 Error injection,00003garden,1,494,True,True,applied,0.0,2,0.0,2,sham,0.0,0.0,00003garden,C2 Error injection
injection_000251,00003garden,1,494,10,True,True,applied,0.0,2,0.0,2,C2 Error injection,00003garden,1,494,True,True,applied,0.0,2,0.0,2,sham,0.0,0.0,00003garden,C2 Error injection
injection_000251,00003garden,1,494,20,True,True,applied,0.0,2,0.0,2,C2 Error injection,00003garden,1,494,True,True,applied,0.0,2,0.0,2,sham,0.0,0.0,00003garden,C2 Error injection
injection_000253,00003garden,3,505,1,True,True,applied,0.0,1,,4,C2 Error injection,00003garden,3,505,True,True,applied,0.0,1,,4,sham,0.0,,00003garden,C2 Error injection
injection_000253,00003garden,3,505,2,True,True,applied,0.0,1,,4,C2 Error injection,00003garden,3,505,True,True,applied,0.0,1,,4,sham,0.0,,00003garden,C2 Error injection
injection_000253,00003garden,3,505,5,True,True,applied,0.0,1,,4,C2 Error injection,00003garden,3,505,True,True,applied,0.0,1,,4,sham,0.0,,00003garden,C2 Error injection
injection_000253,00003garden,3,505,10,True,True,applied,0.0,1,,4,C2 Error injection,00003garden,3,505,True,True,applied,0.0,1,,4,sham,0.0,,00003garden,C2 Error injection
injection_000253,00003garden,3,505,20,True,True,applied,0.0,1,,4,C2 Error injection,00003garden,3,505,True,True,applied,0.0,1,,4,sham,0.0,,00003garden,C2 Error injection
injection_000255,00003garden,4,505,1,True,True,applied,0.0,1,,3,C2 Error injection,00003garden,4,505,True,True,applied,0.0,1,,3,sham,0.0,,00003garden,C2 Error injection
injection_000255,00003garden,4,505,2,True,True,applied,0.0,1,,3,C2 Error injection,00003garden,4,505,True,True,applied,1.0,1,,3,sham,-1.0,,00003garden,C2 Error injection
injection_000255,00003garden,4,505,5,True,True,applied,0.0,1,,3,C2 Error injection,00003garden,4,505,True,True,applied,0.0,1,,3,sham,0.0,,00003garden,C2 Error injection
injection_000255,00003garden,4,505,10,True,True,applied,0.0,1,,3,C2 Error injection,00003garden,4,505,True,True,applied,0.0,1,,3,sham,0.0,,00003garden,C2 Error injection
injection_000255,00003garden,4,505,20,True,True,applied,0.0,1,,3,C2 Error injection,00003garden,4,505,True,True,applied,1.0,1,,3,sham,-1.0,,00003garden,C2 Error injection
injection_000256,00003garden,7,514,1,True,True,applied,1.0,1,,27,C2 Error injection,00003garden,7,514,True,True,applied,0.0,1,,27,sham,1.0,,00003garden,C2 Error injection
injection_000256,00003garden,7,514,2,True,True,applied,1.0,1,,27,C2 Error injection,00003garden,7,514,True,True,applied,0.0,1,,27,sham,1.0,,00003garden,C2 Error injection
injection_000256,00003garden,7,514,5,True,True,applied,1.0,1,,27,C2 Error injection,00003garden,7,514,True,True,applied,0.0,1,,27,sham,1.0,,00003garden,C2 Error injection
injection_000256,00003garden,7,514,10,True,True,applied,1.0,1,,27,C2 Error injection,00003garden,7,514,True,True,applied,0.0,1,,27,sham,1.0,,00003garden,C2 Error injection
injection_000256,00003garden,7,514,20,True,True,applied,1.0,1,,27,C2 Error injection,00003garden,7,514,True,True,applied,0.0,1,,27,sham,1.0,,00003garden,C2 Error injection
injection_000257,00003garden,6,515,1,True,True,applied,0.0,1,,12,C2 Error injection,00003garden,6,515,True,True,applied,0.0,1,,12,sham,0.0,,00003garden,C2 Error injection
injection_000257,00003garden,6,515,2,True,True,applied,0.0,1,,12,C2 Error injection,00003garden,6,515,True,True,applied,0.0,1,,12,sham,0.0,,00003garden,C2 Error injection
injection_000257,00003garden,6,515,5,True,True,applied,0.0,1,,12,C2 Error injection,00003garden,6,515,True,True,applied,0.0,1,,12,sham,0.0,,00003garden,C2 Error injection
injection_000257,00003garden,6,515,10,True,True,applied,0.0,1,,12,C2 Error injection,00003garden,6,515,True,True,applied,0.0,1,,12,sham,0.0,,00003garden,C2 Error injection
injection_000257,00003garden,6,515,20,True,True,applied,0.0,1,,12,C2 Error injection,00003garden,6,515,True,True,applied,0.0,1,,12,sham,0.0,,00003garden,C2 Error injection
injection_000258,00003garden,2,535,1,True,True,applied,0.0,2,0.0,1,C2 Error injection,00003garden,2,535,True,True,applied,0.0,2,0.0,1,sham,0.0,0.0,00003garden,C2 Error injection
injection_000258,00003garden,2,535,2,True,True,applied,0.0,2,0.0,1,C2 Error injection,00003garden,2,535,True,True,applied,0.0,2,0.0,1,sham,0.0,0.0,00003garden,C2 Error injection
injection_000258,00003garden,2,535,5,True,True,applied,0.0,2,0.0,1,C2 Error injection,00003garden,2,535,True,True,applied,0.0,2,0.0,1,sham,0.0,0.0,00003garden,C2 Error injection
injection_000258,00003garden,2,535,10,True,True,applied,0.0,2,0.0,1,C2 Error injection,00003garden,2,535,True,True,applied,0.0,2,0.0,1,sham,0.0,0.0,00003garden,C2 Error injection
injection_000258,00003garden,2,535,20,True,True,applied,0.0,2,0.0,1,C2 Error injection,00003garden,2,535,True,True,applied,0.0,2,0.0,1,sham,0.0,0.0,00003garden,C2 Error injection
injection_000260,00003garden,5,546,1,True,True,applied,0.0,1,,13,C2 Error injection,00003garden,5,546,True,True,applied,0.0,1,,13,sham,0.0,,00003garden,C2 Error injection
injection_000260,00003garden,5,546,2,True,True,applied,0.0,1,,13,C2 Error injection,00003garden,5,546,True,True,applied,0.0,1,,13,sham,0.0,,00003garden,C2 Error injection
injection_000260,00003garden,5,546,5,True,True,applied,0.0,1,,13,C2 Error injection,00003garden,5,546,True,True,applied,0.0,1,,13,sham,0.0,,00003garden,C2 Error injection
injection_000260,00003garden,5,546,10,True,True,applied,0.0,1,,13,C2 Error injection,00003garden,5,546,True,True,applied,0.0,1,,13,sham,0.0,,00003garden,C2 Error injection
injection_000260,00003garden,5,546,20,True,True,applied,0.0,1,,13,C2 Error injection,00003garden,5,546,True,True,applied,0.0,1,,13,sham,0.0,,00003garden,C2 Error injection
injection_000262,00003garden,4,546,1,True,True,applied,0.0,1,,3,C2 Error injection,00003garden,4,546,True,True,applied,0.0,1,,3,sham,0.0,,00003garden,C2 Error injection
injection_000262,00003garden,4,546,2,True,True,applied,0.0,1,,3,C2 Error injection,00003garden,4,546,True,True,applied,0.0,1,,3,sham,0.0,,00003garden,C2 Error injection
injection_000262,00003garden,4,546,5,True,True,applied,0.0,1,,3,C2 Error injection,00003garden,4,546,True,True,applied,0.0,1,,3,sham,0.0,,00003garden,C2 Error injection
injection_000262,00003garden,4,546,10,True,True,applied,0.0,1,,3,C2 Error injection,00003garden,4,546,True,True,applied,0.0,1,,3,sham,0.0,,00003garden,C2 Error injection
injection_000262,00003garden,4,546,20,True,True,applied,0.0,1,,3,C2 Error injection,00003garden,4,546,True,True,applied,0.0,1,,3,sham,0.0,,00003garden,C2 Error injection
injection_000263,00003garden,7,555,1,True,True,applied,1.0,1,,27,C2 Error injection,00003garden,7,555,True,True,applied,0.0,1,,27,sham,1.0,,00003garden,C2 Error injection
injection_000263,00003garden,7,555,2,True,True,applied,1.0,1,,27,C2 Error injection,00003garden,7,555,True,True,applied,0.0,1,,27,sham,1.0,,00003garden,C2 Error injection
injection_000263,00003garden,7,555,5,True,True,applied,1.0,1,,27,C2 Error injection,00003garden,7,555,True,True,applied,0.0,1,,27,sham,1.0,,00003garden,C2 Error injection
injection_000263,00003garden,7,555,10,True,True,applied,1.0,1,,27,C2 Error injection,00003garden,7,555,True,True,applied,0.0,1,,27,sham,1.0,,00003garden,C2 Error injection
injection_000263,00003garden,7,555,20,True,True,applied,1.0,1,,27,C2 Error injection,00003garden,7,555,True,True,applied,0.0,1,,27,sham,1.0,,00003garden,C2 Error injection
injection_000264,00003garden,6,556,1,True,True,applied,0.0,1,,12,C2 Error injection,00003garden,6,556,True,True,applied,0.0,1,,12,sham,0.0,,00003garden,C2 Error injection
injection_000264,00003garden,6,556,2,True,True,applied,0.0,1,,12,C2 Error injection,00003garden,6,556,True,True,applied,0.0,1,,12,sham,0.0,,00003garden,C2 Error injection
injection_000264,00003garden,6,556,5,True,True,applied,0.0,1,,12,C2 Error injection,00003garden,6,556,True,True,applied,0.0,1,,12,sham,0.0,,00003garden,C2 Error injection
injection_000264,00003garden,6,556,10,True,True,applied,0.0,1,,12,C2 Error injection,00003garden,6,556,True,True,applied,0.0,1,,12,sham,0.0,,00003garden,C2 Error injection
injection_000264,00003garden,6,556,20,True,True,applied,0.0,1,,12,C2 Error injection,00003garden,6,556,True,True,applied,0.0,1,,12,sham,0.0,,00003garden,C2 Error injection
injection_000265,00003garden,1,576,1,True,True,applied,0.0,2,0.0,2,C2 Error injection,00003garden,1,576,True,True,applied,0.0,2,0.0,2,sham,0.0,0.0,00003garden,C2 Error injection
injection_000265,00003garden,1,576,2,True,True,applied,0.0,2,0.0,2,C2 Error injection,00003garden,1,576,True,True,applied,0.0,2,0.0,2,sham,0.0,0.0,00003garden,C2 Error injection
injection_000265,00003garden,1,576,5,True,True,applied,0.0,2,0.0,2,C2 Error injection,00003garden,1,576,True,True,applied,0.0,2,0.0,2,sham,0.0,0.0,00003garden,C2 Error injection
injection_000265,00003garden,1,576,10,True,True,applied,0.0,2,0.0,2,C2 Error injection,00003garden,1,576,True,True,applied,0.0,2,0.0,2,sham,0.0,0.0,00003garden,C2 Error injection
injection_000265,00003garden,1,576,20,True,True,applied,0.0,2,0.0,2,C2 Error injection,00003garden,1,576,True,True,applied,0.0,2,0.0,2,sham,0.0,0.0,00003garden,C2 Error injection
injection_000267,00003garden,5,587,1,True,True,applied,0.0,1,,13,C2 Error injection,00003garden,5,587,True,True,applied,0.0,1,,13,sham,0.0,,00003garden,C2 Error injection
injection_000267,00003garden,5,587,2,True,True,applied,0.0,1,,13,C2 Error injection,00003garden,5,587,True,True,applied,0.0,1,,13,sham,0.0,,00003garden,C2 Error injection
injection_000267,00003garden,5,587,5,True,True,applied,0.0,1,,13,C2 Error injection,00003garden,5,587,True,True,applied,0.0,1,,13,sham,0.0,,00003garden,C2 Error injection
injection_000267,00003garden,5,587,10,True,True,applied,0.0,1,,13,C2 Error injection,00003garden,5,587,True,True,applied,0.0,1,,13,sham,0.0,,00003garden,C2 Error injection
injection_000267,00003garden,5,587,20,True,True,applied,0.0,1,,13,C2 Error injection,00003garden,5,587,True,True,applied,0.0,1,,13,sham,0.0,,00003garden,C2 Error injection
injection_000269,00003garden,4,587,1,True,True,applied,0.0,1,,3,C2 Error injection,00003garden,4,587,True,True,applied,0.0,1,,3,sham,0.0,,00003garden,C2 Error injection
injection_000269,00003garden,4,587,2,True,True,applied,0.0,1,,3,C2 Error injection,00003garden,4,587,True,True,applied,0.0,1,,3,sham,0.0,,00003garden,C2 Error injection
injection_000269,00003garden,4,587,5,True,True,applied,0.0,1,,3,C2 Error injection,00003garden,4,587,True,True,applied,0.0,1,,3,sham,0.0,,00003garden,C2 Error injection
injection_000269,00003garden,4,587,10,True,True,applied,0.0,1,,3,C2 Error injection,00003garden,4,587,True,True,applied,0.0,1,,3,sham,0.0,,00003garden,C2 Error injection
injection_000269,00003garden,4,587,20,True,True,applied,0.0,1,,3,C2 Error injection,00003garden,4,587,True,True,applied,0.0,1,,3,sham,0.0,,00003garden,C2 Error injection
injection_000270,00003garden,7,596,1,True,True,applied,1.0,1,,27,C2 Error injection,00003garden,7,596,True,True,applied,0.0,1,,27,sham,1.0,,00003garden,C2 Error injection
injection_000270,00003garden,7,596,2,True,True,applied,1.0,1,,27,C2 Error injection,00003garden,7,596,True,True,applied,0.0,1,,27,sham,1.0,,00003garden,C2 Error injection
injection_000270,00003garden,7,596,5,True,True,applied,1.0,1,,27,C2 Error injection,00003garden,7,596,True,True,applied,0.0,1,,27,sham,1.0,,00003garden,C2 Error injection
injection_000270,00003garden,7,596,10,True,True,applied,1.0,1,,27,C2 Error injection,00003garden,7,596,True,True,applied,0.0,1,,27,sham,1.0,,00003garden,C2 Error injection
injection_000270,00003garden,7,596,20,True,True,applied,1.0,1,,27,C2 Error injection,00003garden,7,596,True,True,applied,0.0,1,,27,sham,1.0,,00003garden,C2 Error injection
injection_000271,00003garden,6,597,1,True,True,applied,0.0,1,,12,C2 Error injection,00003garden,6,597,True,True,applied,0.0,1,,12,sham,0.0,,00003garden,C2 Error injection
injection_000271,00003garden,6,597,2,True,True,applied,0.0,1,,12,C2 Error injection,00003garden,6,597,True,True,applied,0.0,1,,12,sham,0.0,,00003garden,C2 Error injection
injection_000271,00003garden,6,597,5,True,True,applied,0.0,1,,12,C2 Error injection,00003garden,6,597,True,True,applied,0.0,1,,12,sham,0.0,,00003garden,C2 Error injection
injection_000271,00003garden,6,597,10,True,True,applied,0.0,1,,12,C2 Error injection,00003garden,6,597,True,True,applied,0.0,1,,12,sham,0.0,,00003garden,C2 Error injection
injection_000271,00003garden,6,597,20,True,True,applied,0.0,2,0.0,12,C2 Error injection,00003garden,6,597,True,True,applied,0.0,2,0.0,12,sham,0.0,0.0,00003garden,C2 Error injection
injection_000272,00003garden,1,617,1,True,True,applied,0.0,2,0.0,2,C2 Error injection,00003garden,1,617,True,True,applied,0.0,2,0.0,2,sham,0.0,0.0,00003garden,C2 Error injection
injection_000272,00003garden,1,617,2,True,True,applied,0.0,2,0.0,2,C2 Error injection,00003garden,1,617,True,True,applied,0.0,2,0.0,2,sham,0.0,0.0,00003garden,C2 Error injection
injection_000272,00003garden,1,617,5,True,True,applied,0.0,2,0.0,2,C2 Error injection,00003garden,1,617,True,True,applied,0.0,2,0.0,2,sham,0.0,0.0,00003garden,C2 Error injection
injection_000272,00003garden,1,617,10,True,True,applied,0.0,2,0.0,2,C2 Error injection,00003garden,1,617,True,True,applied,0.0,2,0.0,2,sham,0.0,0.0,00003garden,C2 Error injection
injection_000272,00003garden,1,617,20,True,True,applied,0.0,2,0.0,2,C2 Error injection,00003garden,1,617,True,True,applied,0.0,2,0.0,2,sham,0.0,0.0,00003garden,C2 Error injection
injection_000274,00003garden,3,631,1,True,True,applied,0.0,1,,4,C2 Error injection,00003garden,3,631,True,True,applied,0.0,1,,4,sham,0.0,,00003garden,C2 Error injection
injection_000274,00003garden,3,631,2,True,True,applied,0.0,1,,4,C2 Error injection,00003garden,3,631,True,True,applied,0.0,1,,4,sham,0.0,,00003garden,C2 Error injection
injection_000274,00003garden,3,631,5,True,True,applied,0.0,1,,4,C2 Error injection,00003garden,3,631,True,True,applied,0.0,1,,4,sham,0.0,,00003garden,C2 Error injection
injection_000274,00003garden,3,631,10,True,True,applied,0.0,1,,4,C2 Error injection,00003garden,3,631,True,True,applied,0.0,1,,4,sham,0.0,,00003garden,C2 Error injection
injection_000274,00003garden,3,631,20,True,True,applied,0.0,1,,4,C2 Error injection,00003garden,3,631,True,True,applied,0.0,1,,4,sham,0.0,,00003garden,C2 Error injection
injection_000276,00003garden,6,638,1,True,True,applied,0.0,2,0.0,12,C2 Error injection,00003garden,6,638,True,True,applied,0.0,2,0.0,12,sham,0.0,0.0,00003garden,C2 Error injection
injection_000276,00003garden,6,638,2,True,True,applied,0.0,2,0.0,12,C2 Error injection,00003garden,6,638,True,True,applied,0.0,2,0.0,12,sham,0.0,0.0,00003garden,C2 Error injection
injection_000276,00003garden,6,638,5,True,True,applied,0.0,2,0.0,12,C2 Error injection,00003garden,6,638,True,True,applied,0.0,2,0.0,12,sham,0.0,0.0,00003garden,C2 Error injection
injection_000276,00003garden,6,638,10,True,True,applied,0.0,2,0.0,12,C2 Error injection,00003garden,6,638,True,True,applied,0.0,2,0.0,12,sham,0.0,0.0,00003garden,C2 Error injection
injection_000276,00003garden,6,638,20,True,True,applied,0.0,2,0.0,12,C2 Error injection,00003garden,6,638,True,True,applied,0.0,2,0.0,12,sham,0.0,0.0,00003garden,C2 Error injection
injection_000277,00003garden,7,642,1,True,True,applied,1.0,1,,27,C2 Error injection,00003garden,7,642,True,True,applied,0.0,1,,27,sham,1.0,,00003garden,C2 Error injection
injection_000277,00003garden,7,642,2,True,True,applied,1.0,1,,27,C2 Error injection,00003garden,7,642,True,True,applied,0.0,1,,27,sham,1.0,,00003garden,C2 Error injection
injection_000277,00003garden,7,642,5,True,True,applied,1.0,1,,27,C2 Error injection,00003garden,7,642,True,True,applied,0.0,1,,27,sham,1.0,,00003garden,C2 Error injection
injection_000277,00003garden,7,642,10,True,True,applied,1.0,1,,27,C2 Error injection,00003garden,7,642,True,True,applied,0.0,1,,27,sham,1.0,,00003garden,C2 Error injection
injection_000277,00003garden,7,642,20,True,True,applied,1.0,1,,27,C2 Error injection,00003garden,7,642,True,True,applied,0.0,1,,27,sham,1.0,,00003garden,C2 Error injection
injection_000278,00003garden,1,658,1,True,True,applied,0.5,2,1.0,2,C2 Error injection,00003garden,1,658,True,True,applied,0.5,2,1.0,2,sham,0.0,0.0,00003garden,C2 Error injection
injection_000278,00003garden,1,658,2,True,True,applied,0.0,2,0.0,2,C2 Error injection,00003garden,1,658,True,True,applied,0.0,2,0.0,2,sham,0.0,0.0,00003garden,C2 Error injection
injection_000278,00003garden,1,658,5,True,True,applied,0.0,1,,2,C2 Error injection,00003garden,1,658,True,True,applied,0.0,1,,2,sham,0.0,,00003garden,C2 Error injection
injection_000278,00003garden,1,658,10,True,True,applied,0.0,1,,2,C2 Error injection,00003garden,1,658,True,True,applied,0.0,1,,2,sham,0.0,,00003garden,C2 Error injection
injection_000278,00003garden,1,658,20,True,True,applied,0.0,2,0.0,2,C2 Error injection,00003garden,1,658,True,True,applied,0.0,2,0.0,2,sham,0.0,0.0,00003garden,C2 Error injection
injection_000280,00003garden,3,672,1,True,True,applied,0.0,1,,4,C2 Error injection,00003garden,3,672,True,True,applied,0.0,1,,4,sham,0.0,,00003garden,C2 Error injection
injection_000280,00003garden,3,672,2,True,True,applied,0.0,1,,4,C2 Error injection,00003garden,3,672,True,True,applied,0.0,1,,4,sham,0.0,,00003garden,C2 Error injection
injection_000280,00003garden,3,672,5,True,True,applied,0.0,1,,4,C2 Error injection,00003garden,3,672,True,True,applied,0.0,1,,4,sham,0.0,,00003garden,C2 Error injection
injection_000280,00003garden,3,672,10,True,True,applied,0.0,1,,4,C2 Error injection,00003garden,3,672,True,True,applied,0.0,1,,4,sham,0.0,,00003garden,C2 Error injection
injection_000280,00003garden,3,672,20,True,True,applied,0.0,1,,4,C2 Error injection,00003garden,3,672,True,True,applied,0.0,1,,4,sham,0.0,,00003garden,C2 Error injection
injection_000282,00003garden,6,679,1,True,True,applied,0.0,2,0.0,12,C2 Error injection,00003garden,6,679,True,True,applied,0.0,2,0.0,12,sham,0.0,0.0,00003garden,C2 Error injection
injection_000282,00003garden,6,679,2,True,True,applied,0.0,2,0.0,12,C2 Error injection,00003garden,6,679,True,True,applied,0.0,2,0.0,12,sham,0.0,0.0,00003garden,C2 Error injection
injection_000282,00003garden,6,679,5,True,True,applied,0.0,2,0.0,12,C2 Error injection,00003garden,6,679,True,True,applied,0.0,2,0.0,12,sham,0.0,0.0,00003garden,C2 Error injection
injection_000282,00003garden,6,679,10,True,True,applied,0.0,2,0.0,12,C2 Error injection,00003garden,6,679,True,True,applied,0.0,2,0.0,12,sham,0.0,0.0,00003garden,C2 Error injection
injection_000282,00003garden,6,679,20,True,True,applied,0.0,2,0.0,12,C2 Error injection,00003garden,6,679,True,True,applied,0.0,2,0.0,12,sham,0.0,0.0,00003garden,C2 Error injection
injection_000283,00003garden,7,683,1,True,True,applied,1.0,1,,27,C2 Error injection,00003garden,7,683,True,True,applied,0.0,1,,27,sham,1.0,,00003garden,C2 Error injection
injection_000283,00003garden,7,683,2,True,True,applied,1.0,1,,27,C2 Error injection,00003garden,7,683,True,True,applied,0.0,1,,27,sham,1.0,,00003garden,C2 Error injection
injection_000283,00003garden,7,683,5,True,True,applied,1.0,1,,27,C2 Error injection,00003garden,7,683,True,True,applied,0.0,1,,27,sham,1.0,,00003garden,C2 Error injection
injection_000283,00003garden,7,683,10,True,True,applied,1.0,1,,27,C2 Error injection,00003garden,7,683,True,True,applied,0.0,1,,27,sham,1.0,,00003garden,C2 Error injection
injection_000283,00003garden,7,683,20,True,True,applied,1.0,1,,27,C2 Error injection,00003garden,7,683,True,True,applied,0.0,1,,27,sham,1.0,,00003garden,C2 Error injection
injection_000284,00003garden,2,699,1,True,True,applied,0.0,2,0.0,1,C2 Error injection,00003garden,2,699,True,True,applied,0.0,2,0.0,1,sham,0.0,0.0,00003garden,C2 Error injection
injection_000284,00003garden,2,699,2,True,True,applied,0.0,2,0.0,1,C2 Error injection,00003garden,2,699,True,True,applied,0.0,2,0.0,1,sham,0.0,0.0,00003garden,C2 Error injection
injection_000284,00003garden,2,699,5,True,True,applied,0.0,2,0.0,1,C2 Error injection,00003garden,2,699,True,True,applied,0.0,2,0.0,1,sham,0.0,0.0,00003garden,C2 Error injection
injection_000284,00003garden,2,699,10,True,True,applied,0.0,2,0.0,1,C2 Error injection,00003garden,2,699,True,True,applied,0.0,2,0.0,1,sham,0.0,0.0,00003garden,C2 Error injection
injection_000284,00003garden,2,699,20,True,True,applied,0.0,2,0.0,1,C2 Error injection,00003garden,2,699,True,True,applied,0.0,2,0.0,1,sham,0.0,0.0,00003garden,C2 Error injection
injection_000285,00003garden,1,699,1,True,True,applied,0.0,2,0.0,2,C2 Error injection,00003garden,1,699,True,True,applied,0.0,2,0.0,2,sham,0.0,0.0,00003garden,C2 Error injection
injection_000285,00003garden,1,699,2,True,True,applied,0.0,2,0.0,2,C2 Error injection,00003garden,1,699,True,True,applied,0.0,2,0.0,2,sham,0.0,0.0,00003garden,C2 Error injection
injection_000285,00003garden,1,699,5,True,True,applied,0.5,2,0.0,2,C2 Error injection,00003garden,1,699,True,True,applied,0.5,2,0.0,2,sham,0.0,0.0,00003garden,C2 Error injection
injection_000285,00003garden,1,699,10,True,True,applied,0.0,2,0.0,2,C2 Error injection,00003garden,1,699,True,True,applied,0.0,2,0.0,2,sham,0.0,0.0,00003garden,C2 Error injection
injection_000285,00003garden,1,699,20,True,True,applied,0.0,2,0.0,2,C2 Error injection,00003garden,1,699,True,True,applied,0.0,2,0.0,2,sham,0.0,0.0,00003garden,C2 Error injection
injection_000286,00003garden,4,708,1,True,True,applied,1.0,1,,64,C2 Error injection,00003garden,4,708,True,True,applied,0.0,1,,64,sham,1.0,,00003garden,C2 Error injection
injection_000286,00003garden,4,708,2,True,True,applied,1.0,1,,64,C2 Error injection,00003garden,4,708,True,True,applied,0.0,1,,64,sham,1.0,,00003garden,C2 Error injection
injection_000286,00003garden,4,708,5,True,True,applied,1.0,2,1.0,64,C2 Error injection,00003garden,4,708,True,True,applied,0.0,2,0.0,64,sham,1.0,1.0,00003garden,C2 Error injection
injection_000286,00003garden,4,708,10,True,True,applied,1.0,2,1.0,64,C2 Error injection,00003garden,4,708,True,True,applied,0.5,2,1.0,64,sham,0.5,0.0,00003garden,C2 Error injection
injection_000286,00003garden,4,708,20,True,True,applied,1.0,1,,64,C2 Error injection,00003garden,4,708,True,True,applied,1.0,1,,64,sham,0.0,,00003garden,C2 Error injection
injection_000287,00003garden,9,712,1,True,True,applied,1.0,1,,23,C2 Error injection,00003garden,9,712,True,True,applied,0.0,1,,23,sham,1.0,,00003garden,C2 Error injection
injection_000287,00003garden,9,712,2,True,True,applied,1.0,1,,23,C2 Error injection,00003garden,9,712,True,True,applied,0.0,1,,23,sham,1.0,,00003garden,C2 Error injection
injection_000287,00003garden,9,712,5,True,True,applied,1.0,1,,23,C2 Error injection,00003garden,9,712,True,True,applied,0.0,1,,23,sham,1.0,,00003garden,C2 Error injection
injection_000287,00003garden,9,712,10,True,True,applied,1.0,1,,23,C2 Error injection,00003garden,9,712,True,True,applied,0.0,1,,23,sham,1.0,,00003garden,C2 Error injection
injection_000287,00003garden,9,712,20,True,True,applied,1.0,1,,23,C2 Error injection,00003garden,9,712,True,True,applied,0.0,1,,23,sham,1.0,,00003garden,C2 Error injection
injection_000288,00003garden,5,716,1,True,True,applied,0.0,1,,13,C2 Error injection,00003garden,5,716,True,True,applied,0.0,1,,13,sham,0.0,,00003garden,C2 Error injection
injection_000288,00003garden,5,716,2,True,True,applied,0.0,1,,13,C2 Error injection,00003garden,5,716,True,True,applied,0.0,1,,13,sham,0.0,,00003garden,C2 Error injection
injection_000288,00003garden,5,716,5,True,True,applied,0.0,1,,13,C2 Error injection,00003garden,5,716,True,True,applied,0.0,1,,13,sham,0.0,,00003garden,C2 Error injection
injection_000288,00003garden,5,716,10,True,True,applied,0.0,1,,13,C2 Error injection,00003garden,5,716,True,True,applied,0.0,1,,13,sham,0.0,,00003garden,C2 Error injection
injection_000288,00003garden,5,716,20,True,True,applied,0.0,1,,13,C2 Error injection,00003garden,5,716,True,True,applied,0.0,1,,13,sham,0.0,,00003garden,C2 Error injection
injection_000290,00003garden,6,720,1,True,True,applied,0.0,2,0.0,12,C2 Error injection,00003garden,6,720,True,True,applied,0.0,2,0.0,12,sham,0.0,0.0,00003garden,C2 Error injection
injection_000290,00003garden,6,720,2,True,True,applied,0.0,2,0.0,12,C2 Error injection,00003garden,6,720,True,True,applied,0.0,2,0.0,12,sham,0.0,0.0,00003garden,C2 Error injection
injection_000290,00003garden,6,720,5,True,True,applied,0.0,2,0.0,12,C2 Error injection,00003garden,6,720,True,True,applied,0.0,2,0.0,12,sham,0.0,0.0,00003garden,C2 Error injection
injection_000290,00003garden,6,720,10,True,True,applied,0.0,2,0.0,12,C2 Error injection,00003garden,6,720,True,True,applied,0.0,2,0.0,12,sham,0.0,0.0,00003garden,C2 Error injection
injection_000290,00003garden,6,720,20,True,True,applied,0.0,2,0.0,12,C2 Error injection,00003garden,6,720,True,True,applied,0.0,2,0.0,12,sham,0.0,0.0,00003garden,C2 Error injection
injection_000291,00003garden,7,724,1,True,True,applied,1.0,1,,27,C2 Error injection,00003garden,7,724,True,True,applied,0.0,1,,27,sham,1.0,,00003garden,C2 Error injection
injection_000291,00003garden,7,724,2,True,True,applied,1.0,1,,27,C2 Error injection,00003garden,7,724,True,True,applied,0.0,1,,27,sham,1.0,,00003garden,C2 Error injection
injection_000291,00003garden,7,724,5,True,True,applied,1.0,1,,27,C2 Error injection,00003garden,7,724,True,True,applied,0.0,1,,27,sham,1.0,,00003garden,C2 Error injection
injection_000291,00003garden,7,724,10,True,True,applied,1.0,1,,27,C2 Error injection,00003garden,7,724,True,True,applied,0.0,1,,27,sham,1.0,,00003garden,C2 Error injection
injection_000292,00003garden,2,740,1,True,True,applied,0.0,2,0.0,1,C2 Error injection,00003garden,2,740,True,True,applied,0.0,2,0.0,1,sham,0.0,0.0,00003garden,C2 Error injection
injection_000292,00003garden,2,740,2,True,True,applied,0.5,2,1.0,1,C2 Error injection,00003garden,2,740,True,True,applied,0.5,2,1.0,1,sham,0.0,0.0,00003garden,C2 Error injection
injection_000292,00003garden,2,740,5,True,True,applied,0.0,2,0.0,1,C2 Error injection,00003garden,2,740,True,True,applied,0.0,2,0.0,1,sham,0.0,0.0,00003garden,C2 Error injection
injection_000292,00003garden,2,740,10,True,True,applied,0.0,2,0.0,1,C2 Error injection,00003garden,2,740,True,True,applied,0.0,2,0.0,1,sham,0.0,0.0,00003garden,C2 Error injection
injection_000292,00003garden,2,740,20,True,True,applied,0.0,2,0.0,1,C2 Error injection,00003garden,2,740,True,True,applied,0.0,2,0.0,1,sham,0.0,0.0,00003garden,C2 Error injection
injection_000294,00003garden,4,750,1,True,True,applied,1.0,1,,64,C2 Error injection,00003garden,4,750,True,True,applied,0.0,1,,64,sham,1.0,,00003garden,C2 Error injection
injection_000294,00003garden,4,750,2,True,True,applied,1.0,1,,64,C2 Error injection,00003garden,4,750,True,True,applied,0.0,1,,64,sham,1.0,,00003garden,C2 Error injection
injection_000294,00003garden,4,750,5,True,True,applied,1.0,1,,64,C2 Error injection,00003garden,4,750,True,True,applied,0.0,1,,64,sham,1.0,,00003garden,C2 Error injection
injection_000294,00003garden,4,750,10,True,True,applied,1.0,1,,64,C2 Error injection,00003garden,4,750,True,True,applied,1.0,1,,64,sham,0.0,,00003garden,C2 Error injection
injection_000294,00003garden,4,750,20,True,True,applied,1.0,1,,64,C2 Error injection,00003garden,4,750,True,True,applied,1.0,1,,64,sham,0.0,,00003garden,C2 Error injection
injection_000295,00003garden,9,753,1,True,True,applied,1.0,1,,23,C2 Error injection,00003garden,9,753,True,True,applied,0.0,1,,23,sham,1.0,,00003garden,C2 Error injection
injection_000295,00003garden,9,753,2,True,True,applied,1.0,1,,23,C2 Error injection,00003garden,9,753,True,True,applied,0.0,1,,23,sham,1.0,,00003garden,C2 Error injection
injection_000295,00003garden,9,753,5,True,True,applied,1.0,1,,23,C2 Error injection,00003garden,9,753,True,True,applied,0.0,1,,23,sham,1.0,,00003garden,C2 Error injection
injection_000295,00003garden,9,753,10,True,True,applied,1.0,1,,23,C2 Error injection,00003garden,9,753,True,True,applied,0.0,1,,23,sham,1.0,,00003garden,C2 Error injection
injection_000295,00003garden,9,753,20,True,True,applied,1.0,1,,23,C2 Error injection,00003garden,9,753,True,True,applied,0.0,1,,23,sham,1.0,,00003garden,C2 Error injection
injection_000296,00003garden,3,757,1,True,True,applied,0.0,1,,4,C2 Error injection,00003garden,3,757,True,True,applied,0.0,1,,4,sham,0.0,,00003garden,C2 Error injection
injection_000296,00003garden,3,757,2,True,True,applied,0.0,1,,4,C2 Error injection,00003garden,3,757,True,True,applied,0.0,1,,4,sham,0.0,,00003garden,C2 Error injection
injection_000296,00003garden,3,757,5,True,True,applied,0.0,1,,4,C2 Error injection,00003garden,3,757,True,True,applied,0.0,1,,4,sham,0.0,,00003garden,C2 Error injection
injection_000296,00003garden,3,757,10,True,True,applied,0.0,1,,4,C2 Error injection,00003garden,3,757,True,True,applied,0.0,1,,4,sham,0.0,,00003garden,C2 Error injection
injection_000296,00003garden,3,757,20,True,True,applied,0.0,1,,4,C2 Error injection,00003garden,3,757,True,True,applied,0.0,1,,4,sham,0.0,,00003garden,C2 Error injection
injection_000299,00003garden,1,781,1,True,True,applied,0.0,2,0.0,2,C2 Error injection,00003garden,1,781,True,True,applied,0.0,2,0.0,2,sham,0.0,0.0,00003garden,C2 Error injection
injection_000299,00003garden,1,781,2,True,True,applied,0.0,2,0.0,2,C2 Error injection,00003garden,1,781,True,True,applied,0.0,2,0.0,2,sham,0.0,0.0,00003garden,C2 Error injection
injection_000299,00003garden,1,781,5,True,True,applied,0.0,2,0.0,2,C2 Error injection,00003garden,1,781,True,True,applied,0.0,2,0.0,2,sham,0.0,0.0,00003garden,C2 Error injection
injection_000299,00003garden,1,781,10,True,True,applied,0.0,2,0.0,2,C2 Error injection,00003garden,1,781,True,True,applied,0.0,2,0.0,2,sham,0.0,0.0,00003garden,C2 Error injection
injection_000299,00003garden,1,781,20,True,True,applied,0.0,2,0.0,2,C2 Error injection,00003garden,1,781,True,True,applied,0.0,2,0.0,2,sham,0.0,0.0,00003garden,C2 Error injection
injection_000301,00003garden,9,794,1,True,True,applied,1.0,1,,23,C2 Error injection,00003garden,9,794,True,True,applied,0.0,1,,23,sham,1.0,,00003garden,C2 Error injection
injection_000301,00003garden,9,794,2,True,True,applied,1.0,1,,23,C2 Error injection,00003garden,9,794,True,True,applied,0.0,1,,23,sham,1.0,,00003garden,C2 Error injection
injection_000301,00003garden,9,794,5,True,True,applied,1.0,1,,23,C2 Error injection,00003garden,9,794,True,True,applied,0.0,1,,23,sham,1.0,,00003garden,C2 Error injection
injection_000301,00003garden,9,794,10,True,True,applied,1.0,1,,23,C2 Error injection,00003garden,9,794,True,True,applied,0.0,1,,23,sham,1.0,,00003garden,C2 Error injection
injection_000301,00003garden,9,794,20,True,True,applied,1.0,1,,23,C2 Error injection,00003garden,9,794,True,True,applied,0.0,1,,23,sham,1.0,,00003garden,C2 Error injection
injection_000302,00003garden,5,798,1,True,True,applied,0.0,1,,13,C2 Error injection,00003garden,5,798,True,True,applied,0.0,1,,13,sham,0.0,,00003garden,C2 Error injection
injection_000302,00003garden,5,798,2,True,True,applied,0.0,1,,13,C2 Error injection,00003garden,5,798,True,True,applied,0.0,1,,13,sham,0.0,,00003garden,C2 Error injection
injection_000302,00003garden,5,798,5,True,True,applied,0.0,1,,13,C2 Error injection,00003garden,5,798,True,True,applied,0.0,1,,13,sham,0.0,,00003garden,C2 Error injection
injection_000302,00003garden,5,798,10,True,True,applied,0.0,1,,13,C2 Error injection,00003garden,5,798,True,True,applied,0.0,1,,13,sham,0.0,,00003garden,C2 Error injection
injection_000302,00003garden,5,798,20,True,True,applied,0.0,1,,13,C2 Error injection,00003garden,5,798,True,True,applied,0.0,1,,13,sham,0.0,,00003garden,C2 Error injection
injection_000304,00003garden,6,802,1,True,True,applied,0.0,1,,12,C2 Error injection,00003garden,6,802,True,True,applied,0.0,1,,12,sham,0.0,,00003garden,C2 Error injection
injection_000304,00003garden,6,802,2,True,True,applied,0.0,1,,12,C2 Error injection,00003garden,6,802,True,True,applied,0.0,1,,12,sham,0.0,,00003garden,C2 Error injection
injection_000304,00003garden,6,802,5,True,True,applied,0.0,1,,12,C2 Error injection,00003garden,6,802,True,True,applied,0.0,1,,12,sham,0.0,,00003garden,C2 Error injection
injection_000304,00003garden,6,802,10,True,True,applied,0.0,1,,12,C2 Error injection,00003garden,6,802,True,True,applied,0.0,1,,12,sham,0.0,,00003garden,C2 Error injection
injection_000304,00003garden,6,802,20,True,True,applied,0.0,1,,12,C2 Error injection,00003garden,6,802,True,True,applied,0.0,1,,12,sham,0.0,,00003garden,C2 Error injection
injection_000305,00003garden,2,822,1,True,True,applied,0.0,2,0.0,1,C2 Error injection,00003garden,2,822,True,True,applied,0.0,2,0.0,1,sham,0.0,0.0,00003garden,C2 Error injection
injection_000305,00003garden,2,822,2,True,True,applied,0.0,2,0.0,1,C2 Error injection,00003garden,2,822,True,True,applied,0.0,2,0.0,1,sham,0.0,0.0,00003garden,C2 Error injection
injection_000305,00003garden,2,822,5,True,True,applied,0.0,2,0.0,1,C2 Error injection,00003garden,2,822,True,True,applied,0.0,2,0.0,1,sham,0.0,0.0,00003garden,C2 Error injection
injection_000305,00003garden,2,822,10,True,True,applied,0.0,2,0.0,1,C2 Error injection,00003garden,2,822,True,True,applied,0.0,2,0.0,1,sham,0.0,0.0,00003garden,C2 Error injection
injection_000305,00003garden,2,822,20,True,True,applied,0.0,2,0.0,1,C2 Error injection,00003garden,2,822,True,True,applied,0.0,2,0.0,1,sham,0.0,0.0,00003garden,C2 Error injection
injection_000306,00003garden,1,822,1,True,True,applied,0.0,2,0.0,2,C2 Error injection,00003garden,1,822,True,True,applied,0.0,2,0.0,2,sham,0.0,0.0,00003garden,C2 Error injection
injection_000306,00003garden,1,822,2,True,True,applied,0.0,2,0.0,2,C2 Error injection,00003garden,1,822,True,True,applied,0.0,2,0.0,2,sham,0.0,0.0,00003garden,C2 Error injection
injection_000306,00003garden,1,822,5,True,True,applied,0.0,2,0.0,2,C2 Error injection,00003garden,1,822,True,True,applied,0.0,2,0.0,2,sham,0.0,0.0,00003garden,C2 Error injection
injection_000306,00003garden,1,822,10,True,True,applied,0.0,2,0.0,2,C2 Error injection,00003garden,1,822,True,True,applied,0.0,2,0.0,2,sham,0.0,0.0,00003garden,C2 Error injection
injection_000306,00003garden,1,822,20,True,True,applied,0.0,2,0.0,2,C2 Error injection,00003garden,1,822,True,True,applied,0.0,2,0.0,2,sham,0.0,0.0,00003garden,C2 Error injection
injection_000307,00003garden,6,843,1,True,True,applied,0.0,1,,12,C2 Error injection,00003garden,6,843,True,True,applied,0.0,1,,12,sham,0.0,,00003garden,C2 Error injection
injection_000307,00003garden,6,843,2,True,True,applied,0.0,1,,12,C2 Error injection,00003garden,6,843,True,True,applied,0.0,1,,12,sham,0.0,,00003garden,C2 Error injection
injection_000307,00003garden,6,843,5,True,True,applied,0.0,1,,12,C2 Error injection,00003garden,6,843,True,True,applied,0.0,1,,12,sham,0.0,,00003garden,C2 Error injection
injection_000307,00003garden,6,843,10,True,True,applied,0.0,1,,12,C2 Error injection,00003garden,6,843,True,True,applied,0.0,1,,12,sham,0.0,,00003garden,C2 Error injection
injection_000307,00003garden,6,843,20,True,True,applied,0.0,1,,12,C2 Error injection,00003garden,6,843,True,True,applied,0.0,1,,12,sham,0.0,,00003garden,C2 Error injection
injection_000308,00003garden,2,863,1,True,True,applied,0.0,2,0.0,1,C2 Error injection,00003garden,2,863,True,True,applied,0.0,2,0.0,1,sham,0.0,0.0,00003garden,C2 Error injection
injection_000308,00003garden,2,863,2,True,True,applied,0.0,2,0.0,1,C2 Error injection,00003garden,2,863,True,True,applied,0.0,2,0.0,1,sham,0.0,0.0,00003garden,C2 Error injection
injection_000308,00003garden,2,863,5,True,True,applied,0.0,2,0.0,1,C2 Error injection,00003garden,2,863,True,True,applied,0.0,2,0.0,1,sham,0.0,0.0,00003garden,C2 Error injection
injection_000308,00003garden,2,863,10,True,True,applied,0.0,2,0.0,1,C2 Error injection,00003garden,2,863,True,True,applied,0.0,2,0.0,1,sham,0.0,0.0,00003garden,C2 Error injection
injection_000308,00003garden,2,863,20,True,True,applied,0.0,2,0.0,1,C2 Error injection,00003garden,2,863,True,True,applied,0.0,2,0.0,1,sham,0.0,0.0,00003garden,C2 Error injection
injection_000310,00003garden,5,877,1,True,True,applied,0.0,1,,13,C2 Error injection,00003garden,5,877,True,True,applied,0.0,1,,13,sham,0.0,,00003garden,C2 Error injection
injection_000310,00003garden,5,877,2,True,True,applied,0.0,1,,13,C2 Error injection,00003garden,5,877,True,True,applied,0.0,1,,13,sham,0.0,,00003garden,C2 Error injection
injection_000310,00003garden,5,877,5,True,True,applied,0.0,1,,13,C2 Error injection,00003garden,5,877,True,True,applied,0.0,1,,13,sham,0.0,,00003garden,C2 Error injection
injection_000310,00003garden,5,877,10,True,True,applied,0.0,1,,13,C2 Error injection,00003garden,5,877,True,True,applied,0.0,1,,13,sham,0.0,,00003garden,C2 Error injection
injection_000310,00003garden,5,877,20,True,True,applied,0.0,1,,13,C2 Error injection,00003garden,5,877,True,True,applied,0.0,1,,13,sham,0.0,,00003garden,C2 Error injection
injection_000312,00003garden,9,880,1,True,True,applied,1.0,1,,23,C2 Error injection,00003garden,9,880,True,True,applied,0.0,1,,23,sham,1.0,,00003garden,C2 Error injection
injection_000312,00003garden,9,880,2,True,True,applied,1.0,1,,23,C2 Error injection,00003garden,9,880,True,True,applied,0.0,1,,23,sham,1.0,,00003garden,C2 Error injection
injection_000312,00003garden,9,880,5,True,True,applied,1.0,1,,23,C2 Error injection,00003garden,9,880,True,True,applied,0.0,1,,23,sham,1.0,,00003garden,C2 Error injection
injection_000314,00003garden,8,889,1,True,True,applied,1.0,1,,189,C2 Error injection,00003garden,8,889,True,True,applied,1.0,1,,189,sham,0.0,,00003garden,C2 Error injection
injection_000314,00003garden,8,889,2,True,True,applied,1.0,1,,189,C2 Error injection,00003garden,8,889,True,True,applied,0.0,1,,189,sham,1.0,,00003garden,C2 Error injection
injection_000314,00003garden,8,889,5,True,True,applied,1.0,1,,189,C2 Error injection,00003garden,8,889,True,True,applied,1.0,1,,189,sham,0.0,,00003garden,C2 Error injection
injection_000314,00003garden,8,889,10,True,True,applied,1.0,1,,189,C2 Error injection,00003garden,8,889,True,True,applied,0.0,1,,189,sham,1.0,,00003garden,C2 Error injection
injection_000314,00003garden,8,889,20,True,True,applied,1.0,1,,189,C2 Error injection,00003garden,8,889,True,True,applied,0.0,1,,189,sham,1.0,,00003garden,C2 Error injection
injection_000315,00003garden,4,894,1,True,True,applied,1.0,1,,191,C2 Error injection,00003garden,4,894,True,True,applied,0.0,1,,191,sham,1.0,,00003garden,C2 Error injection
injection_000315,00003garden,4,894,2,True,True,applied,1.0,1,,191,C2 Error injection,00003garden,4,894,True,True,applied,0.0,1,,191,sham,1.0,,00003garden,C2 Error injection
injection_000315,00003garden,4,894,5,True,True,applied,1.0,1,,191,C2 Error injection,00003garden,4,894,True,True,applied,1.0,1,,191,sham,0.0,,00003garden,C2 Error injection
injection_000315,00003garden,4,894,10,True,True,applied,1.0,1,,191,C2 Error injection,00003garden,4,894,True,True,applied,1.0,1,,191,sham,0.0,,00003garden,C2 Error injection
injection_000315,00003garden,4,894,20,True,True,applied,1.0,2,1.0,191,C2 Error injection,00003garden,4,894,True,True,applied,1.0,2,1.0,191,sham,0.0,0.0,00003garden,C2 Error injection
injection_000316,00003garden,1,904,1,True,True,applied,0.0,2,0.0,2,C2 Error injection,00003garden,1,904,True,True,applied,0.0,2,0.0,2,sham,0.0,0.0,00003garden,C2 Error injection
injection_000316,00003garden,1,904,2,True,True,applied,0.0,2,0.0,2,C2 Error injection,00003garden,1,904,True,True,applied,0.0,2,0.0,2,sham,0.0,0.0,00003garden,C2 Error injection
injection_000316,00003garden,1,904,5,True,True,applied,0.0,2,0.0,2,C2 Error injection,00003garden,1,904,True,True,applied,0.0,2,0.0,2,sham,0.0,0.0,00003garden,C2 Error injection
injection_000316,00003garden,1,904,10,True,True,applied,0.0,2,0.0,2,C2 Error injection,00003garden,1,904,True,True,applied,0.0,2,0.0,2,sham,0.0,0.0,00003garden,C2 Error injection
injection_000316,00003garden,1,904,20,True,True,applied,0.0,2,0.0,2,C2 Error injection,00003garden,1,904,True,True,applied,0.0,2,0.0,2,sham,0.0,0.0,00003garden,C2 Error injection
injection_000318,00003garden,5,918,1,True,True,applied,0.0,1,,13,C2 Error injection,00003garden,5,918,True,True,applied,0.0,1,,13,sham,0.0,,00003garden,C2 Error injection
injection_000318,00003garden,5,918,2,True,True,applied,0.0,1,,13,C2 Error injection,00003garden,5,918,True,True,applied,0.0,1,,13,sham,0.0,,00003garden,C2 Error injection
injection_000318,00003garden,5,918,5,True,True,applied,0.0,1,,13,C2 Error injection,00003garden,5,918,True,True,applied,0.0,1,,13,sham,0.0,,00003garden,C2 Error injection
injection_000318,00003garden,5,918,10,True,True,applied,0.0,1,,13,C2 Error injection,00003garden,5,918,True,True,applied,0.0,1,,13,sham,0.0,,00003garden,C2 Error injection
injection_000318,00003garden,5,918,20,True,True,applied,0.0,1,,13,C2 Error injection,00003garden,5,918,True,True,applied,0.0,1,,13,sham,0.0,,00003garden,C2 Error injection
injection_000320,00003garden,6,925,1,True,True,applied,0.0,2,0.0,12,C2 Error injection,00003garden,6,925,True,True,applied,0.0,2,0.0,12,sham,0.0,0.0,00003garden,C2 Error injection
injection_000320,00003garden,6,925,2,True,True,applied,0.0,2,0.0,12,C2 Error injection,00003garden,6,925,True,True,applied,0.0,2,0.0,12,sham,0.0,0.0,00003garden,C2 Error injection
injection_000320,00003garden,6,925,5,True,True,applied,0.0,2,0.0,12,C2 Error injection,00003garden,6,925,True,True,applied,0.0,2,0.0,12,sham,0.0,0.0,00003garden,C2 Error injection
injection_000320,00003garden,6,925,10,True,True,applied,0.0,2,0.0,12,C2 Error injection,00003garden,6,925,True,True,applied,0.0,2,0.0,12,sham,0.0,0.0,00003garden,C2 Error injection
injection_000320,00003garden,6,925,20,True,True,applied,0.0,2,0.0,12,C2 Error injection,00003garden,6,925,True,True,applied,0.0,2,0.0,12,sham,0.0,0.0,00003garden,C2 Error injection
injection_000321,00003garden,8,931,1,True,True,applied,1.0,1,,189,C2 Error injection,00003garden,8,931,True,True,applied,0.0,1,,189,sham,1.0,,00003garden,C2 Error injection
injection_000321,00003garden,8,931,2,True,True,applied,1.0,1,,189,C2 Error injection,00003garden,8,931,True,True,applied,0.0,1,,189,sham,1.0,,00003garden,C2 Error injection
injection_000321,00003garden,8,931,5,True,True,applied,1.0,1,,189,C2 Error injection,00003garden,8,931,True,True,applied,0.0,1,,189,sham,1.0,,00003garden,C2 Error injection
injection_000321,00003garden,8,931,10,True,True,applied,1.0,1,,189,C2 Error injection,00003garden,8,931,True,True,applied,0.0,1,,189,sham,1.0,,00003garden,C2 Error injection
injection_000321,00003garden,8,931,20,True,True,applied,1.0,1,,189,C2 Error injection,00003garden,8,931,True,True,applied,0.0,1,,189,sham,1.0,,00003garden,C2 Error injection
injection_000322,00003garden,2,945,1,True,True,applied,0.0,2,0.0,1,C2 Error injection,00003garden,2,945,True,True,applied,0.0,2,0.0,1,sham,0.0,0.0,00003garden,C2 Error injection
injection_000322,00003garden,2,945,2,True,True,applied,0.0,2,0.0,1,C2 Error injection,00003garden,2,945,True,True,applied,0.0,2,0.0,1,sham,0.0,0.0,00003garden,C2 Error injection
injection_000322,00003garden,2,945,5,True,True,applied,0.0,2,0.0,1,C2 Error injection,00003garden,2,945,True,True,applied,0.0,2,0.0,1,sham,0.0,0.0,00003garden,C2 Error injection
injection_000322,00003garden,2,945,10,True,True,applied,0.0,2,0.0,1,C2 Error injection,00003garden,2,945,True,True,applied,0.0,2,0.0,1,sham,0.0,0.0,00003garden,C2 Error injection
injection_000322,00003garden,2,945,20,True,True,applied,0.0,2,0.0,1,C2 Error injection,00003garden,2,945,True,True,applied,0.0,2,0.0,1,sham,0.0,0.0,00003garden,C2 Error injection
injection_000324,00003garden,4,948,1,True,True,applied,1.0,2,1.0,142,C2 Error injection,00003garden,4,948,True,True,applied,0.5,2,0.0,142,sham,0.5,1.0,00003garden,C2 Error injection
injection_000324,00003garden,4,948,2,True,True,applied,1.0,2,1.0,142,C2 Error injection,00003garden,4,948,True,True,applied,0.5,2,0.0,142,sham,0.5,1.0,00003garden,C2 Error injection
injection_000324,00003garden,4,948,5,True,True,applied,1.0,2,1.0,142,C2 Error injection,00003garden,4,948,True,True,applied,0.0,2,0.0,142,sham,1.0,1.0,00003garden,C2 Error injection
injection_000324,00003garden,4,948,10,True,True,applied,1.0,2,1.0,142,C2 Error injection,00003garden,4,948,True,True,applied,0.0,2,0.0,142,sham,1.0,1.0,00003garden,C2 Error injection
injection_000324,00003garden,4,948,20,True,True,applied,1.0,2,1.0,142,C2 Error injection,00003garden,4,948,True,True,applied,0.0,2,0.0,142,sham,1.0,1.0,00003garden,C2 Error injection
injection_000325,00003garden,6,966,1,True,True,applied,0.0,2,0.0,12,C2 Error injection,00003garden,6,966,True,True,applied,0.0,2,0.0,12,sham,0.0,0.0,00003garden,C2 Error injection
injection_000325,00003garden,6,966,2,True,True,applied,0.0,2,0.0,12,C2 Error injection,00003garden,6,966,True,True,applied,0.0,2,0.0,12,sham,0.0,0.0,00003garden,C2 Error injection
injection_000325,00003garden,6,966,5,True,True,applied,0.0,2,0.0,12,C2 Error injection,00003garden,6,966,True,True,applied,0.0,2,0.0,12,sham,0.0,0.0,00003garden,C2 Error injection
injection_000325,00003garden,6,966,10,True,True,applied,0.0,2,0.0,12,C2 Error injection,00003garden,6,966,True,True,applied,0.0,2,0.0,12,sham,0.0,0.0,00003garden,C2 Error injection
injection_000325,00003garden,6,966,20,True,True,applied,0.0,2,0.0,12,C2 Error injection,00003garden,6,966,True,True,applied,0.0,2,0.0,12,sham,0.0,0.0,00003garden,C2 Error injection
injection_000326,00003garden,5,970,1,True,True,applied,0.0,1,,13,C2 Error injection,00003garden,5,970,True,True,applied,0.0,1,,13,sham,0.0,,00003garden,C2 Error injection
injection_000326,00003garden,5,970,2,True,True,applied,0.0,1,,13,C2 Error injection,00003garden,5,970,True,True,applied,0.0,1,,13,sham,0.0,,00003garden,C2 Error injection
injection_000326,00003garden,5,970,5,True,True,applied,0.0,1,,13,C2 Error injection,00003garden,5,970,True,True,applied,0.0,1,,13,sham,0.0,,00003garden,C2 Error injection
injection_000326,00003garden,5,970,10,True,True,applied,0.0,1,,13,C2 Error injection,00003garden,5,970,True,True,applied,0.0,1,,13,sham,0.0,,00003garden,C2 Error injection
injection_000326,00003garden,5,970,20,True,True,applied,0.0,1,,13,C2 Error injection,00003garden,5,970,True,True,applied,0.0,1,,13,sham,0.0,,00003garden,C2 Error injection
injection_000328,00003garden,8,972,1,True,True,applied,1.0,1,,189,C2 Error injection,00003garden,8,972,True,True,applied,0.0,1,,189,sham,1.0,,00003garden,C2 Error injection
injection_000328,00003garden,8,972,2,True,True,applied,1.0,1,,189,C2 Error injection,00003garden,8,972,True,True,applied,0.0,1,,189,sham,1.0,,00003garden,C2 Error injection
injection_000328,00003garden,8,972,5,True,True,applied,1.0,1,,189,C2 Error injection,00003garden,8,972,True,True,applied,0.0,1,,189,sham,1.0,,00003garden,C2 Error injection
injection_000328,00003garden,8,972,10,True,True,applied,1.0,1,,189,C2 Error injection,00003garden,8,972,True,True,applied,0.0,1,,189,sham,1.0,,00003garden,C2 Error injection
injection_000328,00003garden,8,972,20,True,True,applied,1.0,1,,189,C2 Error injection,00003garden,8,972,True,True,applied,0.0,1,,189,sham,1.0,,00003garden,C2 Error injection
injection_000329,00003garden,1,986,1,True,True,applied,0.0,2,0.0,2,C2 Error injection,00003garden,1,986,True,True,applied,0.0,2,0.0,2,sham,0.0,0.0,00003garden,C2 Error injection
injection_000329,00003garden,1,986,2,True,True,applied,0.5,2,1.0,2,C2 Error injection,00003garden,1,986,True,True,applied,0.5,2,1.0,2,sham,0.0,0.0,00003garden,C2 Error injection
injection_000329,00003garden,1,986,5,True,True,applied,0.0,2,0.0,2,C2 Error injection,00003garden,1,986,True,True,applied,0.0,2,0.0,2,sham,0.0,0.0,00003garden,C2 Error injection
injection_000329,00003garden,1,986,10,True,True,applied,0.0,2,0.0,2,C2 Error injection,00003garden,1,986,True,True,applied,0.0,2,0.0,2,sham,0.0,0.0,00003garden,C2 Error injection
injection_000329,00003garden,1,986,20,True,True,applied,0.0,1,,2,C2 Error injection,00003garden,1,986,True,True,applied,0.0,1,,2,sham,0.0,,00003garden,C2 Error injection
injection_000331,00003garden,4,989,1,True,True,applied,1.0,1,,142,C2 Error injection,00003garden,4,989,True,True,applied,0.0,1,,142,sham,1.0,,00003garden,C2 Error injection
injection_000331,00003garden,4,989,2,True,True,applied,1.0,1,,142,C2 Error injection,00003garden,4,989,True,True,applied,0.0,1,,142,sham,1.0,,00003garden,C2 Error injection
injection_000331,00003garden,4,989,5,True,True,applied,1.0,1,,142,C2 Error injection,00003garden,4,989,True,True,applied,0.0,1,,142,sham,1.0,,00003garden,C2 Error injection
injection_000331,00003garden,4,989,10,True,True,applied,1.0,1,,142,C2 Error injection,00003garden,4,989,True,True,applied,1.0,1,,142,sham,0.0,,00003garden,C2 Error injection
injection_000331,00003garden,4,989,20,True,True,applied,1.0,1,,142,C2 Error injection,00003garden,4,989,True,True,applied,0.0,1,,142,sham,1.0,,00003garden,C2 Error injection
injection_000332,00003garden,6,1007,1,True,True,applied,0.0,2,0.0,12,C2 Error injection,00003garden,6,1007,True,True,applied,0.0,2,0.0,12,sham,0.0,0.0,00003garden,C2 Error injection
injection_000332,00003garden,6,1007,2,True,True,applied,0.0,2,0.0,12,C2 Error injection,00003garden,6,1007,True,True,applied,0.0,2,0.0,12,sham,0.0,0.0,00003garden,C2 Error injection
injection_000332,00003garden,6,1007,5,True,True,applied,0.0,2,0.0,12,C2 Error injection,00003garden,6,1007,True,True,applied,0.0,2,0.0,12,sham,0.0,0.0,00003garden,C2 Error injection
injection_000332,00003garden,6,1007,10,True,True,applied,0.0,2,0.0,12,C2 Error injection,00003garden,6,1007,True,True,applied,0.0,2,0.0,12,sham,0.0,0.0,00003garden,C2 Error injection
injection_000332,00003garden,6,1007,20,True,True,applied,0.0,2,0.0,12,C2 Error injection,00003garden,6,1007,True,True,applied,0.0,2,0.0,12,sham,0.0,0.0,00003garden,C2 Error injection
injection_000333,00003garden,5,1011,1,True,True,applied,0.0,1,,13,C2 Error injection,00003garden,5,1011,True,True,applied,0.0,1,,13,sham,0.0,,00003garden,C2 Error injection
injection_000333,00003garden,5,1011,2,True,True,applied,0.0,1,,13,C2 Error injection,00003garden,5,1011,True,True,applied,0.0,1,,13,sham,0.0,,00003garden,C2 Error injection
injection_000333,00003garden,5,1011,5,True,True,applied,0.0,1,,13,C2 Error injection,00003garden,5,1011,True,True,applied,0.0,1,,13,sham,0.0,,00003garden,C2 Error injection
injection_000333,00003garden,5,1011,10,True,True,applied,0.0,1,,13,C2 Error injection,00003garden,5,1011,True,True,applied,0.0,1,,13,sham,0.0,,00003garden,C2 Error injection
injection_000333,00003garden,5,1011,20,True,True,applied,0.0,1,,13,C2 Error injection,00003garden,5,1011,True,True,applied,0.0,1,,13,sham,0.0,,00003garden,C2 Error injection
injection_000335,00003garden,1,1027,1,True,True,applied,0.0,1,,2,C2 Error injection,00003garden,1,1027,True,True,applied,0.0,1,,2,sham,0.0,,00003garden,C2 Error injection
injection_000335,00003garden,1,1027,2,True,True,applied,0.0,1,,2,C2 Error injection,00003garden,1,1027,True,True,applied,0.0,1,,2,sham,0.0,,00003garden,C2 Error injection
injection_000335,00003garden,1,1027,5,True,True,applied,0.5,2,1.0,2,C2 Error injection,00003garden,1,1027,True,True,applied,0.5,2,1.0,2,sham,0.0,0.0,00003garden,C2 Error injection
injection_000335,00003garden,1,1027,10,True,True,applied,0.0,2,0.0,2,C2 Error injection,00003garden,1,1027,True,True,applied,0.0,2,0.0,2,sham,0.0,0.0,00003garden,C2 Error injection
injection_000335,00003garden,1,1027,20,True,True,applied,0.5,2,1.0,2,C2 Error injection,00003garden,1,1027,True,True,applied,0.5,2,1.0,2,sham,0.0,0.0,00003garden,C2 Error injection
injection_000337,00003garden,4,1030,1,True,True,applied,1.0,2,1.0,142,C2 Error injection,00003garden,4,1030,True,True,applied,0.0,2,0.0,142,sham,1.0,1.0,00003garden,C2 Error injection
injection_000337,00003garden,4,1030,2,True,True,applied,1.0,2,1.0,142,C2 Error injection,00003garden,4,1030,True,True,applied,0.0,2,0.0,142,sham,1.0,1.0,00003garden,C2 Error injection
injection_000337,00003garden,4,1030,5,True,True,applied,1.0,2,1.0,142,C2 Error injection,00003garden,4,1030,True,True,applied,0.0,2,0.0,142,sham,1.0,1.0,00003garden,C2 Error injection
injection_000337,00003garden,4,1030,10,True,True,applied,1.0,2,1.0,142,C2 Error injection,00003garden,4,1030,True,True,applied,0.0,2,0.0,142,sham,1.0,1.0,00003garden,C2 Error injection
injection_000337,00003garden,4,1030,20,True,True,applied,1.0,2,1.0,142,C2 Error injection,00003garden,4,1030,True,True,applied,0.0,2,0.0,142,sham,1.0,1.0,00003garden,C2 Error injection
injection_000338,00003garden,6,1048,1,True,True,applied,0.0,2,0.0,12,C2 Error injection,00003garden,6,1048,True,True,applied,0.0,2,0.0,12,sham,0.0,0.0,00003garden,C2 Error injection
injection_000338,00003garden,6,1048,2,True,True,applied,0.0,2,0.0,12,C2 Error injection,00003garden,6,1048,True,True,applied,0.0,2,0.0,12,sham,0.0,0.0,00003garden,C2 Error injection
injection_000338,00003garden,6,1048,5,True,True,applied,0.0,2,0.0,12,C2 Error injection,00003garden,6,1048,True,True,applied,0.0,2,0.0,12,sham,0.0,0.0,00003garden,C2 Error injection
injection_000338,00003garden,6,1048,10,True,True,applied,0.0,2,0.0,12,C2 Error injection,00003garden,6,1048,True,True,applied,0.0,2,0.0,12,sham,0.0,0.0,00003garden,C2 Error injection
injection_000338,00003garden,6,1048,20,True,True,applied,0.5,2,1.0,12,C2 Error injection,00003garden,6,1048,True,True,applied,0.5,2,1.0,12,sham,0.0,0.0,00003garden,C2 Error injection
injection_000339,00003garden,5,1052,1,True,True,applied,0.0,1,,13,C2 Error injection,00003garden,5,1052,True,True,applied,0.0,1,,13,sham,0.0,,00003garden,C2 Error injection
injection_000339,00003garden,5,1052,2,True,True,applied,0.0,1,,13,C2 Error injection,00003garden,5,1052,True,True,applied,0.0,1,,13,sham,0.0,,00003garden,C2 Error injection
injection_000339,00003garden,5,1052,5,True,True,applied,0.0,1,,13,C2 Error injection,00003garden,5,1052,True,True,applied,0.0,1,,13,sham,0.0,,00003garden,C2 Error injection
injection_000339,00003garden,5,1052,10,True,True,applied,0.0,1,,13,C2 Error injection,00003garden,5,1052,True,True,applied,0.0,1,,13,sham,0.0,,00003garden,C2 Error injection
injection_000339,00003garden,5,1052,20,True,True,applied,0.0,1,,13,C2 Error injection,00003garden,5,1052,True,True,applied,0.0,1,,13,sham,0.0,,00003garden,C2 Error injection
injection_000341,00003garden,1,1068,1,True,True,applied,0.0,2,0.0,2,C2 Error injection,00003garden,1,1068,True,True,applied,0.0,2,0.0,2,sham,0.0,0.0,00003garden,C2 Error injection
injection_000341,00003garden,1,1068,2,True,True,applied,0.0,2,0.0,2,C2 Error injection,00003garden,1,1068,True,True,applied,0.0,2,0.0,2,sham,0.0,0.0,00003garden,C2 Error injection
injection_000341,00003garden,1,1068,5,True,True,applied,0.0,2,0.0,2,C2 Error injection,00003garden,1,1068,True,True,applied,0.0,2,0.0,2,sham,0.0,0.0,00003garden,C2 Error injection
injection_000341,00003garden,1,1068,10,True,True,applied,0.0,2,0.0,2,C2 Error injection,00003garden,1,1068,True,True,applied,0.0,2,0.0,2,sham,0.0,0.0,00003garden,C2 Error injection
injection_000341,00003garden,1,1068,20,True,True,applied,0.0,2,0.0,2,C2 Error injection,00003garden,1,1068,True,True,applied,0.0,2,0.0,2,sham,0.0,0.0,00003garden,C2 Error injection
injection_000343,00003garden,4,1071,1,True,True,applied,1.0,2,1.0,142,C2 Error injection,00003garden,4,1071,True,True,applied,0.0,2,0.0,142,sham,1.0,1.0,00003garden,C2 Error injection
injection_000343,00003garden,4,1071,2,True,True,applied,1.0,2,1.0,142,C2 Error injection,00003garden,4,1071,True,True,applied,0.0,2,0.0,142,sham,1.0,1.0,00003garden,C2 Error injection
injection_000343,00003garden,4,1071,5,True,True,applied,1.0,2,1.0,142,C2 Error injection,00003garden,4,1071,True,True,applied,0.5,2,0.0,142,sham,0.5,1.0,00003garden,C2 Error injection
injection_000343,00003garden,4,1071,10,True,True,applied,1.0,2,1.0,142,C2 Error injection,00003garden,4,1071,True,True,applied,0.5,2,0.0,142,sham,0.5,1.0,00003garden,C2 Error injection
injection_000343,00003garden,4,1071,20,True,True,applied,1.0,1,1.0,142,C2 Error injection,00003garden,4,1071,True,True,applied,0.0,1,0.0,142,sham,1.0,1.0,00003garden,C2 Error injection
injection_000344,00003garden,6,1105,1,True,True,applied,0.0,1,,12,C2 Error injection,00003garden,6,1105,True,True,applied,0.0,1,,12,sham,0.0,,00003garden,C2 Error injection
injection_000344,00003garden,6,1105,2,True,True,applied,0.0,1,,12,C2 Error injection,00003garden,6,1105,True,True,applied,0.0,1,,12,sham,0.0,,00003garden,C2 Error injection
injection_000344,00003garden,6,1105,5,True,True,applied,0.0,1,,12,C2 Error injection,00003garden,6,1105,True,True,applied,0.0,1,,12,sham,0.0,,00003garden,C2 Error injection
injection_000344,00003garden,6,1105,10,True,True,applied,0.0,1,,12,C2 Error injection,00003garden,6,1105,True,True,applied,0.0,1,,12,sham,0.0,,00003garden,C2 Error injection
injection_000344,00003garden,6,1105,20,True,True,applied,0.0,1,,12,C2 Error injection,00003garden,6,1105,True,True,applied,0.0,1,,12,sham,0.0,,00003garden,C2 Error injection
injection_000347,00003garden,2,1109,1,True,True,applied,0.0,2,0.0,1,C2 Error injection,00003garden,2,1109,True,True,applied,0.0,2,0.0,1,sham,0.0,0.0,00003garden,C2 Error injection
injection_000347,00003garden,2,1109,2,True,True,applied,0.0,2,0.0,1,C2 Error injection,00003garden,2,1109,True,True,applied,0.0,2,0.0,1,sham,0.0,0.0,00003garden,C2 Error injection
injection_000347,00003garden,2,1109,5,True,True,applied,0.0,2,0.0,1,C2 Error injection,00003garden,2,1109,True,True,applied,0.0,2,0.0,1,sham,0.0,0.0,00003garden,C2 Error injection
injection_000347,00003garden,2,1109,10,True,True,applied,0.0,2,0.0,1,C2 Error injection,00003garden,2,1109,True,True,applied,0.0,2,0.0,1,sham,0.0,0.0,00003garden,C2 Error injection
injection_000347,00003garden,2,1109,20,True,True,applied,0.0,1,,1,C2 Error injection,00003garden,2,1109,True,True,applied,0.0,1,,1,sham,0.0,,00003garden,C2 Error injection
injection_000349,00003garden,4,1112,1,True,True,applied,1.0,1,,142,C2 Error injection,00003garden,4,1112,True,True,applied,0.0,1,,142,sham,1.0,,00003garden,C2 Error injection
injection_000349,00003garden,4,1112,2,True,True,applied,1.0,1,,142,C2 Error injection,00003garden,4,1112,True,True,applied,0.0,1,,142,sham,1.0,,00003garden,C2 Error injection
injection_000349,00003garden,4,1112,5,True,True,applied,1.0,1,,142,C2 Error injection,00003garden,4,1112,True,True,applied,0.0,1,,142,sham,1.0,,00003garden,C2 Error injection
injection_000349,00003garden,4,1112,10,True,True,applied,1.0,1,,142,C2 Error injection,00003garden,4,1112,True,True,applied,0.0,1,,142,sham,1.0,,00003garden,C2 Error injection
injection_000349,00003garden,4,1112,20,True,True,applied,1.0,1,,142,C2 Error injection,00003garden,4,1112,True,True,applied,0.0,1,,142,sham,1.0,,00003garden,C2 Error injection
injection_000350,00003garden,6,1146,1,True,True,applied,0.0,1,,12,C2 Error injection,00003garden,6,1146,True,True,applied,0.0,1,,12,sham,0.0,,00003garden,C2 Error injection
injection_000350,00003garden,6,1146,2,True,True,applied,0.0,1,,12,C2 Error injection,00003garden,6,1146,True,True,applied,0.0,1,,12,sham,0.0,,00003garden,C2 Error injection
injection_000350,00003garden,6,1146,5,True,True,applied,0.0,1,,12,C2 Error injection,00003garden,6,1146,True,True,applied,0.0,1,,12,sham,0.0,,00003garden,C2 Error injection
injection_000350,00003garden,6,1146,10,True,True,applied,0.0,1,,12,C2 Error injection,00003garden,6,1146,True,True,applied,0.0,1,,12,sham,0.0,,00003garden,C2 Error injection
injection_000350,00003garden,6,1146,20,True,True,applied,0.0,1,,12,C2 Error injection,00003garden,6,1146,True,True,applied,0.0,1,,12,sham,0.0,,00003garden,C2 Error injection
injection_000353,00003garden,2,1150,1,True,True,applied,0.0,2,0.0,1,C2 Error injection,00003garden,2,1150,True,True,applied,0.0,2,0.0,1,sham,0.0,0.0,00003garden,C2 Error injection
injection_000353,00003garden,2,1150,2,True,True,applied,0.0,2,0.0,1,C2 Error injection,00003garden,2,1150,True,True,applied,0.0,2,0.0,1,sham,0.0,0.0,00003garden,C2 Error injection
injection_000353,00003garden,2,1150,5,True,True,applied,0.0,2,0.0,1,C2 Error injection,00003garden,2,1150,True,True,applied,0.0,2,0.0,1,sham,0.0,0.0,00003garden,C2 Error injection
injection_000353,00003garden,2,1150,10,True,True,applied,0.0,2,0.0,1,C2 Error injection,00003garden,2,1150,True,True,applied,0.0,2,0.0,1,sham,0.0,0.0,00003garden,C2 Error injection
injection_000353,00003garden,2,1150,20,True,True,applied,0.0,2,0.0,1,C2 Error injection,00003garden,2,1150,True,True,applied,0.0,2,0.0,1,sham,0.0,0.0,00003garden,C2 Error injection
injection_000354,00003garden,1,1150,1,True,True,applied,0.0,2,0.0,2,C2 Error injection,00003garden,1,1150,True,True,applied,0.0,2,0.0,2,sham,0.0,0.0,00003garden,C2 Error injection
injection_000354,00003garden,1,1150,2,True,True,applied,0.0,2,0.0,2,C2 Error injection,00003garden,1,1150,True,True,applied,0.0,2,0.0,2,sham,0.0,0.0,00003garden,C2 Error injection
injection_000354,00003garden,1,1150,5,True,True,applied,0.0,2,0.0,2,C2 Error injection,00003garden,1,1150,True,True,applied,0.0,2,0.0,2,sham,0.0,0.0,00003garden,C2 Error injection
injection_000354,00003garden,1,1150,10,True,True,applied,0.0,2,0.0,2,C2 Error injection,00003garden,1,1150,True,True,applied,0.0,2,0.0,2,sham,0.0,0.0,00003garden,C2 Error injection
injection_000354,00003garden,1,1150,20,True,True,applied,0.0,2,0.0,2,C2 Error injection,00003garden,1,1150,True,True,applied,0.0,2,0.0,2,sham,0.0,0.0,00003garden,C2 Error injection
injection_000355,00003garden,4,1161,1,True,True,applied,1.0,1,,142,C2 Error injection,00003garden,4,1161,True,True,applied,0.0,1,,142,sham,1.0,,00003garden,C2 Error injection
injection_000355,00003garden,4,1161,2,True,True,applied,1.0,1,,142,C2 Error injection,00003garden,4,1161,True,True,applied,0.0,1,,142,sham,1.0,,00003garden,C2 Error injection
injection_000355,00003garden,4,1161,5,True,True,applied,1.0,1,,142,C2 Error injection,00003garden,4,1161,True,True,applied,0.0,1,,142,sham,1.0,,00003garden,C2 Error injection
injection_000355,00003garden,4,1161,10,True,True,applied,1.0,1,,142,C2 Error injection,00003garden,4,1161,True,True,applied,0.0,1,,142,sham,1.0,,00003garden,C2 Error injection
injection_000355,00003garden,4,1161,20,True,True,applied,1.0,1,,142,C2 Error injection,00003garden,4,1161,True,True,applied,0.0,1,,142,sham,1.0,,00003garden,C2 Error injection
injection_000356,00003garden,6,1187,1,True,True,applied,0.0,1,,12,C2 Error injection,00003garden,6,1187,True,True,applied,0.0,1,,12,sham,0.0,,00003garden,C2 Error injection
injection_000356,00003garden,6,1187,2,True,True,applied,0.0,1,,12,C2 Error injection,00003garden,6,1187,True,True,applied,0.0,1,,12,sham,0.0,,00003garden,C2 Error injection
injection_000356,00003garden,6,1187,5,True,True,applied,0.0,1,,12,C2 Error injection,00003garden,6,1187,True,True,applied,0.0,1,,12,sham,0.0,,00003garden,C2 Error injection
injection_000356,00003garden,6,1187,10,True,True,applied,0.0,1,,12,C2 Error injection,00003garden,6,1187,True,True,applied,0.0,1,,12,sham,0.0,,00003garden,C2 Error injection
injection_000356,00003garden,6,1187,20,True,True,applied,0.0,1,,12,C2 Error injection,00003garden,6,1187,True,True,applied,0.0,1,,12,sham,0.0,,00003garden,C2 Error injection
injection_000358,00003garden,1,1191,1,True,True,applied,0.0,2,0.0,2,C2 Error injection,00003garden,1,1191,True,True,applied,0.0,2,0.0,2,sham,0.0,0.0,00003garden,C2 Error injection
injection_000358,00003garden,1,1191,2,True,True,applied,0.0,2,0.0,2,C2 Error injection,00003garden,1,1191,True,True,applied,0.0,2,0.0,2,sham,0.0,0.0,00003garden,C2 Error injection
injection_000358,00003garden,1,1191,5,True,True,applied,0.0,2,0.0,2,C2 Error injection,00003garden,1,1191,True,True,applied,0.0,2,0.0,2,sham,0.0,0.0,00003garden,C2 Error injection
injection_000358,00003garden,1,1191,10,True,True,applied,0.0,2,0.0,2,C2 Error injection,00003garden,1,1191,True,True,applied,0.0,2,0.0,2,sham,0.0,0.0,00003garden,C2 Error injection
injection_000358,00003garden,1,1191,20,True,True,applied,0.0,2,0.0,2,C2 Error injection,00003garden,1,1191,True,True,applied,0.0,2,0.0,2,sham,0.0,0.0,00003garden,C2 Error injection
injection_000360,00003garden,4,1207,1,True,True,applied,1.0,1,,142,C2 Error injection,00003garden,4,1207,True,True,applied,0.0,1,,142,sham,1.0,,00003garden,C2 Error injection
injection_000360,00003garden,4,1207,2,True,True,applied,1.0,1,,142,C2 Error injection,00003garden,4,1207,True,True,applied,0.0,1,,142,sham,1.0,,00003garden,C2 Error injection
injection_000360,00003garden,4,1207,5,True,True,applied,1.0,1,,142,C2 Error injection,00003garden,4,1207,True,True,applied,0.0,1,,142,sham,1.0,,00003garden,C2 Error injection
injection_000360,00003garden,4,1207,10,True,True,applied,1.0,1,,142,C2 Error injection,00003garden,4,1207,True,True,applied,0.0,1,,142,sham,1.0,,00003garden,C2 Error injection
injection_000360,00003garden,4,1207,20,True,True,applied,1.0,1,,142,C2 Error injection,00003garden,4,1207,True,True,applied,0.0,1,,142,sham,1.0,,00003garden,C2 Error injection
injection_000361,00003garden,5,1228,1,True,True,applied,0.0,1,,13,C2 Error injection,00003garden,5,1228,True,True,applied,0.0,1,,13,sham,0.0,,00003garden,C2 Error injection
injection_000361,00003garden,5,1228,2,True,True,applied,0.0,1,,13,C2 Error injection,00003garden,5,1228,True,True,applied,0.0,1,,13,sham,0.0,,00003garden,C2 Error injection
injection_000361,00003garden,5,1228,5,True,True,applied,0.0,1,,13,C2 Error injection,00003garden,5,1228,True,True,applied,0.0,1,,13,sham,0.0,,00003garden,C2 Error injection
injection_000361,00003garden,5,1228,10,True,True,applied,0.0,1,,13,C2 Error injection,00003garden,5,1228,True,True,applied,0.0,1,,13,sham,0.0,,00003garden,C2 Error injection
injection_000361,00003garden,5,1228,20,True,True,applied,0.0,1,,13,C2 Error injection,00003garden,5,1228,True,True,applied,0.0,1,,13,sham,0.0,,00003garden,C2 Error injection
injection_000363,00003garden,2,1232,1,True,True,applied,0.0,2,0.0,1,C2 Error injection,00003garden,2,1232,True,True,applied,0.0,2,0.0,1,sham,0.0,0.0,00003garden,C2 Error injection
injection_000363,00003garden,2,1232,2,True,True,applied,0.0,2,0.0,1,C2 Error injection,00003garden,2,1232,True,True,applied,0.0,2,0.0,1,sham,0.0,0.0,00003garden,C2 Error injection
injection_000363,00003garden,2,1232,5,True,True,applied,0.0,2,0.0,1,C2 Error injection,00003garden,2,1232,True,True,applied,0.0,2,0.0,1,sham,0.0,0.0,00003garden,C2 Error injection
injection_000363,00003garden,2,1232,10,True,True,applied,0.0,2,0.0,1,C2 Error injection,00003garden,2,1232,True,True,applied,0.0,2,0.0,1,sham,0.0,0.0,00003garden,C2 Error injection
injection_000363,00003garden,2,1232,20,True,True,applied,0.0,2,0.0,1,C2 Error injection,00003garden,2,1232,True,True,applied,0.0,2,0.0,1,sham,0.0,0.0,00003garden,C2 Error injection
injection_000365,00003garden,4,1272,1,True,True,applied,1.0,1,,142,C2 Error injection,00003garden,4,1272,True,True,applied,0.0,1,,142,sham,1.0,,00003garden,C2 Error injection
injection_000365,00003garden,4,1272,2,True,True,applied,1.0,1,,142,C2 Error injection,00003garden,4,1272,True,True,applied,0.0,1,,142,sham,1.0,,00003garden,C2 Error injection
injection_000365,00003garden,4,1272,5,True,True,applied,1.0,1,,142,C2 Error injection,00003garden,4,1272,True,True,applied,0.0,1,,142,sham,1.0,,00003garden,C2 Error injection
injection_000365,00003garden,4,1272,10,True,True,applied,1.0,1,,142,C2 Error injection,00003garden,4,1272,True,True,applied,0.0,1,,142,sham,1.0,,00003garden,C2 Error injection
injection_000365,00003garden,4,1272,20,True,True,applied,1.0,1,,142,C2 Error injection,00003garden,4,1272,True,True,applied,0.0,1,,142,sham,1.0,,00003garden,C2 Error injection
injection_000367,00003garden,2,1273,1,True,True,applied,0.0,2,0.0,1,C2 Error injection,00003garden,2,1273,True,True,applied,0.0,2,0.0,1,sham,0.0,0.0,00003garden,C2 Error injection
injection_000367,00003garden,2,1273,2,True,True,applied,0.0,2,0.0,1,C2 Error injection,00003garden,2,1273,True,True,applied,0.0,2,0.0,1,sham,0.0,0.0,00003garden,C2 Error injection
injection_000367,00003garden,2,1273,5,True,True,applied,0.0,2,0.0,1,C2 Error injection,00003garden,2,1273,True,True,applied,0.0,2,0.0,1,sham,0.0,0.0,00003garden,C2 Error injection
injection_000367,00003garden,2,1273,10,True,True,applied,0.0,2,0.0,1,C2 Error injection,00003garden,2,1273,True,True,applied,0.0,2,0.0,1,sham,0.0,0.0,00003garden,C2 Error injection
injection_000367,00003garden,2,1273,20,True,True,applied,0.0,2,0.0,1,C2 Error injection,00003garden,2,1273,True,True,applied,0.0,2,0.0,1,sham,0.0,0.0,00003garden,C2 Error injection
injection_000369,00003garden,10,1286,1,True,True,applied,1.0,1,,289,C2 Error injection,00003garden,10,1286,True,True,applied,1.0,1,,289,sham,0.0,,00003garden,C2 Error injection
injection_000369,00003garden,10,1286,2,True,True,applied,1.0,1,,289,C2 Error injection,00003garden,10,1286,True,True,applied,0.0,1,,289,sham,1.0,,00003garden,C2 Error injection
injection_000369,00003garden,10,1286,5,True,True,applied,0.0,1,,289,C2 Error injection,00003garden,10,1286,True,True,applied,1.0,1,,289,sham,-1.0,,00003garden,C2 Error injection
injection_000369,00003garden,10,1286,10,True,True,applied,0.0,1,,289,C2 Error injection,00003garden,10,1286,True,True,applied,1.0,1,,289,sham,-1.0,,00003garden,C2 Error injection
injection_000369,00003garden,10,1286,20,True,True,applied,0.0,1,,289,C2 Error injection,00003garden,10,1286,True,True,applied,1.0,1,,289,sham,-1.0,,00003garden,C2 Error injection
injection_000370,00003garden,6,1287,1,True,True,applied,0.0,1,,12,C2 Error injection,00003garden,6,1287,True,True,applied,0.0,1,,12,sham,0.0,,00003garden,C2 Error injection
injection_000370,00003garden,6,1287,2,True,True,applied,1.0,1,,12,C2 Error injection,00003garden,6,1287,True,True,applied,0.0,1,,12,sham,1.0,,00003garden,C2 Error injection
injection_000370,00003garden,6,1287,10,True,True,applied,0.0,1,,12,C2 Error injection,00003garden,6,1287,True,True,applied,0.0,1,,12,sham,0.0,,00003garden,C2 Error injection
injection_000370,00003garden,6,1287,20,True,True,applied,0.0,1,,12,C2 Error injection,00003garden,6,1287,True,True,applied,0.0,1,,12,sham,0.0,,00003garden,C2 Error injection
injection_000375,00003garden,10,1344,1,True,True,applied,1.0,1,,284,C2 Error injection,00003garden,10,1344,True,True,applied,0.0,1,,284,sham,1.0,,00003garden,C2 Error injection
injection_000375,00003garden,10,1344,2,True,True,applied,1.0,1,,284,C2 Error injection,00003garden,10,1344,True,True,applied,0.0,1,,284,sham,1.0,,00003garden,C2 Error injection
injection_000375,00003garden,10,1344,5,True,True,applied,1.0,1,,284,C2 Error injection,00003garden,10,1344,True,True,applied,0.0,1,,284,sham,1.0,,00003garden,C2 Error injection
injection_000375,00003garden,10,1344,10,True,True,applied,1.0,1,,284,C2 Error injection,00003garden,10,1344,True,True,applied,0.0,1,,284,sham,1.0,,00003garden,C2 Error injection
injection_000375,00003garden,10,1344,20,True,True,applied,1.0,1,,284,C2 Error injection,00003garden,10,1344,True,True,applied,0.0,1,,284,sham,1.0,,00003garden,C2 Error injection
injection_000377,00003garden,2,1355,1,True,True,applied,0.0,2,0.0,1,C2 Error injection,00003garden,2,1355,True,True,applied,0.0,2,0.0,1,sham,0.0,0.0,00003garden,C2 Error injection
injection_000377,00003garden,2,1355,2,True,True,applied,0.0,2,0.0,1,C2 Error injection,00003garden,2,1355,True,True,applied,0.0,2,0.0,1,sham,0.0,0.0,00003garden,C2 Error injection
injection_000377,00003garden,2,1355,5,True,True,applied,0.0,2,0.0,1,C2 Error injection,00003garden,2,1355,True,True,applied,0.0,2,0.0,1,sham,0.0,0.0,00003garden,C2 Error injection
injection_000377,00003garden,2,1355,10,True,True,applied,0.0,2,0.0,1,C2 Error injection,00003garden,2,1355,True,True,applied,0.0,2,0.0,1,sham,0.0,0.0,00003garden,C2 Error injection
injection_000377,00003garden,2,1355,20,True,True,applied,0.0,2,0.0,1,C2 Error injection,00003garden,2,1355,True,True,applied,0.0,2,0.0,1,sham,0.0,0.0,00003garden,C2 Error injection
injection_000379,00003garden,4,1374,1,True,True,applied,1.0,1,,142,C2 Error injection,00003garden,4,1374,True,True,applied,0.0,1,,142,sham,1.0,,00003garden,C2 Error injection
injection_000379,00003garden,4,1374,2,True,True,applied,1.0,1,,142,C2 Error injection,00003garden,4,1374,True,True,applied,0.0,1,,142,sham,1.0,,00003garden,C2 Error injection
injection_000379,00003garden,4,1374,5,True,True,applied,1.0,1,,142,C2 Error injection,00003garden,4,1374,True,True,applied,0.0,1,,142,sham,1.0,,00003garden,C2 Error injection
injection_000379,00003garden,4,1374,10,True,True,applied,1.0,1,,142,C2 Error injection,00003garden,4,1374,True,True,applied,0.0,1,,142,sham,1.0,,00003garden,C2 Error injection
injection_000379,00003garden,4,1374,20,True,True,applied,1.0,1,,142,C2 Error injection,00003garden,4,1374,True,True,applied,0.0,1,,142,sham,1.0,,00003garden,C2 Error injection
injection_000380,00003garden,10,1385,1,True,True,applied,1.0,1,,284,C2 Error injection,00003garden,10,1385,True,True,applied,0.0,1,,284,sham,1.0,,00003garden,C2 Error injection
injection_000380,00003garden,10,1385,2,True,True,applied,1.0,1,,284,C2 Error injection,00003garden,10,1385,True,True,applied,0.0,1,,284,sham,1.0,,00003garden,C2 Error injection
injection_000380,00003garden,10,1385,5,True,True,applied,1.0,1,,284,C2 Error injection,00003garden,10,1385,True,True,applied,0.0,1,,284,sham,1.0,,00003garden,C2 Error injection
injection_000380,00003garden,10,1385,10,True,True,applied,1.0,1,,284,C2 Error injection,00003garden,10,1385,True,True,applied,0.0,1,,284,sham,1.0,,00003garden,C2 Error injection
injection_000380,00003garden,10,1385,20,True,True,applied,1.0,1,,284,C2 Error injection,00003garden,10,1385,True,True,applied,0.0,1,,284,sham,1.0,,00003garden,C2 Error injection
injection_000382,00003garden,2,1396,1,True,True,applied,0.0,2,0.0,1,C2 Error injection,00003garden,2,1396,True,True,applied,0.0,2,0.0,1,sham,0.0,0.0,00003garden,C2 Error injection
injection_000382,00003garden,2,1396,2,True,True,applied,0.0,2,0.0,1,C2 Error injection,00003garden,2,1396,True,True,applied,0.0,2,0.0,1,sham,0.0,0.0,00003garden,C2 Error injection
injection_000382,00003garden,2,1396,5,True,True,applied,0.0,2,0.0,1,C2 Error injection,00003garden,2,1396,True,True,applied,0.0,2,0.0,1,sham,0.0,0.0,00003garden,C2 Error injection
injection_000382,00003garden,2,1396,10,True,True,applied,0.0,2,0.0,1,C2 Error injection,00003garden,2,1396,True,True,applied,0.0,2,0.0,1,sham,0.0,0.0,00003garden,C2 Error injection
injection_000382,00003garden,2,1396,20,True,True,applied,0.0,2,0.0,1,C2 Error injection,00003garden,2,1396,True,True,applied,0.0,2,0.0,1,sham,0.0,0.0,00003garden,C2 Error injection
injection_000384,00003garden,11,1409,1,True,True,applied,1.0,1,,295,C2 Error injection,00003garden,11,1409,True,True,applied,0.0,1,,295,sham,1.0,,00003garden,C2 Error injection
injection_000384,00003garden,11,1409,2,True,True,applied,1.0,1,,295,C2 Error injection,00003garden,11,1409,True,True,applied,0.0,1,,295,sham,1.0,,00003garden,C2 Error injection
injection_000384,00003garden,11,1409,5,True,True,applied,1.0,1,,295,C2 Error injection,00003garden,11,1409,True,True,applied,0.0,1,,295,sham,1.0,,00003garden,C2 Error injection
injection_000384,00003garden,11,1409,10,True,True,applied,1.0,1,,295,C2 Error injection,00003garden,11,1409,True,True,applied,0.0,1,,295,sham,1.0,,00003garden,C2 Error injection
injection_000384,00003garden,11,1409,20,True,True,applied,1.0,1,,295,C2 Error injection,00003garden,11,1409,True,True,applied,1.0,1,,295,sham,0.0,,00003garden,C2 Error injection
injection_000385,00003garden,4,1416,1,True,True,applied,1.0,1,,142,C2 Error injection,00003garden,4,1416,True,True,applied,0.0,1,,142,sham,1.0,,00003garden,C2 Error injection
injection_000385,00003garden,4,1416,2,True,True,applied,1.0,1,,142,C2 Error injection,00003garden,4,1416,True,True,applied,0.0,1,,142,sham,1.0,,00003garden,C2 Error injection
injection_000385,00003garden,4,1416,5,True,True,applied,1.0,1,,142,C2 Error injection,00003garden,4,1416,True,True,applied,0.0,1,,142,sham,1.0,,00003garden,C2 Error injection
injection_000385,00003garden,4,1416,10,True,True,applied,1.0,1,,142,C2 Error injection,00003garden,4,1416,True,True,applied,0.0,1,,142,sham,1.0,,00003garden,C2 Error injection
injection_000385,00003garden,4,1416,20,True,True,applied,1.0,1,,142,C2 Error injection,00003garden,4,1416,True,True,applied,0.0,1,,142,sham,1.0,,00003garden,C2 Error injection
injection_000386,00003garden,12,1424,1,True,True,applied,1.0,1,,310,C2 Error injection,00003garden,12,1424,True,True,applied,0.0,1,,310,sham,1.0,,00003garden,C2 Error injection
injection_000386,00003garden,12,1424,2,True,True,applied,1.0,1,,310,C2 Error injection,00003garden,12,1424,True,True,applied,0.0,1,,310,sham,1.0,,00003garden,C2 Error injection
injection_000386,00003garden,12,1424,5,True,True,applied,1.0,1,,310,C2 Error injection,00003garden,12,1424,True,True,applied,0.0,1,,310,sham,1.0,,00003garden,C2 Error injection
injection_000386,00003garden,12,1424,10,True,True,applied,1.0,1,,310,C2 Error injection,00003garden,12,1424,True,True,applied,0.0,1,,310,sham,1.0,,00003garden,C2 Error injection
injection_000386,00003garden,12,1424,20,True,True,applied,1.0,1,,310,C2 Error injection,00003garden,12,1424,True,True,applied,0.0,1,,310,sham,1.0,,00003garden,C2 Error injection
injection_000387,00003garden,10,1426,1,True,True,applied,1.0,1,,284,C2 Error injection,00003garden,10,1426,True,True,applied,0.0,1,,284,sham,1.0,,00003garden,C2 Error injection
injection_000387,00003garden,10,1426,2,True,True,applied,1.0,1,,284,C2 Error injection,00003garden,10,1426,True,True,applied,0.0,1,,284,sham,1.0,,00003garden,C2 Error injection
injection_000387,00003garden,10,1426,5,True,True,applied,1.0,1,,284,C2 Error injection,00003garden,10,1426,True,True,applied,0.0,1,,284,sham,1.0,,00003garden,C2 Error injection
injection_000387,00003garden,10,1426,10,True,True,applied,1.0,1,,284,C2 Error injection,00003garden,10,1426,True,True,applied,0.0,1,,284,sham,1.0,,00003garden,C2 Error injection
injection_000387,00003garden,10,1426,20,True,True,applied,1.0,1,,284,C2 Error injection,00003garden,10,1426,True,True,applied,0.0,1,,284,sham,1.0,,00003garden,C2 Error injection
injection_000389,00003garden,5,1429,2,True,True,applied,0.0,1,,13,C2 Error injection,00003garden,5,1429,True,True,applied,0.0,1,,13,sham,0.0,,00003garden,C2 Error injection
injection_000390,00003garden,2,1437,1,True,True,applied,0.0,2,0.0,1,C2 Error injection,00003garden,2,1437,True,True,applied,0.0,2,0.0,1,sham,0.0,0.0,00003garden,C2 Error injection
injection_000390,00003garden,2,1437,2,True,True,applied,0.0,2,0.0,1,C2 Error injection,00003garden,2,1437,True,True,applied,0.0,2,0.0,1,sham,0.0,0.0,00003garden,C2 Error injection
injection_000390,00003garden,2,1437,5,True,True,applied,0.0,2,0.0,1,C2 Error injection,00003garden,2,1437,True,True,applied,0.0,2,0.0,1,sham,0.0,0.0,00003garden,C2 Error injection
injection_000390,00003garden,2,1437,10,True,True,applied,0.0,2,0.0,1,C2 Error injection,00003garden,2,1437,True,True,applied,0.0,2,0.0,1,sham,0.0,0.0,00003garden,C2 Error injection
injection_000390,00003garden,2,1437,20,True,True,applied,0.0,2,0.0,1,C2 Error injection,00003garden,2,1437,True,True,applied,0.0,2,0.0,1,sham,0.0,0.0,00003garden,C2 Error injection
injection_000392,00003garden,14,1446,1,True,True,applied,1.0,1,,322,C2 Error injection,00003garden,14,1446,True,True,applied,0.0,1,,322,sham,1.0,,00003garden,C2 Error injection
injection_000392,00003garden,14,1446,2,True,True,applied,1.0,1,,322,C2 Error injection,00003garden,14,1446,True,True,applied,0.0,1,,322,sham,1.0,,00003garden,C2 Error injection
injection_000392,00003garden,14,1446,5,True,True,applied,1.0,1,,322,C2 Error injection,00003garden,14,1446,True,True,applied,0.0,1,,322,sham,1.0,,00003garden,C2 Error injection
injection_000392,00003garden,14,1446,10,True,True,applied,1.0,1,,322,C2 Error injection,00003garden,14,1446,True,True,applied,0.0,1,,322,sham,1.0,,00003garden,C2 Error injection
injection_000392,00003garden,14,1446,20,True,True,applied,1.0,1,,322,C2 Error injection,00003garden,14,1446,True,True,applied,0.0,1,,322,sham,1.0,,00003garden,C2 Error injection
injection_000393,00003garden,4,1457,1,True,True,applied,1.0,1,,142,C2 Error injection,00003garden,4,1457,True,True,applied,0.0,1,,142,sham,1.0,,00003garden,C2 Error injection
injection_000393,00003garden,4,1457,2,True,True,applied,1.0,1,,142,C2 Error injection,00003garden,4,1457,True,True,applied,0.0,1,,142,sham,1.0,,00003garden,C2 Error injection
injection_000393,00003garden,4,1457,5,True,True,applied,1.0,1,,142,C2 Error injection,00003garden,4,1457,True,True,applied,0.0,1,,142,sham,1.0,,00003garden,C2 Error injection
injection_000393,00003garden,4,1457,10,True,True,applied,1.0,1,,142,C2 Error injection,00003garden,4,1457,True,True,applied,0.0,1,,142,sham,1.0,,00003garden,C2 Error injection
injection_000393,00003garden,4,1457,20,True,True,applied,1.0,1,,142,C2 Error injection,00003garden,4,1457,True,True,applied,0.0,1,,142,sham,1.0,,00003garden,C2 Error injection
injection_000394,00003garden,12,1465,1,True,True,applied,1.0,1,,310,C2 Error injection,00003garden,12,1465,True,True,applied,0.0,1,,310,sham,1.0,,00003garden,C2 Error injection
injection_000394,00003garden,12,1465,2,True,True,applied,1.0,1,,310,C2 Error injection,00003garden,12,1465,True,True,applied,0.0,1,,310,sham,1.0,,00003garden,C2 Error injection
injection_000394,00003garden,12,1465,5,True,True,applied,1.0,1,,310,C2 Error injection,00003garden,12,1465,True,True,applied,0.0,1,,310,sham,1.0,,00003garden,C2 Error injection
injection_000394,00003garden,12,1465,10,True,True,applied,1.0,1,,310,C2 Error injection,00003garden,12,1465,True,True,applied,0.0,1,,310,sham,1.0,,00003garden,C2 Error injection
injection_000394,00003garden,12,1465,20,True,True,applied,1.0,1,,310,C2 Error injection,00003garden,12,1465,True,True,applied,0.0,1,,310,sham,1.0,,00003garden,C2 Error injection
injection_000396,00003garden,10,1467,1,True,True,applied,1.0,1,,284,C2 Error injection,00003garden,10,1467,True,True,applied,0.0,1,,284,sham,1.0,,00003garden,C2 Error injection
injection_000396,00003garden,10,1467,2,True,True,applied,1.0,1,,284,C2 Error injection,00003garden,10,1467,True,True,applied,0.0,1,,284,sham,1.0,,00003garden,C2 Error injection
injection_000396,00003garden,10,1467,5,True,True,applied,1.0,1,,284,C2 Error injection,00003garden,10,1467,True,True,applied,0.0,1,,284,sham,1.0,,00003garden,C2 Error injection
injection_000396,00003garden,10,1467,10,True,True,applied,1.0,1,,284,C2 Error injection,00003garden,10,1467,True,True,applied,0.0,1,,284,sham,1.0,,00003garden,C2 Error injection
injection_000396,00003garden,10,1467,20,True,True,applied,1.0,1,,284,C2 Error injection,00003garden,10,1467,True,True,applied,0.0,1,,284,sham,1.0,,00003garden,C2 Error injection
injection_000398,00003garden,2,1478,1,True,True,applied,0.0,2,0.0,1,C2 Error injection,00003garden,2,1478,True,True,applied,0.0,2,0.0,1,sham,0.0,0.0,00003garden,C2 Error injection
injection_000398,00003garden,2,1478,2,True,True,applied,0.0,2,0.0,1,C2 Error injection,00003garden,2,1478,True,True,applied,0.0,2,0.0,1,sham,0.0,0.0,00003garden,C2 Error injection
injection_000398,00003garden,2,1478,5,True,True,applied,0.0,2,0.0,1,C2 Error injection,00003garden,2,1478,True,True,applied,0.0,2,0.0,1,sham,0.0,0.0,00003garden,C2 Error injection
injection_000398,00003garden,2,1478,10,True,True,applied,0.0,2,0.0,1,C2 Error injection,00003garden,2,1478,True,True,applied,0.0,2,0.0,1,sham,0.0,0.0,00003garden,C2 Error injection
injection_000398,00003garden,2,1478,20,True,True,applied,0.0,2,0.0,1,C2 Error injection,00003garden,2,1478,True,True,applied,0.0,2,0.0,1,sham,0.0,0.0,00003garden,C2 Error injection
injection_000399,00003garden,1,1478,1,True,True,applied,0.0,1,,2,C2 Error injection,00003garden,1,1478,True,True,applied,0.0,1,,2,sham,0.0,,00003garden,C2 Error injection
injection_000399,00003garden,1,1478,2,True,True,applied,0.0,1,,2,C2 Error injection,00003garden,1,1478,True,True,applied,0.0,1,,2,sham,0.0,,00003garden,C2 Error injection
injection_000399,00003garden,1,1478,5,True,True,applied,0.0,1,,2,C2 Error injection,00003garden,1,1478,True,True,applied,0.0,1,,2,sham,0.0,,00003garden,C2 Error injection
injection_000399,00003garden,1,1478,10,True,True,applied,0.0,1,,2,C2 Error injection,00003garden,1,1478,True,True,applied,0.0,1,,2,sham,0.0,,00003garden,C2 Error injection
injection_000399,00003garden,1,1478,20,True,True,applied,0.0,2,0.0,2,C2 Error injection,00003garden,1,1478,True,True,applied,0.0,2,0.0,2,sham,0.0,0.0,00003garden,C2 Error injection
injection_000400,00003garden,13,1480,1,True,True,applied,1.0,1,,343,C2 Error injection,00003garden,13,1480,True,True,applied,0.0,1,,343,sham,1.0,,00003garden,C2 Error injection
injection_000400,00003garden,13,1480,2,True,True,applied,1.0,1,,343,C2 Error injection,00003garden,13,1480,True,True,applied,0.0,1,,343,sham,1.0,,00003garden,C2 Error injection
injection_000400,00003garden,13,1480,5,True,True,applied,1.0,1,,343,C2 Error injection,00003garden,13,1480,True,True,applied,0.0,1,,343,sham,1.0,,00003garden,C2 Error injection
injection_000400,00003garden,13,1480,10,True,True,applied,1.0,1,,343,C2 Error injection,00003garden,13,1480,True,True,applied,0.0,1,,343,sham,1.0,,00003garden,C2 Error injection
injection_000400,00003garden,13,1480,20,True,True,applied,1.0,1,,343,C2 Error injection,00003garden,13,1480,True,True,applied,0.0,1,,343,sham,1.0,,00003garden,C2 Error injection
injection_000401,00003garden,4,1498,1,True,True,applied,1.0,1,,142,C2 Error injection,00003garden,4,1498,True,True,applied,0.0,1,,142,sham,1.0,,00003garden,C2 Error injection
injection_000401,00003garden,4,1498,2,True,True,applied,1.0,1,,142,C2 Error injection,00003garden,4,1498,True,True,applied,0.0,1,,142,sham,1.0,,00003garden,C2 Error injection
injection_000401,00003garden,4,1498,5,True,True,applied,1.0,1,,142,C2 Error injection,00003garden,4,1498,True,True,applied,0.0,1,,142,sham,1.0,,00003garden,C2 Error injection
injection_000401,00003garden,4,1498,10,True,True,applied,1.0,1,,142,C2 Error injection,00003garden,4,1498,True,True,applied,0.0,1,,142,sham,1.0,,00003garden,C2 Error injection
injection_000401,00003garden,4,1498,20,True,True,applied,1.0,1,,142,C2 Error injection,00003garden,4,1498,True,True,applied,0.0,1,,142,sham,1.0,,00003garden,C2 Error injection
injection_000402,00003garden,12,1506,1,True,True,applied,1.0,1,,310,C2 Error injection,00003garden,12,1506,True,True,applied,0.0,1,,310,sham,1.0,,00003garden,C2 Error injection
injection_000402,00003garden,12,1506,2,True,True,applied,1.0,1,,310,C2 Error injection,00003garden,12,1506,True,True,applied,0.0,1,,310,sham,1.0,,00003garden,C2 Error injection
injection_000402,00003garden,12,1506,5,True,True,applied,1.0,1,,310,C2 Error injection,00003garden,12,1506,True,True,applied,0.0,1,,310,sham,1.0,,00003garden,C2 Error injection
injection_000402,00003garden,12,1506,10,True,True,applied,1.0,1,,310,C2 Error injection,00003garden,12,1506,True,True,applied,0.0,1,,310,sham,1.0,,00003garden,C2 Error injection
injection_000402,00003garden,12,1506,20,True,True,applied,1.0,1,,310,C2 Error injection,00003garden,12,1506,True,True,applied,0.0,1,,310,sham,1.0,,00003garden,C2 Error injection
injection_000404,00003garden,10,1508,1,True,True,applied,1.0,1,,284,C2 Error injection,00003garden,10,1508,True,True,applied,0.0,1,,284,sham,1.0,,00003garden,C2 Error injection
injection_000404,00003garden,10,1508,2,True,True,applied,1.0,1,,284,C2 Error injection,00003garden,10,1508,True,True,applied,0.0,1,,284,sham,1.0,,00003garden,C2 Error injection
injection_000404,00003garden,10,1508,5,True,True,applied,1.0,1,,284,C2 Error injection,00003garden,10,1508,True,True,applied,0.0,1,,284,sham,1.0,,00003garden,C2 Error injection
injection_000404,00003garden,10,1508,10,True,True,applied,1.0,1,,284,C2 Error injection,00003garden,10,1508,True,True,applied,0.0,1,,284,sham,1.0,,00003garden,C2 Error injection
injection_000404,00003garden,10,1508,20,True,True,applied,1.0,1,,284,C2 Error injection,00003garden,10,1508,True,True,applied,0.0,1,,284,sham,1.0,,00003garden,C2 Error injection
injection_000406,00003garden,1,1519,1,True,True,applied,0.0,2,0.0,2,C2 Error injection,00003garden,1,1519,True,True,applied,0.0,2,0.0,2,sham,0.0,0.0,00003garden,C2 Error injection
injection_000406,00003garden,1,1519,2,True,True,applied,0.0,2,0.0,2,C2 Error injection,00003garden,1,1519,True,True,applied,0.0,2,0.0,2,sham,0.0,0.0,00003garden,C2 Error injection
injection_000406,00003garden,1,1519,5,True,True,applied,0.0,1,,2,C2 Error injection,00003garden,1,1519,True,True,applied,0.0,1,,2,sham,0.0,,00003garden,C2 Error injection
injection_000406,00003garden,1,1519,10,True,True,applied,0.5,2,1.0,2,C2 Error injection,00003garden,1,1519,True,True,applied,0.5,2,1.0,2,sham,0.0,0.0,00003garden,C2 Error injection
injection_000406,00003garden,1,1519,20,True,True,applied,0.0,1,,2,C2 Error injection,00003garden,1,1519,True,True,applied,0.0,1,,2,sham,0.0,,00003garden,C2 Error injection
injection_000408,00003garden,13,1524,1,True,True,applied,1.0,1,,343,C2 Error injection,00003garden,13,1524,True,True,applied,0.0,1,,343,sham,1.0,,00003garden,C2 Error injection
injection_000408,00003garden,13,1524,2,True,True,applied,1.0,1,,343,C2 Error injection,00003garden,13,1524,True,True,applied,0.0,1,,343,sham,1.0,,00003garden,C2 Error injection
injection_000408,00003garden,13,1524,5,True,True,applied,1.0,1,,343,C2 Error injection,00003garden,13,1524,True,True,applied,0.0,1,,343,sham,1.0,,00003garden,C2 Error injection
injection_000408,00003garden,13,1524,10,True,True,applied,1.0,1,,343,C2 Error injection,00003garden,13,1524,True,True,applied,0.0,1,,343,sham,1.0,,00003garden,C2 Error injection
injection_000408,00003garden,13,1524,20,True,True,applied,1.0,1,,343,C2 Error injection,00003garden,13,1524,True,True,applied,0.0,1,,343,sham,1.0,,00003garden,C2 Error injection
injection_000409,00003garden,4,1542,1,True,True,applied,1.0,1,,142,C2 Error injection,00003garden,4,1542,True,True,applied,0.0,1,,142,sham,1.0,,00003garden,C2 Error injection
injection_000409,00003garden,4,1542,2,True,True,applied,1.0,1,,142,C2 Error injection,00003garden,4,1542,True,True,applied,0.0,1,,142,sham,1.0,,00003garden,C2 Error injection
injection_000409,00003garden,4,1542,5,True,True,applied,1.0,1,,142,C2 Error injection,00003garden,4,1542,True,True,applied,0.0,1,,142,sham,1.0,,00003garden,C2 Error injection
injection_000409,00003garden,4,1542,10,True,True,applied,1.0,1,,142,C2 Error injection,00003garden,4,1542,True,True,applied,0.0,1,,142,sham,1.0,,00003garden,C2 Error injection
injection_000409,00003garden,4,1542,20,True,True,applied,1.0,1,,142,C2 Error injection,00003garden,4,1542,True,True,applied,0.0,1,,142,sham,1.0,,00003garden,C2 Error injection
injection_000410,00003garden,12,1548,1,True,True,applied,1.0,1,,310,C2 Error injection,00003garden,12,1548,True,True,applied,0.0,1,,310,sham,1.0,,00003garden,C2 Error injection
injection_000410,00003garden,12,1548,2,True,True,applied,1.0,1,,310,C2 Error injection,00003garden,12,1548,True,True,applied,0.0,1,,310,sham,1.0,,00003garden,C2 Error injection
injection_000410,00003garden,12,1548,5,True,True,applied,1.0,1,,310,C2 Error injection,00003garden,12,1548,True,True,applied,0.0,1,,310,sham,1.0,,00003garden,C2 Error injection
injection_000410,00003garden,12,1548,10,True,True,applied,1.0,1,,310,C2 Error injection,00003garden,12,1548,True,True,applied,0.0,1,,310,sham,1.0,,00003garden,C2 Error injection
injection_000410,00003garden,12,1548,20,True,True,applied,1.0,1,,310,C2 Error injection,00003garden,12,1548,True,True,applied,0.0,1,,310,sham,1.0,,00003garden,C2 Error injection
injection_000411,00003garden,10,1549,1,True,True,applied,1.0,1,,284,C2 Error injection,00003garden,10,1549,True,True,applied,0.0,1,,284,sham,1.0,,00003garden,C2 Error injection
injection_000411,00003garden,10,1549,2,True,True,applied,1.0,1,,284,C2 Error injection,00003garden,10,1549,True,True,applied,0.0,1,,284,sham,1.0,,00003garden,C2 Error injection
injection_000411,00003garden,10,1549,5,True,True,applied,1.0,1,,284,C2 Error injection,00003garden,10,1549,True,True,applied,0.0,1,,284,sham,1.0,,00003garden,C2 Error injection
injection_000411,00003garden,10,1549,10,True,True,applied,1.0,1,,284,C2 Error injection,00003garden,10,1549,True,True,applied,0.0,1,,284,sham,1.0,,00003garden,C2 Error injection
injection_000411,00003garden,10,1549,20,True,True,applied,1.0,2,1.0,284,C2 Error injection,00003garden,10,1549,True,True,applied,0.5,2,1.0,284,sham,0.5,0.0,00003garden,C2 Error injection
injection_000413,00003garden,2,1560,1,True,True,applied,0.0,2,0.0,1,C2 Error injection,00003garden,2,1560,True,True,applied,0.0,2,0.0,1,sham,0.0,0.0,00003garden,C2 Error injection
injection_000413,00003garden,2,1560,2,True,True,applied,0.0,2,0.0,1,C2 Error injection,00003garden,2,1560,True,True,applied,0.0,2,0.0,1,sham,0.0,0.0,00003garden,C2 Error injection
injection_000413,00003garden,2,1560,5,True,True,applied,0.0,2,0.0,1,C2 Error injection,00003garden,2,1560,True,True,applied,0.0,2,0.0,1,sham,0.0,0.0,00003garden,C2 Error injection
injection_000413,00003garden,2,1560,10,True,True,applied,0.0,2,0.0,1,C2 Error injection,00003garden,2,1560,True,True,applied,0.0,2,0.0,1,sham,0.0,0.0,00003garden,C2 Error injection
injection_000413,00003garden,2,1560,20,True,True,applied,0.0,2,0.0,1,C2 Error injection,00003garden,2,1560,True,True,applied,0.0,2,0.0,1,sham,0.0,0.0,00003garden,C2 Error injection
injection_000414,00003garden,1,1565,1,True,True,applied,0.0,1,,2,C2 Error injection,00003garden,1,1565,True,True,applied,0.0,1,,2,sham,0.0,,00003garden,C2 Error injection
injection_000414,00003garden,1,1565,2,True,True,applied,0.0,1,,2,C2 Error injection,00003garden,1,1565,True,True,applied,0.0,1,,2,sham,0.0,,00003garden,C2 Error injection
injection_000414,00003garden,1,1565,5,True,True,applied,0.0,1,,2,C2 Error injection,00003garden,1,1565,True,True,applied,0.0,1,,2,sham,0.0,,00003garden,C2 Error injection
injection_000414,00003garden,1,1565,10,True,True,applied,0.0,1,,2,C2 Error injection,00003garden,1,1565,True,True,applied,0.0,1,,2,sham,0.0,,00003garden,C2 Error injection
injection_000414,00003garden,1,1565,20,True,True,applied,0.0,1,,2,C2 Error injection,00003garden,1,1565,True,True,applied,0.0,1,,2,sham,0.0,,00003garden,C2 Error injection
injection_000416,00003garden,4,1583,1,True,True,applied,1.0,1,,142,C2 Error injection,00003garden,4,1583,True,True,applied,0.0,1,,142,sham,1.0,,00003garden,C2 Error injection
injection_000416,00003garden,4,1583,2,True,True,applied,1.0,1,,142,C2 Error injection,00003garden,4,1583,True,True,applied,0.0,1,,142,sham,1.0,,00003garden,C2 Error injection
injection_000416,00003garden,4,1583,5,True,True,applied,1.0,1,,142,C2 Error injection,00003garden,4,1583,True,True,applied,0.0,1,,142,sham,1.0,,00003garden,C2 Error injection
injection_000416,00003garden,4,1583,10,True,True,applied,1.0,1,,142,C2 Error injection,00003garden,4,1583,True,True,applied,0.0,1,,142,sham,1.0,,00003garden,C2 Error injection
injection_000416,00003garden,4,1583,20,True,True,applied,1.0,1,,142,C2 Error injection,00003garden,4,1583,True,True,applied,0.0,1,,142,sham,1.0,,00003garden,C2 Error injection
injection_000417,00003garden,12,1589,1,True,True,applied,1.0,1,,310,C2 Error injection,00003garden,12,1589,True,True,applied,0.0,1,,310,sham,1.0,,00003garden,C2 Error injection
injection_000417,00003garden,12,1589,2,True,True,applied,1.0,1,,310,C2 Error injection,00003garden,12,1589,True,True,applied,0.0,1,,310,sham,1.0,,00003garden,C2 Error injection
injection_000417,00003garden,12,1589,5,True,True,applied,1.0,1,,310,C2 Error injection,00003garden,12,1589,True,True,applied,0.0,1,,310,sham,1.0,,00003garden,C2 Error injection
injection_000417,00003garden,12,1589,10,True,True,applied,1.0,1,,310,C2 Error injection,00003garden,12,1589,True,True,applied,0.0,1,,310,sham,1.0,,00003garden,C2 Error injection
injection_000417,00003garden,12,1589,20,True,True,applied,1.0,1,,310,C2 Error injection,00003garden,12,1589,True,True,applied,0.0,1,,310,sham,1.0,,00003garden,C2 Error injection
injection_000418,00003garden,10,1590,1,True,True,applied,1.0,2,1.0,284,C2 Error injection,00003garden,10,1590,True,True,applied,0.5,2,1.0,284,sham,0.5,0.0,00003garden,C2 Error injection
injection_000418,00003garden,10,1590,2,True,True,applied,1.0,2,1.0,284,C2 Error injection,00003garden,10,1590,True,True,applied,0.5,2,1.0,284,sham,0.5,0.0,00003garden,C2 Error injection
injection_000418,00003garden,10,1590,5,True,True,applied,1.0,2,1.0,284,C2 Error injection,00003garden,10,1590,True,True,applied,0.5,2,1.0,284,sham,0.5,0.0,00003garden,C2 Error injection
injection_000418,00003garden,10,1590,10,True,True,applied,1.0,2,1.0,284,C2 Error injection,00003garden,10,1590,True,True,applied,0.5,2,1.0,284,sham,0.5,0.0,00003garden,C2 Error injection
injection_000418,00003garden,10,1590,20,True,True,applied,1.0,2,1.0,284,C2 Error injection,00003garden,10,1590,True,True,applied,0.5,2,1.0,284,sham,0.5,0.0,00003garden,C2 Error injection
injection_000420,00003garden,2,1601,1,True,True,applied,0.0,2,0.0,1,C2 Error injection,00003garden,2,1601,True,True,applied,0.0,2,0.0,1,sham,0.0,0.0,00003garden,C2 Error injection
injection_000420,00003garden,2,1601,2,True,True,applied,0.0,2,0.0,1,C2 Error injection,00003garden,2,1601,True,True,applied,0.0,2,0.0,1,sham,0.0,0.0,00003garden,C2 Error injection
injection_000420,00003garden,2,1601,5,True,True,applied,0.0,2,0.0,1,C2 Error injection,00003garden,2,1601,True,True,applied,0.0,2,0.0,1,sham,0.0,0.0,00003garden,C2 Error injection
injection_000420,00003garden,2,1601,10,True,True,applied,0.0,2,0.0,1,C2 Error injection,00003garden,2,1601,True,True,applied,0.0,2,0.0,1,sham,0.0,0.0,00003garden,C2 Error injection
injection_000420,00003garden,2,1601,20,True,True,applied,0.0,2,0.0,1,C2 Error injection,00003garden,2,1601,True,True,applied,0.0,2,0.0,1,sham,0.0,0.0,00003garden,C2 Error injection
injection_000421,00003garden,1,1636,1,True,True,applied,0.0,1,,2,C2 Error injection,00003garden,1,1636,True,True,applied,0.0,1,,2,sham,0.0,,00003garden,C2 Error injection
injection_000421,00003garden,1,1636,2,True,True,applied,0.0,1,,2,C2 Error injection,00003garden,1,1636,True,True,applied,0.0,1,,2,sham,0.0,,00003garden,C2 Error injection
injection_000421,00003garden,1,1636,5,True,True,applied,0.0,1,,2,C2 Error injection,00003garden,1,1636,True,True,applied,0.0,1,,2,sham,0.0,,00003garden,C2 Error injection
injection_000421,00003garden,1,1636,10,True,True,applied,0.0,1,,2,C2 Error injection,00003garden,1,1636,True,True,applied,0.0,1,,2,sham,0.0,,00003garden,C2 Error injection
injection_000421,00003garden,1,1636,20,True,True,applied,0.0,1,,2,C2 Error injection,00003garden,1,1636,True,True,applied,0.0,1,,2,sham,0.0,,00003garden,C2 Error injection
injection_000427,00003garden,2,1642,1,True,True,applied,0.0,2,0.0,1,C2 Error injection,00003garden,2,1642,True,True,applied,0.0,2,0.0,1,sham,0.0,0.0,00003garden,C2 Error injection
injection_000427,00003garden,2,1642,2,True,True,applied,0.0,2,0.0,1,C2 Error injection,00003garden,2,1642,True,True,applied,0.0,2,0.0,1,sham,0.0,0.0,00003garden,C2 Error injection
injection_000427,00003garden,2,1642,5,True,True,applied,0.0,2,0.0,1,C2 Error injection,00003garden,2,1642,True,True,applied,0.0,2,0.0,1,sham,0.0,0.0,00003garden,C2 Error injection
injection_000427,00003garden,2,1642,10,True,True,applied,0.0,2,0.0,1,C2 Error injection,00003garden,2,1642,True,True,applied,0.0,2,0.0,1,sham,0.0,0.0,00003garden,C2 Error injection
injection_000428,00003garden,11,1655,2,True,True,applied,1.0,1,,364,C2 Error injection,00003garden,11,1655,True,True,applied,0.0,1,,364,sham,1.0,,00003garden,C2 Error injection
injection_000428,00003garden,11,1655,5,True,True,applied,1.0,1,,364,C2 Error injection,00003garden,11,1655,True,True,applied,1.0,1,,364,sham,0.0,,00003garden,C2 Error injection
injection_000429,00005garden,3,2,1,True,True,applied,0.0,2,0.0,2,C2 Error injection,00005garden,3,2,True,True,applied,0.0,2,0.0,2,sham,0.0,0.0,00005garden,C2 Error injection
injection_000429,00005garden,3,2,2,True,True,applied,0.0,2,0.0,2,C2 Error injection,00005garden,3,2,True,True,applied,0.0,2,0.0,2,sham,0.0,0.0,00005garden,C2 Error injection
injection_000429,00005garden,3,2,5,True,True,applied,0.0,2,0.0,2,C2 Error injection,00005garden,3,2,True,True,applied,0.0,2,0.0,2,sham,0.0,0.0,00005garden,C2 Error injection
injection_000429,00005garden,3,2,10,True,True,applied,0.0,2,0.0,2,C2 Error injection,00005garden,3,2,True,True,applied,0.0,2,0.0,2,sham,0.0,0.0,00005garden,C2 Error injection
injection_000429,00005garden,3,2,20,True,True,applied,0.0,2,0.0,2,C2 Error injection,00005garden,3,2,True,True,applied,0.0,2,0.0,2,sham,0.0,0.0,00005garden,C2 Error injection
injection_000444,00005garden,11,3,1,True,True,applied,0.0,1,,15,C2 Error injection,00005garden,11,3,True,True,applied,0.0,1,,15,sham,0.0,,00005garden,C2 Error injection
injection_000444,00005garden,11,3,2,True,True,applied,0.0,1,,15,C2 Error injection,00005garden,11,3,True,True,applied,0.0,1,,15,sham,0.0,,00005garden,C2 Error injection
injection_000444,00005garden,11,3,5,True,True,applied,0.0,1,,15,C2 Error injection,00005garden,11,3,True,True,applied,0.0,1,,15,sham,0.0,,00005garden,C2 Error injection
injection_000444,00005garden,11,3,10,True,True,applied,0.0,1,,15,C2 Error injection,00005garden,11,3,True,True,applied,0.0,1,,15,sham,0.0,,00005garden,C2 Error injection
injection_000444,00005garden,11,3,20,True,True,applied,0.0,1,,15,C2 Error injection,00005garden,11,3,True,True,applied,0.0,1,,15,sham,0.0,,00005garden,C2 Error injection
injection_000445,00005garden,15,4,1,True,True,applied,1.0,1,,23,C2 Error injection,00005garden,15,4,True,True,applied,0.0,1,,23,sham,1.0,,00005garden,C2 Error injection
injection_000445,00005garden,15,4,2,True,True,applied,1.0,1,,23,C2 Error injection,00005garden,15,4,True,True,applied,0.0,1,,23,sham,1.0,,00005garden,C2 Error injection
injection_000445,00005garden,15,4,5,True,True,applied,1.0,1,,23,C2 Error injection,00005garden,15,4,True,True,applied,0.0,1,,23,sham,1.0,,00005garden,C2 Error injection
injection_000449,00005garden,24,6,1,True,True,applied,0.0,1,,19,C2 Error injection,00005garden,24,6,True,True,applied,0.0,1,,19,sham,0.0,,00005garden,C2 Error injection
injection_000449,00005garden,24,6,2,True,True,applied,0.0,1,,19,C2 Error injection,00005garden,24,6,True,True,applied,0.0,1,,19,sham,0.0,,00005garden,C2 Error injection
injection_000449,00005garden,24,6,5,True,True,applied,0.0,1,,19,C2 Error injection,00005garden,24,6,True,True,applied,0.0,1,,19,sham,0.0,,00005garden,C2 Error injection
injection_000449,00005garden,24,6,10,True,True,applied,1.0,1,,19,C2 Error injection,00005garden,24,6,True,True,applied,1.0,1,,19,sham,0.0,,00005garden,C2 Error injection
injection_000449,00005garden,24,6,20,True,True,applied,0.0,1,,19,C2 Error injection,00005garden,24,6,True,True,applied,0.0,1,,19,sham,0.0,,00005garden,C2 Error injection
injection_000450,00005garden,5,11,1,True,True,applied,0.5,2,1.0,1,C2 Error injection,00005garden,5,11,True,True,applied,0.5,2,1.0,1,sham,0.0,0.0,00005garden,C2 Error injection
injection_000450,00005garden,5,11,2,True,True,applied,0.5,2,1.0,1,C2 Error injection,00005garden,5,11,True,True,applied,0.5,2,1.0,1,sham,0.0,0.0,00005garden,C2 Error injection
injection_000450,00005garden,5,11,5,True,True,applied,0.5,2,1.0,1,C2 Error injection,00005garden,5,11,True,True,applied,0.5,2,1.0,1,sham,0.0,0.0,00005garden,C2 Error injection
injection_000450,00005garden,5,11,10,True,True,applied,0.5,2,1.0,1,C2 Error injection,00005garden,5,11,True,True,applied,0.5,2,1.0,1,sham,0.0,0.0,00005garden,C2 Error injection
injection_000450,00005garden,5,11,20,True,True,applied,0.5,2,1.0,1,C2 Error injection,00005garden,5,11,True,True,applied,0.5,2,1.0,1,sham,0.0,0.0,00005garden,C2 Error injection
injection_000453,00005garden,3,43,1,True,True,applied,0.0,2,0.0,2,C2 Error injection,00005garden,3,43,True,True,applied,0.0,2,0.0,2,sham,0.0,0.0,00005garden,C2 Error injection
injection_000453,00005garden,3,43,2,True,True,applied,0.0,2,0.0,2,C2 Error injection,00005garden,3,43,True,True,applied,0.0,2,0.0,2,sham,0.0,0.0,00005garden,C2 Error injection
injection_000453,00005garden,3,43,5,True,True,applied,0.0,2,0.0,2,C2 Error injection,00005garden,3,43,True,True,applied,0.0,2,0.0,2,sham,0.0,0.0,00005garden,C2 Error injection
injection_000453,00005garden,3,43,10,True,True,applied,0.0,2,0.0,2,C2 Error injection,00005garden,3,43,True,True,applied,0.0,2,0.0,2,sham,0.0,0.0,00005garden,C2 Error injection
injection_000453,00005garden,3,43,20,True,True,applied,0.0,2,0.0,2,C2 Error injection,00005garden,3,43,True,True,applied,0.0,2,0.0,2,sham,0.0,0.0,00005garden,C2 Error injection
injection_000469,00005garden,21,45,1,True,True,applied,1.0,1,,24,C2 Error injection,00005garden,21,45,True,True,applied,0.0,1,,24,sham,1.0,,00005garden,C2 Error injection
injection_000469,00005garden,21,45,2,True,True,applied,1.0,1,,24,C2 Error injection,00005garden,21,45,True,True,applied,0.0,1,,24,sham,1.0,,00005garden,C2 Error injection
injection_000470,00005garden,23,45,1,True,True,applied,1.0,1,,25,C2 Error injection,00005garden,23,45,True,True,applied,0.0,1,,25,sham,1.0,,00005garden,C2 Error injection
injection_000470,00005garden,23,45,2,True,True,applied,1.0,1,,25,C2 Error injection,00005garden,23,45,True,True,applied,0.0,1,,25,sham,1.0,,00005garden,C2 Error injection
injection_000470,00005garden,23,45,5,True,True,applied,1.0,1,,25,C2 Error injection,00005garden,23,45,True,True,applied,0.0,1,,25,sham,1.0,,00005garden,C2 Error injection
injection_000470,00005garden,23,45,10,True,True,applied,1.0,1,,25,C2 Error injection,00005garden,23,45,True,True,applied,0.0,1,,25,sham,1.0,,00005garden,C2 Error injection
injection_000470,00005garden,23,45,20,True,True,applied,1.0,1,,25,C2 Error injection,00005garden,23,45,True,True,applied,0.0,1,,25,sham,1.0,,00005garden,C2 Error injection
injection_000473,00005garden,5,52,1,True,True,applied,0.5,2,1.0,1,C2 Error injection,00005garden,5,52,True,True,applied,0.5,2,1.0,1,sham,0.0,0.0,00005garden,C2 Error injection
injection_000473,00005garden,5,52,2,True,True,applied,0.5,2,1.0,1,C2 Error injection,00005garden,5,52,True,True,applied,0.5,2,1.0,1,sham,0.0,0.0,00005garden,C2 Error injection
injection_000473,00005garden,5,52,5,True,True,applied,0.5,2,1.0,1,C2 Error injection,00005garden,5,52,True,True,applied,0.5,2,1.0,1,sham,0.0,0.0,00005garden,C2 Error injection
injection_000473,00005garden,5,52,10,True,True,applied,0.5,2,1.0,1,C2 Error injection,00005garden,5,52,True,True,applied,0.5,2,1.0,1,sham,0.0,0.0,00005garden,C2 Error injection
injection_000473,00005garden,5,52,20,True,True,applied,0.5,2,1.0,1,C2 Error injection,00005garden,5,52,True,True,applied,0.5,2,1.0,1,sham,0.0,0.0,00005garden,C2 Error injection
injection_000474,00005garden,20,75,5,True,True,applied,1.0,1,,83,C2 Error injection,00005garden,20,75,True,True,applied,0.0,1,,83,sham,1.0,,00005garden,C2 Error injection
injection_000474,00005garden,20,75,20,True,True,applied,1.0,1,,83,C2 Error injection,00005garden,20,75,True,True,applied,0.0,1,,83,sham,1.0,,00005garden,C2 Error injection
injection_000475,00005garden,3,84,1,True,True,applied,0.0,2,0.0,2,C2 Error injection,00005garden,3,84,True,True,applied,0.0,2,0.0,2,sham,0.0,0.0,00005garden,C2 Error injection
injection_000475,00005garden,3,84,2,True,True,applied,0.0,2,0.0,2,C2 Error injection,00005garden,3,84,True,True,applied,0.0,2,0.0,2,sham,0.0,0.0,00005garden,C2 Error injection
injection_000475,00005garden,3,84,5,True,True,applied,0.0,2,0.0,2,C2 Error injection,00005garden,3,84,True,True,applied,0.0,2,0.0,2,sham,0.0,0.0,00005garden,C2 Error injection
injection_000475,00005garden,3,84,10,True,True,applied,0.0,2,0.0,2,C2 Error injection,00005garden,3,84,True,True,applied,0.0,2,0.0,2,sham,0.0,0.0,00005garden,C2 Error injection
injection_000475,00005garden,3,84,20,True,True,applied,0.0,2,0.0,2,C2 Error injection,00005garden,3,84,True,True,applied,0.0,2,0.0,2,sham,0.0,0.0,00005garden,C2 Error injection
injection_000476,00005garden,6,84,1,True,True,applied,0.0,1,,3,C2 Error injection,00005garden,6,84,True,True,applied,0.0,1,,3,sham,0.0,,00005garden,C2 Error injection
injection_000476,00005garden,6,84,2,True,True,applied,0.0,1,,3,C2 Error injection,00005garden,6,84,True,True,applied,0.0,1,,3,sham,0.0,,00005garden,C2 Error injection
injection_000476,00005garden,6,84,5,True,True,applied,0.0,1,,3,C2 Error injection,00005garden,6,84,True,True,applied,0.0,1,,3,sham,0.0,,00005garden,C2 Error injection
injection_000476,00005garden,6,84,10,True,True,applied,0.0,1,,3,C2 Error injection,00005garden,6,84,True,True,applied,0.0,1,,3,sham,0.0,,00005garden,C2 Error injection
injection_000476,00005garden,6,84,20,True,True,applied,0.0,1,,3,C2 Error injection,00005garden,6,84,True,True,applied,0.0,1,,3,sham,0.0,,00005garden,C2 Error injection
injection_000487,00005garden,23,86,1,True,True,applied,1.0,1,,25,C2 Error injection,00005garden,23,86,True,True,applied,0.0,1,,25,sham,1.0,,00005garden,C2 Error injection
injection_000487,00005garden,23,86,2,True,True,applied,1.0,1,,25,C2 Error injection,00005garden,23,86,True,True,applied,0.0,1,,25,sham,1.0,,00005garden,C2 Error injection
injection_000487,00005garden,23,86,5,True,True,applied,1.0,1,,25,C2 Error injection,00005garden,23,86,True,True,applied,0.0,1,,25,sham,1.0,,00005garden,C2 Error injection
injection_000487,00005garden,23,86,10,True,True,applied,1.0,1,,25,C2 Error injection,00005garden,23,86,True,True,applied,0.0,1,,25,sham,1.0,,00005garden,C2 Error injection
injection_000487,00005garden,23,86,20,True,True,applied,1.0,1,,25,C2 Error injection,00005garden,23,86,True,True,applied,0.0,1,,25,sham,1.0,,00005garden,C2 Error injection
injection_000488,00005garden,12,87,1,True,True,applied,0.0,1,,16,C2 Error injection,00005garden,12,87,True,True,applied,0.0,1,,16,sham,0.0,,00005garden,C2 Error injection
injection_000488,00005garden,12,87,2,True,True,applied,0.0,1,,16,C2 Error injection,00005garden,12,87,True,True,applied,0.0,1,,16,sham,0.0,,00005garden,C2 Error injection
injection_000488,00005garden,12,87,5,True,True,applied,0.0,1,,16,C2 Error injection,00005garden,12,87,True,True,applied,0.0,1,,16,sham,0.0,,00005garden,C2 Error injection
injection_000488,00005garden,12,87,10,True,True,applied,0.0,1,,16,C2 Error injection,00005garden,12,87,True,True,applied,0.0,1,,16,sham,0.0,,00005garden,C2 Error injection
injection_000488,00005garden,12,87,20,True,True,applied,0.0,1,,16,C2 Error injection,00005garden,12,87,True,True,applied,0.0,1,,16,sham,0.0,,00005garden,C2 Error injection
injection_000489,00005garden,24,88,1,True,True,applied,0.0,1,,19,C2 Error injection,00005garden,24,88,True,True,applied,0.0,1,,19,sham,0.0,,00005garden,C2 Error injection
injection_000489,00005garden,24,88,2,True,True,applied,0.0,1,,19,C2 Error injection,00005garden,24,88,True,True,applied,0.0,1,,19,sham,0.0,,00005garden,C2 Error injection
injection_000489,00005garden,24,88,5,True,True,applied,0.0,1,,19,C2 Error injection,00005garden,24,88,True,True,applied,0.0,1,,19,sham,0.0,,00005garden,C2 Error injection
injection_000489,00005garden,24,88,10,True,True,applied,0.0,1,,19,C2 Error injection,00005garden,24,88,True,True,applied,0.0,1,,19,sham,0.0,,00005garden,C2 Error injection
injection_000491,00005garden,11,90,1,True,True,applied,0.0,1,,15,C2 Error injection,00005garden,11,90,True,True,applied,0.0,1,,15,sham,0.0,,00005garden,C2 Error injection
injection_000491,00005garden,11,90,2,True,True,applied,0.0,1,,15,C2 Error injection,00005garden,11,90,True,True,applied,0.0,1,,15,sham,0.0,,00005garden,C2 Error injection
injection_000491,00005garden,11,90,5,True,True,applied,0.0,1,,15,C2 Error injection,00005garden,11,90,True,True,applied,0.0,1,,15,sham,0.0,,00005garden,C2 Error injection
injection_000491,00005garden,11,90,10,True,True,applied,0.0,1,,15,C2 Error injection,00005garden,11,90,True,True,applied,0.0,1,,15,sham,0.0,,00005garden,C2 Error injection
injection_000491,00005garden,11,90,20,True,True,applied,0.0,1,,15,C2 Error injection,00005garden,11,90,True,True,applied,0.0,1,,15,sham,0.0,,00005garden,C2 Error injection
injection_000492,00005garden,5,93,1,True,True,applied,0.5,2,1.0,1,C2 Error injection,00005garden,5,93,True,True,applied,0.5,2,1.0,1,sham,0.0,0.0,00005garden,C2 Error injection
injection_000492,00005garden,5,93,2,True,True,applied,0.5,2,1.0,1,C2 Error injection,00005garden,5,93,True,True,applied,0.5,2,1.0,1,sham,0.0,0.0,00005garden,C2 Error injection
injection_000492,00005garden,5,93,5,True,True,applied,1.0,2,1.0,1,C2 Error injection,00005garden,5,93,True,True,applied,1.0,2,1.0,1,sham,0.0,0.0,00005garden,C2 Error injection
injection_000492,00005garden,5,93,10,True,True,applied,0.5,2,1.0,1,C2 Error injection,00005garden,5,93,True,True,applied,0.5,2,1.0,1,sham,0.0,0.0,00005garden,C2 Error injection
injection_000492,00005garden,5,93,20,True,True,applied,0.5,2,1.0,1,C2 Error injection,00005garden,5,93,True,True,applied,0.5,2,1.0,1,sham,0.0,0.0,00005garden,C2 Error injection
injection_000493,00005garden,4,98,1,True,True,applied,0.5,2,1.0,1,C2 Error injection,00005garden,4,98,True,True,applied,0.5,2,1.0,1,sham,0.0,0.0,00005garden,C2 Error injection
injection_000493,00005garden,4,98,2,True,True,applied,1.0,2,1.0,1,C2 Error injection,00005garden,4,98,True,True,applied,1.0,2,1.0,1,sham,0.0,0.0,00005garden,C2 Error injection
injection_000493,00005garden,4,98,5,True,True,applied,0.5,2,1.0,1,C2 Error injection,00005garden,4,98,True,True,applied,0.5,2,1.0,1,sham,0.0,0.0,00005garden,C2 Error injection
injection_000493,00005garden,4,98,10,True,True,applied,0.5,2,1.0,1,C2 Error injection,00005garden,4,98,True,True,applied,0.5,2,1.0,1,sham,0.0,0.0,00005garden,C2 Error injection
injection_000493,00005garden,4,98,20,True,True,applied,0.5,2,1.0,1,C2 Error injection,00005garden,4,98,True,True,applied,0.5,2,1.0,1,sham,0.0,0.0,00005garden,C2 Error injection
injection_000494,00005garden,21,102,5,True,True,applied,1.0,1,,41,C2 Error injection,00005garden,21,102,True,True,applied,1.0,1,,41,sham,0.0,,00005garden,C2 Error injection
injection_000494,00005garden,21,102,20,True,True,applied,1.0,1,,41,C2 Error injection,00005garden,21,102,True,True,applied,1.0,1,,41,sham,0.0,,00005garden,C2 Error injection
injection_000496,00005garden,3,125,1,True,True,applied,0.0,2,0.0,2,C2 Error injection,00005garden,3,125,True,True,applied,0.0,2,0.0,2,sham,0.0,0.0,00005garden,C2 Error injection
injection_000496,00005garden,3,125,2,True,True,applied,0.0,2,0.0,2,C2 Error injection,00005garden,3,125,True,True,applied,0.0,2,0.0,2,sham,0.0,0.0,00005garden,C2 Error injection
injection_000496,00005garden,3,125,5,True,True,applied,0.0,2,0.0,2,C2 Error injection,00005garden,3,125,True,True,applied,0.0,2,0.0,2,sham,0.0,0.0,00005garden,C2 Error injection
injection_000496,00005garden,3,125,10,True,True,applied,0.0,2,0.0,2,C2 Error injection,00005garden,3,125,True,True,applied,0.0,2,0.0,2,sham,0.0,0.0,00005garden,C2 Error injection
injection_000496,00005garden,3,125,20,True,True,applied,0.5,2,1.0,2,C2 Error injection,00005garden,3,125,True,True,applied,0.5,2,1.0,2,sham,0.0,0.0,00005garden,C2 Error injection
injection_000507,00005garden,23,127,1,True,True,applied,1.0,1,,25,C2 Error injection,00005garden,23,127,True,True,applied,0.0,1,,25,sham,1.0,,00005garden,C2 Error injection
injection_000507,00005garden,23,127,2,True,True,applied,1.0,1,,25,C2 Error injection,00005garden,23,127,True,True,applied,0.0,1,,25,sham,1.0,,00005garden,C2 Error injection
injection_000507,00005garden,23,127,5,True,True,applied,1.0,1,,25,C2 Error injection,00005garden,23,127,True,True,applied,0.0,1,,25,sham,1.0,,00005garden,C2 Error injection
injection_000507,00005garden,23,127,10,True,True,applied,1.0,1,,25,C2 Error injection,00005garden,23,127,True,True,applied,0.0,1,,25,sham,1.0,,00005garden,C2 Error injection
injection_000507,00005garden,23,127,20,True,True,applied,1.0,1,,25,C2 Error injection,00005garden,23,127,True,True,applied,0.0,1,,25,sham,1.0,,00005garden,C2 Error injection
injection_000509,00005garden,12,128,1,True,True,applied,0.0,1,,16,C2 Error injection,00005garden,12,128,True,True,applied,0.0,1,,16,sham,0.0,,00005garden,C2 Error injection
injection_000509,00005garden,12,128,2,True,True,applied,0.0,1,,16,C2 Error injection,00005garden,12,128,True,True,applied,0.0,1,,16,sham,0.0,,00005garden,C2 Error injection
injection_000509,00005garden,12,128,5,True,True,applied,0.0,1,,16,C2 Error injection,00005garden,12,128,True,True,applied,0.0,1,,16,sham,0.0,,00005garden,C2 Error injection
injection_000509,00005garden,12,128,10,True,True,applied,0.0,1,,16,C2 Error injection,00005garden,12,128,True,True,applied,0.0,1,,16,sham,0.0,,00005garden,C2 Error injection
injection_000509,00005garden,12,128,20,True,True,applied,0.0,1,,16,C2 Error injection,00005garden,12,128,True,True,applied,0.0,1,,16,sham,0.0,,00005garden,C2 Error injection
injection_000510,00005garden,24,129,1,True,True,applied,1.0,1,,99,C2 Error injection,00005garden,24,129,True,True,applied,0.0,1,,99,sham,1.0,,00005garden,C2 Error injection
injection_000510,00005garden,24,129,2,True,True,applied,1.0,1,,99,C2 Error injection,00005garden,24,129,True,True,applied,0.0,1,,99,sham,1.0,,00005garden,C2 Error injection
injection_000510,00005garden,24,129,5,True,True,applied,1.0,1,,99,C2 Error injection,00005garden,24,129,True,True,applied,0.0,1,,99,sham,1.0,,00005garden,C2 Error injection
injection_000510,00005garden,24,129,10,True,True,applied,1.0,1,,99,C2 Error injection,00005garden,24,129,True,True,applied,0.0,1,,99,sham,1.0,,00005garden,C2 Error injection
injection_000510,00005garden,24,129,20,True,True,applied,1.0,1,,99,C2 Error injection,00005garden,24,129,True,True,applied,0.0,1,,99,sham,1.0,,00005garden,C2 Error injection
injection_000511,00005garden,20,129,20,True,True,applied,1.0,1,,83,C2 Error injection,00005garden,20,129,True,True,applied,0.0,1,,83,sham,1.0,,00005garden,C2 Error injection
injection_000512,00005garden,28,130,1,True,True,applied,0.0,1,,11,C2 Error injection,00005garden,28,130,True,True,applied,0.0,1,,11,sham,0.0,,00005garden,C2 Error injection
injection_000512,00005garden,28,130,2,True,True,applied,0.0,1,,11,C2 Error injection,00005garden,28,130,True,True,applied,0.0,1,,11,sham,0.0,,00005garden,C2 Error injection
injection_000512,00005garden,28,130,5,True,True,applied,0.0,1,,11,C2 Error injection,00005garden,28,130,True,True,applied,0.0,1,,11,sham,0.0,,00005garden,C2 Error injection
injection_000512,00005garden,28,130,10,True,True,applied,1.0,1,,11,C2 Error injection,00005garden,28,130,True,True,applied,1.0,1,,11,sham,0.0,,00005garden,C2 Error injection
injection_000512,00005garden,28,130,20,True,True,applied,1.0,1,,11,C2 Error injection,00005garden,28,130,True,True,applied,1.0,1,,11,sham,0.0,,00005garden,C2 Error injection
injection_000513,00005garden,11,131,1,True,True,applied,0.0,1,,15,C2 Error injection,00005garden,11,131,True,True,applied,0.0,1,,15,sham,0.0,,00005garden,C2 Error injection
injection_000513,00005garden,11,131,2,True,True,applied,0.0,1,,15,C2 Error injection,00005garden,11,131,True,True,applied,0.0,1,,15,sham,0.0,,00005garden,C2 Error injection
injection_000513,00005garden,11,131,5,True,True,applied,0.0,1,,15,C2 Error injection,00005garden,11,131,True,True,applied,0.0,1,,15,sham,0.0,,00005garden,C2 Error injection
injection_000513,00005garden,11,131,20,True,True,applied,0.0,1,,15,C2 Error injection,00005garden,11,131,True,True,applied,0.0,1,,15,sham,0.0,,00005garden,C2 Error injection
injection_000514,00005garden,5,134,1,True,True,applied,0.5,2,1.0,1,C2 Error injection,00005garden,5,134,True,True,applied,0.5,2,1.0,1,sham,0.0,0.0,00005garden,C2 Error injection
injection_000514,00005garden,5,134,2,True,True,applied,0.5,2,1.0,1,C2 Error injection,00005garden,5,134,True,True,applied,0.5,2,1.0,1,sham,0.0,0.0,00005garden,C2 Error injection
injection_000514,00005garden,5,134,5,True,True,applied,0.5,2,1.0,1,C2 Error injection,00005garden,5,134,True,True,applied,0.5,2,1.0,1,sham,0.0,0.0,00005garden,C2 Error injection
injection_000514,00005garden,5,134,10,True,True,applied,0.5,2,1.0,1,C2 Error injection,00005garden,5,134,True,True,applied,0.5,2,1.0,1,sham,0.0,0.0,00005garden,C2 Error injection
injection_000514,00005garden,5,134,20,True,True,applied,0.5,2,1.0,1,C2 Error injection,00005garden,5,134,True,True,applied,0.5,2,1.0,1,sham,0.0,0.0,00005garden,C2 Error injection
injection_000515,00005garden,15,138,5,True,True,applied,1.0,1,,24,C2 Error injection,00005garden,15,138,True,True,applied,0.0,1,,24,sham,1.0,,00005garden,C2 Error injection
injection_000515,00005garden,15,138,10,True,True,applied,1.0,1,,24,C2 Error injection,00005garden,15,138,True,True,applied,0.0,1,,24,sham,1.0,,00005garden,C2 Error injection
injection_000516,00005garden,26,158,1,True,True,applied,1.0,1,,71,C2 Error injection,00005garden,26,158,True,True,applied,0.0,1,,71,sham,1.0,,00005garden,C2 Error injection
injection_000516,00005garden,26,158,5,True,True,applied,1.0,1,,71,C2 Error injection,00005garden,26,158,True,True,applied,0.0,1,,71,sham,1.0,,00005garden,C2 Error injection
injection_000517,00005garden,1,166,1,True,True,applied,0.0,2,0.0,9,C2 Error injection,00005garden,1,166,True,True,applied,0.0,2,0.0,9,sham,0.0,0.0,00005garden,C2 Error injection
injection_000517,00005garden,1,166,2,True,True,applied,0.0,2,0.0,9,C2 Error injection,00005garden,1,166,True,True,applied,0.0,2,0.0,9,sham,0.0,0.0,00005garden,C2 Error injection
injection_000517,00005garden,1,166,5,True,True,applied,0.0,2,0.0,9,C2 Error injection,00005garden,1,166,True,True,applied,0.0,2,0.0,9,sham,0.0,0.0,00005garden,C2 Error injection
injection_000517,00005garden,1,166,10,True,True,applied,0.0,2,0.0,9,C2 Error injection,00005garden,1,166,True,True,applied,0.0,2,0.0,9,sham,0.0,0.0,00005garden,C2 Error injection
injection_000517,00005garden,1,166,20,True,True,applied,0.0,2,0.0,9,C2 Error injection,00005garden,1,166,True,True,applied,0.0,2,0.0,9,sham,0.0,0.0,00005garden,C2 Error injection
injection_000520,00005garden,19,166,1,True,True,applied,0.0,1,,5,C2 Error injection,00005garden,19,166,True,True,applied,0.0,1,,5,sham,0.0,,00005garden,C2 Error injection
injection_000520,00005garden,19,166,2,True,True,applied,0.0,1,,5,C2 Error injection,00005garden,19,166,True,True,applied,0.0,1,,5,sham,0.0,,00005garden,C2 Error injection
injection_000520,00005garden,19,166,5,True,True,applied,0.0,1,,5,C2 Error injection,00005garden,19,166,True,True,applied,0.0,1,,5,sham,0.0,,00005garden,C2 Error injection
injection_000520,00005garden,19,166,10,True,True,applied,0.0,1,,5,C2 Error injection,00005garden,19,166,True,True,applied,0.0,1,,5,sham,0.0,,00005garden,C2 Error injection
injection_000520,00005garden,19,166,20,True,True,applied,0.0,1,,5,C2 Error injection,00005garden,19,166,True,True,applied,0.0,1,,5,sham,0.0,,00005garden,C2 Error injection
injection_000521,00005garden,17,166,1,True,True,applied,0.0,1,,8,C2 Error injection,00005garden,17,166,True,True,applied,0.0,1,,8,sham,0.0,,00005garden,C2 Error injection
injection_000521,00005garden,17,166,2,True,True,applied,0.0,1,,8,C2 Error injection,00005garden,17,166,True,True,applied,0.0,1,,8,sham,0.0,,00005garden,C2 Error injection
injection_000521,00005garden,17,166,5,True,True,applied,0.0,1,,8,C2 Error injection,00005garden,17,166,True,True,applied,0.0,1,,8,sham,0.0,,00005garden,C2 Error injection
injection_000521,00005garden,17,166,10,True,True,applied,0.0,1,,8,C2 Error injection,00005garden,17,166,True,True,applied,0.0,1,,8,sham,0.0,,00005garden,C2 Error injection
injection_000521,00005garden,17,166,20,True,True,applied,0.0,1,,8,C2 Error injection,00005garden,17,166,True,True,applied,0.0,1,,8,sham,0.0,,00005garden,C2 Error injection
injection_000529,00005garden,23,168,1,True,True,applied,1.0,1,,25,C2 Error injection,00005garden,23,168,True,True,applied,0.0,1,,25,sham,1.0,,00005garden,C2 Error injection
injection_000529,00005garden,23,168,2,True,True,applied,1.0,1,,25,C2 Error injection,00005garden,23,168,True,True,applied,0.0,1,,25,sham,1.0,,00005garden,C2 Error injection
injection_000529,00005garden,23,168,5,True,True,applied,1.0,1,,25,C2 Error injection,00005garden,23,168,True,True,applied,0.0,1,,25,sham,1.0,,00005garden,C2 Error injection
injection_000529,00005garden,23,168,10,True,True,applied,1.0,1,,25,C2 Error injection,00005garden,23,168,True,True,applied,0.0,1,,25,sham,1.0,,00005garden,C2 Error injection
injection_000529,00005garden,23,168,20,True,True,applied,1.0,1,,25,C2 Error injection,00005garden,23,168,True,True,applied,0.0,1,,25,sham,1.0,,00005garden,C2 Error injection
injection_000532,00005garden,28,171,1,True,True,applied,1.0,1,,112,C2 Error injection,00005garden,28,171,True,True,applied,0.0,1,,112,sham,1.0,,00005garden,C2 Error injection
injection_000532,00005garden,28,171,2,True,True,applied,1.0,1,,112,C2 Error injection,00005garden,28,171,True,True,applied,0.0,1,,112,sham,1.0,,00005garden,C2 Error injection
injection_000532,00005garden,28,171,5,True,True,applied,1.0,1,,112,C2 Error injection,00005garden,28,171,True,True,applied,0.0,1,,112,sham,1.0,,00005garden,C2 Error injection
injection_000532,00005garden,28,171,10,True,True,applied,1.0,1,,112,C2 Error injection,00005garden,28,171,True,True,applied,0.0,1,,112,sham,1.0,,00005garden,C2 Error injection
injection_000532,00005garden,28,171,20,True,True,applied,1.0,1,,112,C2 Error injection,00005garden,28,171,True,True,applied,0.0,1,,112,sham,1.0,,00005garden,C2 Error injection
injection_000534,00005garden,20,172,5,True,True,applied,1.0,1,,83,C2 Error injection,00005garden,20,172,True,True,applied,0.0,1,,83,sham,1.0,,00005garden,C2 Error injection
injection_000534,00005garden,20,172,10,True,True,applied,1.0,1,,83,C2 Error injection,00005garden,20,172,True,True,applied,0.0,1,,83,sham,1.0,,00005garden,C2 Error injection
injection_000534,00005garden,20,172,20,True,True,applied,1.0,1,,83,C2 Error injection,00005garden,20,172,True,True,applied,0.0,1,,83,sham,1.0,,00005garden,C2 Error injection
injection_000535,00005garden,5,175,1,True,True,applied,0.5,2,1.0,1,C2 Error injection,00005garden,5,175,True,True,applied,0.5,2,1.0,1,sham,0.0,0.0,00005garden,C2 Error injection
injection_000535,00005garden,5,175,2,True,True,applied,0.5,2,1.0,1,C2 Error injection,00005garden,5,175,True,True,applied,0.5,2,1.0,1,sham,0.0,0.0,00005garden,C2 Error injection
injection_000535,00005garden,5,175,5,True,True,applied,0.5,2,1.0,1,C2 Error injection,00005garden,5,175,True,True,applied,0.5,2,1.0,1,sham,0.0,0.0,00005garden,C2 Error injection
injection_000535,00005garden,5,175,10,True,True,applied,0.5,2,1.0,1,C2 Error injection,00005garden,5,175,True,True,applied,0.5,2,1.0,1,sham,0.0,0.0,00005garden,C2 Error injection
injection_000535,00005garden,5,175,20,True,True,applied,0.0,1,,1,C2 Error injection,00005garden,5,175,True,True,applied,0.0,1,,1,sham,0.0,,00005garden,C2 Error injection
injection_000536,00005garden,15,185,2,True,True,applied,1.0,1,,24,C2 Error injection,00005garden,15,185,True,True,applied,0.0,1,,24,sham,1.0,,00005garden,C2 Error injection
injection_000536,00005garden,15,185,5,True,True,applied,1.0,1,,24,C2 Error injection,00005garden,15,185,True,True,applied,0.0,1,,24,sham,1.0,,00005garden,C2 Error injection
injection_000536,00005garden,15,185,10,True,True,applied,1.0,1,,24,C2 Error injection,00005garden,15,185,True,True,applied,0.0,1,,24,sham,1.0,,00005garden,C2 Error injection
injection_000536,00005garden,15,185,20,True,True,applied,1.0,1,,24,C2 Error injection,00005garden,15,185,True,True,applied,0.0,1,,24,sham,1.0,,00005garden,C2 Error injection
injection_000537,00005garden,2,207,1,True,True,applied,0.0,2,0.0,12,C2 Error injection,00005garden,2,207,True,True,applied,0.0,2,0.0,12,sham,0.0,0.0,00005garden,C2 Error injection
injection_000537,00005garden,2,207,2,True,True,applied,0.0,2,0.0,12,C2 Error injection,00005garden,2,207,True,True,applied,0.0,2,0.0,12,sham,0.0,0.0,00005garden,C2 Error injection
injection_000537,00005garden,2,207,5,True,True,applied,0.0,2,0.0,12,C2 Error injection,00005garden,2,207,True,True,applied,0.0,2,0.0,12,sham,0.0,0.0,00005garden,C2 Error injection
injection_000537,00005garden,2,207,10,True,True,applied,0.0,2,0.0,12,C2 Error injection,00005garden,2,207,True,True,applied,0.0,2,0.0,12,sham,0.0,0.0,00005garden,C2 Error injection
injection_000537,00005garden,2,207,20,True,True,applied,0.0,2,0.0,12,C2 Error injection,00005garden,2,207,True,True,applied,0.0,2,0.0,12,sham,0.0,0.0,00005garden,C2 Error injection
injection_000538,00005garden,1,207,1,True,True,applied,0.0,2,0.0,9,C2 Error injection,00005garden,1,207,True,True,applied,0.0,2,0.0,9,sham,0.0,0.0,00005garden,C2 Error injection
injection_000538,00005garden,1,207,2,True,True,applied,0.0,2,0.0,9,C2 Error injection,00005garden,1,207,True,True,applied,0.0,2,0.0,9,sham,0.0,0.0,00005garden,C2 Error injection
injection_000538,00005garden,1,207,5,True,True,applied,0.0,2,0.0,9,C2 Error injection,00005garden,1,207,True,True,applied,0.0,2,0.0,9,sham,0.0,0.0,00005garden,C2 Error injection
injection_000538,00005garden,1,207,10,True,True,applied,0.0,2,0.0,9,C2 Error injection,00005garden,1,207,True,True,applied,0.0,2,0.0,9,sham,0.0,0.0,00005garden,C2 Error injection
injection_000538,00005garden,1,207,20,True,True,applied,0.0,2,0.0,9,C2 Error injection,00005garden,1,207,True,True,applied,0.0,2,0.0,9,sham,0.0,0.0,00005garden,C2 Error injection
injection_000542,00005garden,8,207,1,True,True,applied,0.0,1,,13,C2 Error injection,00005garden,8,207,True,True,applied,0.0,1,,13,sham,0.0,,00005garden,C2 Error injection
injection_000542,00005garden,8,207,2,True,True,applied,0.0,1,,13,C2 Error injection,00005garden,8,207,True,True,applied,0.0,1,,13,sham,0.0,,00005garden,C2 Error injection
injection_000542,00005garden,8,207,5,True,True,applied,0.0,1,,13,C2 Error injection,00005garden,8,207,True,True,applied,0.0,1,,13,sham,0.0,,00005garden,C2 Error injection
injection_000542,00005garden,8,207,10,True,True,applied,0.0,1,,13,C2 Error injection,00005garden,8,207,True,True,applied,0.0,1,,13,sham,0.0,,00005garden,C2 Error injection
injection_000542,00005garden,8,207,20,True,True,applied,0.0,1,,13,C2 Error injection,00005garden,8,207,True,True,applied,0.0,1,,13,sham,0.0,,00005garden,C2 Error injection
injection_000546,00005garden,7,207,1,True,True,applied,0.0,1,,6,C2 Error injection,00005garden,7,207,True,True,applied,0.0,1,,6,sham,0.0,,00005garden,C2 Error injection
injection_000546,00005garden,7,207,2,True,True,applied,0.0,1,,6,C2 Error injection,00005garden,7,207,True,True,applied,0.0,1,,6,sham,0.0,,00005garden,C2 Error injection
injection_000546,00005garden,7,207,5,True,True,applied,0.0,1,,6,C2 Error injection,00005garden,7,207,True,True,applied,0.0,1,,6,sham,0.0,,00005garden,C2 Error injection
injection_000546,00005garden,7,207,10,True,True,applied,0.0,1,,6,C2 Error injection,00005garden,7,207,True,True,applied,0.0,1,,6,sham,0.0,,00005garden,C2 Error injection
injection_000546,00005garden,7,207,20,True,True,applied,0.0,1,,6,C2 Error injection,00005garden,7,207,True,True,applied,0.0,1,,6,sham,0.0,,00005garden,C2 Error injection
injection_000548,00005garden,13,209,1,True,True,applied,1.0,1,,59,C2 Error injection,00005garden,13,209,True,True,applied,0.0,1,,59,sham,1.0,,00005garden,C2 Error injection
injection_000548,00005garden,13,209,2,True,True,applied,1.0,1,,59,C2 Error injection,00005garden,13,209,True,True,applied,0.0,1,,59,sham,1.0,,00005garden,C2 Error injection
injection_000548,00005garden,13,209,5,True,True,applied,1.0,1,,59,C2 Error injection,00005garden,13,209,True,True,applied,0.0,1,,59,sham,1.0,,00005garden,C2 Error injection
injection_000548,00005garden,13,209,10,True,True,applied,1.0,1,,59,C2 Error injection,00005garden,13,209,True,True,applied,0.0,1,,59,sham,1.0,,00005garden,C2 Error injection
injection_000548,00005garden,13,209,20,True,True,applied,1.0,1,,59,C2 Error injection,00005garden,13,209,True,True,applied,0.0,1,,59,sham,1.0,,00005garden,C2 Error injection
injection_000550,00005garden,12,210,1,True,True,applied,0.0,1,,16,C2 Error injection,00005garden,12,210,True,True,applied,0.0,1,,16,sham,0.0,,00005garden,C2 Error injection
injection_000550,00005garden,12,210,2,True,True,applied,0.0,1,,16,C2 Error injection,00005garden,12,210,True,True,applied,0.0,1,,16,sham,0.0,,00005garden,C2 Error injection
injection_000550,00005garden,12,210,5,True,True,applied,0.0,1,,16,C2 Error injection,00005garden,12,210,True,True,applied,0.0,1,,16,sham,0.0,,00005garden,C2 Error injection
injection_000550,00005garden,12,210,10,True,True,applied,0.0,1,,16,C2 Error injection,00005garden,12,210,True,True,applied,0.0,1,,16,sham,0.0,,00005garden,C2 Error injection
injection_000550,00005garden,12,210,20,True,True,applied,0.0,1,,16,C2 Error injection,00005garden,12,210,True,True,applied,0.0,1,,16,sham,0.0,,00005garden,C2 Error injection
injection_000552,00005garden,28,212,1,True,True,applied,1.0,1,,112,C2 Error injection,00005garden,28,212,True,True,applied,0.0,1,,112,sham,1.0,,00005garden,C2 Error injection
injection_000552,00005garden,28,212,2,True,True,applied,1.0,1,,112,C2 Error injection,00005garden,28,212,True,True,applied,0.0,1,,112,sham,1.0,,00005garden,C2 Error injection
injection_000552,00005garden,28,212,5,True,True,applied,1.0,1,,112,C2 Error injection,00005garden,28,212,True,True,applied,0.0,1,,112,sham,1.0,,00005garden,C2 Error injection
injection_000552,00005garden,28,212,10,True,True,applied,1.0,1,,112,C2 Error injection,00005garden,28,212,True,True,applied,0.0,1,,112,sham,1.0,,00005garden,C2 Error injection
injection_000552,00005garden,28,212,20,True,True,applied,1.0,1,,112,C2 Error injection,00005garden,28,212,True,True,applied,0.0,1,,112,sham,1.0,,00005garden,C2 Error injection
injection_000554,00005garden,20,213,1,True,True,applied,1.0,1,,83,C2 Error injection,00005garden,20,213,True,True,applied,0.0,1,,83,sham,1.0,,00005garden,C2 Error injection
injection_000554,00005garden,20,213,2,True,True,applied,1.0,1,,83,C2 Error injection,00005garden,20,213,True,True,applied,0.0,1,,83,sham,1.0,,00005garden,C2 Error injection
injection_000554,00005garden,20,213,5,True,True,applied,1.0,1,,83,C2 Error injection,00005garden,20,213,True,True,applied,0.0,1,,83,sham,1.0,,00005garden,C2 Error injection
injection_000554,00005garden,20,213,10,True,True,applied,1.0,1,,83,C2 Error injection,00005garden,20,213,True,True,applied,0.0,1,,83,sham,1.0,,00005garden,C2 Error injection
injection_000554,00005garden,20,213,20,True,True,applied,1.0,1,,83,C2 Error injection,00005garden,20,213,True,True,applied,0.0,1,,83,sham,1.0,,00005garden,C2 Error injection
injection_000556,00005garden,4,219,1,True,True,applied,0.0,1,,4,C2 Error injection,00005garden,4,219,True,True,applied,0.0,1,,4,sham,0.0,,00005garden,C2 Error injection
injection_000556,00005garden,4,219,2,True,True,applied,0.0,1,,4,C2 Error injection,00005garden,4,219,True,True,applied,0.0,1,,4,sham,0.0,,00005garden,C2 Error injection
injection_000556,00005garden,4,219,5,True,True,applied,0.0,1,,4,C2 Error injection,00005garden,4,219,True,True,applied,0.0,1,,4,sham,0.0,,00005garden,C2 Error injection
injection_000556,00005garden,4,219,10,True,True,applied,0.0,1,,4,C2 Error injection,00005garden,4,219,True,True,applied,0.0,1,,4,sham,0.0,,00005garden,C2 Error injection
injection_000556,00005garden,4,219,20,True,True,applied,0.0,1,,4,C2 Error injection,00005garden,4,219,True,True,applied,0.0,1,,4,sham,0.0,,00005garden,C2 Error injection
injection_000557,00005garden,15,230,5,True,True,applied,1.0,1,,24,C2 Error injection,00005garden,15,230,True,True,applied,0.0,1,,24,sham,1.0,,00005garden,C2 Error injection
injection_000557,00005garden,15,230,10,True,True,applied,1.0,1,,24,C2 Error injection,00005garden,15,230,True,True,applied,0.0,1,,24,sham,1.0,,00005garden,C2 Error injection
injection_000557,00005garden,15,230,20,True,True,applied,1.0,1,,24,C2 Error injection,00005garden,15,230,True,True,applied,0.0,1,,24,sham,1.0,,00005garden,C2 Error injection
injection_000558,00005garden,22,240,20,True,True,applied,1.0,1,,14,C2 Error injection,00005garden,22,240,True,True,applied,0.0,1,,14,sham,1.0,,00005garden,C2 Error injection
injection_000559,00005garden,2,248,1,True,True,applied,0.0,2,0.0,12,C2 Error injection,00005garden,2,248,True,True,applied,0.0,2,0.0,12,sham,0.0,0.0,00005garden,C2 Error injection
injection_000559,00005garden,2,248,2,True,True,applied,0.0,2,0.0,12,C2 Error injection,00005garden,2,248,True,True,applied,0.0,2,0.0,12,sham,0.0,0.0,00005garden,C2 Error injection
injection_000559,00005garden,2,248,5,True,True,applied,0.0,2,0.0,12,C2 Error injection,00005garden,2,248,True,True,applied,0.0,2,0.0,12,sham,0.0,0.0,00005garden,C2 Error injection
injection_000559,00005garden,2,248,10,True,True,applied,0.0,2,0.0,12,C2 Error injection,00005garden,2,248,True,True,applied,0.0,2,0.0,12,sham,0.0,0.0,00005garden,C2 Error injection
injection_000559,00005garden,2,248,20,True,True,applied,0.0,2,0.0,12,C2 Error injection,00005garden,2,248,True,True,applied,0.0,2,0.0,12,sham,0.0,0.0,00005garden,C2 Error injection
injection_000562,00005garden,8,248,1,True,True,applied,0.0,1,,13,C2 Error injection,00005garden,8,248,True,True,applied,0.0,1,,13,sham,0.0,,00005garden,C2 Error injection
injection_000562,00005garden,8,248,2,True,True,applied,0.0,1,,13,C2 Error injection,00005garden,8,248,True,True,applied,0.0,1,,13,sham,0.0,,00005garden,C2 Error injection
injection_000562,00005garden,8,248,5,True,True,applied,0.0,1,,13,C2 Error injection,00005garden,8,248,True,True,applied,0.0,1,,13,sham,0.0,,00005garden,C2 Error injection
injection_000562,00005garden,8,248,10,True,True,applied,0.0,1,,13,C2 Error injection,00005garden,8,248,True,True,applied,0.0,1,,13,sham,0.0,,00005garden,C2 Error injection
injection_000562,00005garden,8,248,20,True,True,applied,0.0,1,,13,C2 Error injection,00005garden,8,248,True,True,applied,0.0,1,,13,sham,0.0,,00005garden,C2 Error injection
injection_000570,00005garden,13,250,1,True,True,applied,1.0,1,,59,C2 Error injection,00005garden,13,250,True,True,applied,0.0,1,,59,sham,1.0,,00005garden,C2 Error injection
injection_000570,00005garden,13,250,2,True,True,applied,1.0,1,,59,C2 Error injection,00005garden,13,250,True,True,applied,0.0,1,,59,sham,1.0,,00005garden,C2 Error injection
injection_000570,00005garden,13,250,5,True,True,applied,1.0,1,,59,C2 Error injection,00005garden,13,250,True,True,applied,0.0,1,,59,sham,1.0,,00005garden,C2 Error injection
injection_000570,00005garden,13,250,10,True,True,applied,1.0,1,,59,C2 Error injection,00005garden,13,250,True,True,applied,0.0,1,,59,sham,1.0,,00005garden,C2 Error injection
injection_000572,00005garden,12,251,1,True,True,applied,0.0,1,,16,C2 Error injection,00005garden,12,251,True,True,applied,0.0,1,,16,sham,0.0,,00005garden,C2 Error injection
injection_000572,00005garden,12,251,2,True,True,applied,0.0,1,,16,C2 Error injection,00005garden,12,251,True,True,applied,0.0,1,,16,sham,0.0,,00005garden,C2 Error injection
injection_000572,00005garden,12,251,5,True,True,applied,0.0,1,,16,C2 Error injection,00005garden,12,251,True,True,applied,0.0,1,,16,sham,0.0,,00005garden,C2 Error injection
injection_000572,00005garden,12,251,10,True,True,applied,0.0,1,,16,C2 Error injection,00005garden,12,251,True,True,applied,0.0,1,,16,sham,0.0,,00005garden,C2 Error injection
injection_000572,00005garden,12,251,20,True,True,applied,0.0,1,,16,C2 Error injection,00005garden,12,251,True,True,applied,0.0,1,,16,sham,0.0,,00005garden,C2 Error injection
injection_000574,00005garden,21,252,1,True,True,applied,0.0,1,,19,C2 Error injection,00005garden,21,252,True,True,applied,0.0,1,,19,sham,0.0,,00005garden,C2 Error injection
injection_000574,00005garden,21,252,2,True,True,applied,0.0,1,,19,C2 Error injection,00005garden,21,252,True,True,applied,0.0,1,,19,sham,0.0,,00005garden,C2 Error injection
injection_000574,00005garden,21,252,5,True,True,applied,0.0,1,,19,C2 Error injection,00005garden,21,252,True,True,applied,0.0,1,,19,sham,0.0,,00005garden,C2 Error injection
injection_000574,00005garden,21,252,10,True,True,applied,0.0,1,,19,C2 Error injection,00005garden,21,252,True,True,applied,0.0,1,,19,sham,0.0,,00005garden,C2 Error injection
injection_000574,00005garden,21,252,20,True,True,applied,0.0,1,,19,C2 Error injection,00005garden,21,252,True,True,applied,0.0,1,,19,sham,0.0,,00005garden,C2 Error injection
injection_000575,00005garden,28,253,1,True,True,applied,1.0,1,,112,C2 Error injection,00005garden,28,253,True,True,applied,0.0,1,,112,sham,1.0,,00005garden,C2 Error injection
injection_000575,00005garden,28,253,2,True,True,applied,1.0,1,,112,C2 Error injection,00005garden,28,253,True,True,applied,0.0,1,,112,sham,1.0,,00005garden,C2 Error injection
injection_000575,00005garden,28,253,5,True,True,applied,1.0,1,,112,C2 Error injection,00005garden,28,253,True,True,applied,0.0,1,,112,sham,1.0,,00005garden,C2 Error injection
injection_000575,00005garden,28,253,10,True,True,applied,1.0,1,,112,C2 Error injection,00005garden,28,253,True,True,applied,0.0,1,,112,sham,1.0,,00005garden,C2 Error injection
injection_000576,00005garden,20,254,1,True,True,applied,1.0,1,,83,C2 Error injection,00005garden,20,254,True,True,applied,0.0,1,,83,sham,1.0,,00005garden,C2 Error injection
injection_000576,00005garden,20,254,2,True,True,applied,1.0,1,,83,C2 Error injection,00005garden,20,254,True,True,applied,0.0,1,,83,sham,1.0,,00005garden,C2 Error injection
injection_000576,00005garden,20,254,5,True,True,applied,1.0,1,,83,C2 Error injection,00005garden,20,254,True,True,applied,0.0,1,,83,sham,1.0,,00005garden,C2 Error injection
injection_000576,00005garden,20,254,10,True,True,applied,1.0,1,,83,C2 Error injection,00005garden,20,254,True,True,applied,0.0,1,,83,sham,1.0,,00005garden,C2 Error injection
injection_000576,00005garden,20,254,20,True,True,applied,1.0,1,,83,C2 Error injection,00005garden,20,254,True,True,applied,0.0,1,,83,sham,1.0,,00005garden,C2 Error injection
injection_000579,00005garden,4,260,1,True,True,applied,0.0,1,,4,C2 Error injection,00005garden,4,260,True,True,applied,0.0,1,,4,sham,0.0,,00005garden,C2 Error injection
injection_000579,00005garden,4,260,2,True,True,applied,0.0,1,,4,C2 Error injection,00005garden,4,260,True,True,applied,0.0,1,,4,sham,0.0,,00005garden,C2 Error injection
injection_000579,00005garden,4,260,5,True,True,applied,0.0,1,,4,C2 Error injection,00005garden,4,260,True,True,applied,0.0,1,,4,sham,0.0,,00005garden,C2 Error injection
injection_000579,00005garden,4,260,10,True,True,applied,0.0,1,,4,C2 Error injection,00005garden,4,260,True,True,applied,0.0,1,,4,sham,0.0,,00005garden,C2 Error injection
injection_000579,00005garden,4,260,20,True,True,applied,0.0,1,,4,C2 Error injection,00005garden,4,260,True,True,applied,0.0,1,,4,sham,0.0,,00005garden,C2 Error injection
injection_000581,00005garden,15,271,1,True,True,applied,1.0,1,,24,C2 Error injection,00005garden,15,271,True,True,applied,0.0,1,,24,sham,1.0,,00005garden,C2 Error injection
injection_000581,00005garden,15,271,2,True,True,applied,1.0,1,,24,C2 Error injection,00005garden,15,271,True,True,applied,0.0,1,,24,sham,1.0,,00005garden,C2 Error injection
injection_000581,00005garden,15,271,5,True,True,applied,1.0,1,,24,C2 Error injection,00005garden,15,271,True,True,applied,0.0,1,,24,sham,1.0,,00005garden,C2 Error injection
injection_000581,00005garden,15,271,10,True,True,applied,1.0,1,,24,C2 Error injection,00005garden,15,271,True,True,applied,0.0,1,,24,sham,1.0,,00005garden,C2 Error injection
injection_000581,00005garden,15,271,20,True,True,applied,1.0,1,,24,C2 Error injection,00005garden,15,271,True,True,applied,0.0,1,,24,sham,1.0,,00005garden,C2 Error injection
injection_000582,00005garden,27,274,1,True,True,applied,1.0,1,,161,C2 Error injection,00005garden,27,274,True,True,applied,0.0,1,,161,sham,1.0,,00005garden,C2 Error injection
injection_000582,00005garden,27,274,2,True,True,applied,1.0,1,,161,C2 Error injection,00005garden,27,274,True,True,applied,0.0,1,,161,sham,1.0,,00005garden,C2 Error injection
injection_000582,00005garden,27,274,5,True,True,applied,1.0,1,,161,C2 Error injection,00005garden,27,274,True,True,applied,0.0,1,,161,sham,1.0,,00005garden,C2 Error injection
injection_000583,00005garden,22,282,1,True,True,applied,1.0,1,,14,C2 Error injection,00005garden,22,282,True,True,applied,0.0,1,,14,sham,1.0,,00005garden,C2 Error injection
injection_000583,00005garden,22,282,2,True,True,applied,1.0,1,,14,C2 Error injection,00005garden,22,282,True,True,applied,0.0,1,,14,sham,1.0,,00005garden,C2 Error injection
injection_000583,00005garden,22,282,20,True,True,applied,1.0,1,,14,C2 Error injection,00005garden,22,282,True,True,applied,0.0,1,,14,sham,1.0,,00005garden,C2 Error injection
injection_000584,00005garden,29,288,1,True,True,applied,0.0,1,,11,C2 Error injection,00005garden,29,288,True,True,applied,0.0,1,,11,sham,0.0,,00005garden,C2 Error injection
injection_000584,00005garden,29,288,2,True,True,applied,0.0,1,,11,C2 Error injection,00005garden,29,288,True,True,applied,0.0,1,,11,sham,0.0,,00005garden,C2 Error injection
injection_000584,00005garden,29,288,5,True,True,applied,0.0,1,,11,C2 Error injection,00005garden,29,288,True,True,applied,0.0,1,,11,sham,0.0,,00005garden,C2 Error injection
injection_000584,00005garden,29,288,10,True,True,applied,0.0,1,,11,C2 Error injection,00005garden,29,288,True,True,applied,0.0,1,,11,sham,0.0,,00005garden,C2 Error injection
injection_000584,00005garden,29,288,20,True,True,applied,0.0,1,,11,C2 Error injection,00005garden,29,288,True,True,applied,0.0,1,,11,sham,0.0,,00005garden,C2 Error injection
injection_000585,00005garden,2,289,1,True,True,applied,0.0,2,0.0,12,C2 Error injection,00005garden,2,289,True,True,applied,0.0,2,0.0,12,sham,0.0,0.0,00005garden,C2 Error injection
injection_000585,00005garden,2,289,2,True,True,applied,0.0,2,0.0,12,C2 Error injection,00005garden,2,289,True,True,applied,0.0,2,0.0,12,sham,0.0,0.0,00005garden,C2 Error injection
injection_000585,00005garden,2,289,5,True,True,applied,0.0,2,0.0,12,C2 Error injection,00005garden,2,289,True,True,applied,0.0,2,0.0,12,sham,0.0,0.0,00005garden,C2 Error injection
injection_000585,00005garden,2,289,10,True,True,applied,0.0,2,0.0,12,C2 Error injection,00005garden,2,289,True,True,applied,0.0,2,0.0,12,sham,0.0,0.0,00005garden,C2 Error injection
injection_000585,00005garden,2,289,20,True,True,applied,0.0,2,0.0,12,C2 Error injection,00005garden,2,289,True,True,applied,0.0,2,0.0,12,sham,0.0,0.0,00005garden,C2 Error injection
injection_000586,00005garden,6,289,1,True,True,applied,0.0,1,,3,C2 Error injection,00005garden,6,289,True,True,applied,0.0,1,,3,sham,0.0,,00005garden,C2 Error injection
injection_000586,00005garden,6,289,2,True,True,applied,0.0,1,,3,C2 Error injection,00005garden,6,289,True,True,applied,0.0,1,,3,sham,0.0,,00005garden,C2 Error injection
injection_000586,00005garden,6,289,5,True,True,applied,0.0,1,,3,C2 Error injection,00005garden,6,289,True,True,applied,0.0,1,,3,sham,0.0,,00005garden,C2 Error injection
injection_000586,00005garden,6,289,10,True,True,applied,0.0,1,,3,C2 Error injection,00005garden,6,289,True,True,applied,0.0,1,,3,sham,0.0,,00005garden,C2 Error injection
injection_000586,00005garden,6,289,20,True,True,applied,0.0,1,,3,C2 Error injection,00005garden,6,289,True,True,applied,0.0,1,,3,sham,0.0,,00005garden,C2 Error injection
injection_000589,00005garden,10,289,1,True,True,applied,0.0,1,,17,C2 Error injection,00005garden,10,289,True,True,applied,0.0,1,,17,sham,0.0,,00005garden,C2 Error injection
injection_000589,00005garden,10,289,2,True,True,applied,0.0,1,,17,C2 Error injection,00005garden,10,289,True,True,applied,0.0,1,,17,sham,0.0,,00005garden,C2 Error injection
injection_000589,00005garden,10,289,5,True,True,applied,0.0,1,,17,C2 Error injection,00005garden,10,289,True,True,applied,0.0,1,,17,sham,0.0,,00005garden,C2 Error injection
injection_000589,00005garden,10,289,10,True,True,applied,0.0,1,,17,C2 Error injection,00005garden,10,289,True,True,applied,0.0,1,,17,sham,0.0,,00005garden,C2 Error injection
injection_000589,00005garden,10,289,20,True,True,applied,0.0,1,,17,C2 Error injection,00005garden,10,289,True,True,applied,0.0,1,,17,sham,0.0,,00005garden,C2 Error injection
injection_000596,00005garden,23,291,1,True,True,applied,1.0,1,,25,C2 Error injection,00005garden,23,291,True,True,applied,0.0,1,,25,sham,1.0,,00005garden,C2 Error injection
injection_000596,00005garden,23,291,2,True,True,applied,1.0,1,,25,C2 Error injection,00005garden,23,291,True,True,applied,0.0,1,,25,sham,1.0,,00005garden,C2 Error injection
injection_000596,00005garden,23,291,5,True,True,applied,1.0,1,,25,C2 Error injection,00005garden,23,291,True,True,applied,0.0,1,,25,sham,1.0,,00005garden,C2 Error injection
injection_000596,00005garden,23,291,10,True,True,applied,1.0,1,,25,C2 Error injection,00005garden,23,291,True,True,applied,0.0,1,,25,sham,1.0,,00005garden,C2 Error injection
injection_000596,00005garden,23,291,20,True,True,applied,1.0,1,,25,C2 Error injection,00005garden,23,291,True,True,applied,0.0,1,,25,sham,1.0,,00005garden,C2 Error injection
injection_000597,00005garden,13,291,1,True,True,applied,1.0,1,,59,C2 Error injection,00005garden,13,291,True,True,applied,0.0,1,,59,sham,1.0,,00005garden,C2 Error injection
injection_000597,00005garden,13,291,2,True,True,applied,1.0,1,,59,C2 Error injection,00005garden,13,291,True,True,applied,0.0,1,,59,sham,1.0,,00005garden,C2 Error injection
injection_000597,00005garden,13,291,5,True,True,applied,1.0,1,,59,C2 Error injection,00005garden,13,291,True,True,applied,0.0,1,,59,sham,1.0,,00005garden,C2 Error injection
injection_000597,00005garden,13,291,10,True,True,applied,1.0,1,,59,C2 Error injection,00005garden,13,291,True,True,applied,0.0,1,,59,sham,1.0,,00005garden,C2 Error injection
injection_000597,00005garden,13,291,20,True,True,applied,1.0,1,,59,C2 Error injection,00005garden,13,291,True,True,applied,0.0,1,,59,sham,1.0,,00005garden,C2 Error injection
injection_000598,00005garden,12,292,1,True,True,applied,0.0,1,,16,C2 Error injection,00005garden,12,292,True,True,applied,0.0,1,,16,sham,0.0,,00005garden,C2 Error injection
injection_000598,00005garden,12,292,2,True,True,applied,0.0,1,,16,C2 Error injection,00005garden,12,292,True,True,applied,0.0,1,,16,sham,0.0,,00005garden,C2 Error injection
injection_000598,00005garden,12,292,5,True,True,applied,0.0,1,,16,C2 Error injection,00005garden,12,292,True,True,applied,0.0,1,,16,sham,0.0,,00005garden,C2 Error injection
injection_000598,00005garden,12,292,10,True,True,applied,0.0,1,,16,C2 Error injection,00005garden,12,292,True,True,applied,0.0,1,,16,sham,0.0,,00005garden,C2 Error injection
injection_000598,00005garden,12,292,20,True,True,applied,0.0,1,,16,C2 Error injection,00005garden,12,292,True,True,applied,0.0,1,,16,sham,0.0,,00005garden,C2 Error injection
injection_000599,00005garden,21,293,1,True,True,applied,0.0,1,,19,C2 Error injection,00005garden,21,293,True,True,applied,0.0,1,,19,sham,0.0,,00005garden,C2 Error injection
injection_000599,00005garden,21,293,2,True,True,applied,0.0,1,,19,C2 Error injection,00005garden,21,293,True,True,applied,0.0,1,,19,sham,0.0,,00005garden,C2 Error injection
injection_000599,00005garden,21,293,5,True,True,applied,0.0,1,,19,C2 Error injection,00005garden,21,293,True,True,applied,0.0,1,,19,sham,0.0,,00005garden,C2 Error injection
injection_000599,00005garden,21,293,10,True,True,applied,0.0,1,,19,C2 Error injection,00005garden,21,293,True,True,applied,0.0,1,,19,sham,0.0,,00005garden,C2 Error injection
injection_000600,00005garden,24,293,1,True,True,applied,1.0,1,,99,C2 Error injection,00005garden,24,293,True,True,applied,0.0,1,,99,sham,1.0,,00005garden,C2 Error injection
injection_000600,00005garden,24,293,2,True,True,applied,1.0,1,,99,C2 Error injection,00005garden,24,293,True,True,applied,0.0,1,,99,sham,1.0,,00005garden,C2 Error injection
injection_000600,00005garden,24,293,10,True,True,applied,1.0,1,,99,C2 Error injection,00005garden,24,293,True,True,applied,0.0,1,,99,sham,1.0,,00005garden,C2 Error injection
injection_000600,00005garden,24,293,20,True,True,applied,1.0,1,,99,C2 Error injection,00005garden,24,293,True,True,applied,0.0,1,,99,sham,1.0,,00005garden,C2 Error injection
injection_000601,00005garden,20,295,1,True,True,applied,1.0,1,,83,C2 Error injection,00005garden,20,295,True,True,applied,0.0,1,,83,sham,1.0,,00005garden,C2 Error injection
injection_000601,00005garden,20,295,2,True,True,applied,1.0,1,,83,C2 Error injection,00005garden,20,295,True,True,applied,0.0,1,,83,sham,1.0,,00005garden,C2 Error injection
injection_000601,00005garden,20,295,5,True,True,applied,1.0,1,,83,C2 Error injection,00005garden,20,295,True,True,applied,0.0,1,,83,sham,1.0,,00005garden,C2 Error injection
injection_000601,00005garden,20,295,10,True,True,applied,1.0,1,,83,C2 Error injection,00005garden,20,295,True,True,applied,0.0,1,,83,sham,1.0,,00005garden,C2 Error injection
injection_000601,00005garden,20,295,20,True,True,applied,1.0,1,,83,C2 Error injection,00005garden,20,295,True,True,applied,0.0,1,,83,sham,1.0,,00005garden,C2 Error injection
injection_000602,00005garden,5,298,1,True,True,applied,0.0,1,,1,C2 Error injection,00005garden,5,298,True,True,applied,0.0,1,,1,sham,0.0,,00005garden,C2 Error injection
injection_000602,00005garden,5,298,2,True,True,applied,0.0,1,,1,C2 Error injection,00005garden,5,298,True,True,applied,0.0,1,,1,sham,0.0,,00005garden,C2 Error injection
injection_000602,00005garden,5,298,5,True,True,applied,0.0,1,,1,C2 Error injection,00005garden,5,298,True,True,applied,0.0,1,,1,sham,0.0,,00005garden,C2 Error injection
injection_000602,00005garden,5,298,10,True,True,applied,0.0,1,,1,C2 Error injection,00005garden,5,298,True,True,applied,0.0,1,,1,sham,0.0,,00005garden,C2 Error injection
injection_000602,00005garden,5,298,20,True,True,applied,0.0,1,,1,C2 Error injection,00005garden,5,298,True,True,applied,0.0,1,,1,sham,0.0,,00005garden,C2 Error injection
injection_000604,00005garden,4,301,1,True,True,applied,0.0,1,,4,C2 Error injection,00005garden,4,301,True,True,applied,0.0,1,,4,sham,0.0,,00005garden,C2 Error injection
injection_000604,00005garden,4,301,2,True,True,applied,0.0,1,,4,C2 Error injection,00005garden,4,301,True,True,applied,0.0,1,,4,sham,0.0,,00005garden,C2 Error injection
injection_000604,00005garden,4,301,5,True,True,applied,0.0,1,,4,C2 Error injection,00005garden,4,301,True,True,applied,0.0,1,,4,sham,0.0,,00005garden,C2 Error injection
injection_000604,00005garden,4,301,10,True,True,applied,0.0,1,,4,C2 Error injection,00005garden,4,301,True,True,applied,0.0,1,,4,sham,0.0,,00005garden,C2 Error injection
injection_000604,00005garden,4,301,20,True,True,applied,0.0,1,,4,C2 Error injection,00005garden,4,301,True,True,applied,0.0,1,,4,sham,0.0,,00005garden,C2 Error injection
injection_000606,00005garden,15,312,5,True,True,applied,1.0,1,,24,C2 Error injection,00005garden,15,312,True,True,applied,0.0,1,,24,sham,1.0,,00005garden,C2 Error injection
injection_000606,00005garden,15,312,10,True,True,applied,1.0,1,,24,C2 Error injection,00005garden,15,312,True,True,applied,0.0,1,,24,sham,1.0,,00005garden,C2 Error injection
injection_000607,00005garden,27,315,1,True,True,applied,1.0,1,,161,C2 Error injection,00005garden,27,315,True,True,applied,0.0,1,,161,sham,1.0,,00005garden,C2 Error injection
injection_000607,00005garden,27,315,2,True,True,applied,1.0,1,,161,C2 Error injection,00005garden,27,315,True,True,applied,0.0,1,,161,sham,1.0,,00005garden,C2 Error injection
injection_000607,00005garden,27,315,5,True,True,applied,1.0,1,,161,C2 Error injection,00005garden,27,315,True,True,applied,0.0,1,,161,sham,1.0,,00005garden,C2 Error injection
injection_000607,00005garden,27,315,10,True,True,applied,1.0,1,,161,C2 Error injection,00005garden,27,315,True,True,applied,0.0,1,,161,sham,1.0,,00005garden,C2 Error injection
injection_000607,00005garden,27,315,20,True,True,applied,1.0,1,,161,C2 Error injection,00005garden,27,315,True,True,applied,0.0,1,,161,sham,1.0,,00005garden,C2 Error injection
injection_000608,00005garden,28,320,1,True,True,applied,1.0,1,,112,C2 Error injection,00005garden,28,320,True,True,applied,0.0,1,,112,sham,1.0,,00005garden,C2 Error injection
injection_000608,00005garden,28,320,2,True,True,applied,1.0,1,,112,C2 Error injection,00005garden,28,320,True,True,applied,1.0,1,,112,sham,0.0,,00005garden,C2 Error injection
injection_000608,00005garden,28,320,5,True,True,applied,1.0,1,,112,C2 Error injection,00005garden,28,320,True,True,applied,0.0,1,,112,sham,1.0,,00005garden,C2 Error injection
injection_000608,00005garden,28,320,10,True,True,applied,1.0,1,,112,C2 Error injection,00005garden,28,320,True,True,applied,0.0,1,,112,sham,1.0,,00005garden,C2 Error injection
injection_000608,00005garden,28,320,20,True,True,applied,1.0,1,,112,C2 Error injection,00005garden,28,320,True,True,applied,0.0,1,,112,sham,1.0,,00005garden,C2 Error injection
injection_000623,00005garden,23,332,1,True,True,applied,1.0,1,,25,C2 Error injection,00005garden,23,332,True,True,applied,0.0,1,,25,sham,1.0,,00005garden,C2 Error injection
injection_000623,00005garden,23,332,2,True,True,applied,1.0,1,,25,C2 Error injection,00005garden,23,332,True,True,applied,0.0,1,,25,sham,1.0,,00005garden,C2 Error injection
injection_000623,00005garden,23,332,5,True,True,applied,1.0,1,,25,C2 Error injection,00005garden,23,332,True,True,applied,0.0,1,,25,sham,1.0,,00005garden,C2 Error injection
injection_000623,00005garden,23,332,10,True,True,applied,1.0,1,,25,C2 Error injection,00005garden,23,332,True,True,applied,0.0,1,,25,sham,1.0,,00005garden,C2 Error injection
injection_000623,00005garden,23,332,20,True,True,applied,1.0,1,,25,C2 Error injection,00005garden,23,332,True,True,applied,0.0,1,,25,sham,1.0,,00005garden,C2 Error injection
injection_000627,00005garden,5,339,1,True,True,applied,0.0,1,,1,C2 Error injection,00005garden,5,339,True,True,applied,0.0,1,,1,sham,0.0,,00005garden,C2 Error injection
injection_000627,00005garden,5,339,2,True,True,applied,0.0,1,,1,C2 Error injection,00005garden,5,339,True,True,applied,0.0,1,,1,sham,0.0,,00005garden,C2 Error injection
injection_000627,00005garden,5,339,5,True,True,applied,0.0,1,,1,C2 Error injection,00005garden,5,339,True,True,applied,0.0,1,,1,sham,0.0,,00005garden,C2 Error injection
injection_000627,00005garden,5,339,10,True,True,applied,0.0,1,,1,C2 Error injection,00005garden,5,339,True,True,applied,0.0,1,,1,sham,0.0,,00005garden,C2 Error injection
injection_000627,00005garden,5,339,20,True,True,applied,0.0,1,,1,C2 Error injection,00005garden,5,339,True,True,applied,0.0,1,,1,sham,0.0,,00005garden,C2 Error injection
injection_000628,00005garden,4,342,1,True,True,applied,0.0,1,,4,C2 Error injection,00005garden,4,342,True,True,applied,0.0,1,,4,sham,0.0,,00005garden,C2 Error injection
injection_000628,00005garden,4,342,2,True,True,applied,0.0,1,,4,C2 Error injection,00005garden,4,342,True,True,applied,0.0,1,,4,sham,0.0,,00005garden,C2 Error injection
injection_000628,00005garden,4,342,5,True,True,applied,0.0,1,,4,C2 Error injection,00005garden,4,342,True,True,applied,0.0,1,,4,sham,0.0,,00005garden,C2 Error injection
injection_000628,00005garden,4,342,10,True,True,applied,0.0,1,,4,C2 Error injection,00005garden,4,342,True,True,applied,0.0,1,,4,sham,0.0,,00005garden,C2 Error injection
injection_000629,00005garden,11,345,1,True,True,applied,0.0,1,,15,C2 Error injection,00005garden,11,345,True,True,applied,0.0,1,,15,sham,0.0,,00005garden,C2 Error injection
injection_000629,00005garden,11,345,2,True,True,applied,0.0,1,,15,C2 Error injection,00005garden,11,345,True,True,applied,0.0,1,,15,sham,0.0,,00005garden,C2 Error injection
injection_000629,00005garden,11,345,5,True,True,applied,0.0,1,,15,C2 Error injection,00005garden,11,345,True,True,applied,0.0,1,,15,sham,0.0,,00005garden,C2 Error injection
injection_000629,00005garden,11,345,10,True,True,applied,0.0,1,,15,C2 Error injection,00005garden,11,345,True,True,applied,0.0,1,,15,sham,0.0,,00005garden,C2 Error injection
injection_000629,00005garden,11,345,20,True,True,applied,0.0,1,,15,C2 Error injection,00005garden,11,345,True,True,applied,0.0,1,,15,sham,0.0,,00005garden,C2 Error injection
injection_000630,00005garden,24,351,5,True,True,applied,1.0,1,,99,C2 Error injection,00005garden,24,351,True,True,applied,0.0,1,,99,sham,1.0,,00005garden,C2 Error injection
injection_000630,00005garden,24,351,10,True,True,applied,1.0,1,,99,C2 Error injection,00005garden,24,351,True,True,applied,0.0,1,,99,sham,1.0,,00005garden,C2 Error injection
injection_000630,00005garden,24,351,20,True,True,applied,1.0,1,,99,C2 Error injection,00005garden,24,351,True,True,applied,0.0,1,,99,sham,1.0,,00005garden,C2 Error injection
injection_000631,00005garden,27,356,1,True,True,applied,1.0,1,,161,C2 Error injection,00005garden,27,356,True,True,applied,0.0,1,,161,sham,1.0,,00005garden,C2 Error injection
injection_000631,00005garden,27,356,2,True,True,applied,1.0,1,,161,C2 Error injection,00005garden,27,356,True,True,applied,0.0,1,,161,sham,1.0,,00005garden,C2 Error injection
injection_000631,00005garden,27,356,5,True,True,applied,1.0,1,,161,C2 Error injection,00005garden,27,356,True,True,applied,0.0,1,,161,sham,1.0,,00005garden,C2 Error injection
injection_000631,00005garden,27,356,10,True,True,applied,1.0,1,,161,C2 Error injection,00005garden,27,356,True,True,applied,0.0,1,,161,sham,1.0,,00005garden,C2 Error injection
injection_000631,00005garden,27,356,20,True,True,applied,1.0,1,,161,C2 Error injection,00005garden,27,356,True,True,applied,0.0,1,,161,sham,1.0,,00005garden,C2 Error injection
injection_000632,00005garden,28,361,1,True,True,applied,1.0,1,,112,C2 Error injection,00005garden,28,361,True,True,applied,0.0,1,,112,sham,1.0,,00005garden,C2 Error injection
injection_000632,00005garden,28,361,2,True,True,applied,1.0,1,,112,C2 Error injection,00005garden,28,361,True,True,applied,0.0,1,,112,sham,1.0,,00005garden,C2 Error injection
injection_000632,00005garden,28,361,5,True,True,applied,1.0,1,,112,C2 Error injection,00005garden,28,361,True,True,applied,0.0,1,,112,sham,1.0,,00005garden,C2 Error injection
injection_000632,00005garden,28,361,10,True,True,applied,1.0,1,,112,C2 Error injection,00005garden,28,361,True,True,applied,0.0,1,,112,sham,1.0,,00005garden,C2 Error injection
injection_000632,00005garden,28,361,20,True,True,applied,1.0,1,,112,C2 Error injection,00005garden,28,361,True,True,applied,0.0,1,,112,sham,1.0,,00005garden,C2 Error injection
injection_000634,00005garden,29,370,1,True,True,applied,0.0,1,,11,C2 Error injection,00005garden,29,370,True,True,applied,0.0,1,,11,sham,0.0,,00005garden,C2 Error injection
injection_000634,00005garden,29,370,2,True,True,applied,0.0,1,,11,C2 Error injection,00005garden,29,370,True,True,applied,0.0,1,,11,sham,0.0,,00005garden,C2 Error injection
injection_000634,00005garden,29,370,5,True,True,applied,0.0,1,,11,C2 Error injection,00005garden,29,370,True,True,applied,0.0,1,,11,sham,0.0,,00005garden,C2 Error injection
injection_000634,00005garden,29,370,10,True,True,applied,0.0,1,,11,C2 Error injection,00005garden,29,370,True,True,applied,0.0,1,,11,sham,0.0,,00005garden,C2 Error injection
injection_000634,00005garden,29,370,20,True,True,applied,0.0,1,,11,C2 Error injection,00005garden,29,370,True,True,applied,0.0,1,,11,sham,0.0,,00005garden,C2 Error injection
injection_000635,00005garden,1,371,1,True,True,applied,1.0,2,1.0,9,C2 Error injection,00005garden,1,371,True,True,applied,1.0,2,1.0,9,sham,0.0,0.0,00005garden,C2 Error injection
injection_000635,00005garden,1,371,2,True,True,applied,1.0,1,1.0,9,C2 Error injection,00005garden,1,371,True,True,applied,1.0,1,1.0,9,sham,0.0,0.0,00005garden,C2 Error injection
injection_000635,00005garden,1,371,5,True,True,applied,1.0,1,1.0,9,C2 Error injection,00005garden,1,371,True,True,applied,1.0,1,1.0,9,sham,0.0,0.0,00005garden,C2 Error injection
injection_000635,00005garden,1,371,10,True,True,applied,1.0,1,1.0,9,C2 Error injection,00005garden,1,371,True,True,applied,1.0,1,1.0,9,sham,0.0,0.0,00005garden,C2 Error injection
injection_000635,00005garden,1,371,20,True,True,applied,0.0,1,,9,C2 Error injection,00005garden,1,371,True,True,applied,0.0,1,,9,sham,0.0,,00005garden,C2 Error injection
injection_000643,00005garden,7,371,1,True,True,applied,0.0,1,,6,C2 Error injection,00005garden,7,371,True,True,applied,0.0,1,,6,sham,0.0,,00005garden,C2 Error injection
injection_000643,00005garden,7,371,2,True,True,applied,0.0,1,,6,C2 Error injection,00005garden,7,371,True,True,applied,0.0,1,,6,sham,0.0,,00005garden,C2 Error injection
injection_000643,00005garden,7,371,5,True,True,applied,0.0,1,,6,C2 Error injection,00005garden,7,371,True,True,applied,0.0,1,,6,sham,0.0,,00005garden,C2 Error injection
injection_000643,00005garden,7,371,10,True,True,applied,0.0,1,,6,C2 Error injection,00005garden,7,371,True,True,applied,0.0,1,,6,sham,0.0,,00005garden,C2 Error injection
injection_000643,00005garden,7,371,20,True,True,applied,0.0,1,,6,C2 Error injection,00005garden,7,371,True,True,applied,0.0,1,,6,sham,0.0,,00005garden,C2 Error injection
injection_000645,00005garden,3,373,1,True,True,applied,0.5,2,1.0,2,C2 Error injection,00005garden,3,373,True,True,applied,0.5,2,1.0,2,sham,0.0,0.0,00005garden,C2 Error injection
injection_000645,00005garden,3,373,2,True,True,applied,0.5,2,1.0,2,C2 Error injection,00005garden,3,373,True,True,applied,0.5,2,1.0,2,sham,0.0,0.0,00005garden,C2 Error injection
injection_000645,00005garden,3,373,5,True,True,applied,0.5,2,1.0,2,C2 Error injection,00005garden,3,373,True,True,applied,0.5,2,1.0,2,sham,0.0,0.0,00005garden,C2 Error injection
injection_000645,00005garden,3,373,10,True,True,applied,0.0,2,0.0,2,C2 Error injection,00005garden,3,373,True,True,applied,0.0,2,0.0,2,sham,0.0,0.0,00005garden,C2 Error injection
injection_000645,00005garden,3,373,20,True,True,applied,0.5,2,1.0,2,C2 Error injection,00005garden,3,373,True,True,applied,0.5,2,1.0,2,sham,0.0,0.0,00005garden,C2 Error injection
injection_000648,00005garden,12,374,1,True,True,applied,0.0,1,,16,C2 Error injection,00005garden,12,374,True,True,applied,0.0,1,,16,sham,0.0,,00005garden,C2 Error injection
injection_000648,00005garden,12,374,2,True,True,applied,0.0,1,,16,C2 Error injection,00005garden,12,374,True,True,applied,0.0,1,,16,sham,0.0,,00005garden,C2 Error injection
injection_000648,00005garden,12,374,5,True,True,applied,0.0,1,,16,C2 Error injection,00005garden,12,374,True,True,applied,0.0,1,,16,sham,0.0,,00005garden,C2 Error injection
injection_000648,00005garden,12,374,10,True,True,applied,0.0,1,,16,C2 Error injection,00005garden,12,374,True,True,applied,0.0,1,,16,sham,0.0,,00005garden,C2 Error injection
injection_000648,00005garden,12,374,20,True,True,applied,0.0,1,,16,C2 Error injection,00005garden,12,374,True,True,applied,0.0,1,,16,sham,0.0,,00005garden,C2 Error injection
injection_000649,00005garden,21,375,1,True,True,applied,0.0,1,,19,C2 Error injection,00005garden,21,375,True,True,applied,0.0,1,,19,sham,0.0,,00005garden,C2 Error injection
injection_000649,00005garden,21,375,2,True,True,applied,0.0,1,,19,C2 Error injection,00005garden,21,375,True,True,applied,0.0,1,,19,sham,0.0,,00005garden,C2 Error injection
injection_000649,00005garden,21,375,5,True,True,applied,0.0,1,,19,C2 Error injection,00005garden,21,375,True,True,applied,0.0,1,,19,sham,0.0,,00005garden,C2 Error injection
injection_000650,00005garden,20,377,1,True,True,applied,1.0,1,,83,C2 Error injection,00005garden,20,377,True,True,applied,0.0,1,,83,sham,1.0,,00005garden,C2 Error injection
injection_000650,00005garden,20,377,2,True,True,applied,1.0,1,,83,C2 Error injection,00005garden,20,377,True,True,applied,0.0,1,,83,sham,1.0,,00005garden,C2 Error injection
injection_000650,00005garden,20,377,5,True,True,applied,1.0,1,,83,C2 Error injection,00005garden,20,377,True,True,applied,0.0,1,,83,sham,1.0,,00005garden,C2 Error injection
injection_000650,00005garden,20,377,10,True,True,applied,1.0,1,,83,C2 Error injection,00005garden,20,377,True,True,applied,0.0,1,,83,sham,1.0,,00005garden,C2 Error injection
injection_000651,00005garden,5,380,1,True,True,applied,0.0,1,,1,C2 Error injection,00005garden,5,380,True,True,applied,0.0,1,,1,sham,0.0,,00005garden,C2 Error injection
injection_000651,00005garden,5,380,2,True,True,applied,0.0,1,,1,C2 Error injection,00005garden,5,380,True,True,applied,0.0,1,,1,sham,0.0,,00005garden,C2 Error injection
injection_000651,00005garden,5,380,5,True,True,applied,0.0,1,,1,C2 Error injection,00005garden,5,380,True,True,applied,0.0,1,,1,sham,0.0,,00005garden,C2 Error injection
injection_000651,00005garden,5,380,10,True,True,applied,0.0,1,,1,C2 Error injection,00005garden,5,380,True,True,applied,0.0,1,,1,sham,0.0,,00005garden,C2 Error injection
injection_000651,00005garden,5,380,20,True,True,applied,0.0,1,,1,C2 Error injection,00005garden,5,380,True,True,applied,0.0,1,,1,sham,0.0,,00005garden,C2 Error injection
injection_000652,00005garden,22,380,1,True,True,applied,1.0,1,,201,C2 Error injection,00005garden,22,380,True,True,applied,0.0,1,,201,sham,1.0,,00005garden,C2 Error injection
injection_000652,00005garden,22,380,2,True,True,applied,1.0,1,,201,C2 Error injection,00005garden,22,380,True,True,applied,0.0,1,,201,sham,1.0,,00005garden,C2 Error injection
injection_000652,00005garden,22,380,5,True,True,applied,1.0,1,,201,C2 Error injection,00005garden,22,380,True,True,applied,0.0,1,,201,sham,1.0,,00005garden,C2 Error injection
injection_000652,00005garden,22,380,10,True,True,applied,1.0,1,,201,C2 Error injection,00005garden,22,380,True,True,applied,0.0,1,,201,sham,1.0,,00005garden,C2 Error injection
injection_000652,00005garden,22,380,20,True,True,applied,1.0,1,,201,C2 Error injection,00005garden,22,380,True,True,applied,0.0,1,,201,sham,1.0,,00005garden,C2 Error injection
injection_000653,00005garden,4,383,1,True,True,applied,0.0,1,,4,C2 Error injection,00005garden,4,383,True,True,applied,0.0,1,,4,sham,0.0,,00005garden,C2 Error injection
injection_000653,00005garden,4,383,2,True,True,applied,0.0,1,,4,C2 Error injection,00005garden,4,383,True,True,applied,0.0,1,,4,sham,0.0,,00005garden,C2 Error injection
injection_000653,00005garden,4,383,5,True,True,applied,0.0,1,,4,C2 Error injection,00005garden,4,383,True,True,applied,0.0,1,,4,sham,0.0,,00005garden,C2 Error injection
injection_000653,00005garden,4,383,10,True,True,applied,0.0,1,,4,C2 Error injection,00005garden,4,383,True,True,applied,0.0,1,,4,sham,0.0,,00005garden,C2 Error injection
injection_000653,00005garden,4,383,20,True,True,applied,0.0,1,,4,C2 Error injection,00005garden,4,383,True,True,applied,0.0,1,,4,sham,0.0,,00005garden,C2 Error injection
injection_000655,00005garden,11,390,1,True,True,applied,0.0,1,,15,C2 Error injection,00005garden,11,390,True,True,applied,0.0,1,,15,sham,0.0,,00005garden,C2 Error injection
injection_000655,00005garden,11,390,2,True,True,applied,0.0,1,,15,C2 Error injection,00005garden,11,390,True,True,applied,0.0,1,,15,sham,0.0,,00005garden,C2 Error injection
injection_000655,00005garden,11,390,5,True,True,applied,0.0,1,,15,C2 Error injection,00005garden,11,390,True,True,applied,0.0,1,,15,sham,0.0,,00005garden,C2 Error injection
injection_000655,00005garden,11,390,10,True,True,applied,0.0,1,,15,C2 Error injection,00005garden,11,390,True,True,applied,0.0,1,,15,sham,0.0,,00005garden,C2 Error injection
injection_000655,00005garden,11,390,20,True,True,applied,0.0,1,,15,C2 Error injection,00005garden,11,390,True,True,applied,0.0,1,,15,sham,0.0,,00005garden,C2 Error injection
injection_000656,00005garden,24,392,1,True,True,applied,1.0,1,,99,C2 Error injection,00005garden,24,392,True,True,applied,0.0,1,,99,sham,1.0,,00005garden,C2 Error injection
injection_000656,00005garden,24,392,2,True,True,applied,1.0,1,,99,C2 Error injection,00005garden,24,392,True,True,applied,0.0,1,,99,sham,1.0,,00005garden,C2 Error injection
injection_000656,00005garden,24,392,5,True,True,applied,1.0,1,,99,C2 Error injection,00005garden,24,392,True,True,applied,0.0,1,,99,sham,1.0,,00005garden,C2 Error injection
injection_000656,00005garden,24,392,10,True,True,applied,1.0,1,,99,C2 Error injection,00005garden,24,392,True,True,applied,0.0,1,,99,sham,1.0,,00005garden,C2 Error injection
injection_000657,00005garden,27,397,1,True,True,applied,1.0,1,,161,C2 Error injection,00005garden,27,397,True,True,applied,0.0,1,,161,sham,1.0,,00005garden,C2 Error injection
injection_000657,00005garden,27,397,2,True,True,applied,1.0,1,,161,C2 Error injection,00005garden,27,397,True,True,applied,0.0,1,,161,sham,1.0,,00005garden,C2 Error injection
injection_000657,00005garden,27,397,5,True,True,applied,1.0,1,,161,C2 Error injection,00005garden,27,397,True,True,applied,0.0,1,,161,sham,1.0,,00005garden,C2 Error injection
injection_000657,00005garden,27,397,10,True,True,applied,1.0,1,,161,C2 Error injection,00005garden,27,397,True,True,applied,0.0,1,,161,sham,1.0,,00005garden,C2 Error injection
injection_000657,00005garden,27,397,20,True,True,applied,1.0,1,,161,C2 Error injection,00005garden,27,397,True,True,applied,0.0,1,,161,sham,1.0,,00005garden,C2 Error injection
injection_000658,00005garden,28,402,1,True,True,applied,1.0,1,,112,C2 Error injection,00005garden,28,402,True,True,applied,0.0,1,,112,sham,1.0,,00005garden,C2 Error injection
injection_000658,00005garden,28,402,2,True,True,applied,1.0,1,,112,C2 Error injection,00005garden,28,402,True,True,applied,0.0,1,,112,sham,1.0,,00005garden,C2 Error injection
injection_000658,00005garden,28,402,5,True,True,applied,1.0,1,,112,C2 Error injection,00005garden,28,402,True,True,applied,0.0,1,,112,sham,1.0,,00005garden,C2 Error injection
injection_000658,00005garden,28,402,10,True,True,applied,1.0,1,,112,C2 Error injection,00005garden,28,402,True,True,applied,0.0,1,,112,sham,1.0,,00005garden,C2 Error injection
injection_000658,00005garden,28,402,20,True,True,applied,1.0,1,,112,C2 Error injection,00005garden,28,402,True,True,applied,0.0,1,,112,sham,1.0,,00005garden,C2 Error injection
injection_000660,00005garden,29,411,1,True,True,applied,0.0,1,,11,C2 Error injection,00005garden,29,411,True,True,applied,0.0,1,,11,sham,0.0,,00005garden,C2 Error injection
injection_000660,00005garden,29,411,2,True,True,applied,0.0,1,,11,C2 Error injection,00005garden,29,411,True,True,applied,0.0,1,,11,sham,0.0,,00005garden,C2 Error injection
injection_000660,00005garden,29,411,5,True,True,applied,0.0,1,,11,C2 Error injection,00005garden,29,411,True,True,applied,0.0,1,,11,sham,0.0,,00005garden,C2 Error injection
injection_000660,00005garden,29,411,10,True,True,applied,0.0,1,,11,C2 Error injection,00005garden,29,411,True,True,applied,0.0,1,,11,sham,0.0,,00005garden,C2 Error injection
injection_000660,00005garden,29,411,20,True,True,applied,0.0,1,,11,C2 Error injection,00005garden,29,411,True,True,applied,0.0,1,,11,sham,0.0,,00005garden,C2 Error injection
injection_000661,00005garden,6,412,1,True,True,applied,0.0,1,,3,C2 Error injection,00005garden,6,412,True,True,applied,0.0,1,,3,sham,0.0,,00005garden,C2 Error injection
injection_000661,00005garden,6,412,2,True,True,applied,0.0,1,,3,C2 Error injection,00005garden,6,412,True,True,applied,0.0,1,,3,sham,0.0,,00005garden,C2 Error injection
injection_000661,00005garden,6,412,5,True,True,applied,0.0,1,,3,C2 Error injection,00005garden,6,412,True,True,applied,0.0,1,,3,sham,0.0,,00005garden,C2 Error injection
injection_000661,00005garden,6,412,10,True,True,applied,0.0,1,,3,C2 Error injection,00005garden,6,412,True,True,applied,0.0,1,,3,sham,0.0,,00005garden,C2 Error injection
injection_000661,00005garden,6,412,20,True,True,applied,0.0,1,,3,C2 Error injection,00005garden,6,412,True,True,applied,0.0,1,,3,sham,0.0,,00005garden,C2 Error injection
injection_000662,00005garden,8,412,1,True,True,applied,0.0,1,,13,C2 Error injection,00005garden,8,412,True,True,applied,0.0,1,,13,sham,0.0,,00005garden,C2 Error injection
injection_000662,00005garden,8,412,2,True,True,applied,0.0,1,,13,C2 Error injection,00005garden,8,412,True,True,applied,0.0,1,,13,sham,0.0,,00005garden,C2 Error injection
injection_000662,00005garden,8,412,5,True,True,applied,0.0,1,,13,C2 Error injection,00005garden,8,412,True,True,applied,0.0,1,,13,sham,0.0,,00005garden,C2 Error injection
injection_000662,00005garden,8,412,10,True,True,applied,0.0,1,,13,C2 Error injection,00005garden,8,412,True,True,applied,0.0,1,,13,sham,0.0,,00005garden,C2 Error injection
injection_000662,00005garden,8,412,20,True,True,applied,0.0,1,,13,C2 Error injection,00005garden,8,412,True,True,applied,0.0,1,,13,sham,0.0,,00005garden,C2 Error injection
injection_000663,00005garden,17,412,1,True,True,applied,0.0,1,,8,C2 Error injection,00005garden,17,412,True,True,applied,0.0,1,,8,sham,0.0,,00005garden,C2 Error injection
injection_000663,00005garden,17,412,2,True,True,applied,0.0,1,,8,C2 Error injection,00005garden,17,412,True,True,applied,0.0,1,,8,sham,0.0,,00005garden,C2 Error injection
injection_000663,00005garden,17,412,5,True,True,applied,0.0,1,,8,C2 Error injection,00005garden,17,412,True,True,applied,0.0,1,,8,sham,0.0,,00005garden,C2 Error injection
injection_000663,00005garden,17,412,10,True,True,applied,0.0,1,,8,C2 Error injection,00005garden,17,412,True,True,applied,0.0,1,,8,sham,0.0,,00005garden,C2 Error injection
injection_000663,00005garden,17,412,20,True,True,applied,0.0,1,,8,C2 Error injection,00005garden,17,412,True,True,applied,0.0,1,,8,sham,0.0,,00005garden,C2 Error injection
injection_000667,00005garden,7,412,1,True,True,applied,0.0,1,,6,C2 Error injection,00005garden,7,412,True,True,applied,0.0,1,,6,sham,0.0,,00005garden,C2 Error injection
injection_000667,00005garden,7,412,2,True,True,applied,0.0,1,,6,C2 Error injection,00005garden,7,412,True,True,applied,0.0,1,,6,sham,0.0,,00005garden,C2 Error injection
injection_000667,00005garden,7,412,5,True,True,applied,0.0,1,,6,C2 Error injection,00005garden,7,412,True,True,applied,0.0,1,,6,sham,0.0,,00005garden,C2 Error injection
injection_000667,00005garden,7,412,10,True,True,applied,0.0,1,,6,C2 Error injection,00005garden,7,412,True,True,applied,0.0,1,,6,sham,0.0,,00005garden,C2 Error injection
injection_000667,00005garden,7,412,20,True,True,applied,0.0,1,,6,C2 Error injection,00005garden,7,412,True,True,applied,0.0,1,,6,sham,0.0,,00005garden,C2 Error injection
injection_000670,00005garden,2,412,1,True,True,applied,0.0,1,,12,C2 Error injection,00005garden,2,412,True,True,applied,0.0,1,,12,sham,0.0,,00005garden,C2 Error injection
injection_000670,00005garden,2,412,2,True,True,applied,0.0,1,,12,C2 Error injection,00005garden,2,412,True,True,applied,0.0,1,,12,sham,0.0,,00005garden,C2 Error injection
injection_000670,00005garden,2,412,5,True,True,applied,0.0,1,,12,C2 Error injection,00005garden,2,412,True,True,applied,0.0,1,,12,sham,0.0,,00005garden,C2 Error injection
injection_000670,00005garden,2,412,10,True,True,applied,0.0,1,,12,C2 Error injection,00005garden,2,412,True,True,applied,0.0,1,,12,sham,0.0,,00005garden,C2 Error injection
injection_000670,00005garden,2,412,20,True,True,applied,0.0,1,,12,C2 Error injection,00005garden,2,412,True,True,applied,0.0,1,,12,sham,0.0,,00005garden,C2 Error injection
injection_000671,00005garden,3,414,1,True,True,applied,0.0,2,0.0,2,C2 Error injection,00005garden,3,414,True,True,applied,0.0,2,0.0,2,sham,0.0,0.0,00005garden,C2 Error injection
injection_000671,00005garden,3,414,2,True,True,applied,0.0,2,0.0,2,C2 Error injection,00005garden,3,414,True,True,applied,0.0,2,0.0,2,sham,0.0,0.0,00005garden,C2 Error injection
injection_000671,00005garden,3,414,5,True,True,applied,0.0,2,0.0,2,C2 Error injection,00005garden,3,414,True,True,applied,0.0,2,0.0,2,sham,0.0,0.0,00005garden,C2 Error injection
injection_000671,00005garden,3,414,10,True,True,applied,0.0,2,0.0,2,C2 Error injection,00005garden,3,414,True,True,applied,0.0,2,0.0,2,sham,0.0,0.0,00005garden,C2 Error injection
injection_000671,00005garden,3,414,20,True,True,applied,0.0,2,0.0,2,C2 Error injection,00005garden,3,414,True,True,applied,0.0,2,0.0,2,sham,0.0,0.0,00005garden,C2 Error injection
injection_000673,00005garden,13,414,1,True,True,applied,1.0,1,,59,C2 Error injection,00005garden,13,414,True,True,applied,0.0,1,,59,sham,1.0,,00005garden,C2 Error injection
injection_000673,00005garden,13,414,2,True,True,applied,1.0,1,,59,C2 Error injection,00005garden,13,414,True,True,applied,0.0,1,,59,sham,1.0,,00005garden,C2 Error injection
injection_000673,00005garden,13,414,5,True,True,applied,1.0,1,,59,C2 Error injection,00005garden,13,414,True,True,applied,0.0,1,,59,sham,1.0,,00005garden,C2 Error injection
injection_000673,00005garden,13,414,10,True,True,applied,1.0,1,,59,C2 Error injection,00005garden,13,414,True,True,applied,0.0,1,,59,sham,1.0,,00005garden,C2 Error injection
injection_000673,00005garden,13,414,20,True,True,applied,1.0,1,,59,C2 Error injection,00005garden,13,414,True,True,applied,0.0,1,,59,sham,1.0,,00005garden,C2 Error injection
injection_000678,00005garden,4,424,1,True,True,applied,0.0,1,,4,C2 Error injection,00005garden,4,424,True,True,applied,0.0,1,,4,sham,0.0,,00005garden,C2 Error injection
injection_000678,00005garden,4,424,2,True,True,applied,0.0,1,,4,C2 Error injection,00005garden,4,424,True,True,applied,0.0,1,,4,sham,0.0,,00005garden,C2 Error injection
injection_000678,00005garden,4,424,5,True,True,applied,0.0,1,,4,C2 Error injection,00005garden,4,424,True,True,applied,1.0,1,,4,sham,-1.0,,00005garden,C2 Error injection
injection_000678,00005garden,4,424,10,True,True,applied,1.0,1,,4,C2 Error injection,00005garden,4,424,True,True,applied,1.0,1,,4,sham,0.0,,00005garden,C2 Error injection
injection_000678,00005garden,4,424,20,True,True,applied,0.0,1,,4,C2 Error injection,00005garden,4,424,True,True,applied,0.0,1,,4,sham,0.0,,00005garden,C2 Error injection
injection_000685,00005garden,28,443,1,True,True,applied,1.0,1,,112,C2 Error injection,00005garden,28,443,True,True,applied,0.0,1,,112,sham,1.0,,00005garden,C2 Error injection
injection_000685,00005garden,28,443,2,True,True,applied,1.0,1,,112,C2 Error injection,00005garden,28,443,True,True,applied,0.0,1,,112,sham,1.0,,00005garden,C2 Error injection
injection_000685,00005garden,28,443,10,True,True,applied,1.0,1,,112,C2 Error injection,00005garden,28,443,True,True,applied,0.0,1,,112,sham,1.0,,00005garden,C2 Error injection
injection_000685,00005garden,28,443,20,True,True,applied,1.0,1,,112,C2 Error injection,00005garden,28,443,True,True,applied,0.0,1,,112,sham,1.0,,00005garden,C2 Error injection
injection_000688,00005garden,1,453,1,True,True,applied,0.0,1,,9,C2 Error injection,00005garden,1,453,True,True,applied,0.0,1,,9,sham,0.0,,00005garden,C2 Error injection
injection_000688,00005garden,1,453,2,True,True,applied,0.0,1,,9,C2 Error injection,00005garden,1,453,True,True,applied,0.0,1,,9,sham,0.0,,00005garden,C2 Error injection
injection_000688,00005garden,1,453,5,True,True,applied,0.0,1,,9,C2 Error injection,00005garden,1,453,True,True,applied,0.0,1,,9,sham,0.0,,00005garden,C2 Error injection
injection_000688,00005garden,1,453,10,True,True,applied,0.0,1,,9,C2 Error injection,00005garden,1,453,True,True,applied,0.0,1,,9,sham,0.0,,00005garden,C2 Error injection
injection_000688,00005garden,1,453,20,True,True,applied,0.0,1,,9,C2 Error injection,00005garden,1,453,True,True,applied,0.0,1,,9,sham,0.0,,00005garden,C2 Error injection
injection_000690,00005garden,19,453,1,True,True,applied,0.0,1,,5,C2 Error injection,00005garden,19,453,True,True,applied,0.0,1,,5,sham,0.0,,00005garden,C2 Error injection
injection_000690,00005garden,19,453,2,True,True,applied,0.0,1,,5,C2 Error injection,00005garden,19,453,True,True,applied,0.0,1,,5,sham,0.0,,00005garden,C2 Error injection
injection_000690,00005garden,19,453,5,True,True,applied,0.0,1,,5,C2 Error injection,00005garden,19,453,True,True,applied,0.0,1,,5,sham,0.0,,00005garden,C2 Error injection
injection_000690,00005garden,19,453,10,True,True,applied,0.0,1,,5,C2 Error injection,00005garden,19,453,True,True,applied,0.0,1,,5,sham,0.0,,00005garden,C2 Error injection
injection_000690,00005garden,19,453,20,True,True,applied,0.0,1,,5,C2 Error injection,00005garden,19,453,True,True,applied,0.0,1,,5,sham,0.0,,00005garden,C2 Error injection
injection_000695,00005garden,2,453,1,True,True,applied,0.0,1,,12,C2 Error injection,00005garden,2,453,True,True,applied,0.0,1,,12,sham,0.0,,00005garden,C2 Error injection
injection_000695,00005garden,2,453,2,True,True,applied,0.0,1,,12,C2 Error injection,00005garden,2,453,True,True,applied,0.0,1,,12,sham,0.0,,00005garden,C2 Error injection
injection_000695,00005garden,2,453,5,True,True,applied,0.0,1,,12,C2 Error injection,00005garden,2,453,True,True,applied,0.0,1,,12,sham,0.0,,00005garden,C2 Error injection
injection_000695,00005garden,2,453,10,True,True,applied,0.0,1,,12,C2 Error injection,00005garden,2,453,True,True,applied,0.0,1,,12,sham,0.0,,00005garden,C2 Error injection
injection_000695,00005garden,2,453,20,True,True,applied,0.0,1,,12,C2 Error injection,00005garden,2,453,True,True,applied,0.0,1,,12,sham,0.0,,00005garden,C2 Error injection
injection_000696,00005garden,3,455,1,True,True,applied,0.0,1,,2,C2 Error injection,00005garden,3,455,True,True,applied,0.0,1,,2,sham,0.0,,00005garden,C2 Error injection
injection_000696,00005garden,3,455,2,True,True,applied,0.0,1,,2,C2 Error injection,00005garden,3,455,True,True,applied,0.0,1,,2,sham,0.0,,00005garden,C2 Error injection
injection_000696,00005garden,3,455,5,True,True,applied,0.0,1,,2,C2 Error injection,00005garden,3,455,True,True,applied,0.0,1,,2,sham,0.0,,00005garden,C2 Error injection
injection_000696,00005garden,3,455,10,True,True,applied,0.0,1,,2,C2 Error injection,00005garden,3,455,True,True,applied,0.0,1,,2,sham,0.0,,00005garden,C2 Error injection
injection_000696,00005garden,3,455,20,True,True,applied,0.0,1,,2,C2 Error injection,00005garden,3,455,True,True,applied,0.0,1,,2,sham,0.0,,00005garden,C2 Error injection
injection_000698,00005garden,23,455,1,True,True,applied,1.0,1,,25,C2 Error injection,00005garden,23,455,True,True,applied,0.0,1,,25,sham,1.0,,00005garden,C2 Error injection
injection_000698,00005garden,23,455,2,True,True,applied,1.0,1,,25,C2 Error injection,00005garden,23,455,True,True,applied,0.0,1,,25,sham,1.0,,00005garden,C2 Error injection
injection_000698,00005garden,23,455,5,True,True,applied,1.0,1,,25,C2 Error injection,00005garden,23,455,True,True,applied,0.0,1,,25,sham,1.0,,00005garden,C2 Error injection
injection_000698,00005garden,23,455,10,True,True,applied,1.0,1,,25,C2 Error injection,00005garden,23,455,True,True,applied,0.0,1,,25,sham,1.0,,00005garden,C2 Error injection
injection_000698,00005garden,23,455,20,True,True,applied,1.0,1,,25,C2 Error injection,00005garden,23,455,True,True,applied,0.0,1,,25,sham,1.0,,00005garden,C2 Error injection
injection_000701,00005garden,4,470,1,True,True,applied,1.0,1,,4,C2 Error injection,00005garden,4,470,True,True,applied,0.0,1,,4,sham,1.0,,00005garden,C2 Error injection
injection_000701,00005garden,4,470,2,True,True,applied,1.0,1,,4,C2 Error injection,00005garden,4,470,True,True,applied,1.0,1,,4,sham,0.0,,00005garden,C2 Error injection
injection_000701,00005garden,4,470,5,True,True,applied,1.0,1,,4,C2 Error injection,00005garden,4,470,True,True,applied,1.0,1,,4,sham,0.0,,00005garden,C2 Error injection
injection_000701,00005garden,4,470,10,True,True,applied,0.0,1,,4,C2 Error injection,00005garden,4,470,True,True,applied,0.0,1,,4,sham,0.0,,00005garden,C2 Error injection
injection_000701,00005garden,4,470,20,True,True,applied,1.0,1,,4,C2 Error injection,00005garden,4,470,True,True,applied,1.0,1,,4,sham,0.0,,00005garden,C2 Error injection
injection_000702,00005garden,7,471,1,True,True,applied,1.0,1,,6,C2 Error injection,00005garden,7,471,True,True,applied,0.0,1,,6,sham,1.0,,00005garden,C2 Error injection
injection_000702,00005garden,7,471,2,True,True,applied,0.0,1,,6,C2 Error injection,00005garden,7,471,True,True,applied,0.0,1,,6,sham,0.0,,00005garden,C2 Error injection
injection_000702,00005garden,7,471,5,True,True,applied,0.0,1,,6,C2 Error injection,00005garden,7,471,True,True,applied,0.0,1,,6,sham,0.0,,00005garden,C2 Error injection
injection_000702,00005garden,7,471,10,True,True,applied,0.0,1,,6,C2 Error injection,00005garden,7,471,True,True,applied,0.0,1,,6,sham,0.0,,00005garden,C2 Error injection
injection_000702,00005garden,7,471,20,True,True,applied,0.0,1,,6,C2 Error injection,00005garden,7,471,True,True,applied,0.0,1,,6,sham,0.0,,00005garden,C2 Error injection
injection_000703,00005garden,11,474,1,True,True,applied,0.0,1,,15,C2 Error injection,00005garden,11,474,True,True,applied,0.0,1,,15,sham,0.0,,00005garden,C2 Error injection
injection_000703,00005garden,11,474,2,True,True,applied,0.0,1,,15,C2 Error injection,00005garden,11,474,True,True,applied,0.0,1,,15,sham,0.0,,00005garden,C2 Error injection
injection_000703,00005garden,11,474,5,True,True,applied,1.0,1,,15,C2 Error injection,00005garden,11,474,True,True,applied,1.0,1,,15,sham,0.0,,00005garden,C2 Error injection
injection_000703,00005garden,11,474,10,True,True,applied,0.0,1,,15,C2 Error injection,00005garden,11,474,True,True,applied,0.0,1,,15,sham,0.0,,00005garden,C2 Error injection
injection_000703,00005garden,11,474,20,True,True,applied,1.0,1,,15,C2 Error injection,00005garden,11,474,True,True,applied,1.0,1,,15,sham,0.0,,00005garden,C2 Error injection
injection_000704,00005garden,24,475,20,True,True,applied,1.0,1,,99,C2 Error injection,00005garden,24,475,True,True,applied,0.0,1,,99,sham,1.0,,00005garden,C2 Error injection
injection_000705,00005garden,20,478,5,True,True,applied,1.0,1,,83,C2 Error injection,00005garden,20,478,True,True,applied,0.0,1,,83,sham,1.0,,00005garden,C2 Error injection
injection_000705,00005garden,20,478,10,True,True,applied,1.0,1,,83,C2 Error injection,00005garden,20,478,True,True,applied,0.0,1,,83,sham,1.0,,00005garden,C2 Error injection
injection_000705,00005garden,20,478,20,True,True,applied,1.0,1,,83,C2 Error injection,00005garden,20,478,True,True,applied,0.0,1,,83,sham,1.0,,00005garden,C2 Error injection
injection_000706,00005garden,27,479,1,True,True,applied,1.0,1,,161,C2 Error injection,00005garden,27,479,True,True,applied,0.0,1,,161,sham,1.0,,00005garden,C2 Error injection
injection_000706,00005garden,27,479,2,True,True,applied,1.0,1,,161,C2 Error injection,00005garden,27,479,True,True,applied,0.0,1,,161,sham,1.0,,00005garden,C2 Error injection
injection_000706,00005garden,27,479,5,True,True,applied,1.0,1,,161,C2 Error injection,00005garden,27,479,True,True,applied,0.0,1,,161,sham,1.0,,00005garden,C2 Error injection
injection_000706,00005garden,27,479,10,True,True,applied,1.0,1,,161,C2 Error injection,00005garden,27,479,True,True,applied,0.0,1,,161,sham,1.0,,00005garden,C2 Error injection
injection_000706,00005garden,27,479,20,True,True,applied,1.0,1,,161,C2 Error injection,00005garden,27,479,True,True,applied,0.0,1,,161,sham,1.0,,00005garden,C2 Error injection
injection_000707,00005garden,25,482,1,True,True,applied,1.0,1,,245,C2 Error injection,00005garden,25,482,True,True,applied,0.0,1,,245,sham,1.0,,00005garden,C2 Error injection
injection_000707,00005garden,25,482,5,True,True,applied,1.0,1,,245,C2 Error injection,00005garden,25,482,True,True,applied,0.0,1,,245,sham,1.0,,00005garden,C2 Error injection
injection_000707,00005garden,25,482,20,True,True,applied,1.0,1,,245,C2 Error injection,00005garden,25,482,True,True,applied,0.0,1,,245,sham,1.0,,00005garden,C2 Error injection
injection_000708,00005garden,28,484,1,True,True,applied,1.0,1,,112,C2 Error injection,00005garden,28,484,True,True,applied,0.0,1,,112,sham,1.0,,00005garden,C2 Error injection
injection_000708,00005garden,28,484,2,True,True,applied,1.0,1,,112,C2 Error injection,00005garden,28,484,True,True,applied,0.0,1,,112,sham,1.0,,00005garden,C2 Error injection
injection_000708,00005garden,28,484,5,True,True,applied,1.0,1,,112,C2 Error injection,00005garden,28,484,True,True,applied,0.0,1,,112,sham,1.0,,00005garden,C2 Error injection
injection_000708,00005garden,28,484,10,True,True,applied,1.0,1,,112,C2 Error injection,00005garden,28,484,True,True,applied,0.0,1,,112,sham,1.0,,00005garden,C2 Error injection
injection_000708,00005garden,28,484,20,True,True,applied,1.0,1,,112,C2 Error injection,00005garden,28,484,True,True,applied,0.0,1,,112,sham,1.0,,00005garden,C2 Error injection
injection_000711,00005garden,1,494,1,True,True,applied,0.0,1,,9,C2 Error injection,00005garden,1,494,True,True,applied,0.0,1,,9,sham,0.0,,00005garden,C2 Error injection
injection_000711,00005garden,1,494,2,True,True,applied,0.0,1,,9,C2 Error injection,00005garden,1,494,True,True,applied,0.0,1,,9,sham,0.0,,00005garden,C2 Error injection
injection_000711,00005garden,1,494,5,True,True,applied,0.0,1,,9,C2 Error injection,00005garden,1,494,True,True,applied,0.0,1,,9,sham,0.0,,00005garden,C2 Error injection
injection_000711,00005garden,1,494,10,True,True,applied,0.0,1,,9,C2 Error injection,00005garden,1,494,True,True,applied,0.0,1,,9,sham,0.0,,00005garden,C2 Error injection
injection_000711,00005garden,1,494,20,True,True,applied,0.0,1,,9,C2 Error injection,00005garden,1,494,True,True,applied,0.0,1,,9,sham,0.0,,00005garden,C2 Error injection
injection_000713,00005garden,17,494,1,True,True,applied,0.0,1,,8,C2 Error injection,00005garden,17,494,True,True,applied,0.0,1,,8,sham,0.0,,00005garden,C2 Error injection
injection_000713,00005garden,17,494,2,True,True,applied,0.0,1,,8,C2 Error injection,00005garden,17,494,True,True,applied,0.0,1,,8,sham,0.0,,00005garden,C2 Error injection
injection_000713,00005garden,17,494,5,True,True,applied,0.0,1,,8,C2 Error injection,00005garden,17,494,True,True,applied,0.0,1,,8,sham,0.0,,00005garden,C2 Error injection
injection_000713,00005garden,17,494,10,True,True,applied,0.0,1,,8,C2 Error injection,00005garden,17,494,True,True,applied,0.0,1,,8,sham,0.0,,00005garden,C2 Error injection
injection_000713,00005garden,17,494,20,True,True,applied,0.0,1,,8,C2 Error injection,00005garden,17,494,True,True,applied,0.0,1,,8,sham,0.0,,00005garden,C2 Error injection
injection_000719,00005garden,2,494,1,True,True,applied,0.0,1,,12,C2 Error injection,00005garden,2,494,True,True,applied,0.0,1,,12,sham,0.0,,00005garden,C2 Error injection
injection_000719,00005garden,2,494,2,True,True,applied,0.0,1,,12,C2 Error injection,00005garden,2,494,True,True,applied,0.0,1,,12,sham,0.0,,00005garden,C2 Error injection
injection_000719,00005garden,2,494,5,True,True,applied,1.0,1,,12,C2 Error injection,00005garden,2,494,True,True,applied,1.0,1,,12,sham,0.0,,00005garden,C2 Error injection
injection_000721,00005garden,23,496,1,True,True,applied,1.0,1,,25,C2 Error injection,00005garden,23,496,True,True,applied,0.0,1,,25,sham,1.0,,00005garden,C2 Error injection
injection_000721,00005garden,23,496,2,True,True,applied,1.0,1,,25,C2 Error injection,00005garden,23,496,True,True,applied,0.0,1,,25,sham,1.0,,00005garden,C2 Error injection
injection_000721,00005garden,23,496,5,True,True,applied,1.0,1,,25,C2 Error injection,00005garden,23,496,True,True,applied,0.0,1,,25,sham,1.0,,00005garden,C2 Error injection
injection_000721,00005garden,23,496,10,True,True,applied,1.0,1,,25,C2 Error injection,00005garden,23,496,True,True,applied,0.0,1,,25,sham,1.0,,00005garden,C2 Error injection
injection_000721,00005garden,23,496,20,True,True,applied,1.0,1,,25,C2 Error injection,00005garden,23,496,True,True,applied,0.0,1,,25,sham,1.0,,00005garden,C2 Error injection
injection_000722,00005garden,13,497,1,True,True,applied,1.0,1,,59,C2 Error injection,00005garden,13,497,True,True,applied,0.0,1,,59,sham,1.0,,00005garden,C2 Error injection
injection_000722,00005garden,13,497,2,True,True,applied,1.0,1,,59,C2 Error injection,00005garden,13,497,True,True,applied,0.0,1,,59,sham,1.0,,00005garden,C2 Error injection
injection_000722,00005garden,13,497,5,True,True,applied,1.0,1,,59,C2 Error injection,00005garden,13,497,True,True,applied,0.0,1,,59,sham,1.0,,00005garden,C2 Error injection
injection_000722,00005garden,13,497,10,True,True,applied,1.0,1,,59,C2 Error injection,00005garden,13,497,True,True,applied,0.0,1,,59,sham,1.0,,00005garden,C2 Error injection
injection_000722,00005garden,13,497,20,True,True,applied,1.0,1,,59,C2 Error injection,00005garden,13,497,True,True,applied,0.0,1,,59,sham,1.0,,00005garden,C2 Error injection
injection_000724,00005garden,14,500,1,True,True,applied,1.0,1,,169,C2 Error injection,00005garden,14,500,True,True,applied,1.0,1,,169,sham,0.0,,00005garden,C2 Error injection
injection_000724,00005garden,14,500,2,True,True,applied,1.0,1,,169,C2 Error injection,00005garden,14,500,True,True,applied,1.0,1,,169,sham,0.0,,00005garden,C2 Error injection
injection_000724,00005garden,14,500,5,True,True,applied,1.0,1,,169,C2 Error injection,00005garden,14,500,True,True,applied,1.0,1,,169,sham,0.0,,00005garden,C2 Error injection
injection_000724,00005garden,14,500,10,True,True,applied,1.0,1,,169,C2 Error injection,00005garden,14,500,True,True,applied,1.0,1,,169,sham,0.0,,00005garden,C2 Error injection
injection_000724,00005garden,14,500,20,True,True,applied,1.0,1,,169,C2 Error injection,00005garden,14,500,True,True,applied,1.0,1,,169,sham,0.0,,00005garden,C2 Error injection
injection_000725,00005garden,4,511,1,True,True,applied,0.0,1,,4,C2 Error injection,00005garden,4,511,True,True,applied,0.0,1,,4,sham,0.0,,00005garden,C2 Error injection
injection_000725,00005garden,4,511,2,True,True,applied,0.0,1,,4,C2 Error injection,00005garden,4,511,True,True,applied,0.0,1,,4,sham,0.0,,00005garden,C2 Error injection
injection_000725,00005garden,4,511,5,True,True,applied,0.0,1,,4,C2 Error injection,00005garden,4,511,True,True,applied,0.0,1,,4,sham,0.0,,00005garden,C2 Error injection
injection_000725,00005garden,4,511,10,True,True,applied,0.0,1,,4,C2 Error injection,00005garden,4,511,True,True,applied,0.0,1,,4,sham,0.0,,00005garden,C2 Error injection
injection_000725,00005garden,4,511,20,True,True,applied,0.0,1,,4,C2 Error injection,00005garden,4,511,True,True,applied,0.0,1,,4,sham,0.0,,00005garden,C2 Error injection
injection_000726,00005garden,7,512,1,True,True,applied,0.0,1,,6,C2 Error injection,00005garden,7,512,True,True,applied,0.0,1,,6,sham,0.0,,00005garden,C2 Error injection
injection_000726,00005garden,7,512,2,True,True,applied,0.0,1,,6,C2 Error injection,00005garden,7,512,True,True,applied,0.0,1,,6,sham,0.0,,00005garden,C2 Error injection
injection_000726,00005garden,7,512,5,True,True,applied,0.0,1,,6,C2 Error injection,00005garden,7,512,True,True,applied,0.0,1,,6,sham,0.0,,00005garden,C2 Error injection
injection_000726,00005garden,7,512,10,True,True,applied,0.0,1,,6,C2 Error injection,00005garden,7,512,True,True,applied,0.0,1,,6,sham,0.0,,00005garden,C2 Error injection
injection_000726,00005garden,7,512,20,True,True,applied,0.0,1,,6,C2 Error injection,00005garden,7,512,True,True,applied,0.0,1,,6,sham,0.0,,00005garden,C2 Error injection
injection_000729,00005garden,27,520,1,True,True,applied,1.0,1,,161,C2 Error injection,00005garden,27,520,True,True,applied,0.0,1,,161,sham,1.0,,00005garden,C2 Error injection
injection_000729,00005garden,27,520,2,True,True,applied,1.0,1,,161,C2 Error injection,00005garden,27,520,True,True,applied,0.0,1,,161,sham,1.0,,00005garden,C2 Error injection
injection_000729,00005garden,27,520,5,True,True,applied,1.0,1,,161,C2 Error injection,00005garden,27,520,True,True,applied,0.0,1,,161,sham,1.0,,00005garden,C2 Error injection
injection_000729,00005garden,27,520,10,True,True,applied,1.0,1,,161,C2 Error injection,00005garden,27,520,True,True,applied,0.0,1,,161,sham,1.0,,00005garden,C2 Error injection
injection_000729,00005garden,27,520,20,True,True,applied,1.0,1,,161,C2 Error injection,00005garden,27,520,True,True,applied,0.0,1,,161,sham,1.0,,00005garden,C2 Error injection
injection_000730,00005garden,25,523,1,True,True,applied,1.0,1,,245,C2 Error injection,00005garden,25,523,True,True,applied,0.0,1,,245,sham,1.0,,00005garden,C2 Error injection
injection_000730,00005garden,25,523,2,True,True,applied,1.0,1,,245,C2 Error injection,00005garden,25,523,True,True,applied,0.0,1,,245,sham,1.0,,00005garden,C2 Error injection
injection_000730,00005garden,25,523,5,True,True,applied,1.0,1,,245,C2 Error injection,00005garden,25,523,True,True,applied,0.0,1,,245,sham,1.0,,00005garden,C2 Error injection
injection_000730,00005garden,25,523,10,True,True,applied,1.0,1,,245,C2 Error injection,00005garden,25,523,True,True,applied,0.0,1,,245,sham,1.0,,00005garden,C2 Error injection
injection_000730,00005garden,25,523,20,True,True,applied,1.0,1,,245,C2 Error injection,00005garden,25,523,True,True,applied,0.0,1,,245,sham,1.0,,00005garden,C2 Error injection
injection_000732,00005garden,15,528,1,True,True,applied,1.0,1,,24,C2 Error injection,00005garden,15,528,True,True,applied,0.0,1,,24,sham,1.0,,00005garden,C2 Error injection
injection_000732,00005garden,15,528,2,True,True,applied,1.0,1,,24,C2 Error injection,00005garden,15,528,True,True,applied,0.0,1,,24,sham,1.0,,00005garden,C2 Error injection
injection_000732,00005garden,15,528,5,True,True,applied,1.0,1,,24,C2 Error injection,00005garden,15,528,True,True,applied,0.0,1,,24,sham,1.0,,00005garden,C2 Error injection
injection_000732,00005garden,15,528,10,True,True,applied,1.0,1,,24,C2 Error injection,00005garden,15,528,True,True,applied,0.0,1,,24,sham,1.0,,00005garden,C2 Error injection
injection_000733,00005garden,29,534,1,True,True,applied,0.0,1,,11,C2 Error injection,00005garden,29,534,True,True,applied,0.0,1,,11,sham,0.0,,00005garden,C2 Error injection
injection_000733,00005garden,29,534,2,True,True,applied,0.0,1,,11,C2 Error injection,00005garden,29,534,True,True,applied,0.0,1,,11,sham,0.0,,00005garden,C2 Error injection
injection_000733,00005garden,29,534,5,True,True,applied,0.0,1,,11,C2 Error injection,00005garden,29,534,True,True,applied,0.0,1,,11,sham,0.0,,00005garden,C2 Error injection
injection_000733,00005garden,29,534,10,True,True,applied,0.0,1,,11,C2 Error injection,00005garden,29,534,True,True,applied,0.0,1,,11,sham,0.0,,00005garden,C2 Error injection
injection_000733,00005garden,29,534,20,True,True,applied,0.0,1,,11,C2 Error injection,00005garden,29,534,True,True,applied,0.0,1,,11,sham,0.0,,00005garden,C2 Error injection
injection_000734,00005garden,1,535,1,True,True,applied,0.0,1,,9,C2 Error injection,00005garden,1,535,True,True,applied,0.0,1,,9,sham,0.0,,00005garden,C2 Error injection
injection_000734,00005garden,1,535,2,True,True,applied,0.0,1,,9,C2 Error injection,00005garden,1,535,True,True,applied,0.0,1,,9,sham,0.0,,00005garden,C2 Error injection
injection_000734,00005garden,1,535,5,True,True,applied,0.0,1,,9,C2 Error injection,00005garden,1,535,True,True,applied,0.0,1,,9,sham,0.0,,00005garden,C2 Error injection
injection_000734,00005garden,1,535,10,True,True,applied,0.0,1,,9,C2 Error injection,00005garden,1,535,True,True,applied,0.0,1,,9,sham,0.0,,00005garden,C2 Error injection
injection_000734,00005garden,1,535,20,True,True,applied,0.0,1,,9,C2 Error injection,00005garden,1,535,True,True,applied,0.0,1,,9,sham,0.0,,00005garden,C2 Error injection
injection_000736,00005garden,17,535,1,True,True,applied,0.0,1,,8,C2 Error injection,00005garden,17,535,True,True,applied,0.0,1,,8,sham,0.0,,00005garden,C2 Error injection
injection_000736,00005garden,17,535,2,True,True,applied,0.0,1,,8,C2 Error injection,00005garden,17,535,True,True,applied,0.0,1,,8,sham,0.0,,00005garden,C2 Error injection
injection_000736,00005garden,17,535,5,True,True,applied,0.0,1,,8,C2 Error injection,00005garden,17,535,True,True,applied,0.0,1,,8,sham,0.0,,00005garden,C2 Error injection
injection_000736,00005garden,17,535,10,True,True,applied,0.0,1,,8,C2 Error injection,00005garden,17,535,True,True,applied,0.0,1,,8,sham,0.0,,00005garden,C2 Error injection
injection_000736,00005garden,17,535,20,True,True,applied,0.0,1,,8,C2 Error injection,00005garden,17,535,True,True,applied,0.0,1,,8,sham,0.0,,00005garden,C2 Error injection
injection_000738,00005garden,18,535,1,True,True,applied,0.0,1,,10,C2 Error injection,00005garden,18,535,True,True,applied,0.0,1,,10,sham,0.0,,00005garden,C2 Error injection
injection_000738,00005garden,18,535,2,True,True,applied,0.0,1,,10,C2 Error injection,00005garden,18,535,True,True,applied,0.0,1,,10,sham,0.0,,00005garden,C2 Error injection
injection_000738,00005garden,18,535,5,True,True,applied,0.0,1,,10,C2 Error injection,00005garden,18,535,True,True,applied,0.0,1,,10,sham,0.0,,00005garden,C2 Error injection
injection_000738,00005garden,18,535,10,True,True,applied,0.0,1,,10,C2 Error injection,00005garden,18,535,True,True,applied,0.0,1,,10,sham,0.0,,00005garden,C2 Error injection
injection_000738,00005garden,18,535,20,True,True,applied,0.0,1,,10,C2 Error injection,00005garden,18,535,True,True,applied,0.0,1,,10,sham,0.0,,00005garden,C2 Error injection
injection_000741,00005garden,2,535,1,True,True,applied,1.0,1,,12,C2 Error injection,00005garden,2,535,True,True,applied,1.0,1,,12,sham,0.0,,00005garden,C2 Error injection
injection_000741,00005garden,2,535,2,True,True,applied,0.0,1,,12,C2 Error injection,00005garden,2,535,True,True,applied,0.0,1,,12,sham,0.0,,00005garden,C2 Error injection
injection_000741,00005garden,2,535,5,True,True,applied,1.0,1,,12,C2 Error injection,00005garden,2,535,True,True,applied,0.0,1,,12,sham,1.0,,00005garden,C2 Error injection
injection_000741,00005garden,2,535,10,True,True,applied,1.0,1,,12,C2 Error injection,00005garden,2,535,True,True,applied,0.0,1,,12,sham,1.0,,00005garden,C2 Error injection
injection_000741,00005garden,2,535,20,True,True,applied,1.0,1,,12,C2 Error injection,00005garden,2,535,True,True,applied,0.0,1,,12,sham,1.0,,00005garden,C2 Error injection
injection_000742,00005garden,3,537,1,True,True,applied,0.0,1,,2,C2 Error injection,00005garden,3,537,True,True,applied,0.0,1,,2,sham,0.0,,00005garden,C2 Error injection
injection_000742,00005garden,3,537,2,True,True,applied,0.0,1,,2,C2 Error injection,00005garden,3,537,True,True,applied,0.0,1,,2,sham,0.0,,00005garden,C2 Error injection
injection_000742,00005garden,3,537,5,True,True,applied,0.0,1,,2,C2 Error injection,00005garden,3,537,True,True,applied,0.0,1,,2,sham,0.0,,00005garden,C2 Error injection
injection_000742,00005garden,3,537,10,True,True,applied,0.0,1,,2,C2 Error injection,00005garden,3,537,True,True,applied,0.0,1,,2,sham,0.0,,00005garden,C2 Error injection
injection_000742,00005garden,3,537,20,True,True,applied,0.0,1,,2,C2 Error injection,00005garden,3,537,True,True,applied,0.0,1,,2,sham,0.0,,00005garden,C2 Error injection
injection_000744,00005garden,13,538,1,True,True,applied,1.0,1,,59,C2 Error injection,00005garden,13,538,True,True,applied,0.0,1,,59,sham,1.0,,00005garden,C2 Error injection
injection_000744,00005garden,13,538,2,True,True,applied,1.0,1,,59,C2 Error injection,00005garden,13,538,True,True,applied,0.0,1,,59,sham,1.0,,00005garden,C2 Error injection
injection_000744,00005garden,13,538,5,True,True,applied,1.0,1,,59,C2 Error injection,00005garden,13,538,True,True,applied,0.0,1,,59,sham,1.0,,00005garden,C2 Error injection
injection_000744,00005garden,13,538,10,True,True,applied,1.0,1,,59,C2 Error injection,00005garden,13,538,True,True,applied,0.0,1,,59,sham,1.0,,00005garden,C2 Error injection
injection_000744,00005garden,13,538,20,True,True,applied,1.0,1,,59,C2 Error injection,00005garden,13,538,True,True,applied,0.0,1,,59,sham,1.0,,00005garden,C2 Error injection
injection_000746,00005garden,14,541,1,True,True,applied,1.0,1,,308,C2 Error injection,00005garden,14,541,True,True,applied,0.0,1,,308,sham,1.0,,00005garden,C2 Error injection
injection_000746,00005garden,14,541,2,True,True,applied,1.0,1,,308,C2 Error injection,00005garden,14,541,True,True,applied,0.0,1,,308,sham,1.0,,00005garden,C2 Error injection
injection_000746,00005garden,14,541,5,True,True,applied,1.0,1,,308,C2 Error injection,00005garden,14,541,True,True,applied,0.0,1,,308,sham,1.0,,00005garden,C2 Error injection
injection_000746,00005garden,14,541,10,True,True,applied,1.0,1,,308,C2 Error injection,00005garden,14,541,True,True,applied,0.0,1,,308,sham,1.0,,00005garden,C2 Error injection
injection_000748,00005garden,4,552,1,True,True,applied,0.0,1,,4,C2 Error injection,00005garden,4,552,True,True,applied,0.0,1,,4,sham,0.0,,00005garden,C2 Error injection
injection_000748,00005garden,4,552,2,True,True,applied,0.0,1,,4,C2 Error injection,00005garden,4,552,True,True,applied,0.0,1,,4,sham,0.0,,00005garden,C2 Error injection
injection_000748,00005garden,4,552,5,True,True,applied,0.0,1,,4,C2 Error injection,00005garden,4,552,True,True,applied,0.0,1,,4,sham,0.0,,00005garden,C2 Error injection
injection_000748,00005garden,4,552,10,True,True,applied,0.0,1,,4,C2 Error injection,00005garden,4,552,True,True,applied,0.0,1,,4,sham,0.0,,00005garden,C2 Error injection
injection_000748,00005garden,4,552,20,True,True,applied,0.0,1,,4,C2 Error injection,00005garden,4,552,True,True,applied,0.0,1,,4,sham,0.0,,00005garden,C2 Error injection
injection_000750,00005garden,20,560,1,True,True,applied,1.0,1,,83,C2 Error injection,00005garden,20,560,True,True,applied,0.0,1,,83,sham,1.0,,00005garden,C2 Error injection
injection_000750,00005garden,20,560,2,True,True,applied,1.0,1,,83,C2 Error injection,00005garden,20,560,True,True,applied,0.0,1,,83,sham,1.0,,00005garden,C2 Error injection
injection_000750,00005garden,20,560,5,True,True,applied,1.0,1,,83,C2 Error injection,00005garden,20,560,True,True,applied,0.0,1,,83,sham,1.0,,00005garden,C2 Error injection
injection_000750,00005garden,20,560,10,True,True,applied,1.0,1,,83,C2 Error injection,00005garden,20,560,True,True,applied,0.0,1,,83,sham,1.0,,00005garden,C2 Error injection
injection_000750,00005garden,20,560,20,True,True,applied,1.0,1,,83,C2 Error injection,00005garden,20,560,True,True,applied,0.0,1,,83,sham,1.0,,00005garden,C2 Error injection
injection_000752,00005garden,27,561,1,True,True,applied,1.0,1,,161,C2 Error injection,00005garden,27,561,True,True,applied,0.0,1,,161,sham,1.0,,00005garden,C2 Error injection
injection_000752,00005garden,27,561,2,True,True,applied,1.0,1,,161,C2 Error injection,00005garden,27,561,True,True,applied,0.0,1,,161,sham,1.0,,00005garden,C2 Error injection
injection_000752,00005garden,27,561,5,True,True,applied,1.0,1,,161,C2 Error injection,00005garden,27,561,True,True,applied,0.0,1,,161,sham,1.0,,00005garden,C2 Error injection
injection_000752,00005garden,27,561,10,True,True,applied,1.0,1,,161,C2 Error injection,00005garden,27,561,True,True,applied,0.0,1,,161,sham,1.0,,00005garden,C2 Error injection
injection_000752,00005garden,27,561,20,True,True,applied,1.0,1,,161,C2 Error injection,00005garden,27,561,True,True,applied,0.0,1,,161,sham,1.0,,00005garden,C2 Error injection
injection_000754,00005garden,28,571,5,True,True,applied,1.0,1,,112,C2 Error injection,00005garden,28,571,True,True,applied,0.0,1,,112,sham,1.0,,00005garden,C2 Error injection
injection_000754,00005garden,28,571,10,True,True,applied,1.0,1,,112,C2 Error injection,00005garden,28,571,True,True,applied,0.0,1,,112,sham,1.0,,00005garden,C2 Error injection
injection_000754,00005garden,28,571,20,True,True,applied,1.0,1,,112,C2 Error injection,00005garden,28,571,True,True,applied,0.0,1,,112,sham,1.0,,00005garden,C2 Error injection
injection_000755,00005garden,29,575,1,True,True,applied,0.0,1,,11,C2 Error injection,00005garden,29,575,True,True,applied,0.0,1,,11,sham,0.0,,00005garden,C2 Error injection
injection_000755,00005garden,29,575,2,True,True,applied,0.0,1,,11,C2 Error injection,00005garden,29,575,True,True,applied,0.0,1,,11,sham,0.0,,00005garden,C2 Error injection
injection_000755,00005garden,29,575,5,True,True,applied,0.0,1,,11,C2 Error injection,00005garden,29,575,True,True,applied,0.0,1,,11,sham,0.0,,00005garden,C2 Error injection
injection_000755,00005garden,29,575,10,True,True,applied,0.0,1,,11,C2 Error injection,00005garden,29,575,True,True,applied,0.0,1,,11,sham,0.0,,00005garden,C2 Error injection
injection_000755,00005garden,29,575,20,True,True,applied,0.0,1,,11,C2 Error injection,00005garden,29,575,True,True,applied,0.0,1,,11,sham,0.0,,00005garden,C2 Error injection
injection_000756,00005garden,1,576,1,True,True,applied,0.0,1,,9,C2 Error injection,00005garden,1,576,True,True,applied,0.0,1,,9,sham,0.0,,00005garden,C2 Error injection
injection_000756,00005garden,1,576,2,True,True,applied,0.0,1,,9,C2 Error injection,00005garden,1,576,True,True,applied,0.0,1,,9,sham,0.0,,00005garden,C2 Error injection
injection_000756,00005garden,1,576,5,True,True,applied,0.0,1,,9,C2 Error injection,00005garden,1,576,True,True,applied,0.0,1,,9,sham,0.0,,00005garden,C2 Error injection
injection_000756,00005garden,1,576,10,True,True,applied,0.0,1,,9,C2 Error injection,00005garden,1,576,True,True,applied,0.0,1,,9,sham,0.0,,00005garden,C2 Error injection
injection_000756,00005garden,1,576,20,True,True,applied,0.0,1,,9,C2 Error injection,00005garden,1,576,True,True,applied,0.0,1,,9,sham,0.0,,00005garden,C2 Error injection
injection_000758,00005garden,10,576,1,True,True,applied,0.0,1,,17,C2 Error injection,00005garden,10,576,True,True,applied,0.0,1,,17,sham,0.0,,00005garden,C2 Error injection
injection_000758,00005garden,10,576,2,True,True,applied,0.0,1,,17,C2 Error injection,00005garden,10,576,True,True,applied,0.0,1,,17,sham,0.0,,00005garden,C2 Error injection
injection_000758,00005garden,10,576,5,True,True,applied,0.0,1,,17,C2 Error injection,00005garden,10,576,True,True,applied,0.0,1,,17,sham,0.0,,00005garden,C2 Error injection
injection_000758,00005garden,10,576,10,True,True,applied,0.0,1,,17,C2 Error injection,00005garden,10,576,True,True,applied,0.0,1,,17,sham,0.0,,00005garden,C2 Error injection
injection_000758,00005garden,10,576,20,True,True,applied,0.0,1,,17,C2 Error injection,00005garden,10,576,True,True,applied,0.0,1,,17,sham,0.0,,00005garden,C2 Error injection
injection_000763,00005garden,2,576,1,True,True,applied,1.0,1,,12,C2 Error injection,00005garden,2,576,True,True,applied,0.0,1,,12,sham,1.0,,00005garden,C2 Error injection
injection_000763,00005garden,2,576,2,True,True,applied,1.0,1,,12,C2 Error injection,00005garden,2,576,True,True,applied,0.0,1,,12,sham,1.0,,00005garden,C2 Error injection
injection_000763,00005garden,2,576,5,True,True,applied,1.0,1,,12,C2 Error injection,00005garden,2,576,True,True,applied,0.0,1,,12,sham,1.0,,00005garden,C2 Error injection
injection_000763,00005garden,2,576,10,True,True,applied,1.0,1,,12,C2 Error injection,00005garden,2,576,True,True,applied,0.0,1,,12,sham,1.0,,00005garden,C2 Error injection
injection_000763,00005garden,2,576,20,True,True,applied,1.0,1,,12,C2 Error injection,00005garden,2,576,True,True,applied,0.0,1,,12,sham,1.0,,00005garden,C2 Error injection
injection_000764,00005garden,3,578,1,True,True,applied,0.0,1,,2,C2 Error injection,00005garden,3,578,True,True,applied,0.0,1,,2,sham,0.0,,00005garden,C2 Error injection
injection_000764,00005garden,3,578,2,True,True,applied,0.0,1,,2,C2 Error injection,00005garden,3,578,True,True,applied,0.0,1,,2,sham,0.0,,00005garden,C2 Error injection
injection_000764,00005garden,3,578,5,True,True,applied,0.0,1,,2,C2 Error injection,00005garden,3,578,True,True,applied,0.0,1,,2,sham,0.0,,00005garden,C2 Error injection
injection_000764,00005garden,3,578,10,True,True,applied,0.0,1,,2,C2 Error injection,00005garden,3,578,True,True,applied,0.0,1,,2,sham,0.0,,00005garden,C2 Error injection
injection_000764,00005garden,3,578,20,True,True,applied,0.0,1,,2,C2 Error injection,00005garden,3,578,True,True,applied,0.0,1,,2,sham,0.0,,00005garden,C2 Error injection
injection_000766,00005garden,13,579,1,True,True,applied,1.0,1,,59,C2 Error injection,00005garden,13,579,True,True,applied,0.0,1,,59,sham,1.0,,00005garden,C2 Error injection
injection_000766,00005garden,13,579,2,True,True,applied,1.0,1,,59,C2 Error injection,00005garden,13,579,True,True,applied,0.0,1,,59,sham,1.0,,00005garden,C2 Error injection
injection_000766,00005garden,13,579,5,True,True,applied,1.0,1,,59,C2 Error injection,00005garden,13,579,True,True,applied,0.0,1,,59,sham,1.0,,00005garden,C2 Error injection
injection_000766,00005garden,13,579,10,True,True,applied,1.0,1,,59,C2 Error injection,00005garden,13,579,True,True,applied,0.0,1,,59,sham,1.0,,00005garden,C2 Error injection
injection_000766,00005garden,13,579,20,True,True,applied,1.0,1,,59,C2 Error injection,00005garden,13,579,True,True,applied,0.0,1,,59,sham,1.0,,00005garden,C2 Error injection
injection_000767,00005garden,12,579,1,True,True,applied,0.0,1,,16,C2 Error injection,00005garden,12,579,True,True,applied,0.0,1,,16,sham,0.0,,00005garden,C2 Error injection
injection_000767,00005garden,12,579,2,True,True,applied,0.0,1,,16,C2 Error injection,00005garden,12,579,True,True,applied,0.0,1,,16,sham,0.0,,00005garden,C2 Error injection
injection_000767,00005garden,12,579,5,True,True,applied,0.0,1,,16,C2 Error injection,00005garden,12,579,True,True,applied,0.0,1,,16,sham,0.0,,00005garden,C2 Error injection
injection_000767,00005garden,12,579,10,True,True,applied,0.0,1,,16,C2 Error injection,00005garden,12,579,True,True,applied,0.0,1,,16,sham,0.0,,00005garden,C2 Error injection
injection_000767,00005garden,12,579,20,True,True,applied,0.0,1,,16,C2 Error injection,00005garden,12,579,True,True,applied,0.0,1,,16,sham,0.0,,00005garden,C2 Error injection
injection_000770,00005garden,7,594,1,True,True,applied,0.0,1,,6,C2 Error injection,00005garden,7,594,True,True,applied,0.0,1,,6,sham,0.0,,00005garden,C2 Error injection
injection_000770,00005garden,7,594,2,True,True,applied,0.0,1,,6,C2 Error injection,00005garden,7,594,True,True,applied,0.0,1,,6,sham,0.0,,00005garden,C2 Error injection
injection_000770,00005garden,7,594,5,True,True,applied,0.0,1,,6,C2 Error injection,00005garden,7,594,True,True,applied,0.0,1,,6,sham,0.0,,00005garden,C2 Error injection
injection_000770,00005garden,7,594,10,True,True,applied,0.0,1,,6,C2 Error injection,00005garden,7,594,True,True,applied,0.0,1,,6,sham,0.0,,00005garden,C2 Error injection
injection_000770,00005garden,7,594,20,True,True,applied,0.0,1,,6,C2 Error injection,00005garden,7,594,True,True,applied,0.0,1,,6,sham,0.0,,00005garden,C2 Error injection
injection_000772,00005garden,20,601,1,True,True,applied,1.0,1,,83,C2 Error injection,00005garden,20,601,True,True,applied,0.0,1,,83,sham,1.0,,00005garden,C2 Error injection
injection_000772,00005garden,20,601,2,True,True,applied,1.0,1,,83,C2 Error injection,00005garden,20,601,True,True,applied,0.0,1,,83,sham,1.0,,00005garden,C2 Error injection
injection_000772,00005garden,20,601,5,True,True,applied,1.0,1,,83,C2 Error injection,00005garden,20,601,True,True,applied,0.0,1,,83,sham,1.0,,00005garden,C2 Error injection
injection_000772,00005garden,20,601,10,True,True,applied,1.0,1,,83,C2 Error injection,00005garden,20,601,True,True,applied,0.0,1,,83,sham,1.0,,00005garden,C2 Error injection
injection_000772,00005garden,20,601,20,True,True,applied,1.0,1,,83,C2 Error injection,00005garden,20,601,True,True,applied,0.0,1,,83,sham,1.0,,00005garden,C2 Error injection
injection_000773,00005garden,11,601,1,True,True,applied,1.0,1,,15,C2 Error injection,00005garden,11,601,True,True,applied,0.0,1,,15,sham,1.0,,00005garden,C2 Error injection
injection_000773,00005garden,11,601,2,True,True,applied,1.0,1,,15,C2 Error injection,00005garden,11,601,True,True,applied,0.0,1,,15,sham,1.0,,00005garden,C2 Error injection
injection_000773,00005garden,11,601,5,True,True,applied,1.0,1,,15,C2 Error injection,00005garden,11,601,True,True,applied,0.0,1,,15,sham,1.0,,00005garden,C2 Error injection
injection_000773,00005garden,11,601,10,True,True,applied,1.0,1,,15,C2 Error injection,00005garden,11,601,True,True,applied,0.0,1,,15,sham,1.0,,00005garden,C2 Error injection
injection_000773,00005garden,11,601,20,True,True,applied,1.0,1,,15,C2 Error injection,00005garden,11,601,True,True,applied,0.0,1,,15,sham,1.0,,00005garden,C2 Error injection
injection_000774,00005garden,27,602,1,True,True,applied,1.0,1,,161,C2 Error injection,00005garden,27,602,True,True,applied,0.0,1,,161,sham,1.0,,00005garden,C2 Error injection
injection_000774,00005garden,27,602,2,True,True,applied,1.0,1,,161,C2 Error injection,00005garden,27,602,True,True,applied,0.0,1,,161,sham,1.0,,00005garden,C2 Error injection
injection_000774,00005garden,27,602,20,True,True,applied,1.0,1,,161,C2 Error injection,00005garden,27,602,True,True,applied,0.0,1,,161,sham,1.0,,00005garden,C2 Error injection
injection_000775,00005garden,25,605,1,True,True,applied,1.0,1,,245,C2 Error injection,00005garden,25,605,True,True,applied,0.0,1,,245,sham,1.0,,00005garden,C2 Error injection
injection_000775,00005garden,25,605,2,True,True,applied,1.0,1,,245,C2 Error injection,00005garden,25,605,True,True,applied,0.0,1,,245,sham,1.0,,00005garden,C2 Error injection
injection_000775,00005garden,25,605,5,True,True,applied,1.0,1,,245,C2 Error injection,00005garden,25,605,True,True,applied,0.0,1,,245,sham,1.0,,00005garden,C2 Error injection
injection_000775,00005garden,25,605,10,True,True,applied,1.0,1,,245,C2 Error injection,00005garden,25,605,True,True,applied,0.0,1,,245,sham,1.0,,00005garden,C2 Error injection
injection_000775,00005garden,25,605,20,True,True,applied,1.0,1,,245,C2 Error injection,00005garden,25,605,True,True,applied,0.0,1,,245,sham,1.0,,00005garden,C2 Error injection
injection_000776,00005garden,28,612,1,True,True,applied,1.0,1,,112,C2 Error injection,00005garden,28,612,True,True,applied,0.0,1,,112,sham,1.0,,00005garden,C2 Error injection
injection_000776,00005garden,28,612,2,True,True,applied,1.0,1,,112,C2 Error injection,00005garden,28,612,True,True,applied,0.0,1,,112,sham,1.0,,00005garden,C2 Error injection
injection_000776,00005garden,28,612,5,True,True,applied,1.0,1,,112,C2 Error injection,00005garden,28,612,True,True,applied,0.0,1,,112,sham,1.0,,00005garden,C2 Error injection
injection_000776,00005garden,28,612,10,True,True,applied,1.0,1,,112,C2 Error injection,00005garden,28,612,True,True,applied,0.0,1,,112,sham,1.0,,00005garden,C2 Error injection
injection_000776,00005garden,28,612,20,True,True,applied,1.0,1,,112,C2 Error injection,00005garden,28,612,True,True,applied,0.0,1,,112,sham,1.0,,00005garden,C2 Error injection
injection_000778,00005garden,29,616,1,True,True,applied,0.0,1,,11,C2 Error injection,00005garden,29,616,True,True,applied,0.0,1,,11,sham,0.0,,00005garden,C2 Error injection
injection_000778,00005garden,29,616,2,True,True,applied,0.0,1,,11,C2 Error injection,00005garden,29,616,True,True,applied,0.0,1,,11,sham,0.0,,00005garden,C2 Error injection
injection_000778,00005garden,29,616,5,True,True,applied,0.0,1,,11,C2 Error injection,00005garden,29,616,True,True,applied,0.0,1,,11,sham,0.0,,00005garden,C2 Error injection
injection_000778,00005garden,29,616,10,True,True,applied,0.0,1,,11,C2 Error injection,00005garden,29,616,True,True,applied,0.0,1,,11,sham,0.0,,00005garden,C2 Error injection
injection_000778,00005garden,29,616,20,True,True,applied,0.0,1,,11,C2 Error injection,00005garden,29,616,True,True,applied,0.0,1,,11,sham,0.0,,00005garden,C2 Error injection
injection_000781,00005garden,10,617,1,True,True,applied,0.0,1,,17,C2 Error injection,00005garden,10,617,True,True,applied,0.0,1,,17,sham,0.0,,00005garden,C2 Error injection
injection_000781,00005garden,10,617,2,True,True,applied,0.0,1,,17,C2 Error injection,00005garden,10,617,True,True,applied,0.0,1,,17,sham,0.0,,00005garden,C2 Error injection
injection_000781,00005garden,10,617,5,True,True,applied,0.0,1,,17,C2 Error injection,00005garden,10,617,True,True,applied,0.0,1,,17,sham,0.0,,00005garden,C2 Error injection
injection_000781,00005garden,10,617,10,True,True,applied,0.0,1,,17,C2 Error injection,00005garden,10,617,True,True,applied,0.0,1,,17,sham,0.0,,00005garden,C2 Error injection
injection_000781,00005garden,10,617,20,True,True,applied,0.0,1,,17,C2 Error injection,00005garden,10,617,True,True,applied,0.0,1,,17,sham,0.0,,00005garden,C2 Error injection
injection_000787,00005garden,3,619,1,True,True,applied,0.0,1,,2,C2 Error injection,00005garden,3,619,True,True,applied,0.0,1,,2,sham,0.0,,00005garden,C2 Error injection
injection_000787,00005garden,3,619,2,True,True,applied,0.0,1,,2,C2 Error injection,00005garden,3,619,True,True,applied,0.0,1,,2,sham,0.0,,00005garden,C2 Error injection
injection_000787,00005garden,3,619,5,True,True,applied,0.0,1,,2,C2 Error injection,00005garden,3,619,True,True,applied,0.0,1,,2,sham,0.0,,00005garden,C2 Error injection
injection_000787,00005garden,3,619,10,True,True,applied,0.0,1,,2,C2 Error injection,00005garden,3,619,True,True,applied,0.0,1,,2,sham,0.0,,00005garden,C2 Error injection
injection_000787,00005garden,3,619,20,True,True,applied,0.0,1,,2,C2 Error injection,00005garden,3,619,True,True,applied,0.0,1,,2,sham,0.0,,00005garden,C2 Error injection
injection_000789,00005garden,12,620,1,True,True,applied,0.0,1,,16,C2 Error injection,00005garden,12,620,True,True,applied,0.0,1,,16,sham,0.0,,00005garden,C2 Error injection
injection_000789,00005garden,12,620,2,True,True,applied,0.0,1,,16,C2 Error injection,00005garden,12,620,True,True,applied,0.0,1,,16,sham,0.0,,00005garden,C2 Error injection
injection_000789,00005garden,12,620,5,True,True,applied,0.0,1,,16,C2 Error injection,00005garden,12,620,True,True,applied,0.0,1,,16,sham,0.0,,00005garden,C2 Error injection
injection_000789,00005garden,12,620,10,True,True,applied,0.0,1,,16,C2 Error injection,00005garden,12,620,True,True,applied,0.0,1,,16,sham,0.0,,00005garden,C2 Error injection
injection_000789,00005garden,12,620,20,True,True,applied,0.0,1,,16,C2 Error injection,00005garden,12,620,True,True,applied,0.0,1,,16,sham,0.0,,00005garden,C2 Error injection
injection_000794,00005garden,11,642,1,True,True,applied,1.0,1,,15,C2 Error injection,00005garden,11,642,True,True,applied,0.0,1,,15,sham,1.0,,00005garden,C2 Error injection
injection_000794,00005garden,11,642,2,True,True,applied,1.0,1,,15,C2 Error injection,00005garden,11,642,True,True,applied,0.0,1,,15,sham,1.0,,00005garden,C2 Error injection
injection_000794,00005garden,11,642,5,True,True,applied,1.0,1,,15,C2 Error injection,00005garden,11,642,True,True,applied,0.0,1,,15,sham,1.0,,00005garden,C2 Error injection
injection_000794,00005garden,11,642,10,True,True,applied,1.0,1,,15,C2 Error injection,00005garden,11,642,True,True,applied,0.0,1,,15,sham,1.0,,00005garden,C2 Error injection
injection_000794,00005garden,11,642,20,True,True,applied,1.0,1,,15,C2 Error injection,00005garden,11,642,True,True,applied,0.0,1,,15,sham,1.0,,00005garden,C2 Error injection
injection_000796,00005garden,27,643,1,True,True,applied,1.0,1,,161,C2 Error injection,00005garden,27,643,True,True,applied,0.0,1,,161,sham,1.0,,00005garden,C2 Error injection
injection_000796,00005garden,27,643,2,True,True,applied,1.0,1,,161,C2 Error injection,00005garden,27,643,True,True,applied,0.0,1,,161,sham,1.0,,00005garden,C2 Error injection
injection_000796,00005garden,27,643,5,True,True,applied,1.0,1,,161,C2 Error injection,00005garden,27,643,True,True,applied,0.0,1,,161,sham,1.0,,00005garden,C2 Error injection
injection_000796,00005garden,27,643,10,True,True,applied,1.0,1,,161,C2 Error injection,00005garden,27,643,True,True,applied,0.0,1,,161,sham,1.0,,00005garden,C2 Error injection
injection_000796,00005garden,27,643,20,True,True,applied,1.0,1,,161,C2 Error injection,00005garden,27,643,True,True,applied,0.0,1,,161,sham,1.0,,00005garden,C2 Error injection
injection_000797,00005garden,25,646,1,True,True,applied,1.0,1,,245,C2 Error injection,00005garden,25,646,True,True,applied,0.0,1,,245,sham,1.0,,00005garden,C2 Error injection
injection_000797,00005garden,25,646,2,True,True,applied,1.0,1,,245,C2 Error injection,00005garden,25,646,True,True,applied,0.0,1,,245,sham,1.0,,00005garden,C2 Error injection
injection_000797,00005garden,25,646,5,True,True,applied,1.0,1,,245,C2 Error injection,00005garden,25,646,True,True,applied,0.0,1,,245,sham,1.0,,00005garden,C2 Error injection
injection_000797,00005garden,25,646,10,True,True,applied,1.0,1,,245,C2 Error injection,00005garden,25,646,True,True,applied,0.0,1,,245,sham,1.0,,00005garden,C2 Error injection
injection_000797,00005garden,25,646,20,True,True,applied,1.0,1,,245,C2 Error injection,00005garden,25,646,True,True,applied,0.0,1,,245,sham,1.0,,00005garden,C2 Error injection
injection_000799,00005garden,29,657,1,True,True,applied,0.0,1,,11,C2 Error injection,00005garden,29,657,True,True,applied,0.0,1,,11,sham,0.0,,00005garden,C2 Error injection
injection_000799,00005garden,29,657,2,True,True,applied,0.0,1,,11,C2 Error injection,00005garden,29,657,True,True,applied,0.0,1,,11,sham,0.0,,00005garden,C2 Error injection
injection_000799,00005garden,29,657,5,True,True,applied,0.0,1,,11,C2 Error injection,00005garden,29,657,True,True,applied,0.0,1,,11,sham,0.0,,00005garden,C2 Error injection
injection_000799,00005garden,29,657,10,True,True,applied,0.0,1,,11,C2 Error injection,00005garden,29,657,True,True,applied,0.0,1,,11,sham,0.0,,00005garden,C2 Error injection
injection_000799,00005garden,29,657,20,True,True,applied,0.0,1,,11,C2 Error injection,00005garden,29,657,True,True,applied,0.0,1,,11,sham,0.0,,00005garden,C2 Error injection
injection_000800,00005garden,1,658,1,True,True,applied,0.0,1,,9,C2 Error injection,00005garden,1,658,True,True,applied,0.0,1,,9,sham,0.0,,00005garden,C2 Error injection
injection_000800,00005garden,1,658,2,True,True,applied,0.0,1,,9,C2 Error injection,00005garden,1,658,True,True,applied,0.0,1,,9,sham,0.0,,00005garden,C2 Error injection
injection_000800,00005garden,1,658,5,True,True,applied,0.0,1,,9,C2 Error injection,00005garden,1,658,True,True,applied,0.0,1,,9,sham,0.0,,00005garden,C2 Error injection
injection_000800,00005garden,1,658,10,True,True,applied,0.0,1,,9,C2 Error injection,00005garden,1,658,True,True,applied,0.0,1,,9,sham,0.0,,00005garden,C2 Error injection
injection_000809,00005garden,3,660,1,True,True,applied,0.0,1,,2,C2 Error injection,00005garden,3,660,True,True,applied,0.0,1,,2,sham,0.0,,00005garden,C2 Error injection
injection_000809,00005garden,3,660,2,True,True,applied,0.0,1,,2,C2 Error injection,00005garden,3,660,True,True,applied,0.0,1,,2,sham,0.0,,00005garden,C2 Error injection
injection_000809,00005garden,3,660,5,True,True,applied,0.0,1,,2,C2 Error injection,00005garden,3,660,True,True,applied,0.0,1,,2,sham,0.0,,00005garden,C2 Error injection
injection_000809,00005garden,3,660,10,True,True,applied,0.0,1,,2,C2 Error injection,00005garden,3,660,True,True,applied,0.0,1,,2,sham,0.0,,00005garden,C2 Error injection
injection_000809,00005garden,3,660,20,True,True,applied,0.0,1,,2,C2 Error injection,00005garden,3,660,True,True,applied,0.0,1,,2,sham,0.0,,00005garden,C2 Error injection
injection_000811,00005garden,12,661,1,True,True,applied,0.0,1,,16,C2 Error injection,00005garden,12,661,True,True,applied,0.0,1,,16,sham,0.0,,00005garden,C2 Error injection
injection_000811,00005garden,12,661,2,True,True,applied,0.0,1,,16,C2 Error injection,00005garden,12,661,True,True,applied,0.0,1,,16,sham,0.0,,00005garden,C2 Error injection
injection_000811,00005garden,12,661,5,True,True,applied,0.0,1,,16,C2 Error injection,00005garden,12,661,True,True,applied,0.0,1,,16,sham,0.0,,00005garden,C2 Error injection
injection_000811,00005garden,12,661,10,True,True,applied,0.0,1,,16,C2 Error injection,00005garden,12,661,True,True,applied,0.0,1,,16,sham,0.0,,00005garden,C2 Error injection
injection_000811,00005garden,12,661,20,True,True,applied,0.0,1,,16,C2 Error injection,00005garden,12,661,True,True,applied,0.0,1,,16,sham,0.0,,00005garden,C2 Error injection
injection_000812,00005garden,13,662,1,True,True,applied,1.0,1,,59,C2 Error injection,00005garden,13,662,True,True,applied,0.0,1,,59,sham,1.0,,00005garden,C2 Error injection
injection_000812,00005garden,13,662,5,True,True,applied,1.0,1,,59,C2 Error injection,00005garden,13,662,True,True,applied,0.0,1,,59,sham,1.0,,00005garden,C2 Error injection
injection_000812,00005garden,13,662,10,True,True,applied,1.0,1,,59,C2 Error injection,00005garden,13,662,True,True,applied,0.0,1,,59,sham,1.0,,00005garden,C2 Error injection
injection_000812,00005garden,13,662,20,True,True,applied,1.0,1,,59,C2 Error injection,00005garden,13,662,True,True,applied,0.0,1,,59,sham,1.0,,00005garden,C2 Error injection
injection_000813,00005garden,30,665,1,True,True,applied,1.0,1,,347,C2 Error injection,00005garden,30,665,True,True,applied,0.0,1,,347,sham,1.0,,00005garden,C2 Error injection
injection_000813,00005garden,30,665,2,True,True,applied,1.0,1,,347,C2 Error injection,00005garden,30,665,True,True,applied,0.0,1,,347,sham,1.0,,00005garden,C2 Error injection
injection_000813,00005garden,30,665,5,True,True,applied,1.0,1,,347,C2 Error injection,00005garden,30,665,True,True,applied,0.0,1,,347,sham,1.0,,00005garden,C2 Error injection
injection_000814,00005garden,14,666,1,True,True,applied,1.0,1,,410,C2 Error injection,00005garden,14,666,True,True,applied,0.0,1,,410,sham,1.0,,00005garden,C2 Error injection
injection_000814,00005garden,14,666,2,True,True,applied,1.0,1,,410,C2 Error injection,00005garden,14,666,True,True,applied,0.0,1,,410,sham,1.0,,00005garden,C2 Error injection
injection_000815,00005garden,7,676,1,True,True,applied,0.0,1,,6,C2 Error injection,00005garden,7,676,True,True,applied,0.0,1,,6,sham,0.0,,00005garden,C2 Error injection
injection_000815,00005garden,7,676,2,True,True,applied,0.0,1,,6,C2 Error injection,00005garden,7,676,True,True,applied,0.0,1,,6,sham,0.0,,00005garden,C2 Error injection
injection_000815,00005garden,7,676,5,True,True,applied,0.0,1,,6,C2 Error injection,00005garden,7,676,True,True,applied,0.0,1,,6,sham,0.0,,00005garden,C2 Error injection
injection_000815,00005garden,7,676,10,True,True,applied,0.0,1,,6,C2 Error injection,00005garden,7,676,True,True,applied,0.0,1,,6,sham,0.0,,00005garden,C2 Error injection
injection_000815,00005garden,7,676,20,True,True,applied,0.0,1,,6,C2 Error injection,00005garden,7,676,True,True,applied,0.0,1,,6,sham,0.0,,00005garden,C2 Error injection
injection_000816,00005garden,15,676,1,True,True,applied,1.0,1,,395,C2 Error injection,00005garden,15,676,True,True,applied,1.0,1,,395,sham,0.0,,00005garden,C2 Error injection
injection_000816,00005garden,15,676,2,True,True,applied,1.0,1,,395,C2 Error injection,00005garden,15,676,True,True,applied,0.0,1,,395,sham,1.0,,00005garden,C2 Error injection
injection_000816,00005garden,15,676,5,True,True,applied,1.0,1,,395,C2 Error injection,00005garden,15,676,True,True,applied,0.0,1,,395,sham,1.0,,00005garden,C2 Error injection
injection_000816,00005garden,15,676,10,True,True,applied,1.0,1,,395,C2 Error injection,00005garden,15,676,True,True,applied,1.0,1,,395,sham,0.0,,00005garden,C2 Error injection
injection_000817,00005garden,4,678,1,True,True,applied,0.0,1,,4,C2 Error injection,00005garden,4,678,True,True,applied,0.0,1,,4,sham,0.0,,00005garden,C2 Error injection
injection_000817,00005garden,4,678,2,True,True,applied,0.0,1,,4,C2 Error injection,00005garden,4,678,True,True,applied,0.0,1,,4,sham,0.0,,00005garden,C2 Error injection
injection_000817,00005garden,4,678,5,True,True,applied,0.0,1,,4,C2 Error injection,00005garden,4,678,True,True,applied,0.0,1,,4,sham,0.0,,00005garden,C2 Error injection
injection_000817,00005garden,4,678,10,True,True,applied,0.0,1,,4,C2 Error injection,00005garden,4,678,True,True,applied,0.0,1,,4,sham,0.0,,00005garden,C2 Error injection
injection_000817,00005garden,4,678,20,True,True,applied,0.0,1,,4,C2 Error injection,00005garden,4,678,True,True,applied,0.0,1,,4,sham,0.0,,00005garden,C2 Error injection
injection_000818,00005garden,20,683,1,True,True,applied,1.0,1,,83,C2 Error injection,00005garden,20,683,True,True,applied,0.0,1,,83,sham,1.0,,00005garden,C2 Error injection
injection_000818,00005garden,20,683,2,True,True,applied,1.0,1,,83,C2 Error injection,00005garden,20,683,True,True,applied,0.0,1,,83,sham,1.0,,00005garden,C2 Error injection
injection_000818,00005garden,20,683,5,True,True,applied,1.0,1,,83,C2 Error injection,00005garden,20,683,True,True,applied,0.0,1,,83,sham,1.0,,00005garden,C2 Error injection
injection_000818,00005garden,20,683,10,True,True,applied,1.0,1,,83,C2 Error injection,00005garden,20,683,True,True,applied,0.0,1,,83,sham,1.0,,00005garden,C2 Error injection
injection_000818,00005garden,20,683,20,True,True,applied,1.0,1,,83,C2 Error injection,00005garden,20,683,True,True,applied,0.0,1,,83,sham,1.0,,00005garden,C2 Error injection
injection_000819,00005garden,11,683,1,True,True,applied,1.0,1,,15,C2 Error injection,00005garden,11,683,True,True,applied,0.0,1,,15,sham,1.0,,00005garden,C2 Error injection
injection_000819,00005garden,11,683,2,True,True,applied,1.0,1,,15,C2 Error injection,00005garden,11,683,True,True,applied,0.0,1,,15,sham,1.0,,00005garden,C2 Error injection
injection_000819,00005garden,11,683,20,True,True,applied,1.0,1,,15,C2 Error injection,00005garden,11,683,True,True,applied,0.0,1,,15,sham,1.0,,00005garden,C2 Error injection
injection_000820,00005garden,25,687,1,True,True,applied,1.0,1,,245,C2 Error injection,00005garden,25,687,True,True,applied,0.0,1,,245,sham,1.0,,00005garden,C2 Error injection
injection_000820,00005garden,25,687,2,True,True,applied,1.0,1,,245,C2 Error injection,00005garden,25,687,True,True,applied,0.0,1,,245,sham,1.0,,00005garden,C2 Error injection
injection_000820,00005garden,25,687,5,True,True,applied,1.0,1,,245,C2 Error injection,00005garden,25,687,True,True,applied,0.0,1,,245,sham,1.0,,00005garden,C2 Error injection
injection_000820,00005garden,25,687,10,True,True,applied,1.0,1,,245,C2 Error injection,00005garden,25,687,True,True,applied,0.0,1,,245,sham,1.0,,00005garden,C2 Error injection
injection_000820,00005garden,25,687,20,True,True,applied,1.0,1,,245,C2 Error injection,00005garden,25,687,True,True,applied,0.0,1,,245,sham,1.0,,00005garden,C2 Error injection
injection_000821,00005garden,28,694,1,True,True,applied,1.0,1,,112,C2 Error injection,00005garden,28,694,True,True,applied,0.0,1,,112,sham,1.0,,00005garden,C2 Error injection
injection_000821,00005garden,28,694,2,True,True,applied,1.0,1,,112,C2 Error injection,00005garden,28,694,True,True,applied,0.0,1,,112,sham,1.0,,00005garden,C2 Error injection
injection_000821,00005garden,28,694,5,True,True,applied,1.0,1,,112,C2 Error injection,00005garden,28,694,True,True,applied,0.0,1,,112,sham,1.0,,00005garden,C2 Error injection
injection_000821,00005garden,28,694,10,True,True,applied,1.0,1,,112,C2 Error injection,00005garden,28,694,True,True,applied,0.0,1,,112,sham,1.0,,00005garden,C2 Error injection
injection_000821,00005garden,28,694,20,True,True,applied,1.0,1,,112,C2 Error injection,00005garden,28,694,True,True,applied,0.0,1,,112,sham,1.0,,00005garden,C2 Error injection
injection_000822,00005garden,29,698,2,True,True,applied,0.0,1,,11,C2 Error injection,00005garden,29,698,True,True,applied,0.0,1,,11,sham,0.0,,00005garden,C2 Error injection
injection_000822,00005garden,29,698,5,True,True,applied,0.0,1,,11,C2 Error injection,00005garden,29,698,True,True,applied,0.0,1,,11,sham,0.0,,00005garden,C2 Error injection
injection_000822,00005garden,29,698,20,True,True,applied,0.0,1,,11,C2 Error injection,00005garden,29,698,True,True,applied,0.0,1,,11,sham,0.0,,00005garden,C2 Error injection
injection_000823,00005garden,1,699,1,True,True,applied,0.0,1,,9,C2 Error injection,00005garden,1,699,True,True,applied,0.0,1,,9,sham,0.0,,00005garden,C2 Error injection
injection_000823,00005garden,1,699,2,True,True,applied,0.0,1,,9,C2 Error injection,00005garden,1,699,True,True,applied,0.0,1,,9,sham,0.0,,00005garden,C2 Error injection
injection_000823,00005garden,1,699,5,True,True,applied,0.0,1,,9,C2 Error injection,00005garden,1,699,True,True,applied,0.0,1,,9,sham,0.0,,00005garden,C2 Error injection
injection_000823,00005garden,1,699,10,True,True,applied,0.0,1,,9,C2 Error injection,00005garden,1,699,True,True,applied,0.0,1,,9,sham,0.0,,00005garden,C2 Error injection
injection_000823,00005garden,1,699,20,True,True,applied,0.0,1,,9,C2 Error injection,00005garden,1,699,True,True,applied,0.0,1,,9,sham,0.0,,00005garden,C2 Error injection
injection_000826,00005garden,10,699,1,True,True,applied,0.0,1,,17,C2 Error injection,00005garden,10,699,True,True,applied,0.0,1,,17,sham,0.0,,00005garden,C2 Error injection
injection_000826,00005garden,10,699,2,True,True,applied,0.0,1,,17,C2 Error injection,00005garden,10,699,True,True,applied,0.0,1,,17,sham,0.0,,00005garden,C2 Error injection
injection_000826,00005garden,10,699,5,True,True,applied,0.0,1,,17,C2 Error injection,00005garden,10,699,True,True,applied,0.0,1,,17,sham,0.0,,00005garden,C2 Error injection
injection_000826,00005garden,10,699,10,True,True,applied,0.0,1,,17,C2 Error injection,00005garden,10,699,True,True,applied,0.0,1,,17,sham,0.0,,00005garden,C2 Error injection
injection_000826,00005garden,10,699,20,True,True,applied,0.0,1,,17,C2 Error injection,00005garden,10,699,True,True,applied,0.0,1,,17,sham,0.0,,00005garden,C2 Error injection
injection_000828,00005garden,19,699,1,True,True,applied,0.0,1,,5,C2 Error injection,00005garden,19,699,True,True,applied,0.0,1,,5,sham,0.0,,00005garden,C2 Error injection
injection_000828,00005garden,19,699,2,True,True,applied,0.0,1,,5,C2 Error injection,00005garden,19,699,True,True,applied,0.0,1,,5,sham,0.0,,00005garden,C2 Error injection
injection_000828,00005garden,19,699,5,True,True,applied,0.0,1,,5,C2 Error injection,00005garden,19,699,True,True,applied,0.0,1,,5,sham,0.0,,00005garden,C2 Error injection
injection_000828,00005garden,19,699,10,True,True,applied,0.0,1,,5,C2 Error injection,00005garden,19,699,True,True,applied,0.0,1,,5,sham,0.0,,00005garden,C2 Error injection
injection_000828,00005garden,19,699,20,True,True,applied,0.0,1,,5,C2 Error injection,00005garden,19,699,True,True,applied,0.0,1,,5,sham,0.0,,00005garden,C2 Error injection
injection_000831,00005garden,3,701,1,True,True,applied,0.0,1,,2,C2 Error injection,00005garden,3,701,True,True,applied,0.0,1,,2,sham,0.0,,00005garden,C2 Error injection
injection_000831,00005garden,3,701,2,True,True,applied,0.0,1,,2,C2 Error injection,00005garden,3,701,True,True,applied,0.0,1,,2,sham,0.0,,00005garden,C2 Error injection
injection_000831,00005garden,3,701,5,True,True,applied,0.0,1,,2,C2 Error injection,00005garden,3,701,True,True,applied,0.0,1,,2,sham,0.0,,00005garden,C2 Error injection
injection_000831,00005garden,3,701,10,True,True,applied,0.0,1,,2,C2 Error injection,00005garden,3,701,True,True,applied,0.0,1,,2,sham,0.0,,00005garden,C2 Error injection
injection_000831,00005garden,3,701,20,True,True,applied,0.0,1,,2,C2 Error injection,00005garden,3,701,True,True,applied,0.0,1,,2,sham,0.0,,00005garden,C2 Error injection
injection_000832,00005garden,23,701,1,True,True,applied,1.0,1,,25,C2 Error injection,00005garden,23,701,True,True,applied,0.0,1,,25,sham,1.0,,00005garden,C2 Error injection
injection_000832,00005garden,23,701,2,True,True,applied,1.0,1,,25,C2 Error injection,00005garden,23,701,True,True,applied,0.0,1,,25,sham,1.0,,00005garden,C2 Error injection
injection_000832,00005garden,23,701,5,True,True,applied,1.0,1,,25,C2 Error injection,00005garden,23,701,True,True,applied,0.0,1,,25,sham,1.0,,00005garden,C2 Error injection
injection_000832,00005garden,23,701,10,True,True,applied,1.0,1,,25,C2 Error injection,00005garden,23,701,True,True,applied,0.0,1,,25,sham,1.0,,00005garden,C2 Error injection
injection_000832,00005garden,23,701,20,True,True,applied,1.0,1,,25,C2 Error injection,00005garden,23,701,True,True,applied,0.0,1,,25,sham,1.0,,00005garden,C2 Error injection
injection_000833,00005garden,12,702,1,True,True,applied,0.0,1,,16,C2 Error injection,00005garden,12,702,True,True,applied,0.0,1,,16,sham,0.0,,00005garden,C2 Error injection
injection_000833,00005garden,12,702,2,True,True,applied,0.0,1,,16,C2 Error injection,00005garden,12,702,True,True,applied,0.0,1,,16,sham,0.0,,00005garden,C2 Error injection
injection_000833,00005garden,12,702,5,True,True,applied,0.0,1,,16,C2 Error injection,00005garden,12,702,True,True,applied,0.0,1,,16,sham,0.0,,00005garden,C2 Error injection
injection_000833,00005garden,12,702,10,True,True,applied,0.0,1,,16,C2 Error injection,00005garden,12,702,True,True,applied,0.0,1,,16,sham,0.0,,00005garden,C2 Error injection
injection_000833,00005garden,12,702,20,True,True,applied,0.0,1,,16,C2 Error injection,00005garden,12,702,True,True,applied,0.0,1,,16,sham,0.0,,00005garden,C2 Error injection
injection_000834,00005garden,13,703,1,True,True,applied,1.0,1,,59,C2 Error injection,00005garden,13,703,True,True,applied,0.0,1,,59,sham,1.0,,00005garden,C2 Error injection
injection_000834,00005garden,13,703,2,True,True,applied,1.0,1,,59,C2 Error injection,00005garden,13,703,True,True,applied,0.0,1,,59,sham,1.0,,00005garden,C2 Error injection
injection_000834,00005garden,13,703,5,True,True,applied,1.0,1,,59,C2 Error injection,00005garden,13,703,True,True,applied,0.0,1,,59,sham,1.0,,00005garden,C2 Error injection
injection_000834,00005garden,13,703,10,True,True,applied,1.0,1,,59,C2 Error injection,00005garden,13,703,True,True,applied,0.0,1,,59,sham,1.0,,00005garden,C2 Error injection
injection_000834,00005garden,13,703,20,True,True,applied,1.0,1,,59,C2 Error injection,00005garden,13,703,True,True,applied,0.0,1,,59,sham,1.0,,00005garden,C2 Error injection
injection_000835,00005garden,18,704,5,True,True,applied,0.0,1,,10,C2 Error injection,00005garden,18,704,True,True,applied,0.0,1,,10,sham,0.0,,00005garden,C2 Error injection
injection_000836,00005garden,7,717,1,True,True,applied,0.0,1,,6,C2 Error injection,00005garden,7,717,True,True,applied,0.0,1,,6,sham,0.0,,00005garden,C2 Error injection
injection_000836,00005garden,7,717,2,True,True,applied,0.0,1,,6,C2 Error injection,00005garden,7,717,True,True,applied,0.0,1,,6,sham,0.0,,00005garden,C2 Error injection
injection_000836,00005garden,7,717,5,True,True,applied,0.0,1,,6,C2 Error injection,00005garden,7,717,True,True,applied,0.0,1,,6,sham,0.0,,00005garden,C2 Error injection
injection_000836,00005garden,7,717,10,True,True,applied,0.0,1,,6,C2 Error injection,00005garden,7,717,True,True,applied,0.0,1,,6,sham,0.0,,00005garden,C2 Error injection
injection_000836,00005garden,7,717,20,True,True,applied,0.0,1,,6,C2 Error injection,00005garden,7,717,True,True,applied,0.0,1,,6,sham,0.0,,00005garden,C2 Error injection
injection_000838,00005garden,27,718,1,True,True,applied,1.0,1,,433,C2 Error injection,00005garden,27,718,True,True,applied,0.0,1,,433,sham,1.0,,00005garden,C2 Error injection
injection_000838,00005garden,27,718,2,True,True,applied,1.0,1,,433,C2 Error injection,00005garden,27,718,True,True,applied,0.0,1,,433,sham,1.0,,00005garden,C2 Error injection
injection_000838,00005garden,27,718,5,True,True,applied,1.0,1,,433,C2 Error injection,00005garden,27,718,True,True,applied,0.0,1,,433,sham,1.0,,00005garden,C2 Error injection
injection_000838,00005garden,27,718,10,True,True,applied,1.0,1,,433,C2 Error injection,00005garden,27,718,True,True,applied,0.0,1,,433,sham,1.0,,00005garden,C2 Error injection
injection_000838,00005garden,27,718,20,True,True,applied,1.0,1,,433,C2 Error injection,00005garden,27,718,True,True,applied,0.0,1,,433,sham,1.0,,00005garden,C2 Error injection
injection_000839,00005garden,4,719,1,True,True,applied,0.0,1,,4,C2 Error injection,00005garden,4,719,True,True,applied,0.0,1,,4,sham,0.0,,00005garden,C2 Error injection
injection_000839,00005garden,4,719,2,True,True,applied,0.0,1,,4,C2 Error injection,00005garden,4,719,True,True,applied,0.0,1,,4,sham,0.0,,00005garden,C2 Error injection
injection_000839,00005garden,4,719,5,True,True,applied,0.0,1,,4,C2 Error injection,00005garden,4,719,True,True,applied,0.0,1,,4,sham,0.0,,00005garden,C2 Error injection
injection_000839,00005garden,4,719,10,True,True,applied,0.0,1,,4,C2 Error injection,00005garden,4,719,True,True,applied,0.0,1,,4,sham,0.0,,00005garden,C2 Error injection
injection_000839,00005garden,4,719,20,True,True,applied,0.0,1,,4,C2 Error injection,00005garden,4,719,True,True,applied,0.0,1,,4,sham,0.0,,00005garden,C2 Error injection
injection_000840,00005garden,30,721,1,True,True,applied,1.0,1,,428,C2 Error injection,00005garden,30,721,True,True,applied,0.0,1,,428,sham,1.0,,00005garden,C2 Error injection
injection_000840,00005garden,30,721,2,True,True,applied,1.0,1,,428,C2 Error injection,00005garden,30,721,True,True,applied,0.0,1,,428,sham,1.0,,00005garden,C2 Error injection
injection_000841,00005garden,11,724,1,True,True,applied,1.0,1,,15,C2 Error injection,00005garden,11,724,True,True,applied,0.0,1,,15,sham,1.0,,00005garden,C2 Error injection
injection_000841,00005garden,11,724,2,True,True,applied,1.0,1,,15,C2 Error injection,00005garden,11,724,True,True,applied,0.0,1,,15,sham,1.0,,00005garden,C2 Error injection
injection_000841,00005garden,11,724,5,True,True,applied,1.0,1,,15,C2 Error injection,00005garden,11,724,True,True,applied,0.0,1,,15,sham,1.0,,00005garden,C2 Error injection
injection_000842,00005garden,25,728,1,True,True,applied,1.0,1,,245,C2 Error injection,00005garden,25,728,True,True,applied,0.0,1,,245,sham,1.0,,00005garden,C2 Error injection
injection_000842,00005garden,25,728,2,True,True,applied,1.0,1,,245,C2 Error injection,00005garden,25,728,True,True,applied,0.0,1,,245,sham,1.0,,00005garden,C2 Error injection
injection_000842,00005garden,25,728,5,True,True,applied,1.0,1,,245,C2 Error injection,00005garden,25,728,True,True,applied,0.0,1,,245,sham,1.0,,00005garden,C2 Error injection
injection_000842,00005garden,25,728,10,True,True,applied,1.0,1,,245,C2 Error injection,00005garden,25,728,True,True,applied,0.0,1,,245,sham,1.0,,00005garden,C2 Error injection
injection_000842,00005garden,25,728,20,True,True,applied,1.0,1,,245,C2 Error injection,00005garden,25,728,True,True,applied,0.0,1,,245,sham,1.0,,00005garden,C2 Error injection
injection_000843,00005garden,28,735,1,True,True,applied,1.0,1,,112,C2 Error injection,00005garden,28,735,True,True,applied,0.0,1,,112,sham,1.0,,00005garden,C2 Error injection
injection_000843,00005garden,28,735,2,True,True,applied,1.0,1,,112,C2 Error injection,00005garden,28,735,True,True,applied,0.0,1,,112,sham,1.0,,00005garden,C2 Error injection
injection_000843,00005garden,28,735,5,True,True,applied,1.0,1,,112,C2 Error injection,00005garden,28,735,True,True,applied,0.0,1,,112,sham,1.0,,00005garden,C2 Error injection
injection_000843,00005garden,28,735,10,True,True,applied,1.0,1,,112,C2 Error injection,00005garden,28,735,True,True,applied,0.0,1,,112,sham,1.0,,00005garden,C2 Error injection
injection_000843,00005garden,28,735,20,True,True,applied,1.0,1,,112,C2 Error injection,00005garden,28,735,True,True,applied,0.0,1,,112,sham,1.0,,00005garden,C2 Error injection
injection_000844,00005garden,29,739,1,True,True,applied,0.0,1,,11,C2 Error injection,00005garden,29,739,True,True,applied,0.0,1,,11,sham,0.0,,00005garden,C2 Error injection
injection_000844,00005garden,29,739,2,True,True,applied,0.0,1,,11,C2 Error injection,00005garden,29,739,True,True,applied,0.0,1,,11,sham,0.0,,00005garden,C2 Error injection
injection_000844,00005garden,29,739,5,True,True,applied,0.0,1,,11,C2 Error injection,00005garden,29,739,True,True,applied,0.0,1,,11,sham,0.0,,00005garden,C2 Error injection
injection_000844,00005garden,29,739,10,True,True,applied,0.0,1,,11,C2 Error injection,00005garden,29,739,True,True,applied,0.0,1,,11,sham,0.0,,00005garden,C2 Error injection
injection_000844,00005garden,29,739,20,True,True,applied,0.0,1,,11,C2 Error injection,00005garden,29,739,True,True,applied,0.0,1,,11,sham,0.0,,00005garden,C2 Error injection
injection_000845,00005garden,2,740,1,True,True,applied,1.0,2,1.0,12,C2 Error injection,00005garden,2,740,True,True,applied,0.0,2,0.0,12,sham,1.0,1.0,00005garden,C2 Error injection
injection_000845,00005garden,2,740,2,True,True,applied,1.0,2,1.0,12,C2 Error injection,00005garden,2,740,True,True,applied,0.0,2,0.0,12,sham,1.0,1.0,00005garden,C2 Error injection
injection_000845,00005garden,2,740,5,True,True,applied,1.0,2,1.0,12,C2 Error injection,00005garden,2,740,True,True,applied,0.0,2,0.0,12,sham,1.0,1.0,00005garden,C2 Error injection
injection_000845,00005garden,2,740,10,True,True,applied,1.0,2,1.0,12,C2 Error injection,00005garden,2,740,True,True,applied,0.0,2,0.0,12,sham,1.0,1.0,00005garden,C2 Error injection
injection_000845,00005garden,2,740,20,True,True,applied,1.0,2,1.0,12,C2 Error injection,00005garden,2,740,True,True,applied,0.0,2,0.0,12,sham,1.0,1.0,00005garden,C2 Error injection
injection_000853,00005garden,3,742,1,True,True,applied,0.0,1,,2,C2 Error injection,00005garden,3,742,True,True,applied,0.0,1,,2,sham,0.0,,00005garden,C2 Error injection
injection_000853,00005garden,3,742,2,True,True,applied,0.0,1,,2,C2 Error injection,00005garden,3,742,True,True,applied,0.0,1,,2,sham,0.0,,00005garden,C2 Error injection
injection_000853,00005garden,3,742,5,True,True,applied,0.0,1,,2,C2 Error injection,00005garden,3,742,True,True,applied,0.0,1,,2,sham,0.0,,00005garden,C2 Error injection
injection_000853,00005garden,3,742,10,True,True,applied,0.0,1,,2,C2 Error injection,00005garden,3,742,True,True,applied,0.0,1,,2,sham,0.0,,00005garden,C2 Error injection
injection_000853,00005garden,3,742,20,True,True,applied,0.0,1,,2,C2 Error injection,00005garden,3,742,True,True,applied,0.0,1,,2,sham,0.0,,00005garden,C2 Error injection
injection_000855,00005garden,12,743,1,True,True,applied,0.0,1,,16,C2 Error injection,00005garden,12,743,True,True,applied,0.0,1,,16,sham,0.0,,00005garden,C2 Error injection
injection_000855,00005garden,12,743,2,True,True,applied,0.0,1,,16,C2 Error injection,00005garden,12,743,True,True,applied,0.0,1,,16,sham,0.0,,00005garden,C2 Error injection
injection_000855,00005garden,12,743,5,True,True,applied,0.0,1,,16,C2 Error injection,00005garden,12,743,True,True,applied,0.0,1,,16,sham,0.0,,00005garden,C2 Error injection
injection_000855,00005garden,12,743,10,True,True,applied,0.0,1,,16,C2 Error injection,00005garden,12,743,True,True,applied,0.0,1,,16,sham,0.0,,00005garden,C2 Error injection
injection_000855,00005garden,12,743,20,True,True,applied,0.0,1,,16,C2 Error injection,00005garden,12,743,True,True,applied,0.0,1,,16,sham,0.0,,00005garden,C2 Error injection
injection_000857,00005garden,13,744,1,True,True,applied,1.0,1,,59,C2 Error injection,00005garden,13,744,True,True,applied,0.0,1,,59,sham,1.0,,00005garden,C2 Error injection
injection_000857,00005garden,13,744,2,True,True,applied,1.0,1,,59,C2 Error injection,00005garden,13,744,True,True,applied,0.0,1,,59,sham,1.0,,00005garden,C2 Error injection
injection_000857,00005garden,13,744,5,True,True,applied,1.0,1,,59,C2 Error injection,00005garden,13,744,True,True,applied,0.0,1,,59,sham,1.0,,00005garden,C2 Error injection
injection_000857,00005garden,13,744,10,True,True,applied,1.0,1,,59,C2 Error injection,00005garden,13,744,True,True,applied,0.0,1,,59,sham,1.0,,00005garden,C2 Error injection
injection_000857,00005garden,13,744,20,True,True,applied,1.0,1,,59,C2 Error injection,00005garden,13,744,True,True,applied,0.0,1,,59,sham,1.0,,00005garden,C2 Error injection
injection_000858,00005garden,18,745,1,True,True,applied,0.0,1,,10,C2 Error injection,00005garden,18,745,True,True,applied,0.0,1,,10,sham,0.0,,00005garden,C2 Error injection
injection_000858,00005garden,18,745,2,True,True,applied,0.0,1,,10,C2 Error injection,00005garden,18,745,True,True,applied,0.0,1,,10,sham,0.0,,00005garden,C2 Error injection
injection_000858,00005garden,18,745,5,True,True,applied,0.0,1,,10,C2 Error injection,00005garden,18,745,True,True,applied,0.0,1,,10,sham,0.0,,00005garden,C2 Error injection
injection_000858,00005garden,18,745,10,True,True,applied,0.0,1,,10,C2 Error injection,00005garden,18,745,True,True,applied,0.0,1,,10,sham,0.0,,00005garden,C2 Error injection
injection_000858,00005garden,18,745,20,True,True,applied,0.0,1,,10,C2 Error injection,00005garden,18,745,True,True,applied,0.0,1,,10,sham,0.0,,00005garden,C2 Error injection
injection_000859,00005garden,15,758,1,True,True,applied,1.0,1,,395,C2 Error injection,00005garden,15,758,True,True,applied,0.0,1,,395,sham,1.0,,00005garden,C2 Error injection
injection_000859,00005garden,15,758,2,True,True,applied,1.0,1,,395,C2 Error injection,00005garden,15,758,True,True,applied,0.0,1,,395,sham,1.0,,00005garden,C2 Error injection
injection_000859,00005garden,15,758,5,True,True,applied,1.0,1,,395,C2 Error injection,00005garden,15,758,True,True,applied,0.0,1,,395,sham,1.0,,00005garden,C2 Error injection
injection_000859,00005garden,15,758,10,True,True,applied,1.0,1,,395,C2 Error injection,00005garden,15,758,True,True,applied,0.0,1,,395,sham,1.0,,00005garden,C2 Error injection
injection_000859,00005garden,15,758,20,True,True,applied,1.0,1,,395,C2 Error injection,00005garden,15,758,True,True,applied,0.0,1,,395,sham,1.0,,00005garden,C2 Error injection
injection_000861,00005garden,27,759,1,True,True,applied,1.0,1,,433,C2 Error injection,00005garden,27,759,True,True,applied,0.0,1,,433,sham,1.0,,00005garden,C2 Error injection
injection_000861,00005garden,27,759,2,True,True,applied,1.0,1,,433,C2 Error injection,00005garden,27,759,True,True,applied,0.0,1,,433,sham,1.0,,00005garden,C2 Error injection
injection_000861,00005garden,27,759,5,True,True,applied,1.0,1,,433,C2 Error injection,00005garden,27,759,True,True,applied,0.0,1,,433,sham,1.0,,00005garden,C2 Error injection
injection_000861,00005garden,27,759,10,True,True,applied,1.0,1,,433,C2 Error injection,00005garden,27,759,True,True,applied,0.0,1,,433,sham,1.0,,00005garden,C2 Error injection
injection_000861,00005garden,27,759,20,True,True,applied,1.0,1,,433,C2 Error injection,00005garden,27,759,True,True,applied,0.0,1,,433,sham,1.0,,00005garden,C2 Error injection
injection_000862,00005garden,4,760,1,True,True,applied,0.0,1,,4,C2 Error injection,00005garden,4,760,True,True,applied,0.0,1,,4,sham,0.0,,00005garden,C2 Error injection
injection_000862,00005garden,4,760,2,True,True,applied,0.0,1,,4,C2 Error injection,00005garden,4,760,True,True,applied,0.0,1,,4,sham,0.0,,00005garden,C2 Error injection
injection_000862,00005garden,4,760,10,True,True,applied,1.0,1,,4,C2 Error injection,00005garden,4,760,True,True,applied,1.0,1,,4,sham,0.0,,00005garden,C2 Error injection
injection_000862,00005garden,4,760,20,True,True,applied,1.0,1,,4,C2 Error injection,00005garden,4,760,True,True,applied,0.0,1,,4,sham,1.0,,00005garden,C2 Error injection
injection_000863,00005garden,30,762,1,True,True,applied,1.0,1,,428,C2 Error injection,00005garden,30,762,True,True,applied,0.0,1,,428,sham,1.0,,00005garden,C2 Error injection
injection_000863,00005garden,30,762,2,True,True,applied,1.0,1,,428,C2 Error injection,00005garden,30,762,True,True,applied,0.0,1,,428,sham,1.0,,00005garden,C2 Error injection
injection_000863,00005garden,30,762,5,True,True,applied,1.0,1,,428,C2 Error injection,00005garden,30,762,True,True,applied,0.0,1,,428,sham,1.0,,00005garden,C2 Error injection
injection_000863,00005garden,30,762,10,True,True,applied,1.0,1,,428,C2 Error injection,00005garden,30,762,True,True,applied,0.0,1,,428,sham,1.0,,00005garden,C2 Error injection
injection_000863,00005garden,30,762,20,True,True,applied,1.0,1,,428,C2 Error injection,00005garden,30,762,True,True,applied,0.0,1,,428,sham,1.0,,00005garden,C2 Error injection
injection_000864,00005garden,11,765,1,True,True,applied,1.0,1,,15,C2 Error injection,00005garden,11,765,True,True,applied,0.0,1,,15,sham,1.0,,00005garden,C2 Error injection
injection_000864,00005garden,11,765,2,True,True,applied,1.0,1,,15,C2 Error injection,00005garden,11,765,True,True,applied,0.0,1,,15,sham,1.0,,00005garden,C2 Error injection
injection_000864,00005garden,11,765,5,True,True,applied,1.0,1,,15,C2 Error injection,00005garden,11,765,True,True,applied,0.0,1,,15,sham,1.0,,00005garden,C2 Error injection
injection_000864,00005garden,11,765,10,True,True,applied,1.0,1,,15,C2 Error injection,00005garden,11,765,True,True,applied,0.0,1,,15,sham,1.0,,00005garden,C2 Error injection
injection_000864,00005garden,11,765,20,True,True,applied,1.0,1,,15,C2 Error injection,00005garden,11,765,True,True,applied,0.0,1,,15,sham,1.0,,00005garden,C2 Error injection
injection_000867,00005garden,28,777,1,True,True,applied,1.0,1,,112,C2 Error injection,00005garden,28,777,True,True,applied,0.0,1,,112,sham,1.0,,00005garden,C2 Error injection
injection_000867,00005garden,28,777,2,True,True,applied,1.0,1,,112,C2 Error injection,00005garden,28,777,True,True,applied,0.0,1,,112,sham,1.0,,00005garden,C2 Error injection
injection_000867,00005garden,28,777,5,True,True,applied,1.0,1,,112,C2 Error injection,00005garden,28,777,True,True,applied,0.0,1,,112,sham,1.0,,00005garden,C2 Error injection
injection_000867,00005garden,28,777,10,True,True,applied,1.0,1,,112,C2 Error injection,00005garden,28,777,True,True,applied,0.0,1,,112,sham,1.0,,00005garden,C2 Error injection
injection_000868,00005garden,29,780,1,True,True,applied,0.0,1,,11,C2 Error injection,00005garden,29,780,True,True,applied,0.0,1,,11,sham,0.0,,00005garden,C2 Error injection
injection_000868,00005garden,29,780,2,True,True,applied,0.0,1,,11,C2 Error injection,00005garden,29,780,True,True,applied,0.0,1,,11,sham,0.0,,00005garden,C2 Error injection
injection_000868,00005garden,29,780,5,True,True,applied,0.0,1,,11,C2 Error injection,00005garden,29,780,True,True,applied,0.0,1,,11,sham,0.0,,00005garden,C2 Error injection
injection_000869,00005garden,2,781,1,True,True,applied,1.0,2,1.0,12,C2 Error injection,00005garden,2,781,True,True,applied,0.0,2,0.0,12,sham,1.0,1.0,00005garden,C2 Error injection
injection_000869,00005garden,2,781,2,True,True,applied,1.0,2,1.0,12,C2 Error injection,00005garden,2,781,True,True,applied,0.0,2,0.0,12,sham,1.0,1.0,00005garden,C2 Error injection
injection_000869,00005garden,2,781,5,True,True,applied,1.0,2,1.0,12,C2 Error injection,00005garden,2,781,True,True,applied,0.0,2,0.0,12,sham,1.0,1.0,00005garden,C2 Error injection
injection_000869,00005garden,2,781,10,True,True,applied,1.0,2,1.0,12,C2 Error injection,00005garden,2,781,True,True,applied,0.0,2,0.0,12,sham,1.0,1.0,00005garden,C2 Error injection
injection_000869,00005garden,2,781,20,True,True,applied,1.0,2,1.0,12,C2 Error injection,00005garden,2,781,True,True,applied,0.0,2,0.0,12,sham,1.0,1.0,00005garden,C2 Error injection
injection_000874,00005garden,9,781,1,True,True,applied,0.0,1,,7,C2 Error injection,00005garden,9,781,True,True,applied,0.0,1,,7,sham,0.0,,00005garden,C2 Error injection
injection_000874,00005garden,9,781,2,True,True,applied,0.0,1,,7,C2 Error injection,00005garden,9,781,True,True,applied,0.0,1,,7,sham,0.0,,00005garden,C2 Error injection
injection_000874,00005garden,9,781,5,True,True,applied,0.0,1,,7,C2 Error injection,00005garden,9,781,True,True,applied,0.0,1,,7,sham,0.0,,00005garden,C2 Error injection
injection_000874,00005garden,9,781,10,True,True,applied,0.0,1,,7,C2 Error injection,00005garden,9,781,True,True,applied,0.0,1,,7,sham,0.0,,00005garden,C2 Error injection
injection_000874,00005garden,9,781,20,True,True,applied,0.0,1,,7,C2 Error injection,00005garden,9,781,True,True,applied,0.0,1,,7,sham,0.0,,00005garden,C2 Error injection
injection_000876,00005garden,3,783,1,True,True,applied,0.0,1,,2,C2 Error injection,00005garden,3,783,True,True,applied,0.0,1,,2,sham,0.0,,00005garden,C2 Error injection
injection_000876,00005garden,3,783,2,True,True,applied,0.0,1,,2,C2 Error injection,00005garden,3,783,True,True,applied,0.0,1,,2,sham,0.0,,00005garden,C2 Error injection
injection_000876,00005garden,3,783,5,True,True,applied,0.0,1,,2,C2 Error injection,00005garden,3,783,True,True,applied,0.0,1,,2,sham,0.0,,00005garden,C2 Error injection
injection_000876,00005garden,3,783,10,True,True,applied,0.0,1,,2,C2 Error injection,00005garden,3,783,True,True,applied,0.0,1,,2,sham,0.0,,00005garden,C2 Error injection
injection_000876,00005garden,3,783,20,True,True,applied,0.0,1,,2,C2 Error injection,00005garden,3,783,True,True,applied,0.0,1,,2,sham,0.0,,00005garden,C2 Error injection
injection_000878,00005garden,12,784,1,True,True,applied,0.0,1,,16,C2 Error injection,00005garden,12,784,True,True,applied,0.0,1,,16,sham,0.0,,00005garden,C2 Error injection
injection_000878,00005garden,12,784,2,True,True,applied,0.0,1,,16,C2 Error injection,00005garden,12,784,True,True,applied,0.0,1,,16,sham,0.0,,00005garden,C2 Error injection
injection_000878,00005garden,12,784,5,True,True,applied,0.0,1,,16,C2 Error injection,00005garden,12,784,True,True,applied,0.0,1,,16,sham,0.0,,00005garden,C2 Error injection
injection_000878,00005garden,12,784,10,True,True,applied,0.0,1,,16,C2 Error injection,00005garden,12,784,True,True,applied,0.0,1,,16,sham,0.0,,00005garden,C2 Error injection
injection_000878,00005garden,12,784,20,True,True,applied,0.0,1,,16,C2 Error injection,00005garden,12,784,True,True,applied,0.0,1,,16,sham,0.0,,00005garden,C2 Error injection
injection_000879,00005garden,20,784,1,True,True,applied,1.0,1,,83,C2 Error injection,00005garden,20,784,True,True,applied,0.0,1,,83,sham,1.0,,00005garden,C2 Error injection
injection_000879,00005garden,20,784,2,True,True,applied,1.0,1,,83,C2 Error injection,00005garden,20,784,True,True,applied,0.0,1,,83,sham,1.0,,00005garden,C2 Error injection
injection_000879,00005garden,20,784,5,True,True,applied,1.0,1,,83,C2 Error injection,00005garden,20,784,True,True,applied,0.0,1,,83,sham,1.0,,00005garden,C2 Error injection
injection_000879,00005garden,20,784,10,True,True,applied,1.0,1,,83,C2 Error injection,00005garden,20,784,True,True,applied,0.0,1,,83,sham,1.0,,00005garden,C2 Error injection
injection_000879,00005garden,20,784,20,True,True,applied,1.0,1,,83,C2 Error injection,00005garden,20,784,True,True,applied,0.0,1,,83,sham,1.0,,00005garden,C2 Error injection
injection_000880,00005garden,13,785,1,True,True,applied,1.0,1,,59,C2 Error injection,00005garden,13,785,True,True,applied,0.0,1,,59,sham,1.0,,00005garden,C2 Error injection
injection_000880,00005garden,13,785,2,True,True,applied,1.0,1,,59,C2 Error injection,00005garden,13,785,True,True,applied,0.0,1,,59,sham,1.0,,00005garden,C2 Error injection
injection_000880,00005garden,13,785,5,True,True,applied,1.0,1,,59,C2 Error injection,00005garden,13,785,True,True,applied,0.0,1,,59,sham,1.0,,00005garden,C2 Error injection
injection_000880,00005garden,13,785,20,True,True,applied,1.0,1,,59,C2 Error injection,00005garden,13,785,True,True,applied,0.0,1,,59,sham,1.0,,00005garden,C2 Error injection
injection_000881,00005garden,14,786,10,True,True,applied,1.0,1,,410,C2 Error injection,00005garden,14,786,True,True,applied,1.0,1,,410,sham,0.0,,00005garden,C2 Error injection
injection_000882,00005garden,18,790,2,True,True,applied,0.0,1,,10,C2 Error injection,00005garden,18,790,True,True,applied,0.0,1,,10,sham,0.0,,00005garden,C2 Error injection
injection_000882,00005garden,18,790,5,True,True,applied,0.0,1,,10,C2 Error injection,00005garden,18,790,True,True,applied,0.0,1,,10,sham,0.0,,00005garden,C2 Error injection
injection_000882,00005garden,18,790,10,True,True,applied,0.0,1,,10,C2 Error injection,00005garden,18,790,True,True,applied,0.0,1,,10,sham,0.0,,00005garden,C2 Error injection
injection_000882,00005garden,18,790,20,True,True,applied,0.0,1,,10,C2 Error injection,00005garden,18,790,True,True,applied,0.0,1,,10,sham,0.0,,00005garden,C2 Error injection
injection_000883,00005garden,19,795,1,True,True,applied,1.0,1,,5,C2 Error injection,00005garden,19,795,True,True,applied,0.0,1,,5,sham,1.0,,00005garden,C2 Error injection
injection_000883,00005garden,19,795,2,True,True,applied,0.0,1,,5,C2 Error injection,00005garden,19,795,True,True,applied,0.0,1,,5,sham,0.0,,00005garden,C2 Error injection
injection_000883,00005garden,19,795,5,True,True,applied,0.0,1,,5,C2 Error injection,00005garden,19,795,True,True,applied,0.0,1,,5,sham,0.0,,00005garden,C2 Error injection
injection_000883,00005garden,19,795,10,True,True,applied,0.0,1,,5,C2 Error injection,00005garden,19,795,True,True,applied,0.0,1,,5,sham,0.0,,00005garden,C2 Error injection
injection_000883,00005garden,19,795,20,True,True,applied,0.0,1,,5,C2 Error injection,00005garden,19,795,True,True,applied,0.0,1,,5,sham,0.0,,00005garden,C2 Error injection
injection_000884,00005garden,7,799,1,True,True,applied,0.0,1,,6,C2 Error injection,00005garden,7,799,True,True,applied,0.0,1,,6,sham,0.0,,00005garden,C2 Error injection
injection_000884,00005garden,7,799,2,True,True,applied,0.0,1,,6,C2 Error injection,00005garden,7,799,True,True,applied,0.0,1,,6,sham,0.0,,00005garden,C2 Error injection
injection_000884,00005garden,7,799,5,True,True,applied,0.0,1,,6,C2 Error injection,00005garden,7,799,True,True,applied,0.0,1,,6,sham,0.0,,00005garden,C2 Error injection
injection_000884,00005garden,7,799,10,True,True,applied,0.0,1,,6,C2 Error injection,00005garden,7,799,True,True,applied,0.0,1,,6,sham,0.0,,00005garden,C2 Error injection
injection_000884,00005garden,7,799,20,True,True,applied,0.0,1,,6,C2 Error injection,00005garden,7,799,True,True,applied,0.0,1,,6,sham,0.0,,00005garden,C2 Error injection
injection_000885,00005garden,27,800,1,True,True,applied,1.0,1,,433,C2 Error injection,00005garden,27,800,True,True,applied,0.0,1,,433,sham,1.0,,00005garden,C2 Error injection
injection_000885,00005garden,27,800,2,True,True,applied,1.0,1,,433,C2 Error injection,00005garden,27,800,True,True,applied,0.0,1,,433,sham,1.0,,00005garden,C2 Error injection
injection_000885,00005garden,27,800,5,True,True,applied,1.0,1,,433,C2 Error injection,00005garden,27,800,True,True,applied,0.0,1,,433,sham,1.0,,00005garden,C2 Error injection
injection_000885,00005garden,27,800,10,True,True,applied,1.0,1,,433,C2 Error injection,00005garden,27,800,True,True,applied,0.0,1,,433,sham,1.0,,00005garden,C2 Error injection
injection_000885,00005garden,27,800,20,True,True,applied,1.0,1,,433,C2 Error injection,00005garden,27,800,True,True,applied,0.0,1,,433,sham,1.0,,00005garden,C2 Error injection
injection_000886,00005garden,4,801,1,True,True,applied,1.0,1,,4,C2 Error injection,00005garden,4,801,True,True,applied,0.0,1,,4,sham,1.0,,00005garden,C2 Error injection
injection_000886,00005garden,4,801,2,True,True,applied,1.0,1,,4,C2 Error injection,00005garden,4,801,True,True,applied,0.0,1,,4,sham,1.0,,00005garden,C2 Error injection
injection_000886,00005garden,4,801,5,True,True,applied,1.0,1,,4,C2 Error injection,00005garden,4,801,True,True,applied,0.0,1,,4,sham,1.0,,00005garden,C2 Error injection
injection_000886,00005garden,4,801,10,True,True,applied,1.0,1,,4,C2 Error injection,00005garden,4,801,True,True,applied,0.0,1,,4,sham,1.0,,00005garden,C2 Error injection
injection_000886,00005garden,4,801,20,True,True,applied,1.0,1,,4,C2 Error injection,00005garden,4,801,True,True,applied,0.0,1,,4,sham,1.0,,00005garden,C2 Error injection
injection_000887,00005garden,30,803,1,True,True,applied,1.0,1,,428,C2 Error injection,00005garden,30,803,True,True,applied,0.0,1,,428,sham,1.0,,00005garden,C2 Error injection
injection_000887,00005garden,30,803,2,True,True,applied,1.0,1,,428,C2 Error injection,00005garden,30,803,True,True,applied,0.0,1,,428,sham,1.0,,00005garden,C2 Error injection
injection_000887,00005garden,30,803,5,True,True,applied,1.0,1,,428,C2 Error injection,00005garden,30,803,True,True,applied,0.0,1,,428,sham,1.0,,00005garden,C2 Error injection
injection_000887,00005garden,30,803,10,True,True,applied,1.0,1,,428,C2 Error injection,00005garden,30,803,True,True,applied,0.0,1,,428,sham,1.0,,00005garden,C2 Error injection
injection_000887,00005garden,30,803,20,True,True,applied,1.0,1,,428,C2 Error injection,00005garden,30,803,True,True,applied,0.0,1,,428,sham,1.0,,00005garden,C2 Error injection
injection_000888,00005garden,15,805,1,True,True,applied,1.0,1,,395,C2 Error injection,00005garden,15,805,True,True,applied,0.0,1,,395,sham,1.0,,00005garden,C2 Error injection
injection_000888,00005garden,15,805,2,True,True,applied,1.0,1,,395,C2 Error injection,00005garden,15,805,True,True,applied,0.0,1,,395,sham,1.0,,00005garden,C2 Error injection
injection_000888,00005garden,15,805,5,True,True,applied,1.0,1,,395,C2 Error injection,00005garden,15,805,True,True,applied,0.0,1,,395,sham,1.0,,00005garden,C2 Error injection
injection_000890,00005garden,22,806,1,True,True,applied,1.0,1,,201,C2 Error injection,00005garden,22,806,True,True,applied,0.0,1,,201,sham,1.0,,00005garden,C2 Error injection
injection_000890,00005garden,22,806,2,True,True,applied,1.0,1,,201,C2 Error injection,00005garden,22,806,True,True,applied,0.0,1,,201,sham,1.0,,00005garden,C2 Error injection
injection_000890,00005garden,22,806,5,True,True,applied,1.0,1,,201,C2 Error injection,00005garden,22,806,True,True,applied,0.0,1,,201,sham,1.0,,00005garden,C2 Error injection
injection_000890,00005garden,22,806,10,True,True,applied,1.0,1,,201,C2 Error injection,00005garden,22,806,True,True,applied,0.0,1,,201,sham,1.0,,00005garden,C2 Error injection
injection_000890,00005garden,22,806,20,True,True,applied,1.0,1,,201,C2 Error injection,00005garden,22,806,True,True,applied,0.0,1,,201,sham,1.0,,00005garden,C2 Error injection
injection_000891,00005garden,25,810,1,True,True,applied,1.0,1,,245,C2 Error injection,00005garden,25,810,True,True,applied,0.0,1,,245,sham,1.0,,00005garden,C2 Error injection
injection_000891,00005garden,25,810,2,True,True,applied,1.0,1,,245,C2 Error injection,00005garden,25,810,True,True,applied,0.0,1,,245,sham,1.0,,00005garden,C2 Error injection
injection_000891,00005garden,25,810,5,True,True,applied,1.0,1,,245,C2 Error injection,00005garden,25,810,True,True,applied,0.0,1,,245,sham,1.0,,00005garden,C2 Error injection
injection_000891,00005garden,25,810,10,True,True,applied,1.0,1,,245,C2 Error injection,00005garden,25,810,True,True,applied,0.0,1,,245,sham,1.0,,00005garden,C2 Error injection
injection_000891,00005garden,25,810,20,True,True,applied,1.0,1,,245,C2 Error injection,00005garden,25,810,True,True,applied,0.0,1,,245,sham,1.0,,00005garden,C2 Error injection
injection_000892,00005garden,28,818,1,True,True,applied,1.0,1,,112,C2 Error injection,00005garden,28,818,True,True,applied,0.0,1,,112,sham,1.0,,00005garden,C2 Error injection
injection_000892,00005garden,28,818,2,True,True,applied,1.0,1,,112,C2 Error injection,00005garden,28,818,True,True,applied,0.0,1,,112,sham,1.0,,00005garden,C2 Error injection
injection_000892,00005garden,28,818,5,True,True,applied,1.0,1,,112,C2 Error injection,00005garden,28,818,True,True,applied,0.0,1,,112,sham,1.0,,00005garden,C2 Error injection
injection_000892,00005garden,28,818,10,True,True,applied,1.0,1,,112,C2 Error injection,00005garden,28,818,True,True,applied,0.0,1,,112,sham,1.0,,00005garden,C2 Error injection
injection_000892,00005garden,28,818,20,True,True,applied,1.0,1,,112,C2 Error injection,00005garden,28,818,True,True,applied,0.0,1,,112,sham,1.0,,00005garden,C2 Error injection
injection_000893,00005garden,29,821,1,True,True,applied,0.0,1,,11,C2 Error injection,00005garden,29,821,True,True,applied,0.0,1,,11,sham,0.0,,00005garden,C2 Error injection
injection_000893,00005garden,29,821,2,True,True,applied,0.0,1,,11,C2 Error injection,00005garden,29,821,True,True,applied,0.0,1,,11,sham,0.0,,00005garden,C2 Error injection
injection_000893,00005garden,29,821,5,True,True,applied,0.0,1,,11,C2 Error injection,00005garden,29,821,True,True,applied,0.0,1,,11,sham,0.0,,00005garden,C2 Error injection
injection_000893,00005garden,29,821,10,True,True,applied,0.0,1,,11,C2 Error injection,00005garden,29,821,True,True,applied,0.0,1,,11,sham,0.0,,00005garden,C2 Error injection
injection_000893,00005garden,29,821,20,True,True,applied,0.0,1,,11,C2 Error injection,00005garden,29,821,True,True,applied,0.0,1,,11,sham,0.0,,00005garden,C2 Error injection
injection_000894,00005garden,2,822,1,True,True,applied,1.0,2,1.0,12,C2 Error injection,00005garden,2,822,True,True,applied,0.0,2,0.0,12,sham,1.0,1.0,00005garden,C2 Error injection
injection_000894,00005garden,2,822,2,True,True,applied,1.0,2,1.0,12,C2 Error injection,00005garden,2,822,True,True,applied,0.0,2,0.0,12,sham,1.0,1.0,00005garden,C2 Error injection
injection_000894,00005garden,2,822,5,True,True,applied,1.0,2,1.0,12,C2 Error injection,00005garden,2,822,True,True,applied,0.0,2,0.0,12,sham,1.0,1.0,00005garden,C2 Error injection
injection_000894,00005garden,2,822,10,True,True,applied,1.0,2,1.0,12,C2 Error injection,00005garden,2,822,True,True,applied,0.0,2,0.0,12,sham,1.0,1.0,00005garden,C2 Error injection
injection_000894,00005garden,2,822,20,True,True,applied,1.0,2,1.0,12,C2 Error injection,00005garden,2,822,True,True,applied,0.0,2,0.0,12,sham,1.0,1.0,00005garden,C2 Error injection
injection_000901,00005garden,3,824,1,True,True,applied,0.0,1,,2,C2 Error injection,00005garden,3,824,True,True,applied,0.0,1,,2,sham,0.0,,00005garden,C2 Error injection
injection_000901,00005garden,3,824,2,True,True,applied,0.0,1,,2,C2 Error injection,00005garden,3,824,True,True,applied,0.0,1,,2,sham,0.0,,00005garden,C2 Error injection
injection_000901,00005garden,3,824,5,True,True,applied,0.0,1,,2,C2 Error injection,00005garden,3,824,True,True,applied,0.0,1,,2,sham,0.0,,00005garden,C2 Error injection
injection_000901,00005garden,3,824,10,True,True,applied,0.0,1,,2,C2 Error injection,00005garden,3,824,True,True,applied,0.0,1,,2,sham,0.0,,00005garden,C2 Error injection
injection_000901,00005garden,3,824,20,True,True,applied,0.0,1,,2,C2 Error injection,00005garden,3,824,True,True,applied,0.0,1,,2,sham,0.0,,00005garden,C2 Error injection
injection_000903,00005garden,12,825,1,True,True,applied,0.0,1,,16,C2 Error injection,00005garden,12,825,True,True,applied,0.0,1,,16,sham,0.0,,00005garden,C2 Error injection
injection_000903,00005garden,12,825,2,True,True,applied,0.0,1,,16,C2 Error injection,00005garden,12,825,True,True,applied,0.0,1,,16,sham,0.0,,00005garden,C2 Error injection
injection_000903,00005garden,12,825,5,True,True,applied,0.0,1,,16,C2 Error injection,00005garden,12,825,True,True,applied,0.0,1,,16,sham,0.0,,00005garden,C2 Error injection
injection_000903,00005garden,12,825,10,True,True,applied,0.0,1,,16,C2 Error injection,00005garden,12,825,True,True,applied,0.0,1,,16,sham,0.0,,00005garden,C2 Error injection
injection_000903,00005garden,12,825,20,True,True,applied,0.0,1,,16,C2 Error injection,00005garden,12,825,True,True,applied,0.0,1,,16,sham,0.0,,00005garden,C2 Error injection
injection_000904,00005garden,20,825,1,True,True,applied,1.0,1,,83,C2 Error injection,00005garden,20,825,True,True,applied,0.0,1,,83,sham,1.0,,00005garden,C2 Error injection
injection_000904,00005garden,20,825,2,True,True,applied,1.0,1,,83,C2 Error injection,00005garden,20,825,True,True,applied,0.0,1,,83,sham,1.0,,00005garden,C2 Error injection
injection_000904,00005garden,20,825,5,True,True,applied,1.0,1,,83,C2 Error injection,00005garden,20,825,True,True,applied,0.0,1,,83,sham,1.0,,00005garden,C2 Error injection
injection_000904,00005garden,20,825,20,True,True,applied,1.0,1,,83,C2 Error injection,00005garden,20,825,True,True,applied,0.0,1,,83,sham,1.0,,00005garden,C2 Error injection
injection_000905,00005garden,13,826,1,True,True,applied,1.0,1,,59,C2 Error injection,00005garden,13,826,True,True,applied,0.0,1,,59,sham,1.0,,00005garden,C2 Error injection
injection_000905,00005garden,13,826,2,True,True,applied,1.0,1,,59,C2 Error injection,00005garden,13,826,True,True,applied,0.0,1,,59,sham,1.0,,00005garden,C2 Error injection
injection_000905,00005garden,13,826,5,True,True,applied,1.0,1,,59,C2 Error injection,00005garden,13,826,True,True,applied,0.0,1,,59,sham,1.0,,00005garden,C2 Error injection
injection_000905,00005garden,13,826,10,True,True,applied,1.0,1,,59,C2 Error injection,00005garden,13,826,True,True,applied,0.0,1,,59,sham,1.0,,00005garden,C2 Error injection
injection_000905,00005garden,13,826,20,True,True,applied,1.0,1,,59,C2 Error injection,00005garden,13,826,True,True,applied,0.0,1,,59,sham,1.0,,00005garden,C2 Error injection
injection_000906,00005garden,18,831,1,True,True,applied,0.0,1,,10,C2 Error injection,00005garden,18,831,True,True,applied,0.0,1,,10,sham,0.0,,00005garden,C2 Error injection
injection_000906,00005garden,18,831,2,True,True,applied,0.0,1,,10,C2 Error injection,00005garden,18,831,True,True,applied,0.0,1,,10,sham,0.0,,00005garden,C2 Error injection
injection_000906,00005garden,18,831,5,True,True,applied,0.0,1,,10,C2 Error injection,00005garden,18,831,True,True,applied,0.0,1,,10,sham,0.0,,00005garden,C2 Error injection
injection_000907,00005garden,19,836,1,True,True,applied,0.0,1,,5,C2 Error injection,00005garden,19,836,True,True,applied,0.0,1,,5,sham,0.0,,00005garden,C2 Error injection
injection_000907,00005garden,19,836,2,True,True,applied,0.0,1,,5,C2 Error injection,00005garden,19,836,True,True,applied,0.0,1,,5,sham,0.0,,00005garden,C2 Error injection
injection_000907,00005garden,19,836,5,True,True,applied,0.0,1,,5,C2 Error injection,00005garden,19,836,True,True,applied,0.0,1,,5,sham,0.0,,00005garden,C2 Error injection
injection_000907,00005garden,19,836,10,True,True,applied,0.0,1,,5,C2 Error injection,00005garden,19,836,True,True,applied,0.0,1,,5,sham,0.0,,00005garden,C2 Error injection
injection_000907,00005garden,19,836,20,True,True,applied,0.0,1,,5,C2 Error injection,00005garden,19,836,True,True,applied,0.0,1,,5,sham,0.0,,00005garden,C2 Error injection
injection_000908,00005garden,7,840,1,True,True,applied,0.0,1,,6,C2 Error injection,00005garden,7,840,True,True,applied,0.0,1,,6,sham,0.0,,00005garden,C2 Error injection
injection_000908,00005garden,7,840,2,True,True,applied,0.0,1,,6,C2 Error injection,00005garden,7,840,True,True,applied,0.0,1,,6,sham,0.0,,00005garden,C2 Error injection
injection_000908,00005garden,7,840,5,True,True,applied,0.0,1,,6,C2 Error injection,00005garden,7,840,True,True,applied,0.0,1,,6,sham,0.0,,00005garden,C2 Error injection
injection_000908,00005garden,7,840,10,True,True,applied,0.0,1,,6,C2 Error injection,00005garden,7,840,True,True,applied,0.0,1,,6,sham,0.0,,00005garden,C2 Error injection
injection_000908,00005garden,7,840,20,True,True,applied,0.0,1,,6,C2 Error injection,00005garden,7,840,True,True,applied,0.0,1,,6,sham,0.0,,00005garden,C2 Error injection
injection_000909,00005garden,4,842,1,True,True,applied,1.0,1,,4,C2 Error injection,00005garden,4,842,True,True,applied,0.0,1,,4,sham,1.0,,00005garden,C2 Error injection
injection_000909,00005garden,4,842,2,True,True,applied,1.0,1,,4,C2 Error injection,00005garden,4,842,True,True,applied,0.0,1,,4,sham,1.0,,00005garden,C2 Error injection
injection_000909,00005garden,4,842,5,True,True,applied,1.0,1,,4,C2 Error injection,00005garden,4,842,True,True,applied,0.0,1,,4,sham,1.0,,00005garden,C2 Error injection
injection_000909,00005garden,4,842,10,True,True,applied,1.0,1,,4,C2 Error injection,00005garden,4,842,True,True,applied,0.0,1,,4,sham,1.0,,00005garden,C2 Error injection
injection_000909,00005garden,4,842,20,True,True,applied,1.0,1,,4,C2 Error injection,00005garden,4,842,True,True,applied,0.0,1,,4,sham,1.0,,00005garden,C2 Error injection
injection_000910,00005garden,30,844,1,True,True,applied,1.0,1,,428,C2 Error injection,00005garden,30,844,True,True,applied,0.0,1,,428,sham,1.0,,00005garden,C2 Error injection
injection_000910,00005garden,30,844,2,True,True,applied,1.0,1,,428,C2 Error injection,00005garden,30,844,True,True,applied,0.0,1,,428,sham,1.0,,00005garden,C2 Error injection
injection_000910,00005garden,30,844,5,True,True,applied,1.0,1,,428,C2 Error injection,00005garden,30,844,True,True,applied,0.0,1,,428,sham,1.0,,00005garden,C2 Error injection
injection_000910,00005garden,30,844,10,True,True,applied,1.0,1,,428,C2 Error injection,00005garden,30,844,True,True,applied,0.0,1,,428,sham,1.0,,00005garden,C2 Error injection
injection_000910,00005garden,30,844,20,True,True,applied,1.0,1,,428,C2 Error injection,00005garden,30,844,True,True,applied,0.0,1,,428,sham,1.0,,00005garden,C2 Error injection
injection_000911,00005garden,11,847,1,True,True,applied,1.0,1,,15,C2 Error injection,00005garden,11,847,True,True,applied,0.0,1,,15,sham,1.0,,00005garden,C2 Error injection
injection_000911,00005garden,11,847,2,True,True,applied,1.0,1,,15,C2 Error injection,00005garden,11,847,True,True,applied,0.0,1,,15,sham,1.0,,00005garden,C2 Error injection
injection_000911,00005garden,11,847,5,True,True,applied,1.0,1,,15,C2 Error injection,00005garden,11,847,True,True,applied,0.0,1,,15,sham,1.0,,00005garden,C2 Error injection
injection_000911,00005garden,11,847,10,True,True,applied,1.0,1,,15,C2 Error injection,00005garden,11,847,True,True,applied,0.0,1,,15,sham,1.0,,00005garden,C2 Error injection
injection_000911,00005garden,11,847,20,True,True,applied,1.0,1,,15,C2 Error injection,00005garden,11,847,True,True,applied,0.0,1,,15,sham,1.0,,00005garden,C2 Error injection
injection_000913,00005garden,15,847,1,True,True,applied,1.0,1,,395,C2 Error injection,00005garden,15,847,True,True,applied,0.0,1,,395,sham,1.0,,00005garden,C2 Error injection
injection_000913,00005garden,15,847,2,True,True,applied,1.0,1,,395,C2 Error injection,00005garden,15,847,True,True,applied,0.0,1,,395,sham,1.0,,00005garden,C2 Error injection
injection_000913,00005garden,15,847,5,True,True,applied,1.0,1,,395,C2 Error injection,00005garden,15,847,True,True,applied,0.0,1,,395,sham,1.0,,00005garden,C2 Error injection
injection_000913,00005garden,15,847,20,True,True,applied,1.0,1,,395,C2 Error injection,00005garden,15,847,True,True,applied,0.0,1,,395,sham,1.0,,00005garden,C2 Error injection
injection_000914,00005garden,25,851,1,True,True,applied,1.0,1,,245,C2 Error injection,00005garden,25,851,True,True,applied,0.0,1,,245,sham,1.0,,00005garden,C2 Error injection
injection_000914,00005garden,25,851,2,True,True,applied,1.0,1,,245,C2 Error injection,00005garden,25,851,True,True,applied,0.0,1,,245,sham,1.0,,00005garden,C2 Error injection
injection_000914,00005garden,25,851,5,True,True,applied,1.0,1,,245,C2 Error injection,00005garden,25,851,True,True,applied,0.0,1,,245,sham,1.0,,00005garden,C2 Error injection
injection_000914,00005garden,25,851,10,True,True,applied,1.0,1,,245,C2 Error injection,00005garden,25,851,True,True,applied,0.0,1,,245,sham,1.0,,00005garden,C2 Error injection
injection_000914,00005garden,25,851,20,True,True,applied,1.0,1,,245,C2 Error injection,00005garden,25,851,True,True,applied,0.0,1,,245,sham,1.0,,00005garden,C2 Error injection
injection_000915,00005garden,28,859,1,True,True,applied,1.0,1,,112,C2 Error injection,00005garden,28,859,True,True,applied,0.0,1,,112,sham,1.0,,00005garden,C2 Error injection
injection_000915,00005garden,28,859,2,True,True,applied,1.0,1,,112,C2 Error injection,00005garden,28,859,True,True,applied,0.0,1,,112,sham,1.0,,00005garden,C2 Error injection
injection_000915,00005garden,28,859,5,True,True,applied,1.0,1,,112,C2 Error injection,00005garden,28,859,True,True,applied,0.0,1,,112,sham,1.0,,00005garden,C2 Error injection
injection_000915,00005garden,28,859,10,True,True,applied,1.0,1,,112,C2 Error injection,00005garden,28,859,True,True,applied,0.0,1,,112,sham,1.0,,00005garden,C2 Error injection
injection_000915,00005garden,28,859,20,True,True,applied,1.0,1,,112,C2 Error injection,00005garden,28,859,True,True,applied,0.0,1,,112,sham,1.0,,00005garden,C2 Error injection
injection_000916,00005garden,29,862,1,True,True,applied,0.0,1,,11,C2 Error injection,00005garden,29,862,True,True,applied,0.0,1,,11,sham,0.0,,00005garden,C2 Error injection
injection_000916,00005garden,29,862,2,True,True,applied,0.0,1,,11,C2 Error injection,00005garden,29,862,True,True,applied,0.0,1,,11,sham,0.0,,00005garden,C2 Error injection
injection_000916,00005garden,29,862,5,True,True,applied,0.0,1,,11,C2 Error injection,00005garden,29,862,True,True,applied,0.0,1,,11,sham,0.0,,00005garden,C2 Error injection
injection_000916,00005garden,29,862,10,True,True,applied,0.0,1,,11,C2 Error injection,00005garden,29,862,True,True,applied,0.0,1,,11,sham,0.0,,00005garden,C2 Error injection
injection_000916,00005garden,29,862,20,True,True,applied,0.0,1,,11,C2 Error injection,00005garden,29,862,True,True,applied,0.0,1,,11,sham,0.0,,00005garden,C2 Error injection
injection_000917,00005garden,2,863,1,True,True,applied,1.0,2,1.0,12,C2 Error injection,00005garden,2,863,True,True,applied,0.0,2,0.0,12,sham,1.0,1.0,00005garden,C2 Error injection
injection_000917,00005garden,2,863,2,True,True,applied,1.0,2,1.0,12,C2 Error injection,00005garden,2,863,True,True,applied,0.0,2,0.0,12,sham,1.0,1.0,00005garden,C2 Error injection
injection_000917,00005garden,2,863,5,True,True,applied,1.0,2,1.0,12,C2 Error injection,00005garden,2,863,True,True,applied,0.0,2,0.0,12,sham,1.0,1.0,00005garden,C2 Error injection
injection_000917,00005garden,2,863,10,True,True,applied,1.0,2,1.0,12,C2 Error injection,00005garden,2,863,True,True,applied,0.0,2,0.0,12,sham,1.0,1.0,00005garden,C2 Error injection
injection_000917,00005garden,2,863,20,True,True,applied,1.0,2,1.0,12,C2 Error injection,00005garden,2,863,True,True,applied,0.0,2,0.0,12,sham,1.0,1.0,00005garden,C2 Error injection
injection_000922,00005garden,3,865,1,True,True,applied,0.0,1,,2,C2 Error injection,00005garden,3,865,True,True,applied,0.0,1,,2,sham,0.0,,00005garden,C2 Error injection
injection_000922,00005garden,3,865,2,True,True,applied,0.0,1,,2,C2 Error injection,00005garden,3,865,True,True,applied,0.0,1,,2,sham,0.0,,00005garden,C2 Error injection
injection_000922,00005garden,3,865,5,True,True,applied,0.0,1,,2,C2 Error injection,00005garden,3,865,True,True,applied,0.0,1,,2,sham,0.0,,00005garden,C2 Error injection
injection_000922,00005garden,3,865,10,True,True,applied,0.0,1,,2,C2 Error injection,00005garden,3,865,True,True,applied,0.0,1,,2,sham,0.0,,00005garden,C2 Error injection
injection_000922,00005garden,3,865,20,True,True,applied,0.0,1,,2,C2 Error injection,00005garden,3,865,True,True,applied,0.0,1,,2,sham,0.0,,00005garden,C2 Error injection
injection_000924,00005garden,12,866,1,True,True,applied,0.0,1,,16,C2 Error injection,00005garden,12,866,True,True,applied,0.0,1,,16,sham,0.0,,00005garden,C2 Error injection
injection_000924,00005garden,12,866,2,True,True,applied,0.0,1,,16,C2 Error injection,00005garden,12,866,True,True,applied,0.0,1,,16,sham,0.0,,00005garden,C2 Error injection
injection_000924,00005garden,12,866,5,True,True,applied,0.0,1,,16,C2 Error injection,00005garden,12,866,True,True,applied,0.0,1,,16,sham,0.0,,00005garden,C2 Error injection
injection_000924,00005garden,12,866,10,True,True,applied,0.0,1,,16,C2 Error injection,00005garden,12,866,True,True,applied,0.0,1,,16,sham,0.0,,00005garden,C2 Error injection
injection_000924,00005garden,12,866,20,True,True,applied,0.0,1,,16,C2 Error injection,00005garden,12,866,True,True,applied,0.0,1,,16,sham,0.0,,00005garden,C2 Error injection
injection_000926,00005garden,13,867,1,True,True,applied,1.0,1,,59,C2 Error injection,00005garden,13,867,True,True,applied,0.0,1,,59,sham,1.0,,00005garden,C2 Error injection
injection_000926,00005garden,13,867,2,True,True,applied,1.0,1,,59,C2 Error injection,00005garden,13,867,True,True,applied,0.0,1,,59,sham,1.0,,00005garden,C2 Error injection
injection_000926,00005garden,13,867,5,True,True,applied,1.0,1,,59,C2 Error injection,00005garden,13,867,True,True,applied,0.0,1,,59,sham,1.0,,00005garden,C2 Error injection
injection_000926,00005garden,13,867,10,True,True,applied,1.0,1,,59,C2 Error injection,00005garden,13,867,True,True,applied,0.0,1,,59,sham,1.0,,00005garden,C2 Error injection
injection_000926,00005garden,13,867,20,True,True,applied,1.0,1,,59,C2 Error injection,00005garden,13,867,True,True,applied,0.0,1,,59,sham,1.0,,00005garden,C2 Error injection
injection_000928,00005garden,18,872,1,True,True,applied,0.0,1,,10,C2 Error injection,00005garden,18,872,True,True,applied,0.0,1,,10,sham,0.0,,00005garden,C2 Error injection
injection_000928,00005garden,18,872,2,True,True,applied,0.0,1,,10,C2 Error injection,00005garden,18,872,True,True,applied,0.0,1,,10,sham,0.0,,00005garden,C2 Error injection
injection_000928,00005garden,18,872,5,True,True,applied,0.0,1,,10,C2 Error injection,00005garden,18,872,True,True,applied,0.0,1,,10,sham,0.0,,00005garden,C2 Error injection
injection_000928,00005garden,18,872,10,True,True,applied,0.0,1,,10,C2 Error injection,00005garden,18,872,True,True,applied,0.0,1,,10,sham,0.0,,00005garden,C2 Error injection
injection_000928,00005garden,18,872,20,True,True,applied,0.0,1,,10,C2 Error injection,00005garden,18,872,True,True,applied,0.0,1,,10,sham,0.0,,00005garden,C2 Error injection
injection_000929,00005garden,19,877,1,True,True,applied,0.0,1,,5,C2 Error injection,00005garden,19,877,True,True,applied,0.0,1,,5,sham,0.0,,00005garden,C2 Error injection
injection_000929,00005garden,19,877,2,True,True,applied,0.0,1,,5,C2 Error injection,00005garden,19,877,True,True,applied,0.0,1,,5,sham,0.0,,00005garden,C2 Error injection
injection_000929,00005garden,19,877,5,True,True,applied,0.0,1,,5,C2 Error injection,00005garden,19,877,True,True,applied,0.0,1,,5,sham,0.0,,00005garden,C2 Error injection
injection_000929,00005garden,19,877,10,True,True,applied,0.0,1,,5,C2 Error injection,00005garden,19,877,True,True,applied,0.0,1,,5,sham,0.0,,00005garden,C2 Error injection
injection_000929,00005garden,19,877,20,True,True,applied,0.0,1,,5,C2 Error injection,00005garden,19,877,True,True,applied,0.0,1,,5,sham,0.0,,00005garden,C2 Error injection
injection_000930,00005garden,6,880,1,True,True,applied,0.0,1,,3,C2 Error injection,00005garden,6,880,True,True,applied,0.0,1,,3,sham,0.0,,00005garden,C2 Error injection
injection_000930,00005garden,6,880,2,True,True,applied,0.0,1,,3,C2 Error injection,00005garden,6,880,True,True,applied,0.0,1,,3,sham,0.0,,00005garden,C2 Error injection
injection_000930,00005garden,6,880,5,True,True,applied,0.0,1,,3,C2 Error injection,00005garden,6,880,True,True,applied,0.0,1,,3,sham,0.0,,00005garden,C2 Error injection
injection_000931,00005garden,7,881,1,True,True,applied,0.0,1,,6,C2 Error injection,00005garden,7,881,True,True,applied,0.0,1,,6,sham,0.0,,00005garden,C2 Error injection
injection_000931,00005garden,7,881,2,True,True,applied,0.0,1,,6,C2 Error injection,00005garden,7,881,True,True,applied,0.0,1,,6,sham,0.0,,00005garden,C2 Error injection
injection_000931,00005garden,7,881,5,True,True,applied,0.0,1,,6,C2 Error injection,00005garden,7,881,True,True,applied,0.0,1,,6,sham,0.0,,00005garden,C2 Error injection
injection_000931,00005garden,7,881,10,True,True,applied,0.0,1,,6,C2 Error injection,00005garden,7,881,True,True,applied,0.0,1,,6,sham,0.0,,00005garden,C2 Error injection
injection_000932,00005garden,4,883,1,True,True,applied,1.0,1,,4,C2 Error injection,00005garden,4,883,True,True,applied,0.0,1,,4,sham,1.0,,00005garden,C2 Error injection
injection_000932,00005garden,4,883,2,True,True,applied,1.0,1,,4,C2 Error injection,00005garden,4,883,True,True,applied,0.0,1,,4,sham,1.0,,00005garden,C2 Error injection
injection_000932,00005garden,4,883,5,True,True,applied,1.0,1,,4,C2 Error injection,00005garden,4,883,True,True,applied,0.0,1,,4,sham,1.0,,00005garden,C2 Error injection
injection_000932,00005garden,4,883,10,True,True,applied,1.0,1,,4,C2 Error injection,00005garden,4,883,True,True,applied,0.0,1,,4,sham,1.0,,00005garden,C2 Error injection
injection_000933,00005garden,30,885,1,True,True,applied,1.0,1,,428,C2 Error injection,00005garden,30,885,True,True,applied,0.0,1,,428,sham,1.0,,00005garden,C2 Error injection
injection_000933,00005garden,30,885,2,True,True,applied,1.0,1,,428,C2 Error injection,00005garden,30,885,True,True,applied,0.0,1,,428,sham,1.0,,00005garden,C2 Error injection
injection_000933,00005garden,30,885,5,True,True,applied,1.0,1,,428,C2 Error injection,00005garden,30,885,True,True,applied,0.0,1,,428,sham,1.0,,00005garden,C2 Error injection
injection_000933,00005garden,30,885,10,True,True,applied,1.0,1,,428,C2 Error injection,00005garden,30,885,True,True,applied,0.0,1,,428,sham,1.0,,00005garden,C2 Error injection
injection_000934,00005garden,15,888,1,True,True,applied,1.0,1,,395,C2 Error injection,00005garden,15,888,True,True,applied,0.0,1,,395,sham,1.0,,00005garden,C2 Error injection
injection_000934,00005garden,15,888,2,True,True,applied,1.0,1,,395,C2 Error injection,00005garden,15,888,True,True,applied,0.0,1,,395,sham,1.0,,00005garden,C2 Error injection
injection_000934,00005garden,15,888,5,True,True,applied,1.0,1,,395,C2 Error injection,00005garden,15,888,True,True,applied,0.0,1,,395,sham,1.0,,00005garden,C2 Error injection
injection_000934,00005garden,15,888,10,True,True,applied,1.0,1,,395,C2 Error injection,00005garden,15,888,True,True,applied,0.0,1,,395,sham,1.0,,00005garden,C2 Error injection
injection_000937,00005garden,25,892,1,True,True,applied,1.0,1,,245,C2 Error injection,00005garden,25,892,True,True,applied,0.0,1,,245,sham,1.0,,00005garden,C2 Error injection
injection_000937,00005garden,25,892,2,True,True,applied,1.0,1,,245,C2 Error injection,00005garden,25,892,True,True,applied,0.0,1,,245,sham,1.0,,00005garden,C2 Error injection
injection_000937,00005garden,25,892,5,True,True,applied,1.0,1,,245,C2 Error injection,00005garden,25,892,True,True,applied,0.0,1,,245,sham,1.0,,00005garden,C2 Error injection
