scene,pred_track_id,canonical_gt,start_frame,end_frame,duration_observations,views
00001garden,2,15,1,1,1,1
00001garden,2,15,2,2,1,1
00001garden,2,15,3,3,1,1
00001garden,2,15,4,4,1,1
00001garden,2,15,5,5,1,1
00001garden,2,15,6,6,1,1
00001garden,2,15,7,7,1,1
00001garden,2,15,8,8,1,1
00001garden,2,15,9,9,1,1
00001garden,2,15,10,10,1,1
00001garden,2,15,11,11,1,1
00001garden,2,15,12,12,1,1
00001garden,2,15,13,13,1,1
00001garden,2,15,14,14,1,1
00001garden,2,15,15,15,1,1
00001garden,2,15,16,16,1,1
00001garden,2,15,17,17,1,1
00001garden,2,15,18,18,1,1
00001garden,2,15,19,19,1,1
00001garden,2,15,20,20,1,1
00001garden,2,15,21,21,1,1
00001garden,2,15,22,22,1,1
00001garden,2,15,23,23,1,1
00001garden,2,15,24,24,1,1
00001garden,2,15,25,25,1,1
00001garden,2,15,26,26,1,1
00001garden,2,15,27,27,1,1
00001garden,2,15,28,28,1,1
00001garden,2,15,29,29,1,1
00001garden,2,15,30,30,1,1
00001garden,2,15,31,32,2,1
00001garden,2,15,33,33,1,1
00001garden,2,15,34,34,1,1
00001garden,2,15,35,35,1,1
00001garden,2,15,36,36,1,1
00001garden,2,15,37,37,1,1
00001garden,2,15,38,38,1,1
00001garden,2,15,39,39,1,1
00001garden,2,15,40,40,1,1
00001garden,2,15,41,41,1,1
00001garden,2,15,42,42,1,1
00001garden,2,15,43,43,1,1
00001garden,2,15,44,44,1,1
00001garden,2,15,45,45,1,1
00001garden,2,15,46,46,1,1
00001garden,2,15,47,47,1,1
00001garden,2,15,48,48,1,1
00001garden,2,15,49,49,1,1
00001garden,2,15,50,50,1,1
00001garden,2,15,51,51,1,1
00001garden,2,15,52,52,1,1
00001garden,2,15,53,53,1,1
00001garden,2,15,54,54,1,1
00001garden,2,15,55,55,1,1
00001garden,2,15,56,56,1,1
00001garden,2,15,57,57,1,1
00001garden,2,15,58,58,1,1
00001garden,2,15,59,59,1,1
00001garden,2,15,60,60,1,1
00001garden,2,15,61,61,1,1
00001garden,2,15,63,63,1,1
00001garden,5,3,618,618,1,1
00001garden,7,5,485,485,1,1
00001garden,7,5,486,486,1,1
00001garden,9,11,12,20,6,1
00001garden,10,8,91,91,1,1
00001garden,202,2,843,843,1,1
00001garden,202,2,844,844,1,1
00001garden,202,2,845,845,1,1
00001garden,202,2,846,846,1,1
00001garden,202,2,847,847,1,1
00001garden,202,2,848,848,1,1
00001garden,202,2,849,849,1,1
00001garden,202,2,850,850,1,1
00001garden,202,2,851,851,1,1
00001garden,202,2,852,852,1,1
00001garden,202,2,853,853,1,1
00001garden,202,2,854,854,1,1
00001garden,202,2,855,855,1,1
00001garden,202,2,856,856,1,1
00001garden,202,2,857,857,1,1
00001garden,202,2,858,858,1,1
00001garden,202,2,859,859,1,1
00001garden,202,2,860,860,1,1
00001garden,202,2,861,861,1,1
00001garden,202,2,862,862,1,1
00001garden,202,2,863,863,1,1
00001garden,202,2,864,864,1,1
00001garden,202,2,865,865,1,1
00001garden,202,2,866,866,1,1
00001garden,202,2,867,867,1,1
00001garden,202,2,868,868,1,1
00001garden,202,2,869,869,1,1
00001garden,202,2,870,870,1,1
00001garden,202,2,871,871,1,1
00001garden,202,2,872,872,1,1
00001garden,202,2,873,873,1,1
00001garden,202,2,874,874,1,1
00001garden,202,2,875,875,1,1
00001garden,202,2,876,876,1,1
00001garden,202,2,877,877,1,1
00001garden,202,2,878,878,1,1
00001garden,202,2,879,879,1,1
00001garden,202,2,880,880,1,1
00001garden,202,2,881,881,1,1
00001garden,202,2,882,882,1,1
00001garden,202,2,883,883,1,1
00001garden,202,2,884,884,1,1
00001garden,202,2,885,885,1,1
00001garden,202,2,886,886,1,1
00001garden,202,2,887,887,1,1
00001garden,202,2,888,888,1,1
00001garden,202,2,889,889,1,1
00001garden,202,2,890,890,1,1
00001garden,202,2,891,891,1,1
00001garden,202,2,892,892,1,1
00001garden,202,2,893,893,1,1
00001garden,202,2,894,894,1,1
00001garden,202,2,895,895,1,1
00001garden,202,2,896,896,1,1
00001garden,202,2,897,897,1,1
00001garden,202,2,898,898,1,1
00001garden,202,2,899,899,1,1
00001garden,202,2,900,900,1,1
00001garden,202,2,901,901,1,1
00001garden,202,2,902,902,1,1
00001garden,202,2,903,903,1,1
00001garden,202,2,904,904,1,1
00001garden,202,2,905,905,1,1
00001garden,202,2,906,906,1,1
00001garden,202,2,907,907,1,1
00001garden,202,2,908,908,1,1
00001garden,202,2,909,909,1,1
00001garden,202,2,910,910,1,1
00001garden,202,2,911,911,1,1
00001garden,202,2,912,912,1,1
00001garden,202,2,913,913,1,1
00001garden,202,2,914,914,1,1
00001garden,202,2,915,915,1,1
00001garden,202,2,916,916,1,1
00001garden,202,2,917,917,1,1
00001garden,202,2,918,918,1,1
00001garden,202,2,919,919,1,1
00001garden,202,2,920,920,1,1
00001garden,202,2,921,921,1,1
00001garden,202,2,922,922,1,1
00001garden,202,2,923,923,1,1
00001garden,202,2,924,924,1,1
00001garden,202,2,925,925,1,1
00001garden,202,2,926,926,1,1
00001garden,202,2,927,927,1,1
00001garden,202,2,928,928,1,1
00001garden,202,2,929,929,1,1
00001garden,202,2,930,930,1,1
00001garden,202,2,931,931,1,1
00001garden,202,2,932,932,1,1
00001garden,202,2,933,933,1,1
00001garden,202,2,934,934,1,1
00001garden,202,2,935,935,1,1
00001garden,202,2,936,936,1,1
00001garden,202,2,937,937,1,1
00001garden,202,2,938,938,1,1
00001garden,202,2,939,939,1,1
00001garden,202,2,940,940,1,1
00001garden,202,2,941,941,1,1
00001garden,202,2,942,942,1,1
00001garden,202,2,943,943,1,1
00001garden,202,2,944,946,3,1
00001garden,202,2,947,1005,59,1
00003garden,3,4,603,603,1,1
00003garden,3,4,613,613,1,1
00003garden,4,3,801,801,1,1
00003garden,4,3,838,838,1,1
00003garden,4,3,854,854,1,1
00003garden,4,3,856,856,1,1
00003garden,4,3,870,870,1,1
00003garden,14,6,521,521,1,1
00003garden,14,6,753,753,1,1
00003garden,14,6,754,754,1,1
00003garden,14,6,755,755,1,1
00003garden,14,6,756,756,1,1
00003garden,14,6,757,757,1,1
00003garden,14,6,758,758,1,1
00003garden,14,6,759,759,1,1
00003garden,14,6,760,760,1,1
00003garden,14,6,761,761,1,1
00003garden,14,6,762,762,1,1
00003garden,14,6,763,763,1,1
00003garden,14,6,764,764,1,1
00003garden,14,6,765,765,1,1
00003garden,14,6,766,766,1,1
00003garden,14,6,767,767,1,1
00003garden,14,6,768,768,1,1
00003garden,14,6,769,769,1,1
00003garden,14,6,770,770,1,1
00003garden,14,6,771,771,1,1
00003garden,14,6,772,772,1,1
00003garden,14,6,773,773,1,1
00003garden,14,6,774,774,1,1
00003garden,14,6,775,775,1,1
00003garden,14,6,776,776,1,1
00003garden,14,6,777,777,1,1
00003garden,14,6,778,778,1,1
00003garden,14,6,779,779,1,1
00003garden,14,6,780,780,1,1
00003garden,14,6,781,781,1,1
00003garden,14,6,782,782,1,1
00003garden,14,6,783,783,1,1
00003garden,14,6,784,784,1,1
00003garden,14,6,785,785,1,1
00003garden,14,6,786,786,1,1
00003garden,14,6,787,787,1,1
00003garden,14,6,788,788,1,1
00003garden,14,6,789,789,1,1
00003garden,14,6,790,790,1,1
00003garden,14,6,791,791,1,1
00003garden,14,6,792,792,1,1
00003garden,14,6,793,793,1,1
00003garden,14,6,794,794,1,1
00003garden,14,6,795,795,1,1
00003garden,14,6,796,796,1,1
00003garden,14,6,797,797,1,1
00003garden,14,6,798,798,1,1
00003garden,14,6,799,799,1,1
00003garden,14,6,800,800,1,1
00003garden,14,6,801,801,1,1
00003garden,14,6,802,802,1,1
00003garden,14,6,803,803,1,1
00003garden,14,6,804,804,1,1
00003garden,14,6,805,805,1,1
00003garden,14,6,806,806,1,1
00003garden,14,6,807,807,1,1
00003garden,14,6,808,808,1,1
00003garden,14,6,809,809,1,1
00003garden,14,6,810,810,1,1
00003garden,14,6,811,811,1,1
00003garden,14,6,812,812,1,1
00003garden,14,6,813,813,1,1
00003garden,14,6,814,814,1,1
00003garden,14,6,815,815,1,1
00003garden,14,6,816,816,1,1
00003garden,14,6,817,817,1,1
00003garden,14,6,818,818,1,1
00003garden,14,6,819,819,1,1
00003garden,14,6,820,820,1,1
00003garden,14,6,821,821,1,1
00003garden,14,6,822,822,1,1
00003garden,14,6,823,823,1,1
00003garden,14,6,824,824,1,1
00003garden,14,6,825,825,1,1
00003garden,14,6,826,826,1,1
00003garden,14,6,827,827,1,1
00003garden,14,6,828,828,1,1
00003garden,14,6,829,829,1,1
00003garden,14,6,830,830,1,1
00003garden,14,6,831,831,1,1
00003garden,14,6,832,832,1,1
00003garden,14,6,833,833,1,1
00003garden,14,6,834,834,1,1
00003garden,14,6,835,835,1,1
00003garden,14,6,836,836,1,1
00003garden,14,6,837,837,1,1
00003garden,14,6,838,838,1,1
00003garden,14,6,839,839,1,1
00003garden,14,6,840,840,1,1
00003garden,14,6,841,841,1,1
00003garden,14,6,842,842,1,1
00003garden,14,6,843,843,1,1
00003garden,14,6,844,844,1,1
00003garden,14,6,845,845,1,1
00003garden,14,6,846,846,1,1
00003garden,14,6,847,847,1,1
00003garden,14,6,848,848,1,1
00003garden,14,6,849,849,1,1
00003garden,14,6,850,850,1,1
00003garden,14,6,851,851,1,1
00003garden,14,6,852,852,1,1
00003garden,14,6,853,853,1,1
00003garden,14,6,854,854,1,1
00003garden,14,6,856,856,1,1
00003garden,14,6,857,857,1,1
00003garden,14,6,858,858,1,1
00003garden,14,6,859,859,1,1
00003garden,14,6,862,862,1,1
00003garden,14,6,863,863,1,1
00003garden,14,6,864,864,1,1
00003garden,14,6,865,865,1,1
00003garden,14,6,866,866,1,1
00003garden,14,6,867,867,1,1
00003garden,14,6,868,868,1,1
00003garden,14,6,869,869,1,1
00003garden,14,6,870,870,1,1
00003garden,14,6,871,871,1,1
00003garden,14,6,872,872,1,1
00003garden,14,6,873,873,1,1
00003garden,14,6,874,874,1,1
00003garden,14,6,875,875,1,1
00003garden,14,6,1073,1073,1,1
00003garden,14,6,1078,1078,1,1
00003garden,14,6,1081,1081,1,1
00003garden,14,6,1082,1082,1,1
00003garden,14,6,1252,1253,2,1
00003garden,15,5,283,283,1,1
00003garden,15,5,713,713,1,1
00003garden,15,5,716,716,1,1
00003garden,15,5,718,718,1,1
00003garden,15,5,735,735,1,1
00003garden,15,5,737,737,1,1
00003garden,15,5,755,755,1,1
00003garden,15,5,756,756,1,1
00003garden,15,5,757,757,1,1
00003garden,15,5,758,758,1,1
00003garden,15,5,759,759,1,1
00003garden,15,5,761,761,1,1
00003garden,15,5,762,762,1,1
00003garden,15,5,763,763,1,1
00003garden,15,5,764,764,1,1
00003garden,15,5,765,765,1,1
00003garden,15,5,766,766,1,1
00003garden,15,5,767,767,1,1
00003garden,15,5,768,768,1,1
00003garden,15,5,769,769,1,1
00003garden,15,5,770,770,1,1
00003garden,15,5,771,771,1,1
00003garden,15,5,772,772,1,1
00003garden,15,5,773,773,1,1
00003garden,15,5,774,774,1,1
00003garden,15,5,775,775,1,1
00003garden,15,5,776,776,1,1
00003garden,15,5,777,777,1,1
00003garden,15,5,778,778,1,1
00003garden,15,5,779,779,1,1
00003garden,15,5,781,781,1,1
00003garden,15,5,782,782,1,1
00003garden,15,5,783,783,1,1
00003garden,15,5,784,784,1,1
00003garden,15,5,785,785,1,1
00003garden,15,5,786,786,1,1
00003garden,15,5,787,787,1,1
00003garden,15,5,788,788,1,1
00003garden,15,5,789,789,1,1
00003garden,15,5,790,790,1,1
00003garden,15,5,791,791,1,1
00003garden,15,5,792,792,1,1
00003garden,15,5,793,793,1,1
00003garden,15,5,794,794,1,1
00003garden,15,5,795,795,1,1
00003garden,15,5,796,796,1,1
00003garden,15,5,807,807,1,1
00003garden,15,5,809,809,1,1
00003garden,15,5,810,810,1,1
00003garden,15,5,811,811,1,1
00003garden,15,5,812,812,1,1
00003garden,15,5,813,813,1,1
00003garden,15,5,814,814,1,1
00003garden,15,5,839,839,1,1
00003garden,15,5,840,840,1,1
00003garden,15,5,841,841,1,1
00003garden,15,5,842,842,1,1
00003garden,15,5,843,843,1,1
00003garden,15,5,844,844,1,1
00003garden,15,5,846,846,1,1
00003garden,15,5,850,850,1,1
00003garden,15,5,853,853,1,1
00003garden,15,5,913,913,1,1
00003garden,15,5,914,914,1,1
00003garden,15,5,915,915,1,1
00003garden,15,5,916,916,1,1
00003garden,15,5,917,917,1,1
00003garden,15,5,918,918,1,1
00003garden,15,5,919,919,1,1
00003garden,15,5,920,920,1,1
00003garden,15,5,921,921,1,1
00003garden,15,5,922,922,1,1
00003garden,15,5,923,923,1,1
00003garden,15,5,924,924,1,1
00003garden,15,5,925,925,1,1
00003garden,15,5,926,926,1,1
00003garden,15,5,927,927,1,1
00003garden,15,5,928,928,1,1
00003garden,15,5,929,929,1,1
00003garden,15,5,930,930,1,1
00003garden,15,5,931,931,1,1
00003garden,15,5,932,932,1,1
00003garden,15,5,933,933,1,1
00003garden,15,5,934,934,1,1
00003garden,15,5,935,935,1,1
00003garden,15,5,936,936,1,1
00003garden,15,5,937,937,1,1
00003garden,15,5,938,938,1,1
00003garden,15,5,939,939,1,1
00003garden,15,5,940,940,1,1
00003garden,15,5,941,941,1,1
00003garden,15,5,942,942,1,1
00003garden,15,5,944,944,1,1
00003garden,15,5,945,945,1,1
00003garden,15,5,946,946,1,1
00003garden,15,5,947,947,1,1
00003garden,15,5,950,950,1,1
00003garden,15,5,951,951,1,1
00003garden,27,7,612,612,1,1
00003garden,51,8,760,760,1,1
00003garden,146,4,866,879,13,1
00003garden,146,4,1255,1260,4,1
00003garden,146,4,1263,1263,1,1
00003garden,146,4,1287,1287,1,1
00003garden,286,10,1265,1277,11,1
00003garden,341,13,1567,1567,1,1
00003garden,341,13,1568,1568,1,1
00003garden,341,13,1569,1569,1,1
00003garden,341,13,1570,1570,1,1
00003garden,341,13,1571,1571,1,1
00003garden,341,13,1572,1572,1,1
00003garden,341,13,1573,1573,1,1
00003garden,341,13,1574,1574,1,1
00003garden,341,13,1575,1575,1,1
00003garden,341,13,1576,1576,1,1
00003garden,341,13,1577,1577,1,1
00003garden,341,13,1578,1578,1,1
00003garden,341,13,1579,1579,1,1
00003garden,341,13,1580,1580,1,1
00003garden,341,13,1581,1581,1,1
00003garden,341,13,1582,1582,1,1
00003garden,341,13,1583,1583,1,1
00003garden,341,13,1584,1584,1,1
00003garden,341,13,1585,1585,1,1
00003garden,341,13,1586,1586,1,1
00003garden,341,13,1587,1587,1,1
00003garden,341,13,1588,1588,1,1
00003garden,341,13,1589,1589,1,1
00003garden,341,13,1590,1590,1,1
00003garden,341,13,1591,1591,1,1
00003garden,341,13,1592,1592,1,1
00003garden,341,13,1593,1593,1,1
00003garden,341,13,1594,1594,1,1
00003garden,341,13,1595,1595,1,1
00003garden,341,13,1596,1596,1,1
00003garden,341,13,1597,1597,1,1
00003garden,341,13,1598,1598,1,1
00003garden,341,13,1600,1600,1,1
00003garden,341,13,1601,1601,1,1
00003garden,341,13,1602,1602,1,1
00003garden,341,13,1603,1603,1,1
00003garden,341,13,1604,1604,1,1
00003garden,341,13,1605,1605,1,1
00003garden,341,13,1606,1606,1,1
00003garden,341,13,1607,1607,1,1
00003garden,341,13,1608,1608,1,1
00003garden,341,13,1609,1609,1,1
00003garden,341,13,1610,1610,1,1
00003garden,341,13,1611,1611,1,1
00003garden,341,13,1612,1612,1,1
00003garden,341,13,1613,1613,1,1
00003garden,341,13,1614,1614,1,1
00003garden,341,13,1615,1615,1,1
00003garden,341,13,1616,1616,1,1
00003garden,341,13,1617,1617,1,1
00003garden,341,13,1618,1618,1,1
00003garden,341,13,1619,1619,1,1
00003garden,341,13,1620,1620,1,1
00003garden,341,13,1621,1621,1,1
00003garden,341,13,1622,1622,1,1
00003garden,341,13,1623,1623,1,1
00003garden,341,13,1624,1624,1,1
00003garden,341,13,1625,1625,1,1
00003garden,341,13,1626,1626,1,1
00003garden,341,13,1627,1627,1,1
00003garden,341,13,1628,1628,1,1
00005garden,1,5,38,38,1,1
00005garden,1,5,45,45,1,1
00005garden,1,5,48,48,1,1
00005garden,1,5,49,49,1,1
00005garden,1,5,52,52,1,1
00005garden,1,5,53,53,1,1
00005garden,1,5,61,61,1,1
00005garden,2,3,367,367,1,1
00005garden,2,3,369,371,3,2
00005garden,2,3,372,372,2,2
00005garden,2,3,373,373,1,1
00005garden,2,3,374,374,1,1
00005garden,2,3,375,375,1,1
00005garden,2,3,376,376,1,1
00005garden,2,3,378,378,1,1
00005garden,2,3,379,379,1,1
00005garden,2,3,681,683,3,1
00005garden,4,4,360,369,10,1
00005garden,4,4,622,622,1,1
00005garden,4,4,656,657,2,1
00005garden,4,4,659,669,11,1
00005garden,4,4,673,677,5,1
00005garden,4,4,700,700,1,1
00005garden,5,19,777,777,1,1
00005garden,9,1,369,369,1,1
00005garden,9,1,370,379,4,1
00005garden,9,1,688,688,1,1
00005garden,10,18,158,159,2,1
00005garden,10,18,162,162,1,1
00005garden,11,29,1,68,68,1
00005garden,11,29,89,89,1,1
00005garden,11,29,111,139,29,1
00005garden,11,29,150,150,1,1
00005garden,11,29,310,319,10,1
00005garden,11,29,322,322,1,1
00005garden,11,29,324,324,1,1
00005garden,11,29,699,699,1,1
00005garden,11,29,702,702,1,1
00005garden,11,29,707,710,4,1
00005garden,11,29,713,714,2,1
00005garden,11,29,719,720,2,1
00005garden,11,29,895,897,3,1
00005garden,12,2,405,405,1,1
00005garden,12,2,410,410,1,1
00005garden,12,2,411,411,1,1
00005garden,12,2,413,413,1,1
00005garden,12,2,414,414,1,1
00005garden,12,2,415,415,1,1
00005garden,12,2,416,416,1,1
00005garden,12,2,417,417,1,1
00005garden,12,2,418,418,1,1
00005garden,12,2,419,419,1,1
00005garden,12,2,420,420,1,1
00005garden,12,2,421,421,1,1
00005garden,12,2,422,422,1,1
00005garden,12,2,423,423,1,1
00005garden,12,2,424,424,1,1
00005garden,12,2,425,425,1,1
00005garden,12,2,426,426,1,1
00005garden,12,2,427,427,1,1
00005garden,12,2,429,429,1,1
00005garden,12,2,430,430,1,1
00005garden,12,2,431,431,1,1
00005garden,12,2,432,432,1,1
00005garden,12,2,433,433,1,1
00005garden,12,2,434,434,1,1
00005garden,12,2,435,435,1,1
00005garden,12,2,436,436,1,1
00005garden,12,2,437,437,1,1
00005garden,12,2,438,438,1,1
00005garden,12,2,439,439,1,1
00005garden,12,2,440,440,1,1
00005garden,12,2,441,441,1,1
00005garden,12,2,442,442,1,1
00005garden,12,2,443,443,1,1
00005garden,12,2,444,444,1,1
00005garden,12,2,445,445,1,1
00005garden,12,2,446,446,1,1
00005garden,12,2,447,447,1,1
00005garden,12,2,448,448,1,1
00005garden,12,2,449,449,1,1
00005garden,12,2,450,450,1,1
00005garden,12,2,451,451,1,1
00005garden,12,2,452,452,1,1
00005garden,12,2,453,453,1,1
00005garden,12,2,454,454,1,1
00005garden,12,2,455,455,1,1
00005garden,12,2,456,456,1,1
00005garden,12,2,457,457,1,1
00005garden,12,2,458,458,1,1
00005garden,12,2,459,459,1,1
00005garden,12,2,460,460,1,1
00005garden,12,2,461,461,1,1
00005garden,12,2,462,462,1,1
00005garden,12,2,463,463,1,1
00005garden,12,2,464,464,1,1
00005garden,12,2,465,465,1,1
00005garden,12,2,466,466,1,1
00005garden,12,2,467,467,1,1
00005garden,12,2,468,468,1,1
00005garden,12,2,469,469,1,1
00005garden,12,2,470,470,1,1
00005garden,12,2,471,471,1,1
00005garden,12,2,472,472,1,1
00005garden,12,2,473,473,1,1
00005garden,12,2,474,474,1,1
00005garden,12,2,475,475,1,1
00005garden,12,2,476,476,1,1
00005garden,12,2,477,477,1,1
00005garden,12,2,478,478,1,1
00005garden,12,2,479,479,1,1
00005garden,12,2,480,480,1,1
00005garden,12,2,481,481,1,1
00005garden,12,2,482,482,1,1
00005garden,12,2,483,483,1,1
00005garden,12,2,484,484,1,1
00005garden,12,2,485,485,1,1
00005garden,12,2,486,486,1,1
00005garden,12,2,487,487,1,1
00005garden,12,2,488,488,1,1
00005garden,12,2,489,489,1,1
00005garden,12,2,490,490,1,1
00005garden,12,2,491,491,1,1
00005garden,12,2,492,492,1,1
00005garden,12,2,493,493,1,1
00005garden,12,2,494,494,1,1
00005garden,12,2,495,495,1,1
00005garden,12,2,496,496,1,1
00005garden,12,2,497,497,1,1
00005garden,12,2,498,498,1,1
00005garden,12,2,499,530,32,1
00005garden,12,2,531,531,1,1
00005garden,12,2,532,532,1,1
00005garden,12,2,533,533,1,1
00005garden,12,2,534,534,1,1
00005garden,12,2,535,535,1,1
00005garden,12,2,536,536,1,1
00005garden,12,2,537,537,1,1
00005garden,12,2,538,538,1,1
00005garden,12,2,539,539,1,1
00005garden,12,2,540,540,1,1
00005garden,12,2,541,541,1,1
00005garden,12,2,542,542,1,1
00005garden,12,2,543,543,1,1
00005garden,12,2,544,544,1,1
00005garden,12,2,545,545,1,1
00005garden,12,2,546,546,1,1
00005garden,12,2,547,547,1,1
00005garden,12,2,548,548,1,1
00005garden,12,2,549,549,1,1
00005garden,12,2,550,550,1,1
00005garden,12,2,551,551,1,1
00005garden,12,2,552,552,1,1
00005garden,12,2,553,553,1,1
00005garden,12,2,554,554,1,1
00005garden,12,2,555,555,1,1
00005garden,12,2,556,556,1,1
00005garden,12,2,557,557,1,1
00005garden,12,2,558,558,1,1
00005garden,12,2,559,559,1,1
00005garden,12,2,560,560,1,1
00005garden,12,2,561,561,1,1
00005garden,12,2,562,562,1,1
00005garden,12,2,563,563,1,1
00005garden,12,2,564,564,1,1
00005garden,12,2,565,565,1,1
00005garden,12,2,566,566,1,1
00005garden,12,2,567,567,1,1
00005garden,12,2,568,568,1,1
00005garden,12,2,569,569,1,1
00005garden,12,2,570,570,1,1
00005garden,12,2,571,571,1,1
00005garden,12,2,572,572,1,1
00005garden,12,2,573,573,1,1
00005garden,12,2,574,574,1,1
00005garden,12,2,575,575,1,1
00005garden,12,2,576,576,1,1
00005garden,12,2,577,577,1,1
00005garden,12,2,578,578,1,1
00005garden,12,2,579,579,1,1
00005garden,12,2,580,580,1,1
00005garden,12,2,581,581,1,1
00005garden,12,2,582,582,1,1
00005garden,12,2,583,583,1,1
00005garden,12,2,584,584,1,1
00005garden,12,2,585,585,1,1
00005garden,12,2,586,586,1,1
00005garden,12,2,587,587,1,1
00005garden,12,2,588,588,1,1
00005garden,12,2,589,589,1,1
00005garden,12,2,590,590,1,1
00005garden,12,2,591,591,1,1
00005garden,12,2,592,592,1,1
00005garden,12,2,593,593,1,1
00005garden,12,2,594,594,1,1
00005garden,12,2,595,595,1,1
00005garden,12,2,596,596,1,1
00005garden,12,2,597,597,1,1
00005garden,12,2,598,598,1,1
00005garden,12,2,599,599,1,1
00005garden,12,2,600,600,1,1
00005garden,12,2,601,601,1,1
00005garden,12,2,602,602,1,1
00005garden,12,2,603,603,1,1
00005garden,12,2,604,604,1,1
00005garden,12,2,605,605,1,1
00005garden,12,2,606,606,1,1
00005garden,12,2,607,607,1,1
00005garden,12,2,608,608,1,1
00005garden,12,2,609,609,1,1
00005garden,12,2,610,610,1,1
00005garden,12,2,611,611,1,1
00005garden,12,2,612,612,1,1
00005garden,12,2,613,613,1,1
00005garden,12,2,614,614,1,1
00005garden,12,2,615,615,1,1
00005garden,12,2,616,616,1,1
00005garden,12,2,619,619,1,1
00005garden,12,2,620,620,1,1
00005garden,12,2,621,621,1,1
00005garden,12,2,622,622,1,1
00005garden,16,12,1,1,1,1
00005garden,19,21,1,107,107,1
00005garden,19,21,357,358,2,1
00005garden,21,24,2,105,64,1
00005garden,22,23,207,207,1,1
00005garden,23,11,27,27,1,1
00005garden,23,11,29,29,1,1
00005garden,23,11,72,80,6,1
00005garden,23,11,85,89,5,1
00005garden,23,11,96,99,4,1
00005garden,23,11,101,102,2,1
00005garden,23,11,104,104,1,1
00005garden,23,11,107,107,1,1
00005garden,23,11,109,109,1,1
00005garden,23,11,141,141,1,1
00005garden,23,11,176,176,1,1
00005garden,23,11,211,211,1,1
00005garden,23,11,218,220,3,1
00005garden,23,11,252,258,6,1
00005garden,23,11,337,344,8,1
00005garden,23,11,359,360,2,1
00005garden,23,11,383,384,2,1
00005garden,23,11,386,389,4,1
00005garden,23,11,426,426,1,1
00005garden,23,11,431,431,1,1
00005garden,23,11,436,438,3,1
00005garden,23,11,441,441,1,1
00005garden,23,11,446,447,2,1
00005garden,23,11,470,471,2,1
00005garden,23,11,516,517,2,1
00005garden,23,11,525,525,1,1
00005garden,23,11,572,572,1,1
00005garden,23,11,658,658,1,1
00005garden,23,11,688,688,1,1
00005garden,23,11,690,690,1,1
00005garden,23,11,692,693,2,1
00005garden,23,11,733,735,3,1
00005garden,23,11,738,738,1,1
00005garden,23,11,743,744,2,1
00005garden,23,11,818,818,1,1
00005garden,23,11,820,824,4,1
00005garden,23,11,839,839,1,1
00005garden,58,13,79,84,6,1
00005garden,58,13,271,271,1,1
00005garden,91,20,430,439,9,1
00005garden,91,20,445,447,3,1
00005garden,91,20,457,477,20,1
00005garden,91,20,481,481,1,1
00005garden,102,15,96,99,4,1
00005garden,102,15,101,104,3,1
00005garden,102,15,109,109,1,1
00005garden,102,15,152,152,1,1
00005garden,102,15,258,258,1,1
00005garden,102,15,359,360,2,1
00005garden,102,15,470,471,2,1
00005garden,102,15,504,504,1,1
00005garden,102,15,508,508,1,1
00005garden,102,15,528,528,1,1
00005garden,119,28,451,451,1,1
00005garden,119,28,516,516,1,1
00005garden,119,28,521,522,2,1
00005garden,119,28,524,526,3,1
00005garden,119,28,568,575,8,1
00005garden,119,28,634,634,1,1
00005garden,119,28,769,769,1,1
00005garden,160,22,350,353,2,1
00005garden,165,27,252,252,1,1
00005garden,165,27,293,295,3,1
00005garden,213,22,453,462,7,1
00005garden,213,22,480,480,1,1
00005garden,257,25,778,778,1,1
00005garden,347,30,546,593,42,1
00005garden,347,30,790,802,10,1
00005garden,407,5,764,764,1,1
00005garden,407,5,770,770,1,1
00005garden,407,5,772,772,1,1
00012night,2,2,622,622,1,1
00012night,2,2,739,739,1,1
00012night,2,2,740,740,1,1
00012night,2,2,745,745,1,1
00012night,2,2,746,746,1,1
00012night,2,2,759,759,1,1
00012night,2,2,760,760,1,1
00012night,2,2,761,761,1,1
00012night,2,2,764,764,1,1
00012night,2,2,765,765,1,1
00012night,2,2,767,767,1,1
00012night,2,2,771,771,1,1
00012night,2,2,772,772,1,1
00012night,2,2,773,773,1,1
00012night,2,2,774,774,1,1
00012night,2,2,794,794,1,1
00012night,2,2,901,901,1,1
00018court1,1,1,351,351,1,1
00018court1,1,1,352,352,1,1
00018court1,1,1,353,353,1,1
00018court1,1,1,354,354,1,1
00018court1,1,1,355,355,1,1
00018court1,1,1,356,356,1,1
00018court1,1,1,357,357,1,1
00018court1,1,1,377,377,1,1
00018court1,1,1,1039,1039,1,1
00018court1,1,1,1040,1040,1,1
00018court1,1,1,1041,1041,1,1
00018court1,1,1,1044,1044,1,1
00018court1,1,1,1045,1045,1,1
00018court1,1,1,1046,1046,1,1
00018court1,1,1,1047,1047,1,1
00018court1,1,1,1048,1048,1,1
00018court1,1,1,1050,1050,1,1
00018court1,1,1,1331,1331,1,1
00018court1,1,1,1332,1332,1,1
00018court1,1,1,1339,1339,1,1
00018court1,1,1,1340,1340,1,1
00018court1,1,1,1341,1341,1,1
00018court1,1,1,1342,1342,1,1
00018court1,1,1,1343,1343,1,1
00018court1,1,1,1344,1344,1,1
00018court1,1,1,1346,1346,1,1
00018court1,1,1,1469,1469,1,1
00018court1,1,1,1470,1470,1,1
00018court1,1,1,1572,1572,1,1
00018court1,1,1,1573,1573,1,1
00018court1,1,1,1576,1576,1,1
00018court1,1,1,1577,1577,1,1
00018court1,1,1,1919,1919,1,1
00018court1,1,1,1959,1959,1,1
00018court1,1,1,1961,1961,1,1
00018court1,1,1,1962,1962,1,1
00018court1,1,1,1964,1964,1,1
00018court1,1,1,1965,1965,1,1
00018court1,1,1,1966,1966,1,1
00018court1,1,1,1967,1967,1,1
00018court1,1,1,1968,1968,1,1
00018court1,1,1,1969,1969,1,1
00018court1,1,1,1983,1983,1,1
00018court1,1,1,1984,1984,1,1
00018court1,1,1,1985,1985,1,1
00018court1,1,1,1988,1988,1,1
00018court1,1,1,1990,1990,1,1
00018court1,1,1,1997,1997,1,1
00018court1,1,1,1999,1999,1,1
00018court1,1,1,2002,2002,1,1
00018court1,1,1,2005,2005,1,1
00018court1,1,1,2007,2007,1,1
00018court1,1,1,2008,2008,1,1
00018court1,1,1,2009,2009,1,1
00018court1,1,1,2010,2010,1,1
00018court1,1,1,2011,2011,1,1
00018court1,1,1,2012,2012,1,1
00018court1,1,1,2318,2318,1,1
00018court1,1,1,2319,2319,1,1
00018court1,1,1,2320,2320,1,1
00018court1,1,1,2321,2321,1,1
00018court1,1,1,2322,2322,1,1
00018court1,1,1,2336,2336,1,1
00018court1,1,1,2340,2340,1,1
00018court1,1,1,2355,2355,1,1
00018court1,2,2,128,128,1,1
00018court1,2,2,374,374,1,1
00018court1,2,2,375,375,1,1
00018court1,2,2,794,794,1,1
00018court1,2,2,796,796,1,1
00018court1,9,3,228,228,1,1
00019court2,2,1,481,481,1,1
00022gate,1,1,187,187,1,1
00022gate,1,1,188,188,1,1
00022gate,1,1,189,189,1,1
00022gate,1,1,292,292,1,1
00022gate,1,1,294,294,1,1
00022gate,1,1,975,975,1,1
00022gate,1,1,980,980,1,1
00022gate,1,1,984,984,1,1
00022gate,1,1,985,985,1,1
00022gate,1,1,1563,1563,1,1
00022gate,2,2,189,189,1,1
00022gate,2,2,286,286,1,1
00022gate,2,2,290,290,1,1
00022gate,2,2,291,295,5,2
00022gate,2,2,385,385,1,1
00022gate,2,2,688,692,6,2
00022gate,2,2,975,975,1,1
00022gate,2,2,978,978,2,2
00022gate,2,2,984,984,1,1
00022gate,2,2,985,985,1,1
00022gate,2,2,1339,1339,1,1
00022gate,2,2,1340,1340,1,1
00022gate,2,2,1341,1341,1,1
00022gate,2,2,1570,1570,1,1
00022gate,2,2,1571,1571,1,1
00023court4,1,2,1260,1260,1,1
00023court4,2,1,710,710,1,1
00023court4,2,1,711,711,1,1
00023court4,2,1,712,712,1,1
00023court4,2,1,1353,1353,1,1
00023court4,2,1,1354,1354,1,1
00023court4,2,1,1355,1355,1,1
00023court4,2,1,1356,1356,1,1
00023court4,2,1,1357,1357,1,1
00023court4,4,3,1260,1260,1,1
00027square,2,1,1804,1804,1,1
00027square,2,1,1805,1805,1,1
00027square,2,1,1806,1806,1,1
00027square,2,1,1807,1807,1,1
00027square,3,2,42,42,1,1
00027square,3,2,45,45,1,1
00027square,4,4,1622,1622,1,1
00028path,1,4,816,816,1,1
00028path,2,1,1405,1405,1,1
00028path,2,1,1406,1406,1,1
00028path,2,1,1416,1416,1,1
00028path,2,1,1567,1567,1,1
00028path,2,1,1581,1581,1,1
00028path,2,1,1583,1583,1,1
00028path,2,1,1584,1584,1,1
00028path,2,1,1585,1585,1,1
00028path,2,1,1605,1605,1,1
00028path,2,1,1606,1606,1,1
00028path,2,1,1607,1607,1,1
00028path,2,1,1608,1608,1,1
00028path,2,1,1609,1609,1,1
00028path,2,1,1610,1610,1,1
00028path,2,1,1611,1611,1,1
00028path,2,1,1612,1612,1,1
00028path,2,1,1613,1613,1,1
00028path,2,1,1614,1614,1,1
00028path,2,1,1615,1615,1,1
00028path,2,1,1616,1616,1,1
00028path,2,1,1617,1617,1,1
00028path,2,1,1618,1618,1,1
00028path,2,1,1619,1619,1,1
00028path,2,1,1620,1620,1,1
00028path,2,1,1621,1621,1,1
00028path,2,1,1622,1622,1,1
00028path,2,1,1623,1623,1,1
00028path,2,1,1624,1624,1,1
00028path,2,1,1625,1625,1,1
00028path,2,1,1626,1626,1,1
00028path,2,1,1627,1627,1,1
00028path,2,1,1628,1628,1,1
00028path,2,1,1629,1629,1,1
00028path,2,1,1630,1630,1,1
00028path,2,1,1631,1631,1,1
00028path,2,1,1632,1632,1,1
00028path,2,1,1633,1633,1,1
00028path,2,1,1634,1634,1,1
00028path,2,1,1635,1635,1,1
00028path,2,1,1636,1636,1,1
00028path,2,1,1637,1637,1,1
00028path,2,1,1638,1638,1,1
00028path,2,1,1639,1639,1,1
00028path,2,1,1640,1640,1,1
00028path,2,1,1641,1641,1,1
00028path,2,1,1642,1642,1,1
00028path,2,1,1643,1643,1,1
00028path,2,1,1644,1644,1,1
00028path,2,1,1645,1645,1,1
00028path,2,1,1646,1646,1,1
00028path,2,1,1647,1647,1,1
00028path,2,1,1648,1648,1,1
00028path,2,1,1649,1649,1,1
00028path,2,1,1650,1650,1,1
00028path,2,1,1651,1651,1,1
00028path,2,1,1652,1652,1,1
00028path,2,1,1653,1653,1,1
00028path,2,1,1654,1654,1,1
00028path,2,1,1655,1655,1,1
00028path,2,1,1656,1656,1,1
00028path,2,1,1657,1657,1,1
00028path,2,1,1658,1658,1,1
00028path,2,1,1659,1659,1,1
00028path,2,1,1660,1660,1,1
00028path,2,1,1661,1661,1,1
00028path,2,1,1662,1662,1,1
00028path,2,1,1663,1663,1,1
00028path,2,1,1664,1664,1,1
00028path,2,1,1665,1665,1,1
00028path,2,1,1666,1666,1,1
00028path,2,1,1667,1667,1,1
00028path,2,1,1668,1668,1,1
00028path,2,1,1669,1669,1,1
00028path,2,1,1670,1670,1,1
00028path,2,1,1671,1671,1,1
00028path,2,1,1672,1672,1,1
00028path,2,1,1673,1673,1,1
00028path,2,1,1674,1674,1,1
00028path,2,1,1675,1675,1,1
00028path,2,1,1676,1676,1,1
00028path,2,1,1677,1677,1,1
00028path,2,1,1678,1678,1,1
00028path,2,1,1679,1679,1,1
00028path,2,1,1680,1681,2,1
00028path,2,1,1682,1682,1,1
00028path,2,1,1683,1683,1,1
00028path,2,1,1684,1684,1,1
00028path,2,1,1685,1685,1,1
00028path,2,1,1686,1686,1,1
00028path,2,1,1687,1687,1,1
00028path,2,1,1688,1688,1,1
00028path,2,1,1689,1689,1,1
00028path,2,1,1690,1690,1,1
00028path,2,1,1691,1691,1,1
00028path,2,1,1692,1692,1,1
00028path,2,1,1693,1693,1,1
00028path,2,1,1694,1694,1,1
00028path,2,1,1695,1695,1,1
00028path,2,1,1696,1696,1,1
00028path,2,1,1697,1697,1,1
00028path,2,1,1698,1698,1,1
00028path,2,1,1699,1699,1,1
00028path,2,1,1700,1700,1,1
00028path,2,1,1701,1701,1,1
00028path,2,1,1702,1702,1,1
00028path,2,1,1703,1703,1,1
00028path,2,1,1704,1704,1,1
00028path,2,1,1705,1705,1,1
00028path,2,1,1706,1706,1,1
00028path,2,1,1707,1707,1,1
00028path,2,1,1708,1708,1,1
00028path,2,1,1709,1709,1,1
00028path,2,1,1710,1710,1,1
00028path,2,1,1711,1711,1,1
00028path,2,1,1712,1712,1,1
00028path,2,1,1713,1713,1,1
00028path,2,1,1714,1714,1,1
00028path,2,1,1715,1715,1,1
00028path,2,1,1716,1716,1,1
00028path,2,1,1717,1717,1,1
00028path,2,1,1718,1719,2,1
00028path,2,1,1720,1720,1,1
00028path,2,1,1721,1721,1,1
00028path,2,1,1722,1723,2,1
00028path,2,1,1724,1724,1,1
00028path,2,1,1725,1725,1,1
00028path,2,1,1726,1726,1,1
00028path,2,1,1727,1727,1,1
00028path,2,1,1728,1728,1,1
00028path,2,1,1729,1729,1,1
00028path,2,1,1730,1730,1,1
00028path,2,1,1731,1731,1,1
00028path,2,1,1732,1732,1,1
00028path,2,1,1733,1733,1,1
00028path,2,1,1734,1734,1,1
00028path,2,1,1735,1736,2,1
00028path,2,1,1737,1737,1,1
00028path,2,1,1738,1738,1,1
00028path,2,1,1739,1739,1,1
00028path,2,1,1740,1740,1,1
00028path,2,1,1741,1741,1,1
00028path,2,1,1742,1742,1,1
00028path,2,1,1743,1743,1,1
00028path,2,1,1744,1744,1,1
00028path,2,1,1745,1745,1,1
00028path,2,1,1746,1746,1,1
00028path,2,1,1747,1747,1,1
00028path,2,1,1748,1748,1,1
00028path,3,3,813,813,1,1
00028path,3,3,822,822,1,1
00028path,3,3,823,823,1,1
00028path,3,3,825,825,1,1
00028path,3,3,827,827,1,1
00028path,3,3,830,830,1,1
00028path,3,3,831,831,1,1
00028path,3,3,836,836,1,1
00028path,3,3,844,844,1,1
00028path,3,3,845,845,1,1
00028path,3,3,846,846,1,1
00028path,3,3,847,847,1,1
00028path,3,3,849,849,1,1
00028path,3,3,852,852,1,1
00028path,3,3,853,853,1,1
00028path,3,3,854,854,1,1
00028path,3,3,855,855,1,1
00028path,3,3,856,856,1,1
00028path,3,3,858,858,1,1
00028path,3,3,859,859,1,1
00028path,3,3,862,862,1,1
00028path,3,3,863,863,1,1
00028path,3,3,864,864,1,1
00028path,3,3,870,870,1,1
00028path,3,3,872,872,1,1
00028path,3,3,873,873,1,1
00028path,3,3,874,874,1,1
00028path,3,3,875,875,1,1
00028path,3,3,876,876,1,1
00028path,3,3,877,877,1,1
00028path,3,3,878,878,1,1
00028path,3,3,879,879,1,1
00028path,3,3,880,881,2,1
00028path,3,3,882,882,1,1
00028path,3,3,883,883,1,1
00028path,3,3,884,884,1,1
00028path,3,3,885,885,1,1
00028path,3,3,886,886,1,1
00028path,3,3,887,887,1,1
00028path,3,3,888,888,1,1
00028path,30,4,1405,1405,1,1
00028path,30,4,1406,1406,1,1
00028path,30,4,1416,1416,1,1
00028path,55,3,1318,1318,1,1
00028path,55,3,1612,1612,1,1
00028path,55,3,1613,1613,1,1
00028path,55,3,1627,1627,1,1
00028path,55,3,1630,1630,1,1
00028path,55,3,1635,1635,1,1
00028path,55,3,1637,1637,1,1
00028path,55,3,1638,1638,1,1
00029path,1,2,360,360,1,1
00029path,1,2,361,361,1,1
00029path,1,2,362,362,1,1
00029path,1,2,364,364,1,1
00029path,1,2,365,365,1,1
00029path,1,2,366,366,1,1
00029path,2,1,270,270,1,1
00029path,2,1,274,274,1,1
00029path,2,1,276,276,1,1
00029path,2,1,277,277,1,1
00029path,2,1,280,280,1,1
00029path,2,1,357,357,1,1
00029path,2,1,358,358,1,1
00029path,2,1,359,359,1,1
00029path,2,1,360,360,1,1
00029path,2,1,361,361,1,1
00029path,2,1,362,362,1,1
00029path,2,1,363,363,1,1
00029path,2,1,364,364,1,1
00029path,2,1,365,365,1,1
00029path,2,1,366,366,1,1
00029path,2,1,367,367,1,1
00029path,2,1,368,368,1,1
00029path,2,1,369,369,1,1
00029path,2,1,370,370,1,1
00029path,2,1,371,371,1,1
00029path,2,1,372,372,1,1
00029path,2,1,373,373,1,1
00029path,2,1,374,374,1,1
00029path,2,1,375,375,1,1
00029path,2,1,376,376,1,1
00029path,2,1,377,377,1,1
00029path,2,1,378,378,1,1
00029path,2,1,379,379,1,1
00029path,2,1,380,380,1,1
00029path,2,1,384,384,1,1
00029path,2,1,385,385,1,1
00029path,2,1,386,386,1,1
00029path,2,1,387,387,1,1
00029path,2,1,388,388,1,1
00029path,2,1,389,389,1,1
00029path,2,1,390,390,1,1
00029path,2,1,391,391,1,1
00029path,2,1,392,392,1,1
00029path,2,1,393,393,1,1
00029path,2,1,394,394,1,1
00029path,2,1,395,395,1,1
00029path,2,1,396,396,1,1
00029path,2,1,397,397,1,1
00029path,2,1,398,399,2,1
00029path,2,1,400,400,1,1
00029path,2,1,401,401,1,1
00029path,2,1,402,402,1,1
00029path,2,1,403,404,2,1
00029path,2,1,405,405,1,1
00029path,2,1,406,406,1,1
00029path,2,1,407,407,1,1
00029path,2,1,408,408,1,1
00029path,2,1,409,409,1,1
00029path,2,1,410,410,1,1
00029path,2,1,411,411,1,1
00029path,2,1,412,412,1,1
00029path,2,1,413,413,1,1
00029path,2,1,415,415,1,1
00029path,2,1,416,416,1,1
00029path,2,1,417,417,1,1
00029path,2,1,418,418,1,1
00029path,2,1,419,419,1,1
00029path,2,1,420,420,1,1
00029path,2,1,421,421,1,1
00029path,2,1,422,422,1,1
00029path,2,1,423,423,1,1
00029path,2,1,424,424,1,1
00029path,2,1,425,425,1,1
00029path,2,1,436,436,1,1
00029path,2,1,437,437,1,1
00029path,2,1,438,438,1,1
00029path,2,1,439,439,1,1
00029path,2,1,440,440,1,1
00029path,2,1,441,441,1,1
00029path,2,1,442,442,1,1
00029path,2,1,443,443,1,1
00029path,2,1,444,444,1,1
00029path,2,1,445,445,1,1
00029path,2,1,453,453,1,1
00029path,2,1,454,454,1,1
00029path,2,1,455,455,1,1
00029path,2,1,456,456,1,1
00029path,2,1,460,460,1,1
00029path,2,1,464,464,1,1
00029path,2,1,465,465,1,1
00029path,2,1,466,466,1,1
00029path,2,1,467,467,1,1
00029path,2,1,468,468,1,1
00029path,2,1,469,469,1,1
00029path,2,1,470,470,1,1
00029path,2,1,471,471,1,1
00029path,2,1,472,472,1,1
00029path,2,1,473,473,1,1
00029path,2,1,474,474,1,1
00029path,2,1,475,475,1,1
00029path,2,1,476,476,1,1
00029path,2,1,477,477,1,1
00029path,2,1,478,478,1,1
00029path,2,1,479,479,1,1
00029path,2,1,480,480,1,1
00029path,2,1,481,481,1,1
00029path,2,1,482,482,1,1
00029path,2,1,483,483,1,1
00029path,2,1,484,484,1,1
00029path,2,1,485,485,1,1
00029path,2,1,486,486,1,1
00029path,2,1,506,506,1,1
00029path,2,1,507,507,1,1
00029path,2,1,508,508,1,1
00029path,2,1,509,509,1,1
00029path,2,1,510,510,1,1
00029path,2,1,511,511,1,1
00029path,2,1,513,513,1,1
00029path,2,1,514,514,1,1
00029path,2,1,515,515,1,1
00029path,2,1,516,516,1,1
00029path,2,1,517,517,1,1
00029path,2,1,518,518,1,1
00029path,2,1,519,519,1,1
00029path,2,1,520,520,1,1
00029path,2,1,521,521,1,1
00029path,2,1,522,522,1,1
00029path,2,1,523,523,1,1
00029path,2,1,524,524,1,1
00029path,2,1,525,525,1,1
00029path,2,1,526,526,1,1
00029path,2,1,527,527,1,1
00029path,2,1,528,528,1,1
00029path,2,1,529,529,1,1
00029path,2,1,530,530,1,1
00029path,2,1,531,531,1,1
00029path,2,1,532,532,1,1
00029path,2,1,533,533,1,1
00029path,2,1,534,534,1,1
00029path,2,1,535,535,1,1
00029path,2,1,536,536,1,1
00029path,2,1,537,537,1,1
00029path,2,1,538,538,1,1
00029path,2,1,539,539,1,1
00029path,2,1,540,540,1,1
00029path,2,1,541,541,1,1
00029path,2,1,542,542,1,1
00029path,2,1,543,543,1,1
00029path,2,1,544,544,1,1
00029path,2,1,545,545,1,1
00029path,2,1,546,546,1,1
00029path,2,1,547,547,1,1
00029path,2,1,549,549,1,1
00029path,2,1,551,551,1,1
00029path,2,1,552,552,1,1
00029path,2,1,553,553,1,1
00029path,2,1,554,554,1,1
00029path,2,1,555,555,1,1
00029path,2,1,556,556,1,1
00029path,2,1,557,557,1,1
00029path,2,1,558,558,1,1
00029path,2,1,559,559,1,1
00029path,2,1,562,562,1,1
00029path,2,1,563,563,1,1
00029path,2,1,564,564,1,1
00029path,2,1,565,565,1,1
00029path,2,1,567,567,1,1
00029path,2,1,569,569,1,1
00029path,2,1,570,570,1,1
00029path,2,1,590,590,1,1
00029path,2,1,592,592,1,1
00029path,2,1,593,593,1,1
00029path,2,1,594,594,1,1
00029path,2,1,595,595,1,1
00029path,2,1,596,596,1,1
00029path,2,1,597,597,1,1
00029path,2,1,598,598,1,1
00029path,2,1,599,599,1,1
00029path,2,1,600,600,1,1
00029path,2,1,601,601,1,1
00029path,2,1,602,602,1,1
00029path,2,1,603,603,1,1
00029path,2,1,604,604,1,1
00029path,2,1,605,605,1,1
00029path,2,1,606,606,1,1
00029path,2,1,607,607,1,1
00029path,2,1,608,608,1,1
00029path,2,1,609,609,1,1
00029path,2,1,610,610,1,1
00029path,2,1,611,611,1,1
00029path,2,1,612,612,1,1
00029path,2,1,613,613,1,1
00029path,2,1,614,614,1,1
00029path,2,1,615,615,1,1
00029path,2,1,616,616,1,1
00029path,2,1,617,617,1,1
00029path,2,1,618,618,1,1
00029path,2,1,619,619,1,1
00029path,2,1,620,620,1,1
00029path,2,1,621,621,1,1
00029path,2,1,622,622,1,1
00029path,2,1,623,623,1,1
00029path,2,1,624,624,1,1
00029path,2,1,625,625,1,1
00029path,2,1,626,626,1,1
00029path,2,1,627,627,1,1
00029path,2,1,628,628,1,1
00029path,2,1,629,629,1,1
00029path,2,1,630,630,1,1
00029path,2,1,631,631,1,1
00029path,2,1,632,632,1,1
00029path,2,1,633,633,1,1
00029path,2,1,634,634,1,1
00029path,2,1,635,635,1,1
00029path,2,1,636,636,1,1
00029path,2,1,637,637,1,1
00029path,2,1,638,638,1,1
00029path,2,1,639,639,1,1
00029path,2,1,640,640,1,1
00029path,2,1,641,641,1,1
00029path,2,1,642,642,1,1
00029path,2,1,643,643,1,1
00029path,2,1,644,644,1,1
00029path,2,1,645,645,1,1
00029path,2,1,646,646,1,1
00029path,2,1,647,647,1,1
00029path,2,1,648,648,1,1
00029path,2,1,649,649,1,1
00029path,2,1,650,650,1,1
00029path,2,1,651,651,1,1
00029path,2,1,652,652,1,1
00029path,2,1,653,653,1,1
00029path,2,1,654,654,1,1
00029path,2,1,655,655,1,1
00029path,2,1,656,656,1,1
00029path,2,1,657,657,1,1
00029path,2,1,658,658,1,1
00029path,2,1,659,659,1,1
00029path,2,1,660,660,1,1
00029path,2,1,661,661,1,1
00029path,2,1,662,662,1,1
00029path,2,1,663,663,1,1
00029path,2,1,664,664,1,1
00029path,2,1,665,665,1,1
00029path,2,1,666,666,1,1
00029path,2,1,667,667,1,1
00029path,2,1,668,668,1,1
00029path,2,1,669,669,1,1
00029path,2,1,670,670,1,1
00029path,2,1,671,671,1,1
00029path,2,1,672,672,1,1
00029path,2,1,673,673,1,1
00029path,2,1,674,674,1,1
00029path,2,1,675,675,1,1
00029path,2,1,676,676,1,1
00029path,2,1,677,677,1,1
00029path,2,1,678,678,1,1
00029path,2,1,679,679,1,1
00029path,2,1,680,680,1,1
00029path,2,1,681,681,1,1
00029path,2,1,682,682,1,1
00029path,2,1,683,683,1,1
00029path,2,1,684,684,1,1
00029path,2,1,685,685,1,1
00029path,2,1,686,686,1,1
00029path,2,1,687,687,1,1
00029path,2,1,688,688,1,1
00029path,2,1,689,689,1,1
00029path,2,1,690,690,1,1
00029path,2,1,691,691,1,1
00029path,2,1,692,692,1,1
00029path,2,1,693,693,1,1
00029path,2,1,694,694,1,1
00029path,2,1,695,695,1,1
00029path,2,1,696,696,1,1
00029path,2,1,697,697,1,1
00029path,2,1,698,698,1,1
00029path,2,1,699,699,1,1
00029path,2,1,700,700,1,1
00029path,2,1,701,701,1,1
00029path,2,1,702,702,1,1
00029path,2,1,703,703,1,1
00029path,2,1,704,704,1,1
00029path,2,1,705,705,1,1
00029path,2,1,706,706,1,1
00029path,2,1,707,707,1,1
00029path,2,1,708,1004,294,1
00029path,3,3,1,1,1,1
00029path,3,3,2,2,1,1
00029path,3,3,3,3,1,1
00029path,3,3,4,4,1,1
00029path,3,3,5,5,1,1
00029path,3,3,6,6,1,1
00029path,3,3,7,7,1,1
00029path,3,3,8,8,1,1
00029path,3,3,9,9,1,1
00029path,3,3,10,10,1,1
00029path,3,3,11,11,1,1
00029path,3,3,12,12,1,1
00029path,3,3,13,13,1,1
00029path,3,3,14,14,1,1
00029path,3,3,15,15,1,1
00029path,3,3,16,16,1,1
00029path,3,3,17,17,1,1
00029path,3,3,18,18,1,1
00029path,3,3,19,19,1,1
00029path,3,3,20,20,1,1
00029path,3,3,21,21,1,1
00029path,3,3,22,22,1,1
00029path,3,3,23,23,1,1
00029path,3,3,24,24,1,1
00029path,3,3,25,25,1,1
00029path,3,3,26,26,1,1
00029path,3,3,27,27,1,1
00029path,3,3,28,28,1,1
00029path,3,3,29,29,1,1
00029path,3,3,30,30,1,1
00029path,3,3,31,31,1,1
00029path,3,3,32,32,1,1
00029path,3,3,33,33,1,1
00029path,3,3,34,34,1,1
00029path,3,3,35,35,1,1
00029path,3,3,36,36,1,1
00029path,3,3,37,38,2,1
00029path,3,3,39,39,1,1
00029path,3,3,40,40,1,1
00029path,3,3,41,41,1,1
00029path,3,3,42,42,1,1
00029path,3,3,43,43,1,1
00029path,3,3,44,44,1,1
00029path,3,3,45,45,1,1
00029path,3,3,46,46,1,1
00029path,3,3,47,47,1,1
00029path,3,3,48,48,1,1
00029path,3,3,49,49,1,1
00029path,3,3,50,50,1,1
00029path,3,3,51,51,1,1
00029path,3,3,52,52,1,1
00029path,3,3,53,53,1,1
00029path,3,3,54,54,1,1
00029path,3,3,55,55,1,1
00029path,3,3,56,57,2,1
00029path,3,3,58,58,1,1
00029path,3,3,59,59,1,1
00029path,3,3,60,60,1,1
00029path,3,3,61,61,1,1
00029path,3,3,62,62,1,1
00029path,3,3,63,63,1,1
00029path,3,3,64,64,1,1
00029path,3,3,65,65,1,1
00029path,3,3,66,66,1,1
00029path,3,3,67,67,1,1
00029path,3,3,68,68,1,1
00029path,3,3,69,69,1,1
00029path,3,3,70,70,1,1
00029path,3,3,71,71,1,1
00029path,3,3,72,72,1,1
00029path,3,3,73,73,1,1
00029path,3,3,74,74,1,1
00029path,3,3,75,75,1,1
00029path,3,3,76,76,1,1
00029path,3,3,77,77,1,1
00029path,3,3,78,78,1,1
00029path,3,3,79,79,1,1
00029path,3,3,80,80,1,1
00029path,3,3,81,81,1,1
00029path,3,3,82,82,1,1
00029path,3,3,83,83,1,1
00029path,3,3,84,84,1,1
00029path,3,3,85,85,1,1
00029path,3,3,86,86,1,1
00029path,3,3,87,87,1,1
00029path,3,3,88,88,1,1
00029path,3,3,89,89,1,1
00029path,3,3,90,90,1,1
00029path,3,3,91,91,1,1
00029path,3,3,92,92,1,1
00029path,3,3,93,93,1,1
00029path,3,3,94,94,1,1
00029path,3,3,95,95,1,1
00029path,3,3,96,96,1,1
00029path,3,3,97,98,2,1
00029path,3,3,99,99,1,1
00029path,3,3,100,100,1,1
00029path,3,3,101,101,1,1
00029path,3,3,102,102,1,1
00029path,3,3,103,103,1,1
00029path,3,3,104,104,1,1
00029path,3,3,105,105,1,1
00029path,3,3,106,106,1,1
00029path,3,3,107,107,1,1
00029path,3,3,108,108,1,1
00029path,3,3,109,109,1,1
00029path,3,3,110,110,1,1
00029path,3,3,111,111,1,1
00029path,3,3,112,112,1,1
00029path,3,3,113,113,1,1
00029path,3,3,114,114,1,1
00029path,3,3,115,115,1,1
00029path,3,3,116,116,1,1
00029path,3,3,117,117,1,1
00029path,3,3,118,118,1,1
00029path,3,3,119,119,1,1
00029path,3,3,120,120,1,1
00029path,3,3,121,121,1,1
00029path,3,3,122,122,1,1
00029path,3,3,123,123,1,1
00029path,3,3,124,124,1,1
00029path,3,3,125,125,1,1
00029path,3,3,126,126,1,1
00029path,3,3,127,127,1,1
00029path,3,3,128,128,1,1
00029path,3,3,129,129,1,1
00029path,3,3,130,130,1,1
00029path,3,3,131,131,1,1
00029path,3,3,132,132,1,1
00029path,3,3,133,133,1,1
00029path,3,3,134,134,1,1
00029path,3,3,135,135,1,1
00029path,3,3,136,136,1,1
00029path,3,3,137,137,1,1
00029path,3,3,138,138,1,1
00029path,3,3,139,139,1,1
00029path,3,3,140,140,1,1
00029path,3,3,141,141,1,1
00029path,3,3,142,142,1,1
00029path,3,3,143,143,1,1
00029path,3,3,144,144,1,1
00029path,3,3,145,145,1,1
00029path,3,3,146,146,1,1
00029path,3,3,147,147,1,1
00029path,3,3,148,148,1,1
00029path,3,3,149,149,1,1
00029path,3,3,150,150,1,1
00029path,3,3,151,151,1,1
00029path,3,3,152,152,1,1
00029path,3,3,153,153,1,1
00029path,3,3,154,154,1,1
00029path,3,3,155,155,1,1
00029path,3,3,156,156,1,1
00029path,3,3,157,157,1,1
00029path,3,3,158,158,1,1
00029path,3,3,159,159,1,1
00029path,3,3,160,160,1,1
00029path,3,3,161,161,1,1
00029path,3,3,162,162,1,1
00029path,3,3,163,163,1,1
00029path,3,3,164,164,1,1
00029path,3,3,165,165,1,1
00029path,3,3,166,166,1,1
00029path,3,3,167,167,1,1
00029path,3,3,168,168,1,1
00029path,3,3,169,169,1,1
00029path,3,3,170,170,1,1
00029path,3,3,171,171,1,1
00029path,3,3,172,172,1,1
00029path,3,3,173,173,1,1
00029path,3,3,174,174,1,1
00029path,3,3,175,175,1,1
00029path,3,3,176,176,1,1
00029path,3,3,177,177,1,1
00029path,3,3,179,179,1,1
00029path,3,3,182,182,1,1
00029path,3,3,183,183,1,1
00029path,3,3,185,185,1,1
00029path,3,3,192,192,1,1
00029path,3,3,194,194,1,1
00029path,3,3,195,195,1,1
00029path,3,3,196,196,1,1
00029path,3,3,197,197,1,1
00029path,3,3,198,198,1,1
00029path,3,3,199,199,1,1
00029path,3,3,200,200,1,1
00029path,3,3,201,201,1,1
00029path,3,3,202,202,1,1
00029path,3,3,203,203,1,1
00029path,3,3,204,204,1,1
00029path,3,3,205,205,1,1
00029path,3,3,206,206,1,1
00029path,3,3,207,207,1,1
00029path,3,3,208,208,1,1
00029path,3,3,209,209,1,1
00029path,3,3,210,210,1,1
00029path,3,3,211,211,1,1
00029path,3,3,523,523,1,1
00029path,3,3,524,524,1,1
00029path,3,3,569,569,1,1
00029path,3,3,590,590,1,1
00029path,3,3,592,592,1,1
00029path,3,3,593,593,1,1
00029path,3,3,594,594,1,1
00029path,3,3,595,595,1,1
00029path,3,3,596,596,1,1
00029path,3,3,597,597,1,1
00029path,3,3,598,598,1,1
00029path,3,3,599,599,1,1
00029path,3,3,600,600,1,1
00029path,3,3,601,601,1,1
00029path,3,3,602,602,1,1
00029path,3,3,603,603,1,1
00029path,3,3,604,604,1,1
00029path,3,3,605,605,1,1
00029path,3,3,606,606,1,1
00029path,3,3,607,607,1,1
00029path,3,3,608,608,1,1
00029path,3,3,609,609,1,1
00029path,3,3,610,610,1,1
00029path,3,3,611,611,1,1
00029path,3,3,612,613,2,1
00029path,3,3,614,614,1,1
00029path,3,3,615,615,1,1
00029path,3,3,616,616,1,1
00029path,3,3,617,617,1,1
00029path,3,3,618,618,1,1
00029path,3,3,619,619,1,1
00029path,3,3,620,620,1,1
00029path,3,3,621,621,1,1
00029path,3,3,622,622,1,1
00029path,3,3,623,623,1,1
00029path,3,3,624,624,1,1
00029path,3,3,625,625,1,1
00029path,3,3,626,626,1,1
00029path,3,3,627,627,1,1
00029path,3,3,628,628,1,1
00029path,3,3,629,629,1,1
00029path,3,3,630,630,1,1
00029path,3,3,631,631,1,1
00029path,3,3,632,632,1,1
00029path,3,3,633,633,1,1
00029path,3,3,634,634,1,1
00029path,3,3,635,635,1,1
00029path,3,3,636,636,1,1
00029path,3,3,637,637,1,1
00029path,3,3,638,638,1,1
00029path,3,3,639,639,1,1
00029path,3,3,640,640,1,1
00029path,3,3,641,641,1,1
00029path,3,3,642,642,1,1
00029path,3,3,643,643,1,1
00029path,3,3,644,644,1,1
00029path,3,3,645,645,1,1
00029path,3,3,646,646,1,1
00029path,3,3,647,647,1,1
00029path,3,3,648,648,1,1
00029path,3,3,649,649,1,1
00029path,3,3,650,650,1,1
00029path,3,3,651,651,1,1
00029path,3,3,652,652,1,1
00029path,3,3,653,653,1,1
00029path,3,3,654,654,1,1
00029path,3,3,655,655,1,1
00029path,3,3,656,656,1,1
00029path,3,3,657,657,1,1
00029path,3,3,658,658,1,1
00029path,3,3,659,659,1,1
00029path,3,3,660,660,1,1
00029path,3,3,661,661,1,1
00029path,3,3,662,662,1,1
00029path,3,3,663,663,1,1
00029path,3,3,664,664,1,1
00029path,3,3,665,665,1,1
00029path,3,3,666,666,1,1
00029path,3,3,667,667,1,1
00029path,3,3,668,668,1,1
00029path,3,3,669,669,1,1
00029path,3,3,670,670,1,1
00029path,3,3,671,671,1,1
00029path,3,3,672,672,1,1
00029path,3,3,673,673,1,1
00029path,3,3,674,674,1,1
00029path,3,3,675,675,1,1
00029path,3,3,676,676,1,1
00029path,3,3,677,677,1,1
00029path,3,3,678,678,1,1
00029path,3,3,679,679,1,1
00029path,3,3,680,680,1,1
00029path,3,3,681,681,1,1
00029path,3,3,682,682,1,1
00029path,3,3,683,683,1,1
00029path,3,3,684,684,1,1
00029path,3,3,685,685,1,1
00029path,3,3,686,686,1,1
00029path,3,3,687,687,1,1
00029path,3,3,688,688,1,1
00029path,3,3,689,689,1,1
00029path,3,3,690,690,1,1
00029path,3,3,691,691,1,1
00029path,3,3,692,692,1,1
00029path,3,3,693,693,1,1
00029path,3,3,694,694,1,1
00029path,3,3,695,695,1,1
00029path,3,3,696,696,1,1
00029path,3,3,697,697,1,1
00029path,3,3,698,698,1,1
00029path,3,3,699,699,1,1
00029path,3,3,700,700,1,1
00029path,3,3,701,701,1,1
00029path,3,3,702,702,1,1
00029path,3,3,703,703,1,1
00029path,3,3,704,704,1,1
00029path,3,3,705,705,1,1
00029path,3,3,706,706,1,1
00029path,3,3,707,707,1,1
00029path,3,3,708,708,1,1
00029path,3,3,709,709,1,1
00029path,3,3,710,710,1,1
00029path,3,3,711,711,1,1
00029path,3,3,712,712,1,1
00029path,3,3,713,713,1,1
00029path,3,3,714,714,1,1
00029path,3,3,715,715,1,1
00029path,3,3,716,716,1,1
00029path,3,3,717,717,1,1
00029path,3,3,718,718,1,1
00029path,3,3,719,719,1,1
00029path,3,3,720,720,1,1
00029path,3,3,721,721,1,1
00029path,3,3,722,722,1,1
00029path,3,3,723,723,1,1
00029path,3,3,724,724,1,1
00029path,3,3,725,725,1,1
00029path,3,3,726,726,1,1
00029path,3,3,727,727,1,1
00029path,3,3,728,728,1,1
00029path,3,3,729,729,1,1
00029path,3,3,730,730,1,1
00029path,3,3,731,731,1,1
00029path,3,3,732,732,1,1
00029path,3,3,733,733,1,1
00029path,3,3,734,734,1,1
00029path,3,3,735,735,1,1
00029path,3,3,736,736,1,1
00029path,3,3,737,737,1,1
00029path,3,3,738,738,1,1
00029path,3,3,739,739,1,1
00029path,3,3,740,740,1,1
00029path,3,3,741,741,1,1
00029path,3,3,742,742,1,1
00029path,3,3,743,743,1,1
00029path,3,3,744,744,1,1
00029path,3,3,745,745,1,1
00029path,3,3,746,746,1,1
00029path,3,3,747,747,1,1
00029path,3,3,748,748,1,1
00029path,3,3,749,749,1,1
00029path,3,3,750,750,1,1
00029path,3,3,751,751,1,1
00029path,3,3,752,752,1,1
00029path,3,3,753,753,1,1
00029path,3,3,754,754,1,1
00029path,3,3,755,755,1,1
00029path,3,3,756,756,1,1
00029path,3,3,757,757,1,1
00029path,3,3,758,758,1,1
00029path,3,3,759,759,1,1
00029path,3,3,760,760,1,1
00029path,3,3,761,761,1,1
00029path,3,3,762,762,1,1
00029path,3,3,763,763,1,1
00029path,3,3,764,764,1,1
00029path,3,3,765,765,1,1
00029path,3,3,766,766,1,1
00029path,3,3,767,767,1,1
00029path,3,3,768,768,1,1
00029path,3,3,769,769,1,1
00029path,3,3,770,770,1,1
00029path,3,3,771,771,1,1
00029path,3,3,772,772,1,1
00029path,3,3,773,773,1,1
00029path,3,3,774,774,1,1
00029path,3,3,775,775,1,1
00029path,3,3,776,776,1,1
00029path,3,3,777,777,1,1
00029path,3,3,778,778,1,1
00029path,3,3,779,779,1,1
00029path,3,3,780,780,1,1
00029path,3,3,781,781,1,1
00029path,3,3,782,782,1,1
00029path,3,3,783,783,1,1
00029path,3,3,784,784,1,1
00029path,3,3,785,785,1,1
00029path,3,3,786,786,1,1
00029path,3,3,787,787,1,1
00029path,3,3,788,788,1,1
00029path,3,3,789,789,1,1
00029path,3,3,790,790,1,1
00029path,3,3,791,791,1,1
00029path,3,3,792,792,1,1
00029path,3,3,793,793,1,1
00029path,3,3,794,794,1,1
00029path,3,3,795,795,1,1
00029path,3,3,796,796,1,1
00029path,3,3,797,797,1,1
00029path,3,3,798,798,1,1
00029path,3,3,799,799,1,1
00029path,3,3,800,800,1,1
00029path,3,3,801,801,1,1
00029path,3,3,802,802,1,1
00029path,3,3,803,803,1,1
00029path,3,3,804,804,1,1
00029path,3,3,805,805,1,1
00029path,3,3,806,806,1,1
00029path,3,3,807,807,1,1
00029path,3,3,808,808,1,1
00029path,3,3,809,809,1,1
00029path,3,3,810,810,1,1
00029path,3,3,811,811,1,1
00029path,3,3,812,812,1,1
00029path,3,3,813,813,1,1
00029path,3,3,814,814,1,1
00029path,3,3,815,815,1,1
00029path,3,3,816,816,1,1
00029path,3,3,817,817,1,1
00029path,3,3,818,818,1,1
00029path,3,3,819,819,1,1
00029path,3,3,820,820,1,1
00029path,3,3,821,821,1,1
00029path,3,3,822,822,1,1
00029path,3,3,823,823,1,1
00029path,3,3,824,824,1,1
00029path,3,3,825,825,1,1
00029path,3,3,826,826,1,1
00029path,3,3,827,827,1,1
00029path,3,3,828,828,1,1
00029path,3,3,829,829,1,1
00029path,3,3,830,830,1,1
00029path,3,3,831,831,1,1
00029path,3,3,832,832,1,1
00029path,3,3,833,833,1,1
00029path,3,3,834,834,1,1
00029path,3,3,835,835,1,1
00029path,3,3,840,840,1,1
00029path,3,3,841,841,1,1
00029path,3,3,842,842,1,1
00029path,3,3,843,843,1,1
00029path,3,3,844,844,1,1
00029path,3,3,845,845,1,1
00029path,3,3,846,846,1,1
00029path,3,3,847,847,1,1
00029path,3,3,848,848,1,1
00029path,3,3,849,849,1,1
00029path,3,3,850,850,1,1
00029path,3,3,851,851,1,1
00029path,3,3,852,852,1,1
00029path,3,3,853,853,1,1
00029path,3,3,854,854,1,1
00029path,3,3,855,855,1,1
00029path,3,3,856,856,1,1
00029path,3,3,857,857,1,1
00029path,3,3,858,858,1,1
00029path,3,3,859,859,1,1
00029path,3,3,860,860,1,1
00029path,3,3,861,861,1,1
00029path,3,3,862,862,1,1
00029path,3,3,863,863,1,1
00029path,3,3,864,864,1,1
00029path,3,3,865,865,1,1
00029path,3,3,866,866,1,1
00029path,3,3,867,867,1,1
00029path,3,3,868,868,1,1
00029path,3,3,869,869,1,1
00029path,3,3,870,870,1,1
00029path,3,3,871,871,1,1
00029path,3,3,872,872,1,1
00029path,3,3,873,873,1,1
00029path,3,3,874,874,1,1
00029path,3,3,875,875,1,1
00029path,3,3,876,876,1,1
00029path,3,3,877,877,1,1
00029path,3,3,878,878,1,1
00029path,3,3,879,879,1,1
00029path,3,3,880,880,1,1
00029path,3,3,881,881,1,1
00029path,3,3,882,882,1,1
00029path,3,3,883,883,1,1
00029path,3,3,884,884,1,1
00029path,3,3,885,885,1,1
00029path,3,3,886,886,1,1
00029path,3,3,887,887,1,1
00029path,3,3,888,888,1,1
00029path,3,3,889,889,1,1
00029path,3,3,890,890,1,1
00029path,3,3,891,891,1,1
00029path,3,3,892,892,1,1
00029path,3,3,893,893,1,1
00029path,3,3,894,894,1,1
00029path,3,3,895,895,1,1
00029path,3,3,896,896,1,1
00029path,3,3,897,897,1,1
00029path,3,3,898,898,1,1
00029path,3,3,899,899,1,1
00029path,3,3,900,900,1,1
00029path,3,3,901,901,1,1
00029path,3,3,902,902,1,1
00029path,3,3,903,903,1,1
00029path,3,3,904,904,1,1
00029path,3,3,905,905,1,1
00029path,3,3,906,906,1,1
00029path,3,3,907,907,1,1
00029path,3,3,908,908,1,1
00029path,3,3,909,909,1,1
00029path,3,3,910,910,1,1
00029path,3,3,911,911,1,1
00029path,3,3,912,912,1,1
00029path,3,3,913,913,1,1
00029path,3,3,914,914,1,1
00029path,3,3,915,915,1,1
00029path,3,3,916,916,1,1
00029path,3,3,917,917,1,1
00029path,3,3,918,918,1,1
00029path,3,3,919,919,1,1
00029path,3,3,920,920,1,1
00029path,3,3,921,921,1,1
00029path,3,3,922,922,1,1
00029path,3,3,923,923,1,1
00029path,3,3,924,924,1,1
00029path,3,3,925,925,1,1
00029path,3,3,926,926,1,1
00029path,3,3,927,927,1,1
00029path,3,3,928,928,1,1
00029path,3,3,929,929,1,1
00029path,3,3,930,930,1,1
00029path,3,3,931,931,1,1
00029path,3,3,932,932,1,1
00029path,3,3,933,933,1,1
00029path,3,3,934,934,1,1
00029path,3,3,935,935,1,1
00029path,3,3,936,936,1,1
00029path,3,3,937,937,1,1
00029path,3,3,938,938,1,1
00029path,3,3,939,939,1,1
00029path,3,3,940,940,1,1
00029path,3,3,941,941,1,1
00029path,3,3,942,942,1,1
00029path,3,3,943,943,1,1
00029path,3,3,944,944,1,1
00029path,3,3,945,945,1,1
00029path,3,3,946,946,1,1
00029path,3,3,947,947,1,1
00029path,3,3,948,948,1,1
00029path,3,3,949,949,1,1
00029path,3,3,950,950,1,1
00029path,3,3,951,951,1,1
00029path,3,3,952,952,1,1
00029path,3,3,953,953,1,1
00029path,3,3,954,954,1,1
00029path,3,3,955,955,1,1
00029path,3,3,956,956,1,1
00029path,3,3,957,957,1,1
00029path,3,3,958,958,1,1
00029path,3,3,959,959,1,1
00029path,3,3,960,960,1,1
00029path,3,3,961,961,1,1
00029path,3,3,962,962,1,1
00029path,3,3,963,963,1,1
00029path,3,3,964,964,1,1
00029path,3,3,965,965,1,1
00029path,3,3,966,966,1,1
00029path,3,3,967,967,1,1
00029path,3,3,968,968,1,1
00029path,3,3,969,969,1,1
00029path,3,3,970,970,1,1
00029path,3,3,971,971,1,1
00029path,3,3,972,972,1,1
00029path,3,3,973,973,1,1
00029path,3,3,974,974,1,1
00029path,3,3,975,975,1,1
00029path,3,3,976,976,1,1
00029path,3,3,977,977,1,1
00029path,3,3,978,978,1,1
00029path,3,3,979,979,1,1
00029path,3,3,980,980,1,1
00029path,3,3,981,981,1,1
00029path,3,3,982,982,1,1
00029path,3,3,983,983,1,1
00029path,3,3,984,984,1,1
00029path,3,3,985,985,1,1
00029path,3,3,986,986,1,1
00029path,3,3,987,987,1,1
00029path,3,3,988,988,1,1
00029path,3,3,989,989,1,1
00029path,3,3,990,990,1,1
00029path,3,3,991,991,1,1
00029path,3,3,992,992,1,1
00029path,3,3,993,993,1,1
00029path,3,3,994,994,1,1
00029path,3,3,995,995,1,1
00029path,3,3,996,996,1,1
00029path,3,3,997,997,1,1
00029path,3,3,998,998,1,1
00029path,3,3,999,999,1,1
00029path,3,3,1000,1000,1,1
00029path,3,3,1001,1001,1,1
00029path,3,3,1002,1002,1,1
00029path,3,3,1003,1003,1,1
00029path,3,3,1004,1004,1,1
00029path,5,5,764,764,1,1
00029path,81,4,732,732,1,1
00043football,3,4,843,843,1,1
00043football,3,4,844,844,1,1
00043football,3,4,846,846,1,1
00043football,3,4,857,857,1,1
00043football,5,5,352,352,1,1
00043football,5,5,676,676,1,1
00043football,5,5,686,686,1,1
00043football,5,5,982,982,1,1
00043football,6,7,922,922,1,1
00043football,6,7,923,923,1,1
00043football,6,7,924,924,1,1
00043football,6,7,925,925,1,1
00043football,6,7,927,927,1,1
00043football,6,7,930,930,1,1
00043football,6,7,931,931,1,1
00043football,6,7,932,932,1,1
00043football,6,7,933,933,1,1
00043football,6,7,934,934,1,1
00043football,6,7,935,935,1,1
00043football,6,7,936,936,1,1
00043football,6,7,937,937,1,1
00043football,6,7,938,938,1,1
00043football,6,7,941,941,1,1
00043football,6,7,942,942,1,1
00043football,6,7,943,943,1,1
00043football,6,7,944,944,1,1
00043football,6,7,945,945,1,1
00043football,6,7,946,946,1,1
00043football,6,7,947,947,1,1
00043football,6,7,948,948,1,1
00043football,6,7,949,949,1,1
00043football,6,7,950,950,1,1
00043football,6,7,951,951,1,1
00043football,6,7,952,952,1,1
00043football,6,7,993,993,1,1
00043football,6,7,994,994,1,1
00043football,6,7,995,995,1,1
00043football,7,8,438,438,1,1
00043football,7,8,441,441,1,1
00043football,7,8,442,442,1,1
00043football,7,8,450,450,1,1
00043football,7,8,451,451,1,1
00043football,7,8,452,452,1,1
00043football,7,8,458,458,1,1
00043football,7,8,459,459,1,1
00043football,7,8,463,463,1,1
00043football,7,8,464,464,1,1
00043football,7,8,486,486,1,1
00043football,7,8,487,487,1,1
00043football,7,8,488,488,1,1
00043football,7,8,489,489,1,1
00043football,7,8,490,490,1,1
00043football,7,8,492,492,1,1
00043football,7,8,496,496,1,1
00043football,7,8,497,497,1,1
00043football,7,8,498,498,1,1
00043football,7,8,499,499,1,1
00043football,7,8,505,505,1,1
00043football,7,8,506,506,1,1
00043football,7,8,507,507,1,1
00043football,7,8,510,510,1,1
00043football,7,8,511,511,1,1
00043football,7,8,512,512,1,1
00043football,7,8,514,514,1,1
00043football,7,8,1001,1001,1,1
00043football,9,9,167,167,1,1
00043football,9,9,169,169,1,1
00043football,9,9,170,170,1,1
00043football,9,9,171,171,1,1
00043football,9,9,172,172,1,1
00043football,9,9,176,176,1,1
00043football,9,9,177,177,1,1
00043football,9,9,178,178,1,1
00043football,9,9,179,179,1,1
00043football,9,9,181,181,1,1
00043football,9,9,940,940,1,1
00043football,10,14,6,6,1,1
00043football,10,14,7,7,1,1
00043football,10,14,8,9,3,2
00043football,10,14,11,11,1,1
00043football,10,14,12,13,3,2
00043football,10,14,14,15,3,2
00043football,10,14,16,16,1,1
00043football,10,14,17,17,1,1
00043football,10,14,31,31,1,1
00043football,10,14,36,36,1,1
00043football,10,14,41,41,1,1
00043football,10,14,42,44,4,2
00043football,10,14,47,47,1,1
00043football,10,14,53,54,3,2
00043football,10,14,56,56,1,1
00043football,10,14,57,57,1,1
00043football,10,14,58,59,2,2
00043football,10,14,61,61,1,1
00043football,10,14,62,63,3,2
00043football,10,14,67,67,1,1
00043football,10,14,69,69,1,1
00043football,10,14,72,72,1,1
00043football,10,14,73,73,1,1
00043football,10,14,74,74,1,1
00043football,10,14,78,78,1,1
00043football,10,14,80,80,1,1
00043football,10,14,81,81,1,1
00043football,10,14,84,84,1,1
00043football,10,14,87,87,1,1
00043football,10,14,88,88,1,1
00043football,10,14,89,89,1,1
00043football,10,14,90,90,1,1
00043football,10,14,91,91,1,1
00043football,10,14,92,92,1,1
00043football,10,14,93,93,1,1
00043football,10,14,94,94,1,1
00043football,10,14,95,95,1,1
00043football,10,14,96,101,11,2
00043football,10,14,102,102,1,1
00043football,10,14,103,103,1,1
00043football,10,14,104,105,2,2
00043football,10,14,106,106,1,1
00043football,10,14,107,107,1,1
00043football,10,14,108,108,1,1
00043football,10,14,109,112,8,2
00043football,10,14,113,113,1,1
00043football,10,14,114,114,1,1
00043football,10,14,115,115,1,1
00043football,10,14,116,116,1,1
00043football,10,14,117,117,1,1
00043football,10,14,119,122,7,2
00043football,10,14,123,123,1,1
00043football,10,14,126,126,1,1
00043football,10,14,127,127,1,1
00043football,10,14,128,128,1,1
00043football,10,14,133,133,1,1
00043football,10,14,134,134,1,1
00043football,10,14,135,135,1,1
00043football,10,14,136,136,1,1
00043football,10,14,137,137,1,1
00043football,10,14,138,138,1,1
00043football,10,14,139,139,1,1
00043football,10,14,140,140,1,1
00043football,10,14,141,141,1,1
00043football,10,14,142,142,1,1
00043football,10,14,143,143,1,1
00043football,10,14,144,144,1,1
00043football,10,14,145,145,1,1
00043football,10,14,146,146,1,1
00043football,10,14,147,147,1,1
00043football,10,14,148,148,1,1
00043football,10,14,149,149,1,1
00043football,10,14,150,150,1,1
00043football,10,14,151,151,1,1
00043football,10,14,152,152,1,1
00043football,10,14,153,153,1,1
00043football,10,14,154,154,1,1
00043football,10,14,160,160,1,1
00043football,10,14,161,161,1,1
00043football,10,14,162,162,1,1
00043football,10,14,163,163,1,1
00043football,10,14,164,164,1,1
00043football,10,14,165,165,1,1
00043football,10,14,166,166,1,1
00043football,10,14,167,167,1,1
00043football,10,14,169,169,1,1
00043football,10,14,170,170,1,1
00043football,10,14,171,171,1,1
00043football,10,14,172,172,1,1
00043football,10,14,173,173,1,1
00043football,10,14,174,174,1,1
00043football,10,14,175,175,1,1
00043football,10,14,176,176,1,1
00043football,10,14,177,177,1,1
00043football,10,14,178,178,1,1
00043football,10,14,182,182,1,1
00043football,10,14,184,184,1,1
00043football,10,14,185,185,1,1
00043football,10,14,186,186,1,1
00043football,10,14,187,187,1,1
00043football,10,14,188,188,1,1
00043football,10,14,189,189,1,1
00043football,10,14,190,190,1,1
00043football,10,14,192,192,1,1
00043football,10,14,193,193,1,1
00043football,10,14,202,202,1,1
00043football,10,14,203,203,1,1
00043football,10,14,204,204,1,1
00043football,10,14,208,208,1,1
00043football,10,14,212,212,1,1
00043football,10,14,221,221,1,1
00043football,10,14,222,222,1,1
00043football,10,14,223,223,1,1
00043football,10,14,224,224,1,1
00043football,10,14,225,225,1,1
00043football,10,14,226,226,1,1
00043football,10,14,227,227,1,1
00043football,10,14,228,228,1,1
00043football,10,14,229,229,1,1
00043football,10,14,230,230,1,1
00043football,10,14,231,231,1,1
00043football,10,14,232,232,1,1
00043football,10,14,233,233,1,1
00043football,10,14,235,235,1,1
00043football,10,14,236,236,1,1
00043football,10,14,237,237,1,1
00043football,10,14,238,238,1,1
00043football,10,14,239,239,1,1
00043football,10,14,240,240,1,1
00043football,10,14,241,241,1,1
00043football,10,14,243,243,1,1
00043football,10,14,244,244,1,1
00043football,10,14,245,245,1,1
00043football,10,14,248,248,1,1
00043football,10,14,251,251,1,1
00043football,10,14,265,265,1,1
00043football,10,14,266,266,1,1
00043football,10,14,277,277,1,1
00043football,10,14,278,278,1,1
00043football,10,14,279,279,1,1
00043football,10,14,281,281,1,1
00043football,10,14,285,285,1,1
00043football,10,14,287,287,1,1
00043football,10,14,288,288,1,1
00043football,10,14,289,289,1,1
00043football,10,14,290,290,1,1
00043football,10,14,291,291,1,1
00043football,10,14,296,296,1,1
00043football,10,14,306,306,1,1
00043football,10,14,307,308,2,1
00043football,10,14,318,320,3,1
00043football,10,14,327,327,1,1
00043football,10,14,340,342,3,1
00043football,10,14,344,344,1,1
00043football,10,14,349,349,1,1
00043football,10,14,357,360,4,1
00043football,10,14,373,373,1,1
00043football,10,14,379,381,3,1
00043football,10,14,385,385,1,1
00043football,10,14,388,388,1,1
00043football,10,14,390,393,4,1
00043football,10,14,400,400,1,1
00043football,10,14,402,404,3,1
00043football,10,14,434,434,1,1
00043football,10,14,446,447,2,1
00043football,10,14,449,451,3,1
00043football,10,14,460,460,1,1
00043football,10,14,464,464,1,1
00043football,10,14,468,474,6,1
00043football,10,14,483,484,2,1
00043football,10,14,486,488,3,1
00043football,10,14,492,493,2,1
00043football,10,14,495,495,1,1
00043football,10,14,501,506,6,1
00043football,10,14,515,515,1,1
00043football,10,14,517,518,2,1
00043football,10,14,539,540,2,1
00043football,10,14,556,556,1,1
00043football,10,14,562,563,2,1
00043football,10,14,567,567,1,1
00043football,10,14,585,585,1,1
00043football,10,14,587,588,2,1
00043football,10,14,590,591,2,1
00043football,10,14,606,606,1,1
00043football,10,14,611,615,5,1
00043football,10,14,619,619,1,1
00043football,10,14,622,626,5,1
00043football,10,14,634,638,5,1
00043football,10,14,643,649,7,1
00043football,10,14,651,654,4,1
00043football,10,14,660,661,2,1
00043football,10,14,663,664,2,1
00043football,10,14,667,667,1,1
00043football,10,14,710,710,1,1
00043football,11,16,460,460,1,1
00043football,11,16,461,461,1,1
00043football,11,16,462,462,1,1
00043football,11,16,463,463,1,1
00043football,11,16,464,464,1,1
00043football,11,16,465,465,1,1
00043football,11,16,466,466,1,1
00043football,11,16,467,467,1,1
00043football,11,16,468,468,1,1
00043football,11,16,469,469,1,1
00043football,11,16,470,470,1,1
00043football,11,16,471,471,1,1
00043football,11,16,472,472,1,1
00043football,11,16,473,473,1,1
00043football,11,16,474,474,1,1
00043football,11,16,475,475,1,1
00043football,11,16,476,476,1,1
00043football,11,16,477,477,1,1
00043football,11,16,478,478,1,1
00043football,11,16,479,479,1,1
00043football,11,16,480,480,1,1
00043football,11,16,481,481,1,1
00043football,11,16,482,482,1,1
00043football,11,16,483,483,1,1
00043football,11,16,484,484,1,1
00043football,11,16,485,485,1,1
00043football,11,16,486,486,1,1
00043football,11,16,487,487,1,1
00043football,11,16,488,488,1,1
00043football,11,16,489,489,1,1
00043football,11,16,490,490,1,1
00043football,11,16,491,491,1,1
00043football,11,16,492,492,1,1
00043football,11,16,493,493,1,1
00043football,11,16,494,494,1,1
00043football,11,16,495,495,1,1
00043football,11,16,496,496,1,1
00043football,11,16,497,497,1,1
00043football,11,16,498,498,1,1
00043football,11,16,499,499,1,1
00043football,11,16,500,500,1,1
00043football,11,16,501,501,1,1
00043football,11,16,502,502,1,1
00043football,11,16,503,503,1,1
00043football,11,16,504,504,1,1
00043football,11,16,505,505,1,1
00043football,11,16,506,506,1,1
00043football,11,16,507,507,1,1
00043football,11,16,508,508,1,1
00043football,11,16,509,509,1,1
00043football,11,16,510,510,1,1
00043football,11,16,511,511,1,1
00043football,11,16,512,512,1,1
00043football,11,16,513,513,1,1
00043football,11,16,514,514,1,1
00043football,11,16,515,515,1,1
00043football,11,16,516,516,1,1
00043football,11,16,517,517,1,1
00043football,11,16,518,518,1,1
00043football,11,16,519,519,1,1
00043football,11,16,520,520,1,1
00043football,11,16,521,521,1,1
00043football,11,16,522,522,1,1
00043football,11,16,523,523,1,1
00043football,11,16,524,524,1,1
00043football,11,16,525,525,1,1
00043football,11,16,526,526,1,1
00043football,11,16,527,527,1,1
00043football,11,16,528,528,1,1
00043football,11,16,529,529,1,1
00043football,11,16,530,530,1,1
00043football,11,16,531,531,1,1
00043football,11,16,532,532,1,1
00043football,11,16,533,533,1,1
00043football,11,16,534,534,1,1
00043football,11,16,535,535,1,1
00043football,11,16,536,536,1,1
00043football,11,16,537,537,1,1
00043football,11,16,538,538,1,1
00043football,11,16,539,539,1,1
00043football,11,16,540,540,1,1
00043football,11,16,541,541,1,1
00043football,11,16,542,542,1,1
00043football,11,16,543,543,1,1
00043football,11,16,544,544,1,1
00043football,11,16,545,545,1,1
00043football,11,16,546,546,1,1
00043football,11,16,547,547,1,1
00043football,11,16,548,548,1,1
00043football,11,16,549,549,1,1
00043football,11,16,550,550,1,1
00043football,11,16,551,551,1,1
00043football,11,16,552,552,1,1
00043football,11,16,553,553,1,1
00043football,11,16,554,554,1,1
00043football,11,16,555,555,1,1
00043football,11,16,556,556,1,1
00043football,11,16,557,557,1,1
00043football,11,16,558,558,1,1
00043football,11,16,559,559,1,1
00043football,11,16,560,560,1,1
00043football,11,16,561,561,1,1
00043football,11,16,562,562,1,1
00043football,11,16,563,563,1,1
00043football,11,16,564,564,1,1
00043football,11,16,565,565,1,1
00043football,11,16,566,566,1,1
00043football,11,16,567,567,1,1
00043football,11,16,568,568,1,1
00043football,11,16,569,569,1,1
00043football,11,16,570,570,1,1
00043football,11,16,571,571,1,1
00043football,11,16,572,572,1,1
00043football,11,16,573,573,1,1
00043football,11,16,574,574,1,1
00043football,11,16,575,575,1,1
00043football,11,16,576,576,1,1
00043football,11,16,577,577,1,1
00043football,11,16,578,578,1,1
00043football,11,16,579,579,1,1
00043football,11,16,580,580,1,1
00043football,11,16,581,581,1,1
00043football,11,16,582,582,1,1
00043football,11,16,583,583,1,1
00043football,11,16,584,584,1,1
00043football,11,16,585,585,1,1
00043football,11,16,586,586,1,1
00043football,11,16,587,587,1,1
00043football,11,16,588,588,1,1
00043football,11,16,589,589,1,1
00043football,11,16,590,590,1,1
00043football,11,16,591,591,1,1
00043football,11,16,592,592,1,1
00043football,11,16,593,593,1,1
00043football,11,16,594,594,1,1
00043football,11,16,595,595,1,1
00043football,11,16,596,596,1,1
00043football,11,16,597,597,1,1
00043football,11,16,598,598,1,1
00043football,11,16,599,599,1,1
00043football,11,16,600,600,1,1
00043football,11,16,601,601,1,1
00043football,11,16,602,602,1,1
00043football,11,16,603,603,1,1
00043football,11,16,604,604,1,1
00043football,11,16,605,605,1,1
00043football,11,16,606,606,1,1
00043football,11,16,607,607,1,1
00043football,11,16,608,608,1,1
00043football,11,16,609,609,1,1
00043football,11,16,610,610,1,1
00043football,11,16,611,611,1,1
00043football,11,16,612,612,1,1
00043football,11,16,613,613,1,1
00043football,11,16,614,614,1,1
00043football,11,16,615,615,1,1
00043football,11,16,616,616,1,1
00043football,11,16,617,617,1,1
00043football,11,16,618,618,1,1
00043football,11,16,619,619,1,1
00043football,11,16,620,620,1,1
00043football,11,16,621,621,1,1
00043football,11,16,622,622,1,1
00043football,11,16,623,623,1,1
00043football,11,16,624,624,1,1
00043football,11,16,625,625,1,1
00043football,11,16,626,626,1,1
00043football,11,16,627,627,1,1
00043football,11,16,628,628,1,1
00043football,11,16,629,629,1,1
00043football,11,16,630,630,1,1
00043football,11,16,631,631,1,1
00043football,11,16,632,632,1,1
00043football,11,16,633,633,1,1
00043football,11,16,634,634,1,1
00043football,11,16,635,635,1,1
00043football,11,16,636,636,1,1
00043football,11,16,637,637,1,1
00043football,11,16,638,638,1,1
00043football,11,16,639,639,1,1
00043football,11,16,640,640,1,1
00043football,11,16,641,641,1,1
00043football,11,16,642,642,1,1
00043football,11,16,643,643,1,1
00043football,11,16,644,644,1,1
00043football,11,16,645,645,1,1
00043football,11,16,646,646,1,1
00043football,11,16,647,647,1,1
00043football,11,16,648,648,1,1
00043football,11,16,649,649,1,1
00043football,11,16,650,650,1,1
00043football,11,16,651,651,1,1
00043football,11,16,652,652,1,1
00043football,11,16,653,653,1,1
00043football,11,16,654,654,1,1
00043football,11,16,655,655,1,1
00043football,11,16,656,656,1,1
00043football,11,16,657,657,1,1
00043football,11,16,658,658,1,1
00043football,11,16,659,659,1,1
00043football,11,16,660,660,1,1
00043football,11,16,661,661,1,1
00043football,11,16,662,662,1,1
00043football,11,16,663,663,1,1
00043football,11,16,664,664,1,1
00043football,11,16,665,665,1,1
00043football,11,16,666,666,1,1
00043football,11,16,667,667,1,1
00043football,11,16,668,668,1,1
00043football,11,16,669,669,1,1
00043football,11,16,670,670,1,1
00043football,11,16,671,671,1,1
00043football,11,16,672,672,1,1
00043football,11,16,673,673,1,1
00043football,11,16,674,674,1,1
00043football,11,16,675,675,1,1
00043football,11,16,676,676,1,1
00043football,11,16,677,677,1,1
00043football,11,16,678,678,1,1
00043football,11,16,679,679,1,1
00043football,11,16,680,680,1,1
00043football,11,16,681,681,1,1
00043football,11,16,682,682,1,1
00043football,11,16,683,683,1,1
00043football,11,16,684,684,1,1
00043football,11,16,685,685,1,1
00043football,11,16,686,686,1,1
00043football,11,16,687,687,1,1
00043football,11,16,688,688,1,1
00043football,11,16,689,689,1,1
00043football,11,16,690,690,1,1
00043football,11,16,691,691,1,1
00043football,11,16,692,692,1,1
00043football,11,16,693,693,1,1
00043football,11,16,694,694,1,1
00043football,11,16,695,695,1,1
00043football,11,16,696,696,1,1
00043football,11,16,697,697,1,1
00043football,11,16,698,698,1,1
00043football,11,16,699,699,1,1
00043football,11,16,700,700,1,1
00043football,11,16,701,701,1,1
00043football,11,16,702,702,1,1
00043football,11,16,703,703,1,1
00043football,11,16,704,704,1,1
00043football,11,16,705,705,1,1
00043football,11,16,706,706,1,1
00043football,11,16,707,707,1,1
00043football,11,16,708,708,1,1
00043football,11,16,709,709,1,1
00043football,11,16,710,710,1,1
00043football,11,16,711,711,1,1
00043football,11,16,712,712,1,1
00043football,11,16,713,713,1,1
00043football,11,16,714,714,1,1
00043football,11,16,715,715,1,1
00043football,11,16,716,717,3,2
00043football,11,16,718,718,1,1
00043football,11,16,719,1001,566,2
00043football,12,11,210,210,1,1
00043football,13,6,855,855,1,1
00043football,13,6,897,897,1,1
00043football,13,6,898,899,2,1
00043football,15,19,45,45,1,1
00043football,15,19,46,47,2,2
00043football,15,19,48,48,1,1
00043football,15,19,492,493,2,1
00043football,16,12,1,2,3,2
00043football,16,12,3,3,1,1
00043football,16,12,4,4,1,1
00043football,16,12,5,5,1,1
00043football,16,12,6,6,1,1
00043football,16,12,7,7,1,1
00043football,16,12,8,8,1,1
00043football,16,12,9,9,1,1
00043football,16,12,10,10,1,1
00043football,16,12,11,11,1,1
00043football,16,12,12,12,1,1
00043football,16,12,13,13,1,1
00043football,16,12,14,14,1,1
00043football,16,12,15,15,1,1
00043football,16,12,16,17,3,2
00043football,16,12,18,18,1,1
00043football,16,12,19,19,1,1
00043football,16,12,20,20,1,1
00043football,16,12,21,21,1,1
00043football,16,12,22,22,1,1
00043football,16,12,23,23,1,1
00043football,16,12,24,24,1,1
00043football,16,12,25,27,5,2
00043football,16,12,28,30,5,2
00043football,16,12,31,31,1,1
00043football,16,12,32,32,1,1
00043football,16,12,33,33,1,1
00043football,16,12,34,34,1,1
00043football,16,12,35,40,11,2
00043football,16,12,41,41,1,1
00043football,16,12,42,42,1,1
00043football,16,12,43,43,1,1
00043football,16,12,44,44,1,1
00043football,16,12,45,45,1,1
00043football,16,12,46,46,1,1
00043football,16,12,47,48,3,2
00043football,16,12,49,50,3,2
00043football,16,12,51,51,1,1
00043football,16,12,52,53,3,2
00043football,16,12,54,54,1,1
00043football,16,12,55,55,1,1
00043football,16,12,56,56,1,1
00043football,16,12,57,57,1,1
00043football,16,12,58,58,1,1
00043football,16,12,59,60,3,2
00043football,16,12,61,61,1,1
00043football,16,12,62,62,1,1
00043football,16,12,63,63,1,1
00043football,16,12,64,64,1,1
00043football,16,12,65,65,1,1
00043football,16,12,66,66,1,1
00043football,16,12,67,67,1,1
00043football,16,12,68,68,1,1
00043football,16,12,69,69,1,1
00043football,16,12,70,76,13,2
00043football,16,12,77,77,1,1
00043football,16,12,78,78,1,1
00043football,16,12,79,79,1,1
00043football,16,12,80,80,1,1
00043football,16,12,81,81,1,1
00043football,16,12,82,84,5,2
00043football,16,12,85,86,3,2
00043football,16,12,87,89,5,2
00043football,16,12,90,90,1,1
00043football,16,12,91,91,1,1
00043football,16,12,92,92,1,1
00043football,16,12,93,94,3,2
00043football,16,12,95,95,1,1
00043football,16,12,96,96,1,1
00043football,16,12,97,97,1,1
00043football,16,12,98,98,1,1
00043football,16,12,99,99,1,1
00043football,16,12,100,100,1,1
00043football,16,12,101,101,1,1
00043football,16,12,102,102,1,1
00043football,16,12,103,106,7,2
00043football,16,12,107,107,1,1
00043football,16,12,108,108,1,1
00043football,16,12,109,109,1,1
00043football,16,12,110,110,1,1
00043football,16,12,111,111,1,1
00043football,16,12,112,112,1,1
00043football,16,12,113,114,3,2
00043football,16,12,115,116,3,2
00043football,16,12,117,117,1,1
00043football,16,12,118,118,1,1
00043football,16,12,119,119,1,1
00043football,16,12,120,121,3,2
00043football,16,12,122,122,1,1
00043football,16,12,123,123,1,1
00043football,16,12,124,124,1,1
00043football,16,12,125,125,1,1
00043football,16,12,126,129,7,2
00043football,16,12,130,130,1,1
00043football,16,12,131,131,1,1
00043football,16,12,132,132,1,1
00043football,16,12,133,133,1,1
00043football,16,12,134,134,1,1
00043football,16,12,135,135,1,1
00043football,16,12,136,139,7,2
00043football,16,12,140,140,1,1
00043football,16,12,141,143,5,2
00043football,16,12,144,144,1,1
00043football,16,12,145,145,1,1
00043football,16,12,146,146,1,1
00043football,16,12,147,147,1,1
00043football,16,12,148,148,1,1
00043football,16,12,149,149,1,1
00043football,16,12,150,150,1,1
00043football,16,12,151,151,1,1
00043football,16,12,152,152,1,1
00043football,16,12,153,153,1,1
00043football,16,12,154,154,1,1
00043football,16,12,155,155,1,1
00043football,16,12,156,156,1,1
00043football,16,12,157,157,1,1
00043football,16,12,158,158,1,1
00043football,16,12,159,161,5,2
00043football,16,12,162,164,5,2
00043football,16,12,165,165,1,1
00043football,16,12,166,166,1,1
00043football,16,12,167,167,1,1
00043football,16,12,168,168,1,1
00043football,16,12,169,169,1,1
00043football,16,12,170,173,7,2
00043football,16,12,174,174,1,1
00043football,16,12,175,175,1,1
00043football,16,12,176,176,1,1
00043football,16,12,177,177,1,1
00043football,16,12,178,178,1,1
00043football,16,12,179,179,1,1
00043football,16,12,180,180,1,1
00043football,16,12,181,183,5,2
00043football,16,12,184,184,1,1
00043football,16,12,185,185,1,1
00043football,16,12,186,186,1,1
00043football,16,12,187,187,1,1
00043football,16,12,188,188,1,1
00043football,16,12,189,189,1,1
00043football,16,12,190,190,1,1
00043football,16,12,191,191,1,1
00043football,16,12,192,192,1,1
00043football,16,12,193,193,1,1
00043football,16,12,194,195,3,2
00043football,16,12,196,196,1,1
00043football,16,12,197,197,1,1
00043football,16,12,198,198,1,1
00043football,16,12,199,199,1,1
00043football,16,12,200,200,1,1
00043football,16,12,201,201,1,1
00043football,16,12,202,202,1,1
00043football,16,12,203,206,7,2
00043football,16,12,207,207,1,1
00043football,16,12,208,208,1,1
00043football,16,12,209,209,1,1
00043football,16,12,210,210,1,1
00043football,16,12,211,211,1,1
00043football,16,12,212,212,1,1
00043football,16,12,213,213,1,1
00043football,16,12,214,216,5,2
00043football,16,12,217,217,1,1
00043football,16,12,218,218,1,1
00043football,16,12,219,219,1,1
00043football,16,12,220,220,1,1
00043football,16,12,221,221,1,1
00043football,16,12,222,222,1,1
00043football,16,12,223,223,1,1
00043football,16,12,224,224,1,1
00043football,16,12,225,228,7,2
00043football,16,12,229,229,1,1
00043football,16,12,230,230,1,1
00043football,16,12,231,231,1,1
00043football,16,12,232,232,1,1
00043football,16,12,233,233,1,1
00043football,16,12,234,234,1,1
00043football,16,12,235,235,1,1
00043football,16,12,236,241,11,2
00043football,16,12,242,242,1,1
00043football,16,12,243,243,1,1
00043football,16,12,244,244,1,1
00043football,16,12,245,245,1,1
00043football,16,12,246,246,1,1
00043football,16,12,247,255,17,2
00043football,16,12,256,256,1,1
00043football,16,12,257,257,1,1
00043football,16,12,258,261,7,2
00043football,16,12,262,262,1,1
00043football,16,12,263,265,5,2
00043football,16,12,266,268,5,2
00043football,16,12,269,270,4,2
00043football,16,12,273,273,1,1
00043football,16,12,274,274,1,1
00043football,16,12,278,278,1,1
00043football,16,12,282,284,3,1
00043football,16,12,286,286,1,1
00043football,16,12,289,296,8,1
00043football,16,12,299,301,3,1
00043football,16,12,303,305,3,1
00043football,16,12,308,310,3,1
00043football,16,12,315,319,5,1
00043football,16,12,324,330,7,1
00043football,16,12,336,342,7,1
00043football,16,12,346,352,7,1
00043football,16,12,354,355,2,1
00043football,16,12,359,364,6,1
00043football,16,12,366,367,2,1
00043football,16,12,369,372,4,1
00043football,16,12,375,375,1,1
00043football,16,12,379,385,7,1
00043football,16,12,388,388,1,1
00043football,16,12,390,393,4,1
00043football,16,12,395,395,1,1
00043football,16,12,406,406,1,1
00043football,16,12,428,428,1,1
00043football,17,10,1,1,1,1
00043football,17,10,2,2,1,1
00043football,17,10,3,3,1,1
00043football,17,10,4,4,1,1
00043football,17,10,5,5,1,1
00043football,17,10,6,6,1,1
00043football,17,10,7,7,1,1
00043football,17,10,8,8,1,1
00043football,17,10,9,9,1,1
00043football,17,10,10,10,1,1
00043football,17,10,11,11,1,1
00043football,17,10,12,12,1,1
00043football,17,10,13,13,1,1
00043football,17,10,14,14,1,1
00043football,17,10,15,15,1,1
00043football,17,10,16,16,1,1
00043football,17,10,17,17,1,1
00043football,17,10,18,18,1,1
00043football,17,10,19,19,1,1
00043football,17,10,20,20,1,1
00043football,17,10,21,21,1,1
00043football,17,10,22,22,1,1
00043football,17,10,40,40,1,1
00043football,17,10,41,41,1,1
00043football,17,10,42,42,1,1
00043football,17,10,43,43,1,1
00043football,17,10,44,44,1,1
00043football,17,10,48,48,1,1
00043football,17,10,49,49,1,1
00043football,17,10,50,50,1,1
00043football,17,10,51,51,1,1
00043football,17,10,52,52,1,1
00043football,17,10,60,60,1,1
00043football,17,10,61,61,1,1
00043football,17,10,62,62,1,1
00043football,17,10,63,63,1,1
00043football,17,10,64,64,1,1
00043football,17,10,65,65,1,1
00043football,17,10,66,66,1,1
00043football,17,10,669,669,1,1
00043football,17,10,670,670,1,1
00043football,17,10,671,671,1,1
00043football,17,10,672,672,1,1
00043football,17,10,768,768,1,1
00043football,17,10,769,769,1,1
00043football,17,10,775,775,1,1
00043football,17,10,777,777,1,1
00043football,17,10,782,782,1,1
00043football,17,10,842,842,1,1
00043football,17,10,843,843,1,1
00043football,17,10,844,844,1,1
00043football,17,10,846,846,1,1
00043football,17,10,861,861,1,1
00043football,19,18,33,33,1,1
00043football,19,18,34,34,1,1
00043football,19,18,35,35,1,1
00043football,19,18,39,39,1,1
00043football,19,18,280,280,1,1
00043football,19,18,837,837,1,1
00043football,19,18,838,838,1,1
00043football,19,18,839,839,1,1
00043football,19,18,840,840,1,1
00043football,19,18,841,841,1,1
00043football,19,18,842,842,1,1
00043football,21,22,1,92,92,1
00043football,21,22,93,93,1,1
00043football,21,22,94,95,2,1
00043football,21,22,96,96,1,1
00043football,21,22,97,97,1,1
00043football,21,22,98,98,1,1
00043football,21,22,885,885,1,1
00043football,21,22,887,889,3,1
00043football,21,22,894,894,1,1
00043football,21,22,895,895,1,1
00043football,21,22,896,896,1,1
00043football,21,22,897,897,1,1
00043football,21,22,898,898,1,1
00043football,21,22,899,899,1,1
00043football,21,22,900,900,1,1
00043football,21,22,901,901,1,1
00043football,21,22,902,902,1,1
00043football,21,22,903,903,1,1
00043football,22,23,1,236,238,2
00043football,64,13,596,596,1,1
00051football,1,1,97,97,1,1
00051football,1,1,98,98,1,1
00051football,1,1,573,573,1,1
00051football,2,2,414,414,1,1
00051football,2,2,416,416,1,1
00051football,2,2,417,417,1,1
00051football,3,10,206,206,1,1
00051football,3,10,428,428,1,1
00051football,3,10,429,429,1,1
00051football,3,10,431,431,1,1
00051football,3,10,637,637,1,1
00051football,3,10,733,733,1,1
00051football,3,10,924,924,1,1
00051football,3,10,927,927,1,1
00051football,3,10,932,932,1,1
00051football,3,10,935,935,1,1
00051football,3,10,936,936,1,1
00051football,3,10,937,937,1,1
00051football,3,10,938,938,1,1
00051football,3,10,939,939,1,1
00051football,3,10,940,940,1,1
00051football,3,10,941,941,1,1
00051football,3,10,942,942,1,1
00051football,3,10,943,943,1,1
00051football,3,10,945,945,1,1
00051football,3,10,953,953,1,1
00051football,3,10,958,958,1,1
00051football,3,10,959,959,1,1
00051football,3,10,960,960,1,1
00051football,3,10,965,965,1,1
00051football,3,10,967,967,1,1
00051football,3,10,968,968,1,1
00051football,3,10,972,972,1,1
00051football,3,10,973,973,1,1
00051football,3,10,1017,1017,1,1
00051football,3,10,1021,1021,1,1
00051football,4,16,431,431,1,1
00051football,4,16,433,433,1,1
00051football,4,16,462,462,1,1
00051football,4,16,472,472,1,1
00051football,5,7,1,1,1,1
00051football,5,7,2,2,1,1
00051football,5,7,3,3,1,1
00051football,5,7,4,4,1,1
00051football,5,7,5,5,1,1
00051football,5,7,6,6,1,1
00051football,5,7,7,7,1,1
00051football,5,7,8,8,1,1
00051football,5,7,9,9,1,1
00051football,5,7,10,10,1,1
00051football,5,7,11,11,1,1
00051football,5,7,12,12,1,1
00051football,5,7,13,13,1,1
00051football,5,7,14,14,1,1
00051football,5,7,15,15,1,1
00051football,5,7,16,16,1,1
00051football,5,7,17,17,1,1
00051football,5,7,18,18,1,1
00051football,5,7,19,19,1,1
00051football,5,7,20,20,1,1
00051football,5,7,21,21,1,1
00051football,5,7,22,22,1,1
00051football,5,7,23,23,1,1
00051football,5,7,24,24,1,1
00051football,5,7,25,25,1,1
00051football,5,7,26,26,1,1
00051football,5,7,27,27,1,1
00051football,5,7,28,28,1,1
00051football,5,7,29,29,1,1
00051football,5,7,30,30,1,1
00051football,5,7,31,31,1,1
00051football,5,7,32,32,1,1
00051football,5,7,33,33,1,1
00051football,5,7,34,34,1,1
00051football,5,7,35,35,1,1
00051football,5,7,36,36,1,1
00051football,5,7,37,37,1,1
00051football,5,7,38,38,1,1
00051football,5,7,39,39,1,1
00051football,5,7,40,40,1,1
00051football,5,7,41,41,1,1
00051football,5,7,42,42,1,1
00051football,5,7,43,43,1,1
00051football,5,7,44,44,1,1
00051football,5,7,45,45,1,1
00051football,5,7,46,46,1,1
00051football,5,7,47,47,1,1
00051football,5,7,48,48,1,1
00051football,5,7,49,49,1,1
00051football,5,7,50,50,1,1
00051football,5,7,51,51,1,1
00051football,5,7,52,52,1,1
00051football,5,7,53,53,1,1
00051football,5,7,54,54,1,1
00051football,5,7,55,55,1,1
00051football,5,7,56,56,1,1
00051football,5,7,57,57,1,1
00051football,5,7,58,58,1,1
00051football,5,7,60,60,1,1
00051football,5,7,61,61,1,1
00051football,5,7,62,62,1,1
00051football,5,7,63,63,1,1
00051football,5,7,65,65,1,1
00051football,5,7,66,66,1,1
00051football,5,7,67,67,1,1
00051football,5,7,68,68,1,1
00051football,5,7,69,69,1,1
00051football,5,7,70,70,1,1
00051football,5,7,71,71,1,1
00051football,5,7,72,72,1,1
00051football,5,7,73,73,1,1
00051football,5,7,74,74,1,1
00051football,5,7,75,75,1,1
00051football,5,7,77,77,1,1
00051football,5,7,79,79,1,1
00051football,5,7,80,80,1,1
00051football,5,7,81,81,1,1
00051football,5,7,82,82,1,1
00051football,5,7,83,83,1,1
00051football,5,7,85,85,1,1
00051football,5,7,88,88,1,1
00051football,5,7,702,702,1,1
00051football,6,8,59,59,1,1
00051football,6,8,97,97,1,1
00051football,6,8,98,98,1,1
00051football,6,8,702,702,1,1
00051football,7,45,41,43,3,1
00051football,8,12,733,733,1,1
00051football,8,12,1005,1005,1,1
00051football,8,12,1010,1010,1,1
00051football,9,4,508,508,1,1
00051football,9,4,560,560,1,1
00051football,10,3,146,146,1,1
00051football,10,3,147,147,1,1
00051football,10,3,384,384,1,1
00051football,10,3,386,386,1,1
00051football,10,3,387,387,1,1
00051football,10,3,388,388,1,1
00051football,10,3,395,395,1,1
00051football,10,3,398,398,1,1
00051football,10,3,400,400,1,1
00051football,10,3,403,403,1,1
00051football,10,3,404,404,1,1
00051football,10,3,405,405,1,1
00051football,10,3,406,406,1,1
00051football,10,3,407,407,1,1
00051football,10,3,408,408,1,1
00051football,10,3,409,409,1,1
00051football,10,3,410,410,1,1
00051football,10,3,411,411,1,1
00051football,10,3,412,412,1,1
00051football,10,3,413,413,1,1
00051football,10,3,414,414,1,1
00051football,10,3,415,415,1,1
00051football,10,3,416,416,1,1
00051football,10,3,417,417,1,1
00051football,10,3,418,418,1,1
00051football,10,3,419,419,1,1
00051football,10,3,420,420,1,1
00051football,10,3,421,421,1,1
00051football,10,3,422,422,1,1
00051football,10,3,423,423,1,1
00051football,10,3,424,424,1,1
00051football,10,3,425,425,1,1
00051football,10,3,426,426,1,1
00051football,10,3,427,427,1,1
00051football,10,3,428,428,1,1
00051football,10,3,429,429,1,1
00051football,10,3,430,430,1,1
00051football,10,3,431,431,1,1
00051football,10,3,432,432,1,1
00051football,10,3,433,433,1,1
00051football,10,3,434,434,1,1
00051football,10,3,435,435,1,1
00051football,10,3,436,436,1,1
00051football,10,3,437,437,1,1
00051football,10,3,438,438,1,1
00051football,10,3,439,439,1,1
00051football,10,3,440,440,1,1
00051football,10,3,441,441,1,1
00051football,10,3,442,442,1,1
00051football,10,3,443,443,1,1
00051football,10,3,444,444,1,1
00051football,10,3,445,445,1,1
00051football,10,3,446,446,1,1
00051football,10,3,447,447,1,1
00051football,10,3,448,448,1,1
00051football,10,3,449,449,1,1
00051football,10,3,450,450,1,1
00051football,10,3,451,451,1,1
00051football,10,3,452,452,1,1
00051football,10,3,453,453,1,1
00051football,10,3,454,454,1,1
00051football,10,3,455,455,1,1
00051football,10,3,456,456,1,1
00051football,10,3,457,457,1,1
00051football,10,3,458,458,1,1
00051football,10,3,459,459,1,1
00051football,10,3,460,460,1,1
00051football,10,3,461,461,1,1
00051football,10,3,462,462,1,1
00051football,10,3,463,463,1,1
00051football,10,3,464,464,1,1
00051football,10,3,465,465,1,1
00051football,10,3,466,466,1,1
00051football,10,3,467,467,1,1
00051football,10,3,468,468,1,1
00051football,10,3,469,469,1,1
00051football,10,3,470,470,1,1
00051football,10,3,471,471,1,1
00051football,10,3,472,472,1,1
00051football,10,3,473,473,1,1
00051football,10,3,474,474,1,1
00051football,10,3,475,475,1,1
00051football,10,3,476,476,1,1
00051football,10,3,477,477,1,1
00051football,10,3,478,478,1,1
00051football,10,3,479,479,1,1
00051football,10,3,480,480,1,1
00051football,10,3,481,481,1,1
00051football,10,3,482,482,1,1
00051football,10,3,483,483,1,1
00051football,10,3,484,484,1,1
00051football,10,3,485,485,1,1
00051football,10,3,486,486,1,1
00051football,10,3,487,487,1,1
00051football,10,3,488,488,1,1
00051football,10,3,489,489,1,1
00051football,10,3,490,490,1,1
00051football,10,3,491,491,1,1
00051football,10,3,492,492,1,1
00051football,10,3,493,493,1,1
00051football,10,3,494,494,1,1
00051football,10,3,495,495,1,1
00051football,10,3,496,496,1,1
00051football,10,3,497,497,1,1
00051football,10,3,498,498,1,1
00051football,10,3,499,499,1,1
00051football,10,3,500,500,1,1
00051football,10,3,501,501,1,1
00051football,10,3,502,502,1,1
00051football,10,3,503,503,1,1
00051football,10,3,504,504,1,1
00051football,10,3,505,505,1,1
00051football,10,3,506,506,1,1
00051football,10,3,509,509,1,1
00051football,10,3,510,510,1,1
00051football,10,3,511,511,1,1
00051football,10,3,512,512,1,1
00051football,10,3,513,513,1,1
00051football,10,3,514,514,1,1
00051football,10,3,515,515,1,1
00051football,10,3,516,516,1,1
00051football,10,3,517,517,1,1
00051football,10,3,518,518,1,1
00051football,10,3,519,519,1,1
00051football,10,3,520,520,1,1
00051football,10,3,521,521,1,1
00051football,10,3,522,522,1,1
00051football,10,3,523,523,1,1
00051football,10,3,524,524,1,1
00051football,10,3,525,525,1,1
00051football,10,3,526,526,1,1
00051football,10,3,527,527,1,1
00051football,10,3,528,528,1,1
00051football,10,3,529,529,1,1
00051football,10,3,530,530,1,1
00051football,10,3,531,531,1,1
00051football,10,3,532,532,1,1
00051football,10,3,533,533,1,1
00051football,10,3,534,534,1,1
00051football,10,3,535,535,1,1
00051football,10,3,536,536,1,1
00051football,10,3,537,537,1,1
00051football,10,3,538,538,1,1
00051football,10,3,539,539,1,1
00051football,10,3,540,540,1,1
00051football,10,3,541,541,1,1
00051football,10,3,542,542,1,1
00051football,10,3,543,543,1,1
00051football,10,3,544,544,1,1
00051football,10,3,545,545,1,1
00051football,10,3,546,546,1,1
00051football,10,3,547,547,1,1
00051football,10,3,548,548,1,1
00051football,10,3,549,549,1,1
00051football,10,3,550,550,1,1
00051football,10,3,551,551,1,1
00051football,10,3,552,552,1,1
00051football,10,3,553,553,1,1
00051football,10,3,554,554,1,1
00051football,10,3,555,555,1,1
00051football,10,3,556,556,1,1
00051football,10,3,557,557,1,1
00051football,10,3,558,558,1,1
00051football,10,3,559,559,1,1
00051football,10,3,560,560,1,1
00051football,10,3,561,561,1,1
00051football,10,3,562,562,1,1
00051football,10,3,563,563,1,1
00051football,10,3,564,564,1,1
00051football,10,3,565,565,1,1
00051football,10,3,566,566,1,1
00051football,10,3,567,567,1,1
00051football,10,3,568,568,1,1
00051football,10,3,569,569,1,1
00051football,10,3,570,570,1,1
00051football,10,3,571,571,1,1
00051football,10,3,572,572,1,1
00051football,10,3,573,573,1,1
00051football,10,3,574,574,1,1
00051football,10,3,575,575,1,1
00051football,10,3,576,576,1,1
00051football,10,3,577,577,1,1
00051football,10,3,578,578,1,1
00051football,10,3,579,579,1,1
00051football,10,3,580,580,1,1
00051football,10,3,581,581,1,1
00051football,10,3,582,582,1,1
00051football,10,3,583,583,1,1
00051football,10,3,584,584,1,1
00051football,10,3,585,585,1,1
00051football,10,3,586,586,1,1
00051football,10,3,587,587,1,1
00051football,10,3,588,588,1,1
00051football,10,3,589,589,1,1
00051football,10,3,590,590,1,1
00051football,10,3,591,591,1,1
00051football,10,3,592,592,1,1
00051football,10,3,593,593,1,1
00051football,10,3,594,594,1,1
00051football,10,3,595,595,1,1
00051football,10,3,596,596,1,1
00051football,10,3,597,597,1,1
00051football,10,3,598,598,1,1
00051football,10,3,599,599,1,1
00051football,10,3,600,600,1,1
00051football,10,3,601,601,1,1
00051football,10,3,602,602,1,1
00051football,10,3,603,603,1,1
00051football,10,3,604,604,1,1
00051football,10,3,605,605,1,1
00051football,10,3,606,606,1,1
00051football,10,3,607,607,1,1
00051football,10,3,608,608,1,1
00051football,10,3,609,609,1,1
00051football,10,3,610,610,1,1
00051football,10,3,611,611,1,1
00051football,10,3,612,612,1,1
00051football,10,3,613,613,1,1
00051football,10,3,614,614,1,1
00051football,10,3,615,615,1,1
00051football,10,3,616,616,1,1
00051football,10,3,617,617,1,1
00051football,10,3,618,618,1,1
00051football,10,3,619,619,1,1
00051football,10,3,620,620,1,1
00051football,10,3,621,621,1,1
00051football,10,3,622,622,1,1
00051football,10,3,623,623,1,1
00051football,10,3,624,624,1,1
00051football,10,3,625,625,1,1
00051football,10,3,626,626,1,1
00051football,10,3,627,627,1,1
00051football,10,3,628,628,1,1
00051football,10,3,629,629,1,1
00051football,10,3,630,630,1,1
00051football,10,3,631,631,1,1
00051football,10,3,632,632,1,1
00051football,10,3,633,634,3,2
00051football,10,3,635,638,7,2
00051football,10,3,639,639,1,1
00051football,10,3,640,640,1,1
00051football,10,3,641,641,1,1
00051football,10,3,642,642,1,1
00051football,10,3,643,650,15,2
00051football,10,3,651,847,391,2
00051football,10,3,848,1040,386,2
00051football,11,47,38,38,1,1
00051football,11,47,208,208,1,1
00051football,11,47,211,212,2,1
00051football,11,47,215,216,2,1
00051football,11,47,218,218,1,1
00051football,11,47,380,380,1,1
00051football,11,47,382,382,1,1
00051football,11,47,385,385,1,1
00051football,11,47,782,782,1,1
00051football,11,47,798,798,1,1
00051football,11,47,800,800,1,1
00051football,11,47,802,802,1,1
00051football,11,47,805,810,6,1
00051football,11,47,812,822,11,1
00051football,11,47,836,839,3,1
00051football,11,47,847,857,7,1
00051football,11,47,862,915,21,1
00051football,12,9,12,12,1,1
00051football,12,9,14,14,1,1
00051football,12,9,257,257,1,1
00051football,12,9,442,442,1,1
00051football,12,9,523,523,1,1
00051football,12,9,524,524,1,1
00051football,12,9,665,665,1,1
00051football,12,9,666,666,1,1
00051football,13,48,1,4,4,1
00051football,13,48,7,37,31,1
00051football,13,48,41,43,3,1
00051football,13,48,45,45,1,1
00051football,13,48,47,47,1,1
00051football,13,48,54,58,5,1
00051football,13,48,61,61,1,1
00051football,13,48,66,72,6,1
00051football,13,48,76,77,2,1
00051football,13,48,83,90,8,1
00051football,13,48,94,94,1,1
00051football,13,48,99,99,1,1
00051football,13,48,102,102,1,1
00051football,13,48,114,114,1,1
00051football,13,48,132,132,1,1
00051football,13,48,157,158,2,1
00051football,13,48,371,371,1,1
00051football,13,48,375,375,1,1
00051football,13,48,383,385,3,1
00051football,13,48,408,409,2,1
00051football,13,48,434,434,1,1
00051football,13,48,436,441,3,1
00051football,13,48,448,448,1,1
00051football,13,48,450,452,3,1
00051football,13,48,463,471,8,1
00051football,13,48,473,476,4,1
00051football,13,48,478,478,1,1
00051football,13,48,480,485,6,1
00051football,13,48,495,497,3,1
00051football,13,48,501,501,1,1
00051football,13,48,505,510,6,1
00051football,13,48,516,517,2,1
00051football,13,48,722,722,1,1
00051football,14,19,38,38,1,1
00051football,14,19,71,71,1,1
00051football,14,19,72,72,1,1
00051football,14,19,78,78,1,1
00051football,14,19,121,121,1,1
00051football,14,19,127,127,1,1
00051football,14,19,128,128,1,1
00051football,14,19,132,132,1,1
00051football,14,19,180,180,1,1
00051football,14,19,186,186,1,1
00051football,16,52,1,5,5,1
00051football,16,52,12,20,9,1
00051football,16,52,22,22,1,1
00051football,16,52,28,30,3,1
00051football,16,52,44,44,1,1
00051football,16,52,48,49,2,1
00051football,16,52,61,66,6,1
00051football,16,52,69,71,3,1
00051football,16,52,74,88,15,1
00051football,16,52,110,110,1,1
00051football,16,52,112,117,6,1
00051football,16,52,119,119,1,1
00051football,16,52,122,124,3,1
00051football,16,52,126,127,2,1
00051football,16,52,131,131,1,1
00051football,16,52,133,133,1,1
00051football,16,52,144,147,4,1
00051football,16,52,149,149,1,1
00051football,16,52,166,166,1,1
00051football,16,52,189,189,1,1
00051football,17,11,1,1,1,1
00051football,17,11,2,2,1,1
00051football,17,11,3,3,1,1
00051football,17,11,4,4,1,1
00051football,17,11,5,5,1,1
00051football,17,11,6,6,1,1
00051football,17,11,7,7,1,1
00051football,17,11,8,8,1,1
00051football,17,11,9,9,1,1
00051football,17,11,10,10,1,1
00051football,17,11,11,11,1,1
00051football,17,11,12,12,1,1
00051football,17,11,13,13,1,1
00051football,17,11,14,14,1,1
00051football,17,11,15,15,1,1
00051football,17,11,16,16,1,1
00051football,17,11,17,17,1,1
00051football,17,11,18,18,1,1
00051football,17,11,19,19,1,1
00051football,17,11,20,20,1,1
00051football,17,11,21,21,1,1
00051football,17,11,22,22,1,1
00051football,17,11,23,23,1,1
00051football,17,11,24,24,1,1
00051football,17,11,25,25,1,1
00051football,17,11,26,26,1,1
00051football,17,11,27,27,1,1
00051football,17,11,28,28,1,1
00051football,17,11,29,29,1,1
00051football,17,11,30,30,1,1
00051football,17,11,31,31,1,1
00051football,17,11,32,32,1,1
00051football,17,11,33,33,1,1
00051football,17,11,34,34,1,1
00051football,17,11,35,35,1,1
00051football,17,11,36,36,1,1
00051football,17,11,37,38,2,1
00051football,17,11,39,39,1,1
00051football,17,11,40,40,1,1
00051football,17,11,41,41,1,1
00051football,17,11,42,42,1,1
00051football,17,11,43,43,1,1
00051football,17,11,44,44,1,1
00051football,17,11,45,45,1,1
00051football,17,11,46,46,1,1
00051football,17,11,47,47,1,1
00051football,17,11,48,48,1,1
00051football,17,11,49,49,1,1
00051football,17,11,50,50,1,1
00051football,17,11,51,51,1,1
00051football,17,11,52,52,1,1
00051football,17,11,53,53,1,1
00051football,17,11,54,54,1,1
00051football,17,11,55,55,1,1
00051football,17,11,56,56,1,1
00051football,17,11,57,57,1,1
00051football,17,11,58,58,1,1
00051football,17,11,59,59,1,1
00051football,17,11,60,60,1,1
00051football,17,11,61,61,1,1
00051football,17,11,62,62,1,1
00051football,17,11,63,63,1,1
00051football,17,11,64,64,1,1
00051football,17,11,65,65,1,1
00051football,17,11,66,66,1,1
00051football,17,11,67,67,1,1
00051football,17,11,68,68,1,1
00051football,17,11,69,69,1,1
00051football,17,11,70,70,1,1
00051football,17,11,71,71,1,1
00051football,17,11,72,72,1,1
00051football,17,11,73,73,1,1
00051football,17,11,74,74,1,1
00051football,17,11,75,75,1,1
00051football,17,11,76,76,1,1
00051football,17,11,77,77,1,1
00051football,17,11,78,78,1,1
00051football,17,11,79,79,1,1
00051football,17,11,80,80,1,1
00051football,17,11,81,81,1,1
00051football,17,11,82,82,1,1
00051football,17,11,83,83,1,1
00051football,17,11,84,84,1,1
00051football,17,11,85,85,1,1
00051football,17,11,86,86,1,1
00051football,17,11,87,87,1,1
00051football,17,11,88,88,1,1
00051football,17,11,89,89,1,1
00051football,17,11,90,90,1,1
00051football,17,11,91,91,1,1
00051football,17,11,92,92,1,1
00051football,17,11,93,93,1,1
00051football,17,11,94,94,1,1
00051football,17,11,95,95,1,1
00051football,17,11,96,96,1,1
00051football,17,11,97,97,1,1
00051football,17,11,98,98,1,1
00051football,17,11,99,99,1,1
00051football,17,11,100,100,1,1
00051football,17,11,101,101,1,1
00051football,17,11,102,102,1,1
00051football,17,11,103,103,1,1
00051football,17,11,104,104,1,1
00051football,17,11,105,105,1,1
00051football,17,11,106,106,1,1
00051football,17,11,108,108,1,1
00051football,17,11,109,109,1,1
00051football,17,11,110,110,1,1
00051football,17,11,111,111,1,1
00051football,17,11,112,112,1,1
00051football,17,11,113,113,1,1
00051football,17,11,114,114,1,1
00051football,17,11,115,115,1,1
00051football,17,11,116,116,1,1
00051football,17,11,117,117,1,1
00051football,17,11,118,118,1,1
00051football,17,11,119,119,1,1
00051football,17,11,120,120,1,1
00051football,17,11,121,121,1,1
00051football,17,11,122,122,1,1
00051football,17,11,123,123,1,1
00051football,17,11,124,124,1,1
00051football,17,11,125,125,1,1
00051football,17,11,126,126,1,1
00051football,17,11,127,127,1,1
00051football,17,11,128,128,1,1
00051football,17,11,129,129,1,1
00051football,17,11,130,130,1,1
00051football,17,11,131,131,1,1
00051football,17,11,132,132,1,1
00051football,17,11,133,133,1,1
00051football,17,11,134,134,1,1
00051football,17,11,135,135,1,1
00051football,17,11,136,136,1,1
00051football,17,11,137,137,1,1
00051football,17,11,138,138,1,1
00051football,17,11,139,139,1,1
00051football,17,11,140,140,1,1
00051football,17,11,141,141,1,1
00051football,17,11,142,142,1,1
00051football,17,11,143,143,1,1
00051football,17,11,144,144,1,1
00051football,17,11,145,145,1,1
00051football,17,11,206,206,1,1
00051football,17,11,392,392,1,1
00051football,17,11,428,428,1,1
00051football,17,11,429,429,1,1
00051football,17,11,431,431,1,1
00051football,17,11,454,454,1,1
00051football,17,11,637,637,1,1
00051football,18,13,6,6,1,1
00051football,18,13,74,74,1,1
00051football,18,13,84,84,1,1
00051football,18,13,240,240,1,1
00051football,19,6,1,1,1,1
00051football,19,6,2,2,1,1
00051football,19,6,3,3,1,1
00051football,19,6,4,4,1,1
00051football,19,6,5,5,1,1
00051football,19,6,6,6,1,1
00051football,19,6,7,7,1,1
00051football,19,6,8,8,1,1
00051football,19,6,9,9,1,1
00051football,19,6,10,10,1,1
00051football,19,6,11,11,1,1
00051football,19,6,12,12,1,1
00051football,19,6,13,13,1,1
00051football,19,6,14,14,1,1
00051football,19,6,15,15,1,1
00051football,19,6,16,16,1,1
00051football,19,6,17,17,1,1
00051football,19,6,18,18,1,1
00051football,19,6,19,19,1,1
00051football,19,6,20,20,1,1
00051football,19,6,21,21,1,1
00051football,19,6,22,22,1,1
00051football,19,6,23,23,1,1
00051football,19,6,24,24,1,1
00051football,19,6,25,25,1,1
00051football,19,6,26,26,1,1
00051football,19,6,27,27,1,1
00051football,19,6,28,28,1,1
00051football,19,6,29,29,1,1
00051football,19,6,30,30,1,1
00051football,19,6,31,31,1,1
00051football,19,6,32,32,1,1
00051football,19,6,33,33,1,1
00051football,19,6,34,34,1,1
00051football,19,6,35,35,1,1
00051football,19,6,36,36,1,1
00051football,19,6,37,37,1,1
00051football,19,6,38,38,1,1
00051football,19,6,39,39,1,1
00051football,19,6,40,40,1,1
00051football,19,6,41,41,1,1
00051football,19,6,42,42,1,1
00051football,19,6,43,43,1,1
00051football,19,6,44,44,1,1
00051football,19,6,45,45,1,1
00051football,19,6,46,46,1,1
00051football,19,6,47,47,1,1
00051football,19,6,48,48,1,1
00051football,19,6,49,49,1,1
00051football,19,6,50,50,1,1
00051football,19,6,51,51,1,1
00051football,19,6,52,52,1,1
00051football,19,6,53,53,1,1
00051football,19,6,54,54,1,1
00051football,19,6,55,55,1,1
00051football,19,6,56,56,1,1
00051football,19,6,57,57,1,1
00051football,19,6,58,58,1,1
00051football,19,6,59,59,1,1
00051football,19,6,60,60,1,1
00051football,19,6,61,61,1,1
00051football,19,6,62,62,1,1
00051football,19,6,63,63,1,1
00051football,19,6,64,64,1,1
00051football,19,6,65,65,1,1
00051football,19,6,66,66,1,1
00051football,19,6,67,67,1,1
00051football,19,6,68,68,1,1
00051football,19,6,69,69,1,1
00051football,19,6,70,70,1,1
00051football,19,6,71,71,1,1
00051football,19,6,72,72,1,1
00051football,19,6,73,73,1,1
00051football,19,6,74,74,1,1
00051football,19,6,75,75,1,1
00051football,19,6,76,76,1,1
00051football,19,6,77,77,1,1
00051football,19,6,79,79,1,1
00051football,19,6,80,80,1,1
00051football,19,6,81,81,1,1
00051football,19,6,82,82,1,1
00051football,19,6,83,83,1,1
00051football,19,6,84,84,1,1
00051football,19,6,85,85,1,1
00051football,19,6,86,86,1,1
00051football,19,6,87,87,1,1
00051football,19,6,88,88,1,1
00051football,19,6,89,89,1,1
00051football,19,6,91,91,1,1
00051football,19,6,97,97,1,1
00051football,19,6,473,993,4,2
00051football,20,31,228,228,1,1
00051football,22,27,1,1,1,1
00051football,22,27,2,2,1,1
00051football,22,27,3,3,1,1
00051football,22,27,4,4,1,1
00051football,22,27,5,5,1,1
00051football,22,27,6,6,1,1
00051football,22,27,327,327,1,1
00051football,24,5,1,1,1,1
00051football,24,5,2,2,1,1
00051football,24,5,3,3,1,1
00051football,24,5,4,4,1,1
00051football,24,5,5,5,1,1
00051football,24,5,6,6,1,1
00051football,24,5,7,7,1,1
00051football,24,5,8,8,1,1
00051football,24,5,9,9,1,1
00051football,24,5,10,10,1,1
00051football,24,5,11,11,1,1
00051football,24,5,12,12,1,1
00051football,24,5,13,13,1,1
00051football,24,5,14,14,1,1
00051football,24,5,15,15,1,1
00051football,24,5,16,16,1,1
00051football,24,5,17,17,1,1
00051football,24,5,18,18,1,1
00051football,24,5,19,19,1,1
00051football,24,5,20,20,1,1
00051football,24,5,21,21,1,1
00051football,24,5,22,22,1,1
00051football,24,5,23,23,1,1
00051football,24,5,24,24,1,1
00051football,24,5,25,25,1,1
00051football,24,5,26,26,1,1
00051football,24,5,27,27,1,1
00051football,24,5,28,28,1,1
00051football,24,5,29,29,1,1
00051football,24,5,30,30,1,1
00051football,24,5,31,31,1,1
00051football,24,5,32,32,1,1
00051football,24,5,33,33,1,1
00051football,24,5,34,34,1,1
00051football,24,5,35,35,1,1
00051football,24,5,36,36,1,1
00051football,24,5,37,37,1,1
00051football,24,5,38,38,1,1
00051football,24,5,39,39,1,1
00051football,24,5,40,40,1,1
00051football,24,5,41,41,1,1
00051football,24,5,42,42,1,1
00051football,24,5,43,43,1,1
00051football,24,5,44,44,1,1
00051football,24,5,45,45,1,1
00051football,24,5,46,46,1,1
00051football,24,5,47,47,1,1
00051football,24,5,48,48,1,1
00051football,24,5,49,49,1,1
00051football,24,5,50,50,1,1
00051football,24,5,51,51,1,1
00051football,24,5,52,52,1,1
00051football,24,5,53,53,1,1
00051football,24,5,54,54,1,1
00051football,24,5,55,55,1,1
00051football,24,5,56,56,1,1
00051football,24,5,57,57,1,1
00051football,24,5,58,58,1,1
00051football,24,5,59,59,1,1
00051football,24,5,60,60,1,1
00051football,24,5,61,61,1,1
00051football,24,5,62,62,1,1
00051football,24,5,63,63,1,1
00051football,24,5,64,64,1,1
00051football,24,5,65,65,1,1
00051football,24,5,66,66,1,1
00051football,24,5,67,67,1,1
00051football,24,5,68,68,1,1
00051football,24,5,69,69,1,1
00051football,24,5,70,70,1,1
00051football,24,5,71,71,1,1
00051football,24,5,72,72,1,1
00051football,24,5,73,73,1,1
00051football,24,5,74,74,1,1
00051football,24,5,75,75,1,1
00051football,24,5,76,76,1,1
00051football,24,5,77,77,1,1
00051football,24,5,78,78,1,1
00051football,24,5,79,79,1,1
00051football,24,5,80,80,1,1
00051football,24,5,81,81,1,1
00051football,24,5,82,82,1,1
00051football,24,5,83,83,1,1
00051football,24,5,84,84,1,1
00051football,24,5,85,85,1,1
00051football,24,5,86,86,1,1
00051football,24,5,87,87,1,1
00051football,24,5,88,88,1,1
00051football,24,5,89,89,1,1
00051football,24,5,90,90,1,1
00051football,24,5,91,91,1,1
00051football,24,5,92,92,1,1
00051football,24,5,93,93,1,1
00051football,24,5,94,94,1,1
00051football,24,5,95,95,1,1
00051football,24,5,96,96,1,1
00051football,24,5,97,97,1,1
00051football,24,5,98,98,1,1
00051football,24,5,99,99,1,1
00051football,24,5,100,100,1,1
00051football,24,5,101,101,1,1
00051football,24,5,102,102,1,1
00051football,24,5,103,103,1,1
00051football,24,5,104,104,1,1
00051football,24,5,105,105,1,1
00051football,24,5,106,106,1,1
00051football,24,5,108,108,1,1
00051football,24,5,109,109,1,1
00051football,24,5,110,110,1,1
00051football,24,5,111,111,1,1
00051football,24,5,112,112,1,1
00051football,24,5,113,113,1,1
00051football,24,5,114,114,1,1
00051football,24,5,115,115,1,1
00051football,24,5,116,116,1,1
00051football,24,5,117,117,1,1
00051football,24,5,118,118,1,1
00051football,24,5,119,119,1,1
00051football,24,5,120,120,1,1
00051football,24,5,121,121,1,1
00051football,24,5,122,122,1,1
00051football,24,5,123,123,1,1
00051football,24,5,124,124,1,1
00051football,24,5,125,125,1,1
00051football,24,5,126,126,1,1
00051football,24,5,127,127,1,1
00051football,24,5,128,128,1,1
00051football,24,5,129,129,1,1
00051football,24,5,130,130,1,1
00051football,24,5,131,131,1,1
00051football,24,5,132,132,1,1
00051football,24,5,133,133,1,1
00051football,24,5,134,134,1,1
00051football,24,5,135,135,1,1
00051football,24,5,136,136,1,1
00051football,24,5,137,137,1,1
00051football,24,5,138,138,1,1
00051football,24,5,139,139,1,1
00051football,24,5,140,140,1,1
00051football,24,5,141,141,1,1
00051football,24,5,142,142,1,1
00051football,24,5,143,143,1,1
00051football,24,5,144,144,1,1
00051football,24,5,145,145,1,1
00051football,24,5,784,784,1,1
00051football,24,5,785,785,1,1
00051football,24,5,786,786,1,1
00051football,24,5,787,787,1,1
00051football,24,5,789,789,1,1
00051football,24,5,790,790,1,1
00051football,24,5,796,796,1,1
00051football,24,5,797,797,1,1
00051football,24,5,799,799,1,1
00051football,24,5,800,800,1,1
00051football,24,5,801,801,1,1
00051football,25,20,186,186,1,1
00051football,25,20,369,369,1,1
00051football,25,20,693,693,1,1
00051football,25,20,696,696,1,1
00051football,25,20,700,700,1,1
00051football,25,20,703,703,1,1
00051football,25,20,705,705,1,1
00051football,25,20,706,706,1,1
00051football,25,20,707,707,1,1
00051football,25,20,710,710,1,1
00051football,25,20,711,711,1,1
00051football,25,20,712,712,1,1
00051football,25,20,713,713,1,1
00051football,25,20,715,715,1,1
00051football,25,20,716,716,1,1
00051football,25,20,717,717,1,1
00051football,25,20,718,718,1,1
00051football,25,20,719,719,1,1
00051football,25,20,720,720,1,1
00051football,25,20,910,910,1,1
00051football,25,20,911,911,1,1
00051football,25,20,912,912,1,1
00051football,25,20,913,913,1,1
00051football,25,20,915,915,1,1
00051football,25,20,919,919,1,1
00051football,25,20,920,920,1,1
00051football,25,20,922,922,1,1
00051football,25,20,923,923,1,1
00051football,26,32,1,1,1,1
00051football,26,32,2,2,1,1
00051football,26,32,3,3,1,1
00051football,26,32,4,4,1,1
00051football,26,32,5,5,1,1
00051football,26,32,6,6,1,1
00051football,26,32,7,7,1,1
00051football,26,32,8,8,1,1
00051football,26,32,9,9,1,1
00051football,26,32,10,10,1,1
00051football,26,32,11,11,1,1
00051football,26,32,12,12,1,1
00051football,26,32,13,13,1,1
00051football,26,32,14,14,1,1
00051football,26,32,15,15,1,1
00051football,26,32,16,16,1,1
00051football,26,32,17,17,1,1
00051football,26,32,18,18,1,1
00051football,26,32,19,19,1,1
00051football,26,32,20,20,1,1
00051football,26,32,21,21,1,1
00051football,26,32,22,22,1,1
00051football,26,32,23,23,1,1
00051football,26,32,24,24,1,1
00051football,26,32,25,25,1,1
00051football,26,32,26,26,1,1
00051football,26,32,27,27,1,1
00051football,26,32,28,28,1,1
00051football,26,32,29,29,1,1
00051football,26,32,30,30,1,1
00051football,26,32,31,31,1,1
00051football,26,32,32,32,1,1
00051football,26,32,33,33,1,1
00051football,26,32,34,34,1,1
00051football,26,32,35,35,1,1
00051football,26,32,36,36,1,1
00051football,26,32,37,37,1,1
00051football,26,32,38,38,1,1
00051football,26,32,39,39,1,1
00051football,26,32,40,40,1,1
00051football,26,32,41,41,1,1
00051football,26,32,42,42,1,1
00051football,26,32,43,43,1,1
00051football,26,32,44,44,1,1
00051football,26,32,45,45,1,1
00051football,26,32,46,46,1,1
00051football,26,32,47,47,1,1
00051football,26,32,48,48,1,1
00051football,26,32,49,49,1,1
00051football,26,32,50,50,1,1
00051football,26,32,51,51,1,1
00051football,26,32,52,52,1,1
00051football,26,32,53,53,1,1
00051football,26,32,54,54,1,1
00051football,26,32,55,55,1,1
00051football,26,32,56,56,1,1
00051football,26,32,57,57,1,1
00051football,26,32,58,58,1,1
00051football,26,32,59,59,1,1
00051football,26,32,60,60,1,1
00051football,26,32,61,61,1,1
00051football,26,32,62,62,1,1
00051football,26,32,63,63,1,1
00051football,26,32,64,64,1,1
00051football,26,32,65,65,1,1
00051football,26,32,66,66,1,1
00051football,26,32,67,67,1,1
00051football,26,32,68,68,1,1
00051football,26,32,69,69,1,1
00051football,26,32,70,70,1,1
00051football,26,32,71,71,1,1
00051football,26,32,72,72,1,1
00051football,26,32,73,73,1,1
00051football,26,32,74,74,1,1
00051football,26,32,75,75,1,1
00051football,26,32,76,76,1,1
00051football,26,32,77,77,1,1
00051football,26,32,78,78,1,1
00051football,26,32,79,79,1,1
00051football,26,32,80,80,1,1
00051football,26,32,81,81,1,1
00051football,26,32,82,82,1,1
00051football,26,32,83,83,1,1
00051football,26,32,84,84,1,1
00051football,26,32,85,85,1,1
00051football,26,32,86,86,1,1
00051football,26,32,87,87,1,1
00051football,26,32,88,88,1,1
00051football,26,32,89,89,1,1
00051football,26,32,90,90,1,1
00051football,26,32,91,91,1,1
00051football,26,32,92,92,1,1
00051football,26,32,93,93,1,1
00051football,26,32,94,94,1,1
00051football,26,32,95,95,1,1
00051football,26,32,96,96,1,1
00051football,26,32,97,97,1,1
00051football,26,32,98,98,1,1
00051football,26,32,99,99,1,1
00051football,26,32,100,100,1,1
00051football,26,32,101,101,1,1
00051football,26,32,102,102,1,1
00051football,26,32,103,103,1,1
00051football,26,32,104,104,1,1
00051football,26,32,105,105,1,1
00051football,26,32,106,106,1,1
00051football,26,32,107,107,1,1
00051football,26,32,108,108,1,1
00051football,26,32,109,109,1,1
00051football,26,32,110,110,1,1
00051football,26,32,111,111,1,1
00051football,26,32,112,112,1,1
00051football,26,32,113,113,1,1
00051football,26,32,114,114,1,1
00051football,26,32,115,115,1,1
00051football,26,32,116,116,1,1
00051football,26,32,117,117,1,1
00051football,26,32,118,118,1,1
00051football,26,32,119,119,1,1
00051football,26,32,120,120,1,1
00051football,26,32,121,121,1,1
00051football,26,32,122,122,1,1
00051football,26,32,123,123,1,1
00051football,26,32,124,124,1,1
00051football,26,32,125,125,1,1
00051football,26,32,126,126,1,1
00051football,26,32,127,127,1,1
00051football,26,32,128,128,1,1
00051football,26,32,129,129,1,1
00051football,26,32,130,130,1,1
00051football,26,32,131,131,1,1
00051football,26,32,132,132,1,1
00051football,26,32,133,133,1,1
00051football,26,32,134,134,1,1
00051football,26,32,135,135,1,1
00051football,26,32,136,136,1,1
00051football,26,32,137,137,1,1
00051football,26,32,138,138,1,1
00051football,26,32,139,139,1,1
00051football,26,32,140,140,1,1
00051football,26,32,141,141,1,1
00051football,26,32,142,142,1,1
00051football,26,32,143,143,1,1
00051football,26,32,144,144,1,1
00051football,26,32,145,145,1,1
00051football,26,32,146,146,1,1
00051football,26,32,147,147,1,1
00051football,26,32,148,148,1,1
00051football,26,32,149,149,1,1
00051football,26,32,150,150,1,1
00051football,26,32,151,151,1,1
00051football,26,32,152,152,1,1
00051football,26,32,153,153,1,1
00051football,26,32,154,154,1,1
00051football,26,32,155,155,1,1
00051football,26,32,156,156,1,1
00051football,26,32,157,157,1,1
00051football,26,32,158,158,1,1
00051football,26,32,159,159,1,1
00051football,26,32,160,160,1,1
00051football,26,32,161,161,1,1
00051football,26,32,162,162,1,1
00051football,26,32,163,163,1,1
00051football,26,32,164,164,1,1
00051football,26,32,165,165,1,1
00051football,26,32,166,166,1,1
00051football,26,32,167,167,1,1
00051football,26,32,168,168,1,1
00051football,26,32,169,169,1,1
00051football,26,32,170,170,1,1
00051football,26,32,171,171,1,1
00051football,26,32,172,172,1,1
00051football,26,32,173,173,1,1
00051football,26,32,174,174,1,1
00051football,26,32,175,175,1,1
00051football,26,32,176,176,1,1
00051football,26,32,177,177,1,1
00051football,26,32,178,178,1,1
00051football,26,32,179,179,1,1
00051football,26,32,180,180,1,1
00051football,26,32,181,181,1,1
00051football,26,32,182,182,1,1
00051football,26,32,183,183,1,1
00051football,26,32,184,184,1,1
00051football,26,32,188,188,1,1
00051football,26,32,189,189,1,1
00051football,26,32,190,190,1,1
00051football,26,32,191,191,1,1
00051football,26,32,192,192,1,1
00051football,26,32,193,193,1,1
00051football,26,32,194,194,1,1
00051football,26,32,195,195,1,1
00051football,26,32,196,196,1,1
00051football,26,32,197,197,1,1
00051football,26,32,198,198,1,1
00051football,26,32,199,199,1,1
00051football,26,32,200,200,1,1
00051football,26,32,201,201,1,1
00051football,26,32,202,202,1,1
00051football,26,32,203,203,1,1
00051football,26,32,204,204,1,1
00051football,26,32,206,206,1,1
00051football,26,32,217,217,1,1
00051football,26,32,219,219,1,1
00051football,26,32,220,220,1,1
00051football,26,32,221,221,1,1
00051football,26,32,222,222,1,1
00051football,26,32,223,223,1,1
00051football,26,32,224,224,1,1
00051football,26,32,225,225,1,1
00051football,26,32,226,226,1,1
00051football,26,32,227,227,1,1
00051football,26,32,228,228,1,1
00051football,26,32,229,229,1,1
00051football,26,32,230,230,1,1
00051football,26,32,231,231,1,1
00051football,26,32,232,232,1,1
00051football,26,32,233,233,1,1
00051football,26,32,234,234,1,1
00051football,26,32,235,235,1,1
00051football,26,32,236,236,1,1
00051football,26,32,237,237,1,1
00051football,26,32,238,238,1,1
00051football,26,32,239,239,1,1
00051football,26,32,240,240,1,1
00051football,26,32,241,241,1,1
00051football,26,32,242,242,1,1
00051football,26,32,243,243,1,1
00051football,26,32,244,244,1,1
00051football,26,32,245,245,1,1
00051football,26,32,246,246,1,1
00051football,26,32,247,247,1,1
00051football,26,32,248,248,1,1
00051football,26,32,249,249,1,1
00051football,26,32,250,250,1,1
00051football,26,32,251,251,1,1
00051football,26,32,252,252,1,1
00051football,26,32,253,253,1,1
00051football,26,32,254,254,1,1
00051football,26,32,255,255,1,1
00051football,26,32,256,256,1,1
00051football,26,32,257,257,1,1
00051football,26,32,258,258,1,1
00051football,26,32,259,259,1,1
00051football,26,32,260,260,1,1
00051football,26,32,261,261,1,1
00051football,26,32,262,262,1,1
00051football,26,32,263,263,1,1
00051football,26,32,264,264,1,1
00051football,26,32,265,265,1,1
00051football,26,32,266,266,1,1
00051football,26,32,267,267,1,1
00051football,26,32,268,268,1,1
00051football,26,32,275,275,1,1
00051football,26,32,280,280,1,1
00051football,26,32,781,781,1,1
00051football,26,32,870,870,1,1
00051football,26,32,879,879,1,1
00051football,26,32,880,880,1,1
00051football,27,22,329,330,2,2
00051football,27,22,331,331,1,1
00051football,27,22,332,332,1,1
00051football,27,22,333,333,1,1
00051football,27,22,334,335,2,2
00051football,27,22,336,336,1,1
00051football,27,22,337,337,1,1
00051football,27,22,344,344,1,1
00051football,27,22,351,351,1,1
00051football,27,22,397,397,1,1
00051football,27,22,407,407,1,1
00051football,27,22,419,419,1,1
00051football,27,22,440,440,1,1
00051football,27,22,485,485,1,1
00051football,27,22,486,486,1,1
00051football,28,17,918,918,1,1
00051football,28,17,935,935,1,1
00051football,28,17,936,936,1,1
00051football,28,17,937,937,1,1
00051football,28,17,938,938,1,1
00051football,28,17,939,939,1,1
00051football,28,17,940,940,1,1
00051football,28,17,953,953,1,1
00051football,28,17,968,968,1,1
00051football,28,17,969,969,1,1
00051football,28,17,971,971,1,1
00051football,28,17,972,972,1,1
00051football,28,17,984,984,1,1
00051football,28,17,985,985,1,1
00051football,28,17,1000,1000,1,1
00051football,28,17,1002,1002,1,1
00051football,28,17,1021,1021,1,1
00051football,28,17,1030,1030,1,1
00051football,28,17,1031,1031,1,1
00051football,28,17,1032,1032,1,1
00051football,28,17,1033,1033,1,1
00051football,28,17,1034,1034,1,1
00051football,29,21,297,297,1,1
00051football,29,21,369,369,1,1
00051football,29,21,396,396,1,1
00051football,29,21,399,399,1,1
00051football,29,21,401,401,1,1
00051football,29,21,402,402,1,1
00051football,29,21,403,403,1,1
00051football,29,21,404,404,1,1
00051football,29,21,419,419,1,1
00051football,29,21,428,428,1,1
00051football,29,21,705,705,1,1
00051football,30,18,560,560,1,1
00051football,31,42,195,195,1,1
00051football,31,42,197,197,1,1
00051football,31,42,324,324,1,1
00051football,31,42,326,327,2,1
00051football,31,42,421,421,1,1
00051football,31,42,530,542,7,1
00051football,32,23,464,464,1,1
00051football,32,23,465,465,1,1
00051football,32,23,466,466,1,1
00051football,32,23,538,538,1,1
00051football,32,23,539,539,1,1
00051football,32,23,543,543,1,1
00051football,32,23,548,548,1,1
00051football,32,23,549,549,1,1
00051football,32,23,553,553,1,1
00051football,33,29,76,76,1,1
00051football,33,29,78,79,2,1
00051football,33,29,80,83,4,1
00051football,35,14,4,4,1,1
00051football,35,14,8,8,1,1
00051football,35,14,9,9,1,1
00051football,35,14,15,15,1,1
00051football,35,14,471,471,1,1
00051football,35,14,472,472,1,1
00051football,35,14,922,922,1,1
00051football,36,24,8,8,1,1
00051football,36,24,9,13,5,1
00051football,36,24,14,14,1,1
00051football,36,24,15,15,1,1
00051football,36,24,16,16,1,1
00051football,36,24,19,19,1,1
00051football,36,24,22,22,1,1
00051football,36,24,39,41,3,1
00051football,36,24,74,74,1,1
00051football,36,24,75,76,2,1
00051football,36,24,78,78,1,1
00051football,36,24,79,79,1,1
00051football,36,24,80,80,1,1
00051football,36,24,81,81,1,1
00051football,36,24,82,82,1,1
00051football,36,24,83,83,1,1
00051football,36,24,97,97,1,1
00051football,36,24,158,158,1,1
00051football,36,24,159,159,1,1
00051football,36,24,166,166,1,1
00051football,36,24,167,167,1,1
00051football,36,24,168,168,1,1
00051football,36,24,169,169,1,1
00051football,36,24,170,170,1,1
00051football,36,24,171,171,1,1
00051football,36,24,172,172,1,1
00051football,36,24,173,173,1,1
00051football,36,24,174,174,1,1
00051football,36,24,175,175,1,1
00051football,36,24,176,176,1,1
00051football,36,24,177,177,1,1
00051football,36,24,178,178,1,1
00051football,36,24,179,179,1,1
00051football,36,24,180,180,1,1
00051football,36,24,181,181,1,1
00051football,36,24,182,182,1,1
00051football,36,24,183,183,1,1
00051football,36,24,184,184,1,1
00051football,36,24,185,185,1,1
00051football,36,24,186,186,1,1
00051football,36,24,187,187,1,1
00051football,36,24,188,188,1,1
00051football,36,24,189,189,1,1
00051football,36,24,190,190,1,1
00051football,36,24,191,191,1,1
00051football,36,24,192,192,1,1
00051football,36,24,193,193,1,1
00051football,36,24,194,194,1,1
00051football,36,24,195,195,1,1
00051football,36,24,196,196,1,1
00051football,36,24,197,197,1,1
00051football,36,24,198,198,1,1
00051football,36,24,199,199,1,1
00051football,36,24,200,200,1,1
00051football,36,24,201,201,1,1
00051football,36,24,202,202,1,1
00051football,36,24,203,203,1,1
00051football,36,24,204,204,1,1
00051football,36,24,205,205,1,1
00051football,36,24,206,206,1,1
00051football,36,24,207,207,1,1
00051football,36,24,208,208,1,1
00051football,36,24,209,209,1,1
00051football,36,24,210,210,1,1
00051football,36,24,211,211,1,1
00051football,36,24,212,212,1,1
00051football,36,24,213,213,1,1
00051football,36,24,214,214,1,1
00051football,36,24,215,215,1,1
00051football,36,24,216,216,1,1
00051football,36,24,217,217,1,1
00051football,36,24,218,218,1,1
00051football,36,24,219,219,1,1
00051football,36,24,220,220,1,1
00051football,36,24,221,221,1,1
00051football,36,24,222,222,1,1
00051football,36,24,223,223,1,1
00051football,36,24,224,224,1,1
00051football,36,24,225,225,1,1
00051football,36,24,226,226,1,1
00051football,36,24,227,227,1,1
00051football,36,24,228,228,1,1
00051football,36,24,229,229,1,1
00051football,36,24,230,230,1,1
00051football,36,24,231,231,1,1
00051football,36,24,232,232,1,1
00051football,36,24,233,233,1,1
00051football,36,24,234,234,1,1
00051football,36,24,235,235,1,1
00051football,36,24,236,236,1,1
00051football,36,24,237,237,1,1
00051football,36,24,238,238,1,1
00051football,36,24,239,239,1,1
00051football,36,24,240,240,1,1
00051football,36,24,241,241,1,1
00051football,36,24,242,242,1,1
00051football,36,24,243,243,1,1
00051football,36,24,244,244,1,1
00051football,36,24,245,245,1,1
00051football,36,24,246,246,1,1
00051football,36,24,247,247,1,1
00051football,36,24,248,248,1,1
00051football,36,24,249,249,1,1
00051football,36,24,250,250,1,1
00051football,36,24,251,251,1,1
00051football,36,24,252,252,1,1
00051football,36,24,253,253,1,1
00051football,36,24,254,254,1,1
00051football,36,24,255,255,1,1
00051football,36,24,256,256,1,1
00051football,36,24,257,257,1,1
00051football,36,24,258,258,1,1
00051football,36,24,259,259,1,1
00051football,36,24,260,260,1,1
00051football,36,24,261,261,1,1
00051football,36,24,262,262,1,1
00051football,36,24,263,263,1,1
00051football,36,24,264,264,1,1
00051football,36,24,876,876,1,1
00051football,36,24,893,893,1,1
00051football,37,65,1,482,402,1
00051football,37,65,619,621,3,1
00051football,37,65,623,623,1,1
00051football,37,65,630,630,1,1
00051football,37,65,927,927,1,1
00051football,39,28,439,439,1,1
00051football,39,28,442,442,1,1
00051football,39,28,444,446,3,1
00051football,39,28,448,457,10,1
00051football,39,28,467,496,30,1
00051football,39,28,499,574,76,1
00051football,39,28,578,578,1,1
00051football,39,28,580,582,3,1
00051football,39,28,586,800,214,1
00051football,39,28,815,859,44,1
00051football,39,28,861,861,1,1
00051football,39,28,863,863,1,1
00051football,39,28,866,874,9,1
00051football,39,28,883,887,5,1
00051football,39,28,897,898,2,1
00051football,39,28,900,900,1,1
00051football,39,28,912,929,16,1
00051football,39,28,944,953,7,1
00051football,39,28,980,982,3,1
00051football,39,28,984,984,1,1
00051football,39,28,987,988,2,1
00051football,39,28,991,992,2,1
00051football,39,28,996,1000,5,1
00051football,39,28,1003,1003,1,1
00051football,39,28,1014,1021,8,1
00051football,39,28,1024,1024,1,1
00051football,39,28,1026,1027,2,1
00051football,40,30,345,345,1,1
00051football,41,33,496,496,1,1
00051football,41,33,902,903,2,1
00051football,41,33,907,907,1,1
00051football,42,15,16,16,1,1
00051football,42,15,471,471,1,1
00051football,42,15,472,472,1,1
00051football,42,15,473,473,1,1
00051football,42,15,746,746,1,1
00051football,42,15,747,747,1,1
00051football,42,15,748,748,1,1
00051football,42,15,750,750,1,1
00051football,42,15,752,752,1,1
00051football,42,15,884,884,1,1
00051football,44,56,26,26,1,1
00051football,44,56,35,35,1,1
00051football,44,56,37,38,2,1
00051football,44,56,51,51,1,1
00051football,44,56,85,86,2,1
00051football,44,56,101,159,24,1
00051football,45,3,3,383,638,2
00051football,45,3,384,385,3,2
00051football,45,3,386,386,1,1
00051football,45,3,387,387,1,1
00051football,45,3,388,394,13,2
00051football,45,3,395,397,5,2
00051football,45,3,398,399,3,2
00051football,45,3,400,402,5,2
00051football,45,3,403,403,1,1
00051football,45,3,404,404,1,1
00051football,45,3,405,405,1,1
00051football,45,3,406,406,1,1
00051football,45,3,407,407,1,1
00051football,45,3,408,408,1,1
00051football,45,3,409,409,1,1
00051football,45,3,410,410,1,1
00051football,45,3,411,411,1,1
00051football,45,3,412,412,1,1
00051football,45,3,413,413,1,1
00051football,45,3,414,414,1,1
00051football,45,3,415,415,1,1
00051football,45,3,416,416,1,1
00051football,45,3,417,417,1,1
00051football,45,3,418,418,1,1
00051football,45,3,419,419,1,1
00051football,45,3,420,420,1,1
00051football,45,3,421,421,1,1
00051football,45,3,422,422,1,1
00051football,45,3,423,423,1,1
00051football,45,3,424,424,1,1
00051football,45,3,425,425,1,1
00051football,45,3,426,426,1,1
00051football,45,3,427,427,1,1
00051football,45,3,428,428,1,1
00051football,45,3,429,429,1,1
00051football,45,3,430,430,1,1
00051football,45,3,431,431,1,1
00051football,45,3,432,432,1,1
00051football,45,3,433,433,1,1
00051football,45,3,434,434,1,1
00051football,45,3,435,435,1,1
00051football,45,3,436,436,1,1
00051football,45,3,437,437,1,1
00051football,45,3,438,438,1,1
00051football,45,3,439,439,1,1
00051football,45,3,440,440,1,1
00051football,45,3,441,441,1,1
00051football,45,3,442,442,1,1
00051football,45,3,443,443,1,1
00051football,45,3,444,444,1,1
00051football,45,3,445,445,1,1
00051football,45,3,446,446,1,1
00051football,45,3,447,447,1,1
00051football,45,3,448,448,1,1
00051football,45,3,449,449,1,1
00051football,45,3,450,450,1,1
00051football,45,3,451,451,1,1
00051football,45,3,452,452,1,1
00051football,45,3,453,453,1,1
00051football,45,3,454,454,1,1
00051football,45,3,455,455,1,1
00051football,45,3,456,456,1,1
00051football,45,3,457,457,1,1
00051football,45,3,458,458,1,1
00051football,45,3,459,459,1,1
00051football,45,3,460,460,1,1
00051football,45,3,461,461,1,1
00051football,45,3,462,462,1,1
00051football,45,3,463,463,1,1
00051football,45,3,464,464,1,1
00051football,45,3,465,465,1,1
00051football,45,3,466,466,1,1
00051football,45,3,467,467,1,1
00051football,45,3,468,468,1,1
00051football,45,3,469,469,1,1
00051football,45,3,470,470,1,1
00051football,45,3,471,471,1,1
00051football,45,3,472,472,1,1
00051football,45,3,473,473,1,1
00051football,45,3,474,474,1,1
00051football,45,3,475,475,1,1
00051football,45,3,476,476,1,1
00051football,45,3,477,477,1,1
00051football,45,3,478,478,1,1
00051football,45,3,479,479,1,1
00051football,45,3,480,480,1,1
00051football,45,3,481,481,1,1
00051football,45,3,482,482,1,1
00051football,45,3,483,483,1,1
00051football,45,3,484,484,1,1
00051football,45,3,485,485,1,1
00051football,45,3,486,486,1,1
00051football,45,3,487,487,1,1
00051football,45,3,488,488,1,1
00051football,45,3,489,489,1,1
00051football,45,3,490,490,1,1
00051football,45,3,491,491,1,1
00051football,45,3,492,492,1,1
00051football,45,3,493,493,1,1
00051football,45,3,494,494,1,1
00051football,45,3,495,495,1,1
00051football,45,3,496,496,1,1
00051football,45,3,497,497,1,1
00051football,45,3,498,498,1,1
00051football,45,3,499,499,1,1
00051football,45,3,500,500,1,1
00051football,45,3,501,501,1,1
00051football,45,3,502,502,1,1
00051football,45,3,503,503,1,1
00051football,45,3,504,504,1,1
00051football,45,3,505,505,1,1
00051football,45,3,506,506,1,1
00051football,45,3,507,507,1,1
00051football,45,3,508,508,1,1
00051football,45,3,509,509,1,1
00051football,45,3,510,510,1,1
00051football,45,3,511,511,1,1
00051football,45,3,512,512,1,1
00051football,45,3,513,513,1,1
00051football,45,3,514,514,1,1
00051football,45,3,515,515,1,1
00051football,45,3,516,516,1,1
00051football,45,3,517,517,1,1
00051football,45,3,518,518,1,1
00051football,45,3,519,519,1,1
00051football,45,3,520,520,1,1
00051football,45,3,521,521,1,1
00051football,45,3,522,522,1,1
00051football,45,3,523,523,1,1
00051football,45,3,524,524,1,1
00051football,45,3,525,525,1,1
00051football,45,3,526,526,1,1
00051football,45,3,527,527,1,1
00051football,45,3,528,528,1,1
00051football,45,3,529,529,1,1
00051football,45,3,530,530,1,1
00051football,45,3,531,531,1,1
00051football,45,3,532,532,1,1
00051football,45,3,533,533,1,1
00051football,45,3,534,534,1,1
00051football,45,3,535,535,1,1
00051football,45,3,536,536,1,1
00051football,45,3,537,537,1,1
00051football,45,3,538,538,1,1
00051football,45,3,539,539,1,1
00051football,45,3,540,540,1,1
00051football,45,3,541,541,1,1
00051football,45,3,542,542,1,1
00051football,45,3,543,543,1,1
00051football,45,3,544,544,1,1
00051football,45,3,545,545,1,1
00051football,45,3,546,546,1,1
00051football,45,3,547,547,1,1
00051football,45,3,548,548,1,1
00051football,45,3,549,549,1,1
00051football,45,3,550,550,1,1
00051football,45,3,551,551,1,1
00051football,45,3,552,552,1,1
00051football,45,3,553,553,1,1
00051football,45,3,554,554,1,1
00051football,45,3,555,555,1,1
00051football,45,3,556,556,1,1
00051football,45,3,557,557,1,1
00051football,45,3,558,558,1,1
00051football,45,3,559,559,1,1
00051football,45,3,560,560,1,1
00051football,45,3,561,561,1,1
00051football,45,3,562,562,1,1
00051football,45,3,563,563,1,1
00051football,45,3,564,564,1,1
00051football,45,3,565,565,1,1
00051football,45,3,566,566,1,1
00051football,45,3,567,567,1,1
00051football,45,3,568,568,1,1
00051football,45,3,569,569,1,1
00051football,45,3,570,570,1,1
00051football,45,3,571,571,1,1
00051football,45,3,572,572,1,1
00051football,45,3,573,573,1,1
00051football,45,3,574,574,1,1
00051football,45,3,575,575,1,1
00051football,45,3,576,576,1,1
00051football,45,3,577,577,1,1
00051football,45,3,578,578,1,1
00051football,45,3,579,579,1,1
00051football,45,3,580,580,1,1
00051football,45,3,581,581,1,1
00051football,45,3,582,582,1,1
00051football,45,3,583,583,1,1
00051football,45,3,584,584,1,1
00051football,45,3,585,585,1,1
00051football,45,3,586,586,1,1
00051football,45,3,587,587,1,1
00051football,45,3,588,588,1,1
00051football,45,3,589,589,1,1
00051football,45,3,590,590,1,1
00051football,45,3,591,591,1,1
00051football,45,3,592,592,1,1
00051football,45,3,593,593,1,1
00051football,45,3,594,594,1,1
00051football,45,3,595,595,1,1
00051football,45,3,596,596,1,1
00051football,45,3,597,597,1,1
00051football,45,3,598,598,1,1
00051football,45,3,599,599,1,1
00051football,45,3,600,600,1,1
00051football,45,3,601,601,1,1
00051football,45,3,602,602,1,1
00051football,45,3,603,603,1,1
00051football,45,3,604,604,1,1
00051football,45,3,605,605,1,1
00051football,45,3,606,606,1,1
00051football,45,3,607,607,1,1
00051football,45,3,608,608,1,1
00051football,45,3,609,609,1,1
00051football,45,3,610,610,1,1
00051football,45,3,611,611,1,1
00051football,45,3,612,612,1,1
00051football,45,3,613,613,1,1
00051football,45,3,614,614,1,1
00051football,45,3,615,615,1,1
00051football,45,3,616,616,1,1
00051football,45,3,617,617,1,1
00051football,45,3,618,618,1,1
00051football,45,3,619,619,1,1
00051football,45,3,620,620,1,1
00051football,45,3,621,621,1,1
00051football,45,3,622,622,1,1
00051football,45,3,623,623,1,1
00051football,45,3,624,624,1,1
00051football,45,3,625,625,1,1
00051football,45,3,626,626,1,1
00051football,45,3,627,627,1,1
00051football,45,3,628,628,1,1
00051football,45,3,629,629,1,1
00051football,45,3,630,630,1,1
00051football,45,3,631,631,1,1
00051football,45,3,632,632,1,1
00051football,45,3,634,634,1,1
00051football,45,3,638,638,1,1
00051football,45,3,639,639,1,1
00051football,45,3,640,640,1,1
00051football,45,3,641,641,1,1
00051football,45,3,642,642,1,1
00051football,45,3,650,650,1,1
00051football,45,3,847,847,1,1
00051football,45,3,869,869,1,1
00051football,45,3,873,873,1,1
00051football,45,3,947,947,1,1
00051football,45,3,1003,1003,1,1
00051football,45,3,1005,1005,1,1
00051football,78,25,265,265,1,1
00051football,97,36,91,215,108,1
00051football,105,49,91,92,2,1
00051football,105,49,94,94,1,1
00051football,105,49,124,132,9,1
00051football,105,49,134,134,1,1
00051football,105,49,136,149,14,1
00051football,105,49,151,165,14,1
00051football,105,49,172,172,1,1
00051football,105,49,177,177,1,1
00051football,105,49,182,182,1,1
00051football,105,49,190,190,1,1
00051football,105,49,193,193,1,1
00051football,105,49,195,201,7,1
00051football,105,49,216,218,3,1
00051football,105,49,233,233,1,1
00051football,105,49,240,240,1,1
00051football,105,49,302,302,1,1
00051football,105,49,314,315,2,1
00051football,105,49,322,323,2,1
00051football,105,49,325,325,1,1
00051football,105,49,331,332,2,1
00051football,105,49,358,358,1,1
00051football,105,49,366,366,1,1
00051football,105,49,392,392,1,1
00051football,105,49,409,409,1,1
00051football,105,49,509,510,2,1
00051football,109,34,103,184,80,1
00051football,109,34,186,203,16,1
00051football,109,34,208,208,1,1
00051football,109,34,213,215,3,1
00051football,109,34,221,221,1,1
00051football,109,34,225,229,5,1
00051football,109,34,233,235,3,1
00051football,109,34,237,240,4,1
00051football,109,34,246,251,6,1
00051football,109,34,255,256,2,1
00051football,109,34,258,262,5,1
00051football,109,34,264,272,9,1
00051football,109,34,276,276,1,1
00051football,109,34,279,281,3,1
00051football,109,34,288,290,3,1
00051football,109,34,293,293,1,1
00051football,109,34,300,301,2,1
00051football,109,34,308,312,5,1
00051football,109,34,315,315,1,1
00051football,109,34,317,317,1,1
00051football,109,34,319,323,5,1
00051football,109,34,330,333,4,1
00051football,109,34,340,343,4,1
00051football,109,34,350,354,5,1
00051football,109,34,360,364,5,1
00051football,109,34,370,374,5,1
00051football,109,34,379,379,1,1
00051football,109,34,392,395,4,1
00051football,109,34,401,405,5,1
00051football,109,34,411,415,5,1
00051football,109,34,421,426,6,1
00051football,109,34,430,437,8,1
00051football,109,34,439,439,1,1
00051football,109,34,442,446,5,1
00051football,109,34,448,449,2,1
00051football,109,34,452,459,8,1
00051football,109,34,461,461,1,1
00051football,109,34,464,468,5,1
00051football,109,34,473,475,3,1
00051football,109,34,477,477,1,1
00051football,109,34,485,485,1,1
00051football,109,34,487,487,1,1
00051football,109,34,495,496,2,1
00051football,109,34,508,508,1,1
00051football,109,34,525,528,4,1
00051football,109,34,537,537,1,1
00051football,109,34,540,541,2,1
00051football,109,34,543,554,12,1
00051football,109,34,556,559,4,1
00051football,109,34,562,566,5,1
00051football,109,34,580,580,1,1
00051football,109,34,584,586,3,1
00051football,109,34,595,596,2,1
00051football,109,34,603,605,3,1
00051football,109,34,614,618,5,1
00051football,109,34,624,625,2,1
00051football,109,34,627,636,10,1
00051football,109,34,644,645,2,1
00051football,109,34,647,647,1,1
00051football,109,34,650,651,2,1
00051football,109,34,667,667,1,1
00051football,109,34,681,684,4,1
00051football,109,34,687,688,2,1
00051football,109,34,690,691,2,1
00051football,109,34,703,711,9,1
00051football,109,34,713,716,4,1
00051football,109,34,731,731,1,1
00051football,109,34,752,752,1,1
00051football,109,34,760,760,1,1
00051football,109,34,770,770,1,1
00051football,109,34,771,771,1,1
00051football,109,34,802,802,1,1
00051football,109,34,803,803,1,1
00051football,109,34,804,804,1,1
00051football,109,34,807,807,1,1
00051football,109,34,810,810,1,1
00051football,109,34,811,811,1,1
00051football,109,34,823,823,1,1
00051football,109,34,824,824,1,1
00051football,109,34,843,843,1,1
00051football,109,34,844,844,1,1
00051football,109,34,845,845,1,1
00051football,109,34,846,847,2,1
00051football,109,34,849,849,1,1
00051football,109,34,850,850,1,1
00051football,109,34,851,851,1,1
00051football,109,34,852,852,1,1
00051football,109,34,853,853,1,1
00051football,109,34,854,854,1,1
00051football,109,34,855,855,1,1
00051football,109,34,856,856,1,1
00051football,109,34,857,857,1,1
00051football,109,34,858,858,1,1
00051football,109,34,859,859,1,1
00051football,109,34,860,860,1,1
00051football,109,34,862,862,1,1
00051football,109,34,863,863,1,1
00051football,109,34,864,864,1,1
00051football,109,34,865,865,1,1
00051football,109,34,866,866,1,1
00051football,109,34,867,869,4,2
00051football,109,34,870,870,1,1
00051football,109,34,871,871,1,1
00051football,109,34,872,876,9,2
00051football,109,34,877,878,3,2
00051football,109,34,879,884,9,2
00051football,109,34,885,885,1,1
00051football,109,34,886,886,1,1
00051football,109,34,887,888,2,2
00051football,109,34,890,890,1,1
00051football,109,34,891,892,2,1
00051football,109,34,893,893,1,1
00051football,109,34,894,894,1,1
00051football,109,34,895,899,8,2
00051football,109,34,902,902,1,1
00051football,109,34,903,903,1,1
00051football,109,34,904,904,1,1
00051football,109,34,905,905,1,1
00051football,109,34,906,906,1,1
00051football,109,34,907,907,1,1
00051football,109,34,909,909,1,1
00051football,109,34,911,911,1,1
00051football,109,34,912,912,1,1
00051football,109,34,913,913,1,1
00051football,109,34,914,914,1,1
00051football,109,34,916,916,1,1
00051football,109,34,917,917,1,1
00051football,109,34,921,921,1,1
00051football,109,34,924,924,1,1
00051football,109,34,925,925,1,1
00051football,109,34,926,926,1,1
00051football,109,34,927,928,2,2
00051football,109,34,929,929,1,1
00051football,109,34,930,930,1,1
00051football,109,34,931,931,1,1
00051football,109,34,991,991,1,1
00051football,380,49,368,532,140,1
00051football,380,49,534,536,3,1
00051football,380,49,542,543,2,1
00051football,380,49,546,546,1,1
00051football,380,49,552,557,6,1
00051football,380,49,561,563,3,1
00051football,380,49,566,566,1,1
00051football,380,49,719,720,2,1
00051football,380,49,722,722,1,1
00051football,380,49,733,733,1,1
00051football,380,49,751,752,2,1
00051football,380,49,957,957,1,1
00051football,389,66,383,395,8,1
00051football,389,66,419,423,2,1
00051football,389,66,483,483,1,1
00051football,436,37,761,761,1,1
00051football,436,37,1028,1029,2,1
00051football,461,56,469,469,1,1
00051football,461,56,487,487,1,1
00051football,461,56,491,492,2,1
00051football,461,56,497,498,2,1
00051football,461,56,500,503,4,1
00051football,461,56,505,505,1,1
00051football,461,56,507,507,1,1
00051football,461,56,514,514,1,1
00051football,461,56,544,544,1,1
00051football,461,56,548,548,1,1
00051football,461,56,555,557,3,1
00051football,461,56,572,572,1,1
00051football,461,56,580,580,1,1
00051football,461,56,582,582,1,1
00051football,461,56,592,594,3,1
00051football,461,56,597,597,1,1
00051football,461,56,600,600,1,1
00051football,461,56,603,606,4,1
00051football,461,56,631,637,7,1
00051football,461,56,640,655,16,1
00051football,461,56,657,660,4,1
00051football,461,56,663,811,95,1
00051football,475,38,612,612,1,1
00051football,475,38,614,614,1,1
00051football,475,38,615,615,1,1
00051football,475,38,616,616,1,1
00051football,475,38,617,617,1,1
00051football,475,38,618,618,1,1
00051football,475,38,620,620,1,1
00051football,475,38,621,621,1,1
00051football,475,38,622,622,1,1
00051football,475,38,623,623,1,1
00051football,475,38,624,624,1,1
00051football,475,38,625,625,1,1
00051football,475,38,626,626,1,1
00051football,475,38,627,627,1,1
00051football,475,38,628,628,1,1
00051football,475,38,629,629,1,1
00051football,475,38,630,630,1,1
00051football,475,38,631,631,1,1
00051football,475,38,632,632,1,1
00051football,475,38,633,633,1,1
00051football,475,38,634,634,1,1
00051football,475,38,635,635,1,1
00051football,475,38,636,636,1,1
00051football,475,38,637,637,1,1
00051football,475,38,638,638,1,1
00051football,475,38,639,639,1,1
00051football,475,38,640,640,1,1
00051football,475,38,641,641,1,1
00051football,475,38,642,642,1,1
00051football,475,38,643,643,1,1
00051football,475,38,644,644,1,1
00051football,475,38,645,645,1,1
00051football,475,38,646,646,1,1
00051football,475,38,647,647,1,1
00051football,475,38,648,648,1,1
00051football,475,38,649,649,1,1
00051football,475,38,650,650,1,1
00051football,475,38,651,651,1,1
00051football,475,38,652,652,1,1
00051football,475,38,653,653,1,1
00051football,475,38,654,654,1,1
00051football,475,38,655,655,1,1
00051football,475,38,656,656,1,1
00051football,475,38,657,657,1,1
00051football,475,38,658,658,1,1
00051football,475,38,659,659,1,1
00051football,475,38,660,660,1,1
00051football,475,38,661,661,1,1
00051football,475,38,662,662,1,1
00051football,475,38,663,663,1,1
00051football,475,38,664,664,1,1
00051football,475,38,665,665,1,1
00051football,475,38,666,666,1,1
00051football,475,38,667,667,1,1
00051football,475,38,668,668,1,1
00051football,475,38,669,669,1,1
00051football,475,38,670,670,1,1
00051football,475,38,671,671,1,1
00051football,475,38,672,672,1,1
00051football,475,38,673,673,1,1
00051football,475,38,674,674,1,1
00051football,475,38,675,675,1,1
00051football,475,38,676,676,1,1
00051football,475,38,677,677,1,1
00051football,475,38,678,678,1,1
00051football,475,38,679,679,1,1
00051football,475,38,680,680,1,1
00051football,475,38,681,681,1,1
00051football,475,38,682,682,1,1
00051football,475,38,683,683,1,1
00051football,475,38,684,684,1,1
00051football,475,38,685,685,1,1
00051football,475,38,686,686,1,1
00051football,475,38,687,687,1,1
00051football,475,38,688,688,1,1
00051football,475,38,689,689,1,1
00051football,475,38,690,690,1,1
00051football,475,38,691,691,1,1
00051football,475,38,692,692,1,1
00051football,475,38,693,693,1,1
00051football,475,38,694,694,1,1
00051football,475,38,695,695,1,1
00051football,475,38,696,696,1,1
00051football,475,38,697,697,1,1
00051football,475,38,698,698,1,1
00051football,475,38,699,699,1,1
00051football,475,38,700,700,1,1
00051football,475,38,701,701,1,1
00051football,475,38,702,702,1,1
00051football,475,38,722,722,1,1
00051football,475,38,723,727,9,2
00051football,475,38,728,729,3,2
00051football,475,38,730,731,3,2
00051football,475,38,732,734,5,2
00051football,475,38,735,741,13,2
00051football,475,38,742,746,8,2
00051football,475,38,747,748,3,2
00051football,475,38,749,749,1,1
00051football,475,38,750,750,1,1
00051football,475,38,751,751,1,1
00051football,475,38,752,752,1,1
00051football,475,38,753,753,1,1
00051football,475,38,754,754,1,1
00051football,475,38,755,755,1,1
00051football,475,38,756,756,1,1
00051football,475,38,757,757,1,1
00051football,475,38,758,758,1,1
00051football,475,38,759,759,1,1
00051football,475,38,760,761,3,2
00051football,475,38,762,762,1,1
00051football,475,38,763,763,1,1
00051football,475,38,764,766,5,2
00051football,475,38,767,767,1,1
00051football,475,38,768,768,1,1
00051football,475,38,769,769,1,1
00051football,475,38,770,770,1,1
00051football,475,38,771,771,1,1
00051football,475,38,772,772,1,1
00051football,475,38,773,773,1,1
00051football,475,38,774,774,1,1
00051football,475,38,775,775,1,1
00051football,475,38,776,776,1,1
00051football,475,38,777,777,1,1
00051football,475,38,778,778,1,1
00051football,475,38,779,779,1,1
00051football,475,38,780,780,1,1
00051football,475,38,781,781,1,1
00051football,475,38,782,782,1,1
00051football,475,38,783,783,1,1
00051football,475,38,784,784,1,1
00051football,475,38,785,785,1,1
00051football,475,38,786,786,1,1
00051football,475,38,787,787,1,1
00051football,475,38,788,788,1,1
00051football,475,38,789,789,1,1
00051football,475,38,790,790,1,1
00051football,475,38,791,791,1,1
00051football,475,38,792,792,1,1
00051football,475,38,793,793,1,1
00051football,475,38,794,794,1,1
00051football,475,38,795,795,1,1
00051football,475,38,796,796,1,1
00051football,475,38,797,797,1,1
00051football,475,38,798,798,1,1
00051football,475,38,799,799,1,1
00051football,475,38,800,800,1,1
00051football,475,38,801,801,1,1
00051football,475,38,802,802,1,1
00051football,475,38,803,803,1,1
00051football,475,38,804,804,1,1
00051football,475,38,805,805,1,1
00051football,475,38,806,806,1,1
00051football,475,38,807,807,1,1
00051football,475,38,808,808,1,1
00051football,475,38,809,809,1,1
00051football,475,38,810,810,1,1
00051football,475,38,811,811,1,1
00051football,475,38,812,812,1,1
00051football,475,38,813,813,1,1
00051football,475,38,814,814,1,1
00051football,475,38,815,815,1,1
00051football,475,38,816,816,1,1
00051football,475,38,817,817,1,1
00051football,475,38,818,818,1,1
00051football,475,38,819,819,1,1
00051football,475,38,820,820,1,1
00051football,475,38,821,821,1,1
00051football,475,38,822,822,1,1
00051football,475,38,823,823,1,1
00051football,475,38,824,824,1,1
00051football,475,38,825,825,1,1
00051football,475,38,826,826,1,1
00051football,475,38,827,827,1,1
00051football,475,38,828,828,1,1
00051football,475,38,829,829,1,1
00051football,475,38,830,830,1,1
00051football,475,38,831,831,1,1
00051football,475,38,832,832,1,1
00051football,475,38,833,833,1,1
00051football,475,38,834,834,1,1
00051football,475,38,835,835,1,1
00051football,475,38,836,836,1,1
00051football,475,38,837,837,1,1
00051football,475,38,838,838,1,1
00051football,475,38,839,839,1,1
00051football,475,38,840,840,1,1
00051football,475,38,841,841,1,1
00051football,475,38,842,842,1,1
00051football,475,38,843,843,1,1
00051football,475,38,844,844,1,1
00051football,475,38,845,845,1,1
00051football,475,38,846,846,1,1
00051football,475,38,847,847,1,1
00051football,475,38,848,848,1,1
00051football,475,38,849,849,1,1
00051football,475,38,850,850,1,1
00051football,475,38,851,851,1,1
00051football,475,38,852,852,1,1
00051football,475,38,853,853,1,1
00051football,475,38,857,857,1,1
00051football,475,38,859,859,1,1
00051football,475,38,860,860,1,1
00051football,475,38,861,861,1,1
00051football,475,38,862,862,1,1
00051football,475,38,863,863,1,1
00051football,475,38,864,864,1,1
00051football,475,38,865,865,1,1
00051football,475,38,866,866,1,1
00051football,475,38,867,867,1,1
00051football,475,38,868,868,1,1
00051football,475,38,869,869,1,1
00051football,475,38,870,870,1,1
00051football,475,38,871,871,1,1
00051football,475,38,872,872,1,1
00051football,475,38,873,873,1,1
00051football,475,38,874,874,1,1
00051football,475,38,877,877,1,1
00051football,475,38,878,878,1,1
00051football,475,38,881,881,1,1
00051football,475,38,883,883,1,1
00051football,475,38,884,884,1,1
00051football,475,38,885,885,1,1
00051football,475,38,886,886,1,1
00051football,475,38,888,888,1,1
00051football,475,38,889,889,1,1
00051football,475,38,890,890,1,1
00051football,475,38,891,891,1,1
00051football,475,38,892,892,1,1
00051football,475,38,894,894,1,1
00051football,475,38,896,896,1,1
00051football,475,38,900,900,1,1
00051football,475,38,901,901,1,1
00051football,475,38,902,902,1,1
00051football,475,38,903,903,1,1
00051football,475,38,904,904,1,1
00051football,475,38,905,905,1,1
00051football,475,38,906,906,1,1
00051football,475,38,907,907,1,1
00051football,475,38,908,908,1,1
00051football,475,38,909,909,1,1
00051football,475,38,910,910,1,1
00051football,475,38,911,911,1,1
00051football,475,38,912,912,1,1
00051football,475,38,913,913,1,1
00051football,475,38,914,914,1,1
00051football,475,38,915,915,1,1
00051football,475,38,916,916,1,1
00051football,475,38,917,917,1,1
00051football,475,38,920,920,1,1
00051football,475,38,922,922,1,1
00051football,475,38,923,923,1,1
00051football,475,38,924,924,1,1
00051football,475,38,925,925,1,1
00051football,475,38,926,926,1,1
00051football,475,38,928,928,1,1
00051football,475,38,929,929,1,1
00051football,475,38,930,930,1,1
00051football,475,38,931,931,1,1
00051football,475,38,932,932,1,1
00051football,475,38,933,933,1,1
00051football,475,38,934,934,1,1
00051football,475,38,935,935,1,1
00051football,475,38,936,936,1,1
00051football,475,38,937,937,1,1
00051football,475,38,938,938,1,1
00051football,475,38,939,939,1,1
00051football,475,38,940,940,1,1
00051football,475,38,941,941,1,1
00051football,475,38,942,942,1,1
00051football,475,38,943,943,1,1
00051football,475,38,944,944,1,1
00051football,475,38,945,945,1,1
00051football,475,38,946,946,1,1
00051football,475,38,947,947,1,1
00051football,475,38,948,948,1,1
00051football,475,38,949,949,1,1
00051football,475,38,950,950,1,1
00051football,475,38,951,951,1,1
00051football,475,38,952,952,1,1
00051football,475,38,953,953,1,1
00051football,475,38,954,954,1,1
00051football,475,38,955,955,1,1
00051football,475,38,956,956,1,1
00051football,475,38,957,957,1,1
00051football,475,38,958,958,1,1
00051football,475,38,959,959,1,1
00051football,475,38,960,960,1,1
00051football,475,38,961,961,1,1
00051football,475,38,962,962,1,1
00051football,475,38,963,963,1,1
00051football,475,38,964,964,1,1
00051football,475,38,965,965,1,1
00051football,475,38,966,966,1,1
00051football,475,38,967,967,1,1
00051football,475,38,970,970,1,1
00051football,475,38,971,971,1,1
00051football,475,38,972,972,1,1
00051football,475,38,974,974,1,1
00051football,475,38,975,975,1,1
00051football,475,38,976,976,1,1
00051football,475,38,977,977,1,1
00051football,475,38,978,978,1,1
00051football,475,38,979,979,1,1
00051football,475,38,980,980,1,1
00051football,475,38,981,981,1,1
00051football,475,38,982,982,1,1
00051football,475,38,983,983,1,1
00051football,475,38,984,984,1,1
00051football,475,38,988,988,1,1
00051football,475,38,989,989,1,1
00051football,475,38,994,994,1,1
00051football,475,38,995,995,1,1
00051football,475,38,996,996,1,1
00051football,475,38,997,997,1,1
00051football,475,38,998,998,1,1
00051football,475,38,999,999,1,1
00051football,475,38,1000,1000,1,1
00051football,475,38,1001,1001,1,1
00051football,475,38,1002,1002,1,1
00051football,475,38,1003,1003,1,1
00051football,475,38,1004,1004,1,1
00051football,475,38,1005,1005,1,1
00051football,475,38,1006,1006,1,1
00051football,475,38,1007,1007,1,1
00051football,475,38,1008,1008,1,1
00051football,475,38,1009,1009,1,1
00051football,475,38,1010,1010,1,1
00051football,475,38,1011,1011,1,1
00051football,475,38,1012,1012,1,1
00051football,475,38,1013,1013,1,1
00051football,475,38,1014,1014,1,1
00051football,475,38,1015,1015,1,1
00051football,475,38,1016,1016,1,1
00051football,475,38,1017,1017,1,1
00051football,475,38,1018,1019,2,1
00051football,475,38,1020,1020,1,1
00051football,475,38,1021,1021,1,1
00051football,475,38,1022,1022,1,1
00051football,475,38,1023,1023,1,1
00051football,475,38,1024,1024,1,1
00051football,475,38,1025,1025,1,1
00051football,475,38,1026,1026,1,1
00051football,475,38,1027,1029,3,1
00051football,475,38,1030,1031,2,1
00051football,475,38,1032,1032,1,1
00051football,475,38,1033,1033,1,1
00051football,475,38,1034,1037,4,1
00051football,475,38,1038,1040,3,1
00051football,483,28,853,853,1,1
00051football,491,18,546,546,1,1
00051football,491,18,547,547,1,1
00051football,491,18,548,548,1,1
00051football,491,18,549,549,1,1
00051football,491,18,550,550,1,1
00051football,491,18,551,551,1,1
00051football,491,18,552,552,1,1
00051football,491,18,553,553,1,1
00051football,491,18,554,554,1,1
00051football,491,18,555,555,1,1
00051football,491,18,556,556,1,1
00051football,491,18,557,557,1,1
00051football,491,18,558,558,1,1
00051football,491,18,798,798,1,1
00051football,491,18,872,872,1,1
00051football,491,18,873,873,1,1
00051football,491,18,964,964,1,1
00051football,491,18,966,966,1,1
00051football,491,18,967,967,1,1
00051football,491,18,968,968,1,1
00051football,491,18,969,969,1,1
00051football,491,18,970,970,1,1
00051football,491,18,971,971,1,1
00051football,500,39,743,748,5,1
00051football,500,39,765,766,2,1
00051football,514,62,541,559,5,1
00051football,514,62,594,600,5,1
00051football,514,62,602,602,1,1
00051football,514,62,605,624,19,1
00051football,514,62,636,636,1,1
00051football,514,62,673,674,2,1
00051football,514,62,716,716,1,1
00051football,514,62,742,818,9,1
00051football,582,61,625,627,3,1
00051football,582,61,667,679,10,1
00051football,582,61,696,707,11,1
00051football,705,60,819,823,5,1
00051football,705,60,826,830,5,1
00051football,705,60,837,837,1,1
00051football,705,60,842,842,1,1
00051football,705,60,847,850,4,1
00051football,705,60,853,868,11,1
00051football,705,60,870,958,79,1
00051football,768,57,819,819,1,1
00051football,768,57,831,831,1,1
00051football,768,57,844,874,25,1
00051football,768,57,877,877,1,1
00051football,768,57,880,889,10,1
00051football,768,57,891,898,8,1
00051football,768,57,901,903,3,1
00051football,768,57,908,912,2,1
00051football,768,57,916,920,5,1
00051football,816,67,833,857,24,1
00051football,816,67,859,859,1,1
00051football,816,67,862,862,1,1
00051football,816,67,866,869,4,1
00051football,816,67,880,892,13,1
00051football,816,67,897,897,1,1
00051football,816,67,927,930,4,1
00051football,816,67,932,933,2,1
00051football,816,67,937,938,2,1
00051football,816,67,940,940,1,1
00051football,816,67,966,966,1,1
00051football,816,67,1019,1019,1,1
00051football,877,61,894,895,2,1
00051football,877,61,923,923,1,1
00051football,877,61,930,934,5,1
00051football,877,61,944,954,6,1
00051football,877,61,974,974,1,1
00051football,877,61,976,976,1,1
00051football,877,61,979,979,1,1
00051football,877,61,982,983,2,1
00051football,877,61,986,986,1,1
00051football,877,61,993,1016,24,1
00051football,877,61,1024,1040,17,1
00051football,955,69,897,942,33,1
00051football,955,69,964,972,9,1
00051football,957,63,931,931,1,1
00051football,957,63,945,957,10,1
00051football,957,63,962,965,4,1
00051football,957,63,1002,1002,1,1
00051football,957,63,1005,1005,1,1
00051football,970,62,916,931,12,1
00051football,970,62,937,938,2,1
00051football,970,62,943,943,1,1
00051football,970,62,1001,1004,4,1
00051football,970,62,1009,1009,1,1
00051football,970,62,1013,1013,1,1
00051football,970,62,1015,1015,1,1
00051football,970,62,1031,1032,2,1
00051football,970,62,1037,1040,4,1
00067football,1,7,139,139,1,1
00067football,1,7,140,140,1,1
00067football,1,7,141,141,1,1
00067football,1,7,142,142,1,1
00067football,1,7,146,146,1,1
00067football,1,7,147,150,6,2
00067football,1,7,155,156,3,2
00067football,1,7,157,157,1,1
00067football,1,7,158,158,1,1
00067football,1,7,159,159,1,1
00067football,1,7,160,160,1,1
00067football,1,7,161,161,1,1
00067football,1,7,162,162,1,1
00067football,1,7,166,166,1,1
00067football,1,7,168,168,1,1
00067football,1,7,169,169,1,1
00067football,1,7,170,170,1,1
00067football,1,7,171,171,1,1
00067football,1,7,172,172,1,1
00067football,1,7,173,173,1,1
00067football,1,7,174,174,1,1
00067football,1,7,175,175,1,1
00067football,2,4,978,978,1,1
00067football,4,6,317,317,1,1
00067football,7,46,360,360,1,1
00067football,8,5,804,804,1,1
00067football,10,48,1,553,518,1
00067football,10,48,555,556,2,1
00067football,12,22,570,571,2,1
00067football,12,22,575,575,1,1
00067football,12,22,577,577,1,1
00067football,12,22,710,710,1,1
00067football,12,22,746,862,2,2
00067football,13,23,133,133,1,1
00067football,13,23,135,135,1,1
00067football,13,23,136,136,1,1
00067football,13,23,137,137,1,1
00067football,13,23,159,159,1,1
00067football,13,23,160,160,1,1
00067football,13,23,161,161,1,1
00067football,13,23,163,163,1,1
00067football,13,23,169,169,1,1
00067football,13,23,171,171,1,1
00067football,13,23,172,172,1,1
00067football,13,23,173,173,1,1
00067football,13,23,174,174,1,1
00067football,13,23,549,549,1,1
00067football,13,23,550,550,1,1
00067football,13,23,711,711,1,1
00067football,13,23,712,712,1,1
00067football,13,23,713,713,1,1
00067football,13,23,714,714,1,1
00067football,13,23,716,716,1,1
00067football,13,23,717,717,1,1
00067football,13,23,718,718,1,1
00067football,13,23,723,723,1,1
00067football,13,23,724,724,1,1
00067football,13,23,725,725,1,1
00067football,13,23,744,744,1,1
00067football,13,23,754,754,1,1
00067football,13,23,817,817,1,1
00067football,13,23,818,818,1,1
00067football,13,23,819,819,1,1
00067football,13,23,820,820,1,1
00067football,13,23,821,821,1,1
00067football,13,23,822,822,1,1
00067football,13,23,823,823,1,1
00067football,13,23,824,824,1,1
00067football,13,23,825,825,1,1
00067football,13,23,826,826,1,1
00067football,13,23,827,827,1,1
00067football,13,23,828,828,1,1
00067football,13,23,829,829,1,1
00067football,13,23,830,830,1,1
00067football,13,23,831,831,1,1
00067football,13,23,832,832,1,1
00067football,13,23,833,833,1,1
00067football,13,23,834,834,1,1
00067football,13,23,835,835,1,1
00067football,13,23,836,836,1,1
00067football,13,23,837,837,1,1
00067football,13,23,838,838,1,1
00067football,13,23,839,839,1,1
00067football,13,23,840,842,5,2
00067football,13,23,843,844,3,2
00067football,13,23,845,846,3,2
00067football,13,23,847,847,1,1
00067football,13,23,850,850,2,2
00067football,13,23,852,853,3,2
00067football,13,23,854,854,1,1
00067football,13,23,855,855,1,1
00067football,13,23,856,856,1,1
00067football,13,23,858,858,1,1
00067football,13,23,859,859,1,1
00067football,13,23,860,860,1,1
00067football,13,23,863,863,1,1
00067football,13,23,869,869,1,1
00067football,13,23,870,870,1,1
00067football,13,23,871,871,1,1
00067football,13,23,872,872,1,1
00067football,13,23,873,873,1,1
00067football,13,23,874,874,1,1
00067football,13,23,875,875,1,1
00067football,13,23,876,876,1,1
00067football,13,23,877,877,1,1
00067football,13,23,878,878,1,1
00067football,13,23,879,879,1,1
00067football,13,23,880,880,1,1
00067football,13,23,881,881,1,1
00067football,13,23,882,882,1,1
00067football,13,23,883,883,1,1
00067football,13,23,884,884,1,1
00067football,13,23,885,885,1,1
00067football,13,23,886,886,1,1
00067football,13,23,887,887,1,1
00067football,13,23,888,888,1,1
00067football,13,23,889,889,1,1
00067football,13,23,890,890,1,1
00067football,13,23,891,891,1,1
00067football,13,23,892,892,1,1
00067football,13,23,893,893,1,1
00067football,13,23,894,894,1,1
00067football,13,23,895,895,1,1
00067football,13,23,896,896,1,1
00067football,13,23,897,897,1,1
00067football,13,23,898,898,1,1
00067football,13,23,899,899,1,1
00067football,13,23,900,900,1,1
00067football,13,23,901,901,1,1
00067football,13,23,902,902,1,1
00067football,13,23,903,903,1,1
00067football,13,23,904,904,1,1
00067football,13,23,905,905,1,1
00067football,13,23,906,906,1,1
00067football,13,23,907,907,1,1
00067football,13,23,908,908,1,1
00067football,13,23,909,909,1,1
00067football,13,23,910,910,1,1
00067football,13,23,911,911,1,1
00067football,13,23,912,912,1,1
00067football,13,23,913,913,1,1
00067football,13,23,914,914,1,1
00067football,13,23,915,948,64,2
00067football,13,23,950,950,1,1
00067football,13,23,951,951,1,1
00067football,13,23,952,952,1,1
00067football,13,23,953,953,1,1
00067football,13,23,954,954,1,1
00067football,13,23,955,955,1,1
00067football,13,23,956,956,1,1
00067football,13,23,957,957,1,1
00067football,13,23,958,958,1,1
00067football,13,23,959,959,1,1
00067football,13,23,960,960,1,1
00067football,13,23,961,961,1,1
00067football,13,23,962,962,1,1
00067football,13,23,967,967,1,1
00067football,13,23,969,969,1,1
00067football,13,23,981,981,1,1
00067football,13,23,982,982,1,1
00067football,13,23,983,983,1,1
00067football,13,23,984,984,1,1
00067football,13,23,985,985,1,1
00067football,13,23,986,986,1,1
00067football,13,23,987,987,1,1
00067football,13,23,988,988,1,1
00067football,13,23,989,989,1,1
00067football,13,23,990,990,1,1
00067football,13,23,991,991,1,1
00067football,13,23,992,993,3,2
00067football,13,23,994,995,3,2
00067football,13,23,996,997,3,2
00067football,13,23,998,998,1,1
00067football,13,23,999,1013,27,2
00067football,13,23,1014,1014,1,1
00067football,13,23,1015,1018,6,2
00067football,13,23,1019,1019,1,1
00067football,13,23,1020,1021,3,2
00067football,13,23,1022,1022,1,1
00067football,13,23,1023,1023,1,1
00067football,13,23,1024,1024,1,1
00067football,13,23,1025,1025,1,1
00067football,13,23,1026,1026,1,1
00067football,13,23,1027,1027,1,1
00067football,13,23,1028,1028,1,1
00067football,13,23,1029,1029,1,1
00067football,13,23,1030,1030,1,1
00067football,13,23,1031,1031,1,1
00067football,16,27,373,373,1,1
00067football,16,27,374,374,1,1
00067football,16,27,377,377,1,1
00067football,16,27,380,380,1,1
00067football,16,27,383,383,1,1
00067football,16,27,542,542,1,1
00067football,16,27,545,545,1,1
00067football,16,27,546,546,1,1
00067football,16,27,552,552,1,1
00067football,16,27,553,553,1,1
00067football,16,27,589,589,1,1
00067football,16,27,608,610,4,2
00067football,16,27,651,651,1,1
00067football,16,27,652,652,1,1
00067football,16,27,653,653,1,1
00067football,16,27,657,657,1,1
00067football,16,27,658,658,1,1
00067football,16,27,659,659,1,1
00067football,16,27,660,660,1,1
00067football,16,27,661,661,1,1
00067football,16,27,662,662,1,1
00067football,16,27,663,663,1,1
00067football,16,27,664,664,1,1
00067football,16,27,665,665,1,1
00067football,16,27,666,666,1,1
00067football,16,27,667,667,1,1
00067football,16,27,668,668,1,1
00067football,16,27,669,669,1,1
00067football,16,27,670,670,1,1
00067football,16,27,671,671,1,1
00067football,16,27,672,672,1,1
00067football,16,27,673,673,1,1
00067football,16,27,674,674,1,1
00067football,16,27,676,676,1,1
00067football,16,27,851,851,1,1
00067football,16,27,853,853,1,1
00067football,16,27,854,854,1,1
00067football,16,27,858,858,1,1
00067football,16,27,859,859,1,1
00067football,16,27,893,893,1,1
00067football,16,27,894,894,1,1
00067football,16,27,1029,1029,1,1
00067football,16,27,1030,1030,1,1
00067football,16,27,1031,1031,1,1
00067football,16,27,1032,1032,1,1
00067football,16,27,1033,1033,1,1
00067football,16,27,1034,1034,1,1
00067football,16,27,1035,1035,1,1
00067football,16,27,1036,1036,1,1
00067football,16,27,1041,1041,1,1
00067football,16,27,1042,1042,1,1
00067football,18,52,230,230,1,1
00067football,18,52,236,236,1,1
00067football,18,52,238,243,6,1
00067football,18,52,247,251,5,1
00067football,19,29,1,1,1,1
00067football,19,29,2,2,1,1
00067football,19,29,3,3,1,1
00067football,19,29,4,4,1,1
00067football,19,29,5,5,1,1
00067football,19,29,6,6,1,1
00067football,19,29,7,7,1,1
00067football,19,29,8,8,1,1
00067football,19,29,9,9,1,1
00067football,19,29,10,10,1,1
00067football,19,29,11,11,1,1
00067football,19,29,12,12,1,1
00067football,19,29,13,13,1,1
00067football,19,29,14,14,1,1
00067football,19,29,15,15,1,1
00067football,19,29,16,16,1,1
00067football,19,29,17,17,1,1
00067football,19,29,18,18,1,1
00067football,19,29,19,19,1,1
00067football,19,29,20,20,1,1
00067football,19,29,21,21,1,1
00067football,19,29,22,22,1,1
00067football,19,29,23,23,1,1
00067football,19,29,24,24,1,1
00067football,19,29,25,25,1,1
00067football,19,29,26,26,1,1
00067football,19,29,27,27,1,1
00067football,19,29,28,28,1,1
00067football,19,29,29,29,1,1
00067football,19,29,30,30,1,1
00067football,19,29,31,31,1,1
00067football,19,29,32,32,1,1
00067football,19,29,33,33,1,1
00067football,19,29,34,34,1,1
00067football,19,29,35,35,1,1
00067football,19,29,36,36,1,1
00067football,19,29,37,37,1,1
00067football,19,29,38,38,1,1
00067football,19,29,39,39,1,1
00067football,19,29,40,40,1,1
00067football,19,29,41,41,1,1
00067football,19,29,42,42,1,1
00067football,19,29,43,43,1,1
00067football,19,29,44,44,1,1
00067football,19,29,45,45,1,1
00067football,19,29,46,46,1,1
00067football,19,29,47,47,1,1
00067football,19,29,48,48,1,1
00067football,19,29,49,49,1,1
00067football,19,29,50,50,1,1
00067football,19,29,51,51,1,1
00067football,19,29,52,52,1,1
00067football,19,29,53,53,1,1
00067football,19,29,54,54,1,1
00067football,19,29,55,55,1,1
00067football,19,29,56,56,1,1
00067football,19,29,57,57,1,1
00067football,19,29,58,58,1,1
00067football,19,29,59,59,1,1
00067football,19,29,60,60,1,1
00067football,19,29,61,61,1,1
00067football,19,29,62,62,1,1
00067football,19,29,63,63,1,1
00067football,19,29,64,64,1,1
00067football,19,29,65,65,1,1
00067football,19,29,66,66,1,1
00067football,19,29,67,67,1,1
00067football,19,29,68,68,1,1
00067football,19,29,69,69,1,1
00067football,19,29,70,70,1,1
00067football,19,29,71,71,1,1
00067football,19,29,72,72,1,1
00067football,19,29,73,73,1,1
00067football,19,29,74,74,1,1
00067football,19,29,75,75,1,1
00067football,19,29,76,76,1,1
00067football,19,29,77,77,1,1
00067football,19,29,78,78,1,1
00067football,19,29,79,79,1,1
00067football,19,29,80,80,1,1
00067football,19,29,81,81,1,1
00067football,19,29,82,82,1,1
00067football,19,29,83,83,1,1
00067football,19,29,84,84,1,1
00067football,19,29,85,85,1,1
00067football,19,29,86,86,1,1
00067football,19,29,87,87,1,1
00067football,19,29,88,88,1,1
00067football,19,29,89,89,1,1
00067football,19,29,90,90,1,1
00067football,19,29,91,91,1,1
00067football,19,29,92,92,1,1
00067football,19,29,93,93,1,1
00067football,19,29,94,94,1,1
00067football,19,29,95,95,1,1
00067football,19,29,96,96,1,1
00067football,19,29,97,97,1,1
00067football,19,29,98,98,1,1
00067football,19,29,99,99,1,1
00067football,19,29,100,100,1,1
00067football,19,29,101,101,1,1
00067football,19,29,102,102,1,1
00067football,19,29,103,103,1,1
00067football,19,29,104,104,1,1
00067football,19,29,105,105,1,1
00067football,19,29,106,106,1,1
00067football,19,29,107,107,1,1
00067football,19,29,108,108,1,1
00067football,19,29,109,109,1,1
00067football,19,29,110,110,1,1
00067football,19,29,111,111,1,1
00067football,19,29,112,112,1,1
00067football,19,29,113,113,1,1
00067football,19,29,114,114,1,1
00067football,19,29,115,115,1,1
00067football,19,29,116,116,1,1
00067football,19,29,117,117,1,1
00067football,19,29,118,118,1,1
00067football,19,29,119,119,1,1
00067football,19,29,120,120,1,1
00067football,19,29,121,121,1,1
00067football,19,29,122,122,1,1
00067football,19,29,123,123,1,1
00067football,19,29,124,124,1,1
00067football,19,29,125,125,1,1
00067football,19,29,126,126,1,1
00067football,19,29,127,127,1,1
00067football,19,29,128,128,1,1
00067football,19,29,129,129,1,1
00067football,19,29,130,130,1,1
00067football,19,29,131,131,1,1
00067football,19,29,132,132,1,1
00067football,19,29,133,133,1,1
00067football,19,29,134,134,1,1
00067football,19,29,135,135,1,1
00067football,19,29,136,136,1,1
00067football,19,29,137,137,1,1
00067football,19,29,138,138,1,1
00067football,19,29,139,139,1,1
00067football,19,29,140,140,1,1
00067football,19,29,141,141,1,1
00067football,19,29,142,142,1,1
00067football,19,29,143,143,1,1
00067football,19,29,144,144,1,1
00067football,19,29,145,145,1,1
00067football,19,29,146,146,1,1
00067football,19,29,147,147,1,1
00067football,19,29,148,148,1,1
00067football,19,29,149,149,1,1
00067football,19,29,150,150,1,1
00067football,19,29,151,151,1,1
00067football,19,29,152,152,1,1
00067football,19,29,153,153,1,1
00067football,19,29,154,154,1,1
00067football,19,29,155,155,1,1
00067football,19,29,156,156,1,1
00067football,19,29,157,157,1,1
00067football,19,29,158,158,1,1
00067football,19,29,159,159,1,1
00067football,19,29,160,160,1,1
00067football,19,29,161,161,1,1
00067football,19,29,162,162,1,1
00067football,19,29,163,163,1,1
00067football,19,29,164,164,1,1
00067football,19,29,165,165,1,1
00067football,19,29,166,166,1,1
00067football,19,29,167,167,1,1
00067football,19,29,168,168,1,1
00067football,19,29,169,169,1,1
00067football,19,29,170,170,1,1
00067football,19,29,171,171,1,1
00067football,19,29,172,172,1,1
00067football,19,29,173,173,1,1
00067football,19,29,174,174,1,1
00067football,19,29,175,175,1,1
00067football,19,29,176,176,1,1
00067football,19,29,177,177,1,1
00067football,19,29,178,178,1,1
00067football,19,29,179,179,1,1
00067football,19,29,180,180,1,1
00067football,19,29,181,181,1,1
00067football,19,29,182,182,1,1
00067football,19,29,183,183,1,1
00067football,19,29,184,184,1,1
00067football,19,29,185,185,1,1
00067football,19,29,186,186,1,1
00067football,19,29,187,187,1,1
00067football,19,29,188,188,1,1
00067football,19,29,189,189,1,1
00067football,19,29,190,190,1,1
00067football,19,29,191,191,1,1
00067football,19,29,192,192,1,1
00067football,19,29,193,193,1,1
00067football,19,29,194,194,1,1
00067football,19,29,195,195,1,1
00067football,19,29,196,196,1,1
00067football,19,29,197,197,1,1
00067football,19,29,198,198,1,1
00067football,19,29,199,199,1,1
00067football,19,29,200,200,1,1
00067football,19,29,201,201,1,1
00067football,19,29,202,202,1,1
00067football,19,29,203,203,1,1
00067football,19,29,204,204,1,1
00067football,19,29,205,205,1,1
00067football,19,29,206,206,1,1
00067football,19,29,207,207,1,1
00067football,19,29,208,208,1,1
00067football,19,29,209,209,1,1
00067football,19,29,210,210,1,1
00067football,19,29,211,211,1,1
00067football,19,29,212,212,1,1
00067football,19,29,213,213,1,1
00067football,19,29,214,214,1,1
00067football,19,29,215,215,1,1
00067football,19,29,216,216,1,1
00067football,19,29,217,217,1,1
00067football,19,29,218,218,1,1
00067football,19,29,219,219,1,1
00067football,19,29,220,220,1,1
00067football,19,29,221,221,1,1
00067football,19,29,222,222,1,1
00067football,19,29,223,223,1,1
00067football,19,29,224,224,1,1
00067football,19,29,225,225,1,1
00067football,19,29,226,226,1,1
00067football,19,29,227,227,1,1
00067football,19,29,228,228,1,1
00067football,19,29,229,229,1,1
00067football,19,29,230,230,1,1
00067football,19,29,231,231,1,1
00067football,19,29,232,232,1,1
00067football,19,29,233,233,1,1
00067football,19,29,234,234,1,1
00067football,19,29,235,235,1,1
00067football,19,29,236,236,1,1
00067football,19,29,237,237,1,1
00067football,19,29,238,238,1,1
00067football,19,29,239,239,1,1
00067football,19,29,240,240,1,1
00067football,19,29,241,241,1,1
00067football,19,29,242,242,1,1
00067football,19,29,243,243,1,1
00067football,19,29,244,244,1,1
00067football,19,29,245,245,1,1
00067football,19,29,246,246,1,1
00067football,19,29,247,247,1,1
00067football,19,29,248,248,1,1
00067football,19,29,249,249,1,1
00067football,19,29,250,250,1,1
00067football,19,29,251,251,1,1
00067football,19,29,252,252,1,1
00067football,19,29,253,253,1,1
00067football,19,29,254,254,1,1
00067football,19,29,255,255,1,1
00067football,19,29,256,256,1,1
00067football,19,29,257,257,1,1
00067football,19,29,258,258,1,1
00067football,19,29,259,259,1,1
00067football,19,29,260,260,1,1
00067football,19,29,261,261,1,1
00067football,19,29,262,262,1,1
00067football,19,29,263,263,1,1
00067football,19,29,264,264,1,1
00067football,19,29,265,265,1,1
00067football,19,29,266,266,1,1
00067football,19,29,267,267,1,1
00067football,19,29,268,268,1,1
00067football,19,29,269,269,1,1
00067football,19,29,270,270,1,1
00067football,19,29,271,271,1,1
00067football,19,29,272,272,1,1
00067football,19,29,273,273,1,1
00067football,19,29,274,274,1,1
00067football,19,29,275,275,1,1
00067football,19,29,276,276,1,1
00067football,19,29,277,277,1,1
00067football,19,29,278,278,1,1
00067football,19,29,279,279,1,1
00067football,19,29,280,280,1,1
00067football,19,29,281,281,1,1
00067football,19,29,282,282,1,1
00067football,19,29,283,283,1,1
00067football,19,29,284,284,1,1
00067football,19,29,285,285,1,1
00067football,19,29,286,286,1,1
00067football,19,29,287,287,1,1
00067football,19,29,288,288,1,1
00067football,19,29,289,289,1,1
00067football,19,29,290,290,1,1
00067football,19,29,291,291,1,1
00067football,19,29,292,292,1,1
00067football,19,29,293,293,1,1
00067football,19,29,294,294,1,1
00067football,19,29,295,295,1,1
00067football,19,29,296,296,1,1
00067football,19,29,297,297,1,1
00067football,19,29,298,298,1,1
00067football,19,29,299,299,1,1
00067football,19,29,300,300,1,1
00067football,19,29,301,301,1,1
00067football,19,29,302,302,1,1
00067football,19,29,303,303,1,1
00067football,19,29,304,304,1,1
00067football,19,29,305,305,1,1
00067football,19,29,306,306,1,1
00067football,19,29,307,307,1,1
00067football,19,29,308,308,1,1
00067football,19,29,309,309,1,1
00067football,19,29,310,310,1,1
00067football,19,29,311,311,1,1
00067football,19,29,312,312,1,1
00067football,19,29,313,313,1,1
00067football,19,29,314,314,1,1
00067football,19,29,315,315,1,1
00067football,19,29,316,316,1,1
00067football,19,29,317,317,1,1
00067football,19,29,318,318,1,1
00067football,19,29,319,319,1,1
00067football,19,29,320,320,1,1
00067football,19,29,321,321,1,1
00067football,19,29,322,322,1,1
00067football,19,29,323,323,1,1
00067football,19,29,324,324,1,1
00067football,19,29,325,325,1,1
00067football,19,29,326,326,1,1
00067football,19,29,327,327,1,1
00067football,19,29,328,328,1,1
00067football,19,29,329,329,1,1
00067football,19,29,330,330,1,1
00067football,19,29,331,331,1,1
00067football,19,29,332,332,1,1
00067football,19,29,333,333,1,1
00067football,19,29,334,334,1,1
00067football,19,29,335,335,1,1
00067football,19,29,336,336,1,1
00067football,19,29,337,337,1,1
00067football,19,29,338,338,1,1
00067football,19,29,339,339,1,1
00067football,19,29,340,340,1,1
00067football,19,29,341,341,1,1
00067football,19,29,342,342,1,1
00067football,19,29,343,343,1,1
00067football,19,29,344,344,1,1
00067football,19,29,345,345,1,1
00067football,19,29,346,346,1,1
00067football,19,29,347,347,1,1
00067football,19,29,348,348,1,1
00067football,19,29,349,349,1,1
00067football,19,29,350,350,1,1
00067football,19,29,351,351,1,1
00067football,19,29,352,352,1,1
00067football,19,29,353,353,1,1
00067football,19,29,354,354,1,1
00067football,19,29,355,355,1,1
00067football,19,29,356,356,1,1
00067football,19,29,357,357,1,1
00067football,19,29,358,358,1,1
00067football,19,29,359,359,1,1
00067football,19,29,360,360,1,1
00067football,19,29,361,361,1,1
00067football,19,29,362,362,1,1
00067football,19,29,363,363,1,1
00067football,19,29,364,364,1,1
00067football,19,29,365,365,1,1
00067football,19,29,366,366,1,1
00067football,19,29,367,367,1,1
00067football,19,29,368,368,1,1
00067football,19,29,369,369,1,1
00067football,19,29,370,370,1,1
00067football,19,29,371,371,1,1
00067football,19,29,372,372,1,1
00067football,19,29,373,373,1,1
00067football,19,29,374,374,1,1
00067football,19,29,375,375,1,1
00067football,19,29,376,376,1,1
00067football,19,29,377,377,1,1
00067football,19,29,378,378,1,1
00067football,19,29,379,379,1,1
00067football,19,29,380,380,1,1
00067football,19,29,381,381,1,1
00067football,19,29,382,382,1,1
00067football,19,29,383,383,1,1
00067football,19,29,384,384,1,1
00067football,19,29,385,385,1,1
00067football,19,29,386,386,1,1
00067football,19,29,387,387,1,1
00067football,19,29,388,388,1,1
00067football,19,29,389,389,1,1
00067football,19,29,390,390,1,1
00067football,19,29,391,391,1,1
00067football,19,29,392,392,1,1
00067football,19,29,393,393,1,1
00067football,19,29,394,394,1,1
00067football,19,29,395,395,1,1
00067football,19,29,396,396,1,1
00067football,19,29,397,397,1,1
00067football,19,29,398,398,1,1
00067football,19,29,399,399,1,1
00067football,19,29,400,400,1,1
00067football,19,29,401,401,1,1
00067football,19,29,402,402,1,1
00067football,19,29,403,403,1,1
00067football,19,29,404,404,1,1
00067football,19,29,405,405,1,1
00067football,19,29,406,406,1,1
00067football,19,29,407,407,1,1
00067football,19,29,408,408,1,1
00067football,19,29,409,409,1,1
00067football,19,29,410,410,1,1
00067football,19,29,411,411,1,1
00067football,19,29,412,412,1,1
00067football,19,29,413,413,1,1
00067football,19,29,414,414,1,1
00067football,19,29,415,415,1,1
00067football,19,29,416,416,1,1
00067football,19,29,417,417,1,1
00067football,19,29,418,418,1,1
00067football,19,29,419,419,1,1
00067football,19,29,420,420,1,1
00067football,19,29,421,421,1,1
00067football,19,29,422,422,1,1
00067football,19,29,423,423,1,1
00067football,19,29,424,424,1,1
00067football,19,29,425,425,1,1
00067football,19,29,426,426,1,1
00067football,19,29,427,427,1,1
00067football,19,29,428,428,1,1
00067football,19,29,429,429,1,1
00067football,19,29,430,430,1,1
00067football,19,29,431,431,1,1
00067football,19,29,432,432,1,1
00067football,19,29,433,433,1,1
00067football,19,29,434,434,1,1
00067football,19,29,435,435,1,1
00067football,19,29,436,436,1,1
00067football,19,29,437,437,1,1
00067football,19,29,438,438,1,1
00067football,19,29,439,439,1,1
00067football,19,29,440,440,1,1
00067football,19,29,441,441,1,1
00067football,19,29,442,442,1,1
00067football,19,29,443,443,1,1
00067football,19,29,444,444,1,1
00067football,19,29,445,445,1,1
00067football,19,29,446,446,1,1
00067football,19,29,447,447,1,1
00067football,19,29,448,448,1,1
00067football,19,29,449,449,1,1
00067football,19,29,450,450,1,1
00067football,19,29,451,451,1,1
00067football,19,29,452,452,1,1
00067football,19,29,453,453,1,1
00067football,19,29,454,454,1,1
00067football,19,29,455,455,1,1
00067football,19,29,456,456,1,1
00067football,19,29,457,457,1,1
00067football,19,29,458,458,1,1
00067football,19,29,459,459,1,1
00067football,19,29,460,460,1,1
00067football,19,29,461,461,1,1
00067football,19,29,462,462,1,1
00067football,19,29,463,463,1,1
00067football,19,29,464,464,1,1
00067football,19,29,465,465,1,1
00067football,19,29,466,466,1,1
00067football,19,29,467,467,1,1
00067football,19,29,468,468,1,1
00067football,19,29,469,469,1,1
00067football,19,29,470,470,1,1
00067football,19,29,471,471,1,1
00067football,19,29,472,472,1,1
00067football,19,29,473,473,1,1
00067football,19,29,474,474,1,1
00067football,19,29,475,475,1,1
00067football,19,29,476,476,1,1
00067football,19,29,477,477,1,1
00067football,19,29,478,478,1,1
00067football,19,29,479,479,1,1
00067football,19,29,480,480,1,1
00067football,19,29,481,481,1,1
00067football,19,29,482,482,1,1
00067football,19,29,483,483,1,1
00067football,19,29,484,484,1,1
00067football,19,29,485,485,1,1
00067football,19,29,486,486,1,1
00067football,19,29,487,487,1,1
00067football,19,29,488,488,1,1
00067football,19,29,489,489,1,1
00067football,19,29,490,490,1,1
00067football,19,29,491,491,1,1
00067football,19,29,492,492,1,1
00067football,19,29,493,493,1,1
00067football,19,29,494,494,1,1
00067football,19,29,495,495,1,1
00067football,19,29,496,496,1,1
00067football,19,29,497,497,1,1
00067football,19,29,498,498,1,1
00067football,19,29,499,499,1,1
00067football,19,29,500,500,1,1
00067football,19,29,501,501,1,1
00067football,19,29,502,502,1,1
00067football,19,29,503,503,1,1
00067football,19,29,504,504,1,1
00067football,19,29,505,505,1,1
00067football,19,29,506,506,1,1
00067football,19,29,507,507,1,1
00067football,19,29,508,508,1,1
00067football,19,29,509,509,1,1
00067football,19,29,510,510,1,1
00067football,19,29,511,511,1,1
00067football,19,29,512,512,1,1
00067football,19,29,513,513,1,1
00067football,19,29,514,514,1,1
00067football,19,29,515,515,1,1
00067football,19,29,516,516,1,1
00067football,19,29,517,517,1,1
00067football,19,29,518,518,1,1
00067football,19,29,519,519,1,1
00067football,19,29,520,520,1,1
00067football,19,29,521,521,1,1
00067football,19,29,522,522,1,1
00067football,19,29,523,523,1,1
00067football,19,29,524,524,1,1
00067football,19,29,525,525,1,1
00067football,19,29,526,526,1,1
00067football,19,29,527,527,1,1
00067football,19,29,528,528,1,1
00067football,19,29,529,529,1,1
00067football,19,29,530,530,1,1
00067football,19,29,531,531,1,1
00067football,19,29,532,532,1,1
00067football,19,29,533,533,1,1
00067football,19,29,534,534,1,1
00067football,19,29,535,535,1,1
00067football,19,29,536,536,1,1
00067football,19,29,537,537,1,1
00067football,19,29,538,538,1,1
00067football,19,29,539,539,1,1
00067football,19,29,540,540,1,1
00067football,19,29,541,541,1,1
00067football,19,29,542,542,1,1
00067football,19,29,543,543,1,1
00067football,19,29,544,544,1,1
00067football,19,29,545,545,1,1
00067football,19,29,546,546,1,1
00067football,19,29,547,547,1,1
00067football,19,29,548,548,1,1
00067football,19,29,549,549,1,1
00067football,19,29,550,550,1,1
00067football,19,29,551,551,1,1
00067football,19,29,552,552,1,1
00067football,19,29,553,553,1,1
00067football,19,29,554,554,1,1
00067football,19,29,555,555,1,1
00067football,19,29,556,556,1,1
00067football,19,29,557,557,1,1
00067football,19,29,558,558,1,1
00067football,19,29,559,559,1,1
00067football,19,29,560,560,1,1
00067football,19,29,561,561,1,1
00067football,19,29,562,562,1,1
00067football,19,29,563,563,1,1
00067football,19,29,564,564,1,1
00067football,19,29,565,565,1,1
00067football,19,29,566,566,1,1
00067football,19,29,567,567,1,1
00067football,19,29,568,568,1,1
00067football,19,29,569,569,1,1
00067football,19,29,570,570,1,1
00067football,19,29,571,571,1,1
00067football,19,29,572,572,1,1
00067football,19,29,573,573,1,1
00067football,19,29,574,574,1,1
00067football,19,29,575,575,1,1
00067football,19,29,576,576,1,1
00067football,19,29,577,577,1,1
00067football,19,29,578,578,1,1
00067football,19,29,579,579,1,1
00067football,19,29,580,580,1,1
00067football,19,29,581,581,1,1
00067football,19,29,582,582,1,1
00067football,19,29,583,583,1,1
00067football,19,29,584,584,1,1
00067football,19,29,585,585,1,1
00067football,19,29,586,586,1,1
00067football,19,29,587,587,1,1
00067football,19,29,588,588,1,1
00067football,19,29,589,589,1,1
00067football,19,29,590,590,1,1
00067football,19,29,591,591,1,1
00067football,19,29,592,592,1,1
00067football,19,29,593,593,1,1
00067football,19,29,595,595,1,1
00067football,19,29,596,596,1,1
00067football,19,29,597,597,1,1
00067football,19,29,598,598,1,1
00067football,19,29,599,599,1,1
00067football,19,29,600,600,1,1
00067football,19,29,601,601,1,1
00067football,19,29,602,602,1,1
00067football,19,29,603,603,1,1
00067football,19,29,604,604,1,1
00067football,19,29,605,605,1,1
00067football,19,29,606,606,1,1
00067football,19,29,607,607,1,1
00067football,19,29,608,608,1,1
00067football,19,29,609,609,1,1
00067football,19,29,610,610,1,1
00067football,19,29,611,611,1,1
00067football,19,29,612,612,1,1
00067football,19,29,613,613,1,1
00067football,19,29,614,614,1,1
00067football,19,29,615,615,1,1
00067football,19,29,616,616,1,1
00067football,19,29,617,617,1,1
00067football,19,29,618,618,1,1
00067football,19,29,619,619,1,1
00067football,19,29,620,620,1,1
00067football,19,29,621,621,1,1
00067football,19,29,622,622,1,1
00067football,19,29,623,623,1,1
00067football,19,29,624,624,1,1
00067football,19,29,625,625,1,1
00067football,19,29,626,626,1,1
00067football,19,29,627,627,1,1
00067football,19,29,628,628,1,1
00067football,19,29,629,629,1,1
00067football,19,29,630,630,1,1
00067football,19,29,631,631,1,1
00067football,19,29,632,632,1,1
00067football,19,29,633,633,1,1
00067football,19,29,634,634,1,1
00067football,19,29,635,635,1,1
00067football,19,29,636,636,1,1
00067football,19,29,637,637,1,1
00067football,19,29,638,638,1,1
00067football,19,29,639,639,1,1
00067football,19,29,640,640,1,1
00067football,19,29,641,641,1,1
00067football,19,29,642,642,1,1
00067football,19,29,643,643,1,1
00067football,19,29,644,644,1,1
00067football,19,29,645,645,1,1
00067football,19,29,646,646,1,1
00067football,19,29,647,647,1,1
00067football,19,29,648,648,1,1
00067football,19,29,649,649,1,1
00067football,19,29,650,650,1,1
00067football,19,29,651,651,1,1
00067football,19,29,652,652,1,1
00067football,19,29,653,653,1,1
00067football,19,29,654,654,1,1
00067football,19,29,655,655,1,1
00067football,19,29,656,656,1,1
00067football,19,29,657,657,1,1
00067football,19,29,658,658,1,1
00067football,19,29,659,659,1,1
00067football,19,29,660,660,1,1
00067football,19,29,661,661,1,1
00067football,19,29,662,662,1,1
00067football,19,29,663,663,1,1
00067football,19,29,664,664,1,1
00067football,19,29,665,665,1,1
00067football,19,29,666,666,1,1
00067football,19,29,667,667,1,1
00067football,19,29,668,668,1,1
00067football,19,29,669,669,1,1
00067football,19,29,670,670,1,1
00067football,19,29,671,671,1,1
00067football,19,29,672,672,1,1
00067football,19,29,673,673,1,1
00067football,19,29,674,674,1,1
00067football,19,29,675,675,1,1
00067football,19,29,676,676,1,1
00067football,19,29,677,677,1,1
00067football,19,29,678,678,1,1
00067football,19,29,679,679,1,1
00067football,19,29,680,680,1,1
00067football,19,29,681,681,1,1
00067football,19,29,682,682,1,1
00067football,19,29,683,683,1,1
00067football,19,29,684,684,1,1
00067football,19,29,685,685,1,1
00067football,19,29,686,686,1,1
00067football,19,29,687,687,1,1
00067football,19,29,688,688,1,1
00067football,19,29,689,689,1,1
00067football,19,29,690,690,1,1
00067football,19,29,691,691,1,1
00067football,19,29,692,692,1,1
00067football,19,29,693,693,1,1
00067football,19,29,694,694,1,1
00067football,19,29,695,695,1,1
00067football,19,29,696,696,1,1
00067football,19,29,697,697,1,1
00067football,19,29,698,698,1,1
00067football,19,29,699,699,1,1
00067football,19,29,700,700,1,1
00067football,19,29,701,701,1,1
00067football,19,29,702,702,1,1
00067football,19,29,703,703,1,1
00067football,19,29,704,704,1,1
00067football,19,29,705,705,1,1
00067football,19,29,706,706,1,1
00067football,19,29,707,707,1,1
00067football,19,29,708,708,1,1
00067football,19,29,709,709,1,1
00067football,19,29,710,710,1,1
00067football,19,29,711,711,1,1
00067football,19,29,712,712,1,1
00067football,19,29,713,713,1,1
00067football,19,29,714,714,1,1
00067football,19,29,715,715,1,1
00067football,19,29,716,716,1,1
00067football,19,29,717,717,1,1
00067football,19,29,718,718,1,1
00067football,19,29,719,719,1,1
00067football,19,29,720,720,1,1
00067football,19,29,721,721,1,1
00067football,19,29,722,722,1,1
00067football,19,29,723,723,1,1
00067football,19,29,724,724,1,1
00067football,19,29,725,725,1,1
00067football,19,29,726,726,1,1
00067football,19,29,727,727,1,1
00067football,19,29,728,728,1,1
00067football,19,29,729,729,1,1
00067football,19,29,730,730,1,1
00067football,19,29,731,731,1,1
00067football,19,29,732,732,1,1
00067football,19,29,733,733,1,1
00067football,19,29,734,734,1,1
00067football,19,29,735,735,1,1
00067football,19,29,736,736,1,1
00067football,19,29,737,737,1,1
00067football,19,29,738,738,1,1
00067football,19,29,739,739,1,1
00067football,19,29,740,740,1,1
00067football,19,29,741,741,1,1
00067football,19,29,742,742,1,1
00067football,19,29,743,743,1,1
00067football,19,29,744,744,1,1
00067football,19,29,745,745,1,1
00067football,19,29,746,746,1,1
00067football,19,29,747,747,1,1
00067football,19,29,748,748,1,1
00067football,19,29,749,749,1,1
00067football,19,29,750,750,1,1
00067football,19,29,751,751,1,1
00067football,19,29,752,752,1,1
00067football,19,29,753,753,1,1
00067football,19,29,754,754,1,1
00067football,19,29,755,755,1,1
00067football,19,29,756,756,1,1
00067football,19,29,757,757,1,1
00067football,19,29,758,758,1,1
00067football,19,29,759,759,1,1
00067football,19,29,760,760,1,1
00067football,19,29,761,761,1,1
00067football,19,29,762,762,1,1
00067football,19,29,763,763,1,1
00067football,19,29,764,764,1,1
00067football,19,29,765,765,1,1
00067football,19,29,766,766,1,1
00067football,19,29,767,767,1,1
00067football,19,29,768,768,1,1
00067football,19,29,769,769,1,1
00067football,19,29,770,770,1,1
00067football,19,29,771,771,1,1
00067football,19,29,772,772,1,1
00067football,19,29,773,773,1,1
00067football,19,29,774,774,1,1
00067football,19,29,775,775,1,1
00067football,19,29,776,776,1,1
00067football,19,29,777,777,1,1
00067football,19,29,778,778,1,1
00067football,19,29,779,779,1,1
00067football,19,29,780,780,1,1
00067football,19,29,781,781,1,1
00067football,19,29,782,782,1,1
00067football,19,29,783,783,1,1
00067football,19,29,784,784,1,1
00067football,19,29,785,785,1,1
00067football,19,29,786,786,1,1
00067football,19,29,787,787,1,1
00067football,19,29,788,788,1,1
00067football,19,29,789,789,1,1
00067football,19,29,790,790,1,1
00067football,19,29,791,791,1,1
00067football,19,29,792,792,1,1
00067football,19,29,793,793,1,1
00067football,19,29,794,794,1,1
00067football,19,29,795,795,1,1
00067football,19,29,796,796,1,1
00067football,19,29,797,797,1,1
00067football,19,29,798,798,1,1
00067football,19,29,799,799,1,1
00067football,19,29,800,800,1,1
00067football,19,29,801,801,1,1
00067football,19,29,802,802,1,1
00067football,19,29,803,803,1,1
00067football,19,29,804,804,1,1
00067football,19,29,805,805,1,1
00067football,19,29,806,806,1,1
00067football,19,29,807,807,1,1
00067football,19,29,808,808,1,1
00067football,19,29,809,809,1,1
00067football,19,29,810,810,1,1
00067football,19,29,811,811,1,1
00067football,19,29,812,812,1,1
00067football,19,29,813,813,1,1
00067football,19,29,814,814,1,1
00067football,19,29,815,815,1,1
00067football,19,29,816,816,1,1
00067football,19,29,817,817,1,1
00067football,19,29,818,818,1,1
00067football,19,29,819,819,1,1
00067football,19,29,820,820,1,1
00067football,19,29,821,821,1,1
00067football,19,29,822,822,1,1
00067football,19,29,823,823,1,1
00067football,19,29,824,824,1,1
00067football,19,29,825,825,1,1
00067football,19,29,826,826,1,1
00067football,19,29,827,827,1,1
00067football,19,29,828,828,1,1
00067football,19,29,829,829,1,1
00067football,19,29,830,830,1,1
00067football,19,29,831,831,1,1
00067football,19,29,832,832,1,1
00067football,19,29,833,833,1,1
00067football,19,29,834,834,1,1
00067football,19,29,835,835,1,1
00067football,19,29,836,836,1,1
00067football,19,29,837,837,1,1
00067football,19,29,838,838,1,1
00067football,19,29,839,839,1,1
00067football,19,29,840,840,1,1
00067football,19,29,841,841,1,1
00067football,19,29,842,842,1,1
00067football,19,29,843,843,1,1
00067football,19,29,844,844,1,1
00067football,19,29,845,845,1,1
00067football,19,29,846,846,1,1
00067football,19,29,847,847,1,1
00067football,19,29,848,848,1,1
00067football,19,29,849,849,1,1
00067football,19,29,850,850,1,1
00067football,19,29,851,851,1,1
00067football,19,29,852,852,1,1
00067football,19,29,853,853,1,1
00067football,19,29,854,854,1,1
00067football,19,29,855,855,1,1
00067football,19,29,856,856,1,1
00067football,19,29,857,857,1,1
00067football,19,29,858,858,1,1
00067football,19,29,859,859,1,1
00067football,19,29,860,860,1,1
00067football,19,29,861,861,1,1
00067football,19,29,862,862,1,1
00067football,19,29,863,863,1,1
00067football,19,29,864,864,1,1
00067football,19,29,865,865,1,1
00067football,19,29,866,866,1,1
00067football,19,29,867,867,1,1
00067football,19,29,868,868,1,1
00067football,19,29,869,869,1,1
00067football,19,29,870,870,1,1
00067football,19,29,871,871,1,1
00067football,19,29,872,872,1,1
00067football,19,29,873,873,1,1
00067football,19,29,874,874,1,1
00067football,19,29,875,875,1,1
00067football,19,29,876,876,1,1
00067football,19,29,877,877,1,1
00067football,19,29,878,878,1,1
00067football,19,29,879,879,1,1
00067football,19,29,880,880,1,1
00067football,19,29,881,881,1,1
00067football,19,29,882,882,1,1
00067football,19,29,883,883,1,1
00067football,19,29,884,884,1,1
00067football,19,29,885,885,1,1
00067football,19,29,886,886,1,1
00067football,19,29,887,887,1,1
00067football,19,29,888,888,1,1
00067football,19,29,889,889,1,1
00067football,19,29,890,890,1,1
00067football,19,29,891,891,1,1
00067football,19,29,892,892,1,1
00067football,19,29,893,893,1,1
00067football,19,29,894,894,1,1
00067football,19,29,895,895,1,1
00067football,19,29,896,896,1,1
00067football,19,29,897,897,1,1
00067football,19,29,898,898,1,1
00067football,19,29,899,899,1,1
00067football,19,29,900,900,1,1
00067football,19,29,901,901,1,1
00067football,19,29,902,902,1,1
00067football,19,29,903,903,1,1
00067football,19,29,904,904,1,1
00067football,19,29,905,905,1,1
00067football,19,29,906,906,1,1
00067football,19,29,907,907,1,1
00067football,19,29,908,908,1,1
00067football,19,29,909,909,1,1
00067football,19,29,910,910,1,1
00067football,19,29,911,911,1,1
00067football,19,29,912,912,1,1
00067football,19,29,913,913,1,1
00067football,19,29,914,914,1,1
00067football,19,29,915,915,1,1
00067football,19,29,916,916,1,1
00067football,19,29,917,917,1,1
00067football,19,29,918,918,1,1
00067football,19,29,919,919,1,1
00067football,19,29,920,920,1,1
00067football,19,29,921,921,1,1
00067football,19,29,922,922,1,1
00067football,19,29,923,923,1,1
00067football,19,29,924,924,1,1
00067football,19,29,925,925,1,1
00067football,19,29,926,926,1,1
00067football,19,29,927,927,1,1
00067football,19,29,928,928,1,1
00067football,19,29,929,929,1,1
00067football,19,29,930,930,1,1
00067football,19,29,931,931,1,1
00067football,19,29,932,932,1,1
00067football,19,29,933,933,1,1
00067football,19,29,934,934,1,1
00067football,19,29,935,935,1,1
00067football,19,29,936,936,1,1
00067football,19,29,937,937,1,1
00067football,19,29,938,938,1,1
00067football,19,29,939,939,1,1
00067football,19,29,940,940,1,1
00067football,19,29,941,941,1,1
00067football,19,29,942,942,1,1
00067football,19,29,943,943,1,1
00067football,19,29,944,944,1,1
00067football,19,29,945,945,1,1
00067football,19,29,946,946,1,1
00067football,19,29,947,947,1,1
00067football,19,29,948,948,1,1
00067football,19,29,949,949,1,1
00067football,19,29,950,950,1,1
00067football,19,29,951,951,1,1
00067football,19,29,952,952,1,1
00067football,19,29,953,953,1,1
00067football,19,29,954,954,1,1
00067football,19,29,955,955,1,1
00067football,19,29,956,956,1,1
00067football,19,29,957,957,1,1
00067football,19,29,958,958,1,1
00067football,19,29,959,959,1,1
00067football,19,29,960,960,1,1
00067football,19,29,961,961,1,1
00067football,19,29,962,962,1,1
00067football,19,29,963,963,1,1
00067football,19,29,964,964,1,1
00067football,19,29,965,965,1,1
00067football,19,29,966,966,1,1
00067football,19,29,967,967,1,1
00067football,19,29,968,968,1,1
00067football,19,29,969,969,1,1
00067football,19,29,970,970,1,1
00067football,19,29,971,971,1,1
00067football,19,29,972,972,1,1
00067football,19,29,973,973,1,1
00067football,19,29,974,974,1,1
00067football,19,29,975,975,1,1
00067football,19,29,976,976,1,1
00067football,19,29,977,977,1,1
00067football,19,29,978,978,1,1
00067football,19,29,979,979,1,1
00067football,19,29,980,980,1,1
00067football,19,29,981,981,1,1
00067football,19,29,982,982,1,1
00067football,19,29,983,983,1,1
00067football,19,29,984,984,1,1
00067football,19,29,985,985,1,1
00067football,19,29,986,986,1,1
00067football,19,29,987,987,1,1
00067football,19,29,988,988,1,1
00067football,19,29,989,989,1,1
00067football,19,29,990,990,1,1
00067football,19,29,991,991,1,1
00067football,19,29,992,992,1,1
00067football,19,29,993,993,1,1
00067football,19,29,994,994,1,1
00067football,19,29,995,995,1,1
00067football,19,29,996,996,1,1
00067football,19,29,997,997,1,1
00067football,19,29,998,998,1,1
00067football,19,29,999,999,1,1
00067football,19,29,1000,1000,1,1
00067football,19,29,1001,1001,1,1
00067football,19,29,1002,1002,1,1
00067football,19,29,1003,1003,1,1
00067football,19,29,1004,1004,1,1
00067football,19,29,1005,1005,1,1
00067football,19,29,1006,1006,1,1
00067football,19,29,1007,1007,1,1
00067football,19,29,1008,1008,1,1
00067football,19,29,1009,1009,1,1
00067football,19,29,1010,1010,1,1
00067football,19,29,1011,1011,1,1
00067football,19,29,1012,1012,1,1
00067football,19,29,1013,1013,1,1
00067football,19,29,1014,1014,1,1
00067football,19,29,1015,1015,1,1
00067football,19,29,1016,1016,1,1
00067football,19,29,1017,1017,1,1
00067football,19,29,1018,1018,1,1
00067football,19,29,1019,1019,1,1
00067football,19,29,1020,1021,3,2
00067football,19,29,1022,1043,44,2
00067football,20,41,900,900,1,1
00067football,20,41,1026,1026,1,1
00067football,21,21,83,83,1,1
00067football,21,21,92,92,1,1
00067football,21,21,93,93,1,1
00067football,21,21,94,94,1,1
00067football,21,21,95,95,1,1
00067football,21,21,96,96,1,1
00067football,21,21,97,97,1,1
00067football,21,21,98,98,1,1
00067football,21,21,100,100,1,1
00067football,21,21,101,101,1,1
00067football,21,21,102,102,1,1
00067football,21,21,103,103,1,1
00067football,21,21,104,104,1,1
00067football,21,21,105,105,1,1
00067football,21,21,106,106,1,1
00067football,21,21,107,107,1,1
00067football,21,21,108,108,1,1
00067football,21,21,109,109,1,1
00067football,21,21,110,110,1,1
00067football,21,21,111,111,1,1
00067football,21,21,112,112,1,1
00067football,21,21,113,113,1,1
00067football,21,21,114,114,1,1
00067football,21,21,115,115,1,1
00067football,21,21,116,116,1,1
00067football,21,21,117,117,1,1
00067football,21,21,118,119,2,1
00067football,21,21,120,120,1,1
00067football,21,21,121,121,1,1
00067football,21,21,122,122,1,1
00067football,21,21,123,123,1,1
00067football,21,21,124,124,1,1
00067football,21,21,125,125,1,1
00067football,21,21,126,126,1,1
00067football,21,21,127,127,1,1
00067football,21,21,128,128,1,1
00067football,21,21,129,129,1,1
00067football,21,21,130,130,1,1
00067football,21,21,131,131,1,1
00067football,21,21,132,132,1,1
00067football,21,21,133,133,1,1
00067football,21,21,134,134,1,1
00067football,21,21,135,135,1,1
00067football,21,21,136,136,1,1
00067football,21,21,137,137,1,1
00067football,21,21,138,138,1,1
00067football,21,21,139,139,1,1
00067football,21,21,140,140,1,1
00067football,21,21,141,149,17,2
00067football,21,21,150,150,1,1
00067football,21,21,151,151,1,1
00067football,21,21,152,152,1,1
00067football,21,21,153,153,1,1
00067football,21,21,154,154,1,1
00067football,21,21,155,155,1,1
00067football,21,21,156,156,1,1
00067football,21,21,157,157,1,1
00067football,21,21,158,158,1,1
00067football,21,21,159,159,1,1
00067football,21,21,160,160,1,1
00067football,21,21,161,161,1,1
00067football,21,21,162,162,1,1
00067football,21,21,163,163,1,1
00067football,21,21,164,164,1,1
00067football,21,21,165,165,1,1
00067football,21,21,166,166,1,1
00067football,21,21,167,167,1,1
00067football,21,21,168,168,1,1
00067football,21,21,169,169,1,1
00067football,21,21,170,170,1,1
00067football,21,21,171,171,1,1
00067football,21,21,172,172,1,1
00067football,21,21,173,173,1,1
00067football,21,21,174,174,1,1
00067football,21,21,175,175,1,1
00067football,21,21,176,176,1,1
00067football,21,21,177,177,1,1
00067football,21,21,178,178,1,1
00067football,21,21,179,179,1,1
00067football,21,21,180,180,1,1
00067football,21,21,181,181,1,1
00067football,21,21,182,182,1,1
00067football,21,21,183,183,1,1
00067football,21,21,184,184,1,1
00067football,21,21,185,185,1,1
00067football,21,21,186,186,1,1
00067football,21,21,187,187,1,1
00067football,21,21,188,188,1,1
00067football,21,21,189,189,1,1
00067football,21,21,190,190,1,1
00067football,21,21,191,191,1,1
00067football,21,21,192,192,1,1
00067football,21,21,193,193,1,1
00067football,21,21,194,194,1,1
00067football,21,21,195,195,1,1
00067football,21,21,196,196,1,1
00067football,21,21,197,197,1,1
00067football,21,21,198,198,1,1
00067football,21,21,199,199,1,1
00067football,21,21,200,200,1,1
00067football,21,21,201,201,1,1
00067football,21,21,202,202,1,1
00067football,21,21,203,203,1,1
00067football,21,21,204,204,1,1
00067football,21,21,205,205,1,1
00067football,21,21,206,206,1,1
00067football,21,21,207,207,1,1
00067football,21,21,208,208,1,1
00067football,21,21,209,209,1,1
00067football,21,21,210,210,1,1
00067football,21,21,211,211,1,1
00067football,21,21,212,212,1,1
00067football,21,21,213,213,1,1
00067football,21,21,214,214,1,1
00067football,21,21,215,215,1,1
00067football,21,21,216,216,1,1
00067football,21,21,217,217,1,1
00067football,21,21,218,218,1,1
00067football,21,21,219,219,1,1
00067football,21,21,220,220,1,1
00067football,21,21,221,221,1,1
00067football,21,21,222,222,1,1
00067football,21,21,223,223,1,1
00067football,21,21,224,224,1,1
00067football,21,21,225,225,1,1
00067football,21,21,226,226,1,1
00067football,21,21,227,227,1,1
00067football,21,21,228,228,1,1
00067football,21,21,229,229,1,1
00067football,21,21,230,230,1,1
00067football,21,21,231,231,1,1
00067football,21,21,232,232,1,1
00067football,21,21,233,233,1,1
00067football,21,21,234,234,1,1
00067football,21,21,235,235,1,1
00067football,21,21,236,236,1,1
00067football,21,21,237,237,1,1
00067football,21,21,238,238,1,1
00067football,21,21,239,239,1,1
00067football,21,21,240,240,1,1
00067football,21,21,241,241,1,1
00067football,21,21,242,242,1,1
00067football,21,21,243,243,1,1
00067football,21,21,244,244,1,1
00067football,21,21,245,245,1,1
00067football,21,21,246,246,1,1
00067football,21,21,247,247,1,1
00067football,21,21,248,248,1,1
00067football,21,21,249,249,1,1
00067football,21,21,250,250,1,1
00067football,21,21,251,251,1,1
00067football,21,21,252,252,1,1
00067football,21,21,253,253,1,1
00067football,21,21,254,254,1,1
00067football,21,21,255,255,1,1
00067football,21,21,256,256,1,1
00067football,21,21,257,257,1,1
00067football,21,21,258,258,1,1
00067football,21,21,259,259,1,1
00067football,21,21,260,260,1,1
00067football,21,21,261,261,1,1
00067football,21,21,262,262,1,1
00067football,21,21,263,263,1,1
00067football,21,21,264,264,1,1
00067football,21,21,265,265,1,1
00067football,21,21,266,266,1,1
00067football,21,21,267,267,1,1
00067football,21,21,268,268,1,1
00067football,21,21,269,269,1,1
00067football,21,21,270,270,1,1
00067football,21,21,271,271,1,1
00067football,21,21,272,272,1,1
00067football,21,21,273,273,1,1
00067football,21,21,274,274,1,1
00067football,21,21,275,275,1,1
00067football,21,21,276,276,1,1
00067football,21,21,277,277,1,1
00067football,21,21,278,278,1,1
00067football,21,21,279,279,1,1
00067football,21,21,280,280,1,1
00067football,21,21,281,281,1,1
00067football,21,21,282,282,1,1
00067football,21,21,283,283,1,1
00067football,21,21,284,284,1,1
00067football,21,21,285,285,1,1
00067football,21,21,286,286,1,1
00067football,21,21,287,287,1,1
00067football,21,21,288,288,1,1
00067football,21,21,289,289,1,1
00067football,21,21,290,290,1,1
00067football,21,21,291,291,1,1
00067football,21,21,292,292,1,1
00067football,21,21,293,293,1,1
00067football,21,21,294,294,1,1
00067football,21,21,295,295,1,1
00067football,21,21,296,296,1,1
00067football,21,21,297,297,1,1
00067football,21,21,298,298,1,1
00067football,21,21,299,299,1,1
00067football,21,21,300,300,1,1
00067football,21,21,301,301,1,1
00067football,21,21,302,302,1,1
00067football,21,21,303,303,1,1
00067football,21,21,304,304,1,1
00067football,21,21,305,305,1,1
00067football,21,21,306,306,1,1
00067football,21,21,307,307,1,1
00067football,21,21,308,308,1,1
00067football,21,21,309,309,1,1
00067football,21,21,310,310,1,1
00067football,21,21,311,311,1,1
00067football,21,21,312,312,1,1
00067football,21,21,313,313,1,1
00067football,21,21,314,314,1,1
00067football,21,21,315,315,1,1
00067football,21,21,316,316,1,1
00067football,21,21,317,317,1,1
00067football,21,21,318,318,1,1
00067football,21,21,319,319,1,1
00067football,21,21,320,320,1,1
00067football,21,21,321,321,1,1
00067football,21,21,322,322,1,1
00067football,21,21,323,323,1,1
00067football,21,21,324,324,1,1
00067football,21,21,325,325,1,1
00067football,21,21,326,326,1,1
00067football,21,21,327,327,1,1
00067football,21,21,328,328,1,1
00067football,21,21,329,329,1,1
00067football,21,21,330,330,1,1
00067football,21,21,331,331,1,1
00067football,21,21,332,332,1,1
00067football,21,21,333,333,1,1
00067football,21,21,334,334,1,1
00067football,21,21,335,335,1,1
00067football,21,21,336,336,1,1
00067football,21,21,337,337,1,1
00067football,21,21,338,338,1,1
00067football,21,21,339,339,1,1
00067football,21,21,340,340,1,1
00067football,21,21,341,341,1,1
00067football,21,21,342,342,1,1
00067football,21,21,343,343,1,1
00067football,21,21,344,344,1,1
00067football,21,21,345,345,1,1
00067football,21,21,346,346,1,1
00067football,21,21,347,347,1,1
00067football,21,21,348,348,1,1
00067football,21,21,349,349,1,1
00067football,21,21,350,350,1,1
00067football,21,21,351,351,1,1
00067football,21,21,352,352,1,1
00067football,21,21,353,353,1,1
00067football,21,21,354,354,1,1
00067football,21,21,355,355,1,1
00067football,21,21,356,356,1,1
00067football,21,21,357,357,1,1
00067football,21,21,358,358,1,1
00067football,21,21,359,359,1,1
00067football,21,21,360,360,1,1
00067football,21,21,361,361,1,1
00067football,21,21,362,362,1,1
00067football,21,21,363,363,1,1
00067football,21,21,364,364,1,1
00067football,21,21,365,365,1,1
00067football,21,21,366,366,1,1
00067football,21,21,367,367,1,1
00067football,21,21,368,368,1,1
00067football,21,21,369,369,1,1
00067football,21,21,370,370,1,1
00067football,21,21,371,371,1,1
00067football,21,21,372,372,1,1
00067football,21,21,373,373,1,1
00067football,21,21,374,374,1,1
00067football,21,21,375,375,1,1
00067football,21,21,376,376,1,1
00067football,21,21,377,377,1,1
00067football,21,21,378,378,1,1
00067football,21,21,379,379,1,1
00067football,21,21,380,380,1,1
00067football,21,21,381,381,1,1
00067football,21,21,382,382,1,1
00067football,21,21,383,383,1,1
00067football,21,21,384,384,1,1
00067football,21,21,385,385,1,1
00067football,21,21,386,386,1,1
00067football,21,21,387,387,1,1
00067football,21,21,388,388,1,1
00067football,21,21,389,389,1,1
00067football,21,21,390,390,1,1
00067football,21,21,391,391,1,1
00067football,21,21,392,392,1,1
00067football,21,21,393,393,1,1
00067football,21,21,394,394,1,1
00067football,21,21,395,395,1,1
00067football,21,21,396,396,1,1
00067football,21,21,397,397,1,1
00067football,21,21,398,398,1,1
00067football,21,21,399,399,1,1
00067football,21,21,400,400,1,1
00067football,21,21,401,401,1,1
00067football,21,21,402,402,1,1
00067football,21,21,403,403,1,1
00067football,21,21,404,404,1,1
00067football,21,21,405,405,1,1
00067football,21,21,406,406,1,1
00067football,21,21,407,407,1,1
00067football,21,21,408,408,1,1
00067football,21,21,409,409,1,1
00067football,21,21,410,411,3,2
00067football,21,21,412,412,1,1
00067football,21,21,413,413,1,1
00067football,21,21,414,414,1,1
00067football,21,21,415,415,1,1
00067football,21,21,416,416,1,1
00067football,21,21,417,417,1,1
00067football,21,21,418,418,1,1
00067football,21,21,419,419,1,1
00067football,21,21,420,420,1,1
00067football,21,21,421,421,1,1
00067football,21,21,422,422,1,1
00067football,21,21,423,423,1,1
00067football,21,21,424,424,1,1
00067football,21,21,425,425,1,1
00067football,21,21,440,440,1,1
00067football,21,21,441,441,1,1
00067football,21,21,501,501,1,1
00067football,21,21,502,502,1,1
00067football,21,21,507,507,1,1
00067football,21,21,509,509,1,1
00067football,21,21,517,517,1,1
00067football,21,21,526,526,1,1
00067football,21,21,527,527,1,1
00067football,21,21,528,528,1,1
00067football,21,21,529,529,1,1
00067football,21,21,530,530,1,1
00067football,21,21,531,531,1,1
00067football,21,21,540,540,1,1
00067football,21,21,541,541,1,1
00067football,21,21,542,542,1,1
00067football,21,21,543,543,1,1
00067football,21,21,544,544,1,1
00067football,21,21,545,545,1,1
00067football,21,21,546,546,1,1
00067football,21,21,547,547,1,1
00067football,21,21,548,548,1,1
00067football,21,21,549,549,1,1
00067football,21,21,550,550,1,1
00067football,21,21,551,551,1,1
00067football,21,21,552,552,1,1
00067football,21,21,553,553,1,1
00067football,21,21,554,554,1,1
00067football,21,21,555,555,1,1
00067football,21,21,556,556,1,1
00067football,21,21,557,557,1,1
00067football,21,21,558,558,1,1
00067football,21,21,559,559,1,1
00067football,21,21,560,560,1,1
00067football,21,21,561,561,1,1
00067football,21,21,562,562,1,1
00067football,21,21,563,563,1,1
00067football,21,21,564,564,1,1
00067football,21,21,565,565,1,1
00067football,21,21,567,567,1,1
00067football,21,21,568,568,1,1
00067football,21,21,569,569,1,1
00067football,21,21,570,570,1,1
00067football,21,21,571,571,1,1
00067football,21,21,572,572,1,1
00067football,21,21,573,573,1,1
00067football,21,21,818,818,1,1
00067football,21,21,819,819,1,1
00067football,21,21,820,820,1,1
00067football,21,21,821,821,1,1
00067football,21,21,822,822,1,1
00067football,21,21,823,823,1,1
00067football,21,21,824,824,1,1
00067football,21,21,825,825,1,1
00067football,21,21,826,826,1,1
00067football,21,21,827,827,1,1
00067football,21,21,828,828,1,1
00067football,21,21,829,829,1,1
00067football,21,21,830,830,1,1
00067football,21,21,831,831,1,1
00067football,21,21,832,832,1,1
00067football,21,21,833,833,1,1
00067football,21,21,834,834,1,1
00067football,21,21,835,835,1,1
00067football,21,21,836,836,1,1
00067football,21,21,837,837,1,1
00067football,21,21,838,838,1,1
00067football,21,21,839,839,1,1
00067football,21,21,840,840,1,1
00067football,21,21,841,841,1,1
00067football,21,21,842,842,1,1
00067football,21,21,843,843,1,1
00067football,21,21,844,844,1,1
00067football,21,21,845,845,1,1
00067football,21,21,846,846,1,1
00067football,21,21,847,847,1,1
00067football,21,21,848,848,1,1
00067football,21,21,849,849,1,1
00067football,21,21,850,850,1,1
00067football,21,21,851,851,1,1
00067football,21,21,852,852,1,1
00067football,21,21,853,853,1,1
00067football,21,21,854,854,1,1
00067football,21,21,855,855,1,1
00067football,21,21,856,856,1,1
00067football,21,21,857,857,1,1
00067football,21,21,858,858,1,1
00067football,21,21,859,859,1,1
00067football,21,21,860,860,1,1
00067football,21,21,861,861,1,1
00067football,21,21,862,862,1,1
00067football,21,21,863,863,1,1
00067football,21,21,864,864,1,1
00067football,21,21,865,865,1,1
00067football,21,21,866,866,1,1
00067football,21,21,867,867,1,1
00067football,21,21,868,868,1,1
00067football,21,21,869,869,1,1
00067football,21,21,870,870,1,1
00067football,21,21,871,871,1,1
00067football,21,21,872,872,1,1
00067football,21,21,873,873,1,1
00067football,21,21,874,874,1,1
00067football,21,21,875,875,1,1
00067football,21,21,876,876,1,1
00067football,21,21,877,877,1,1
00067football,21,21,878,878,1,1
00067football,21,21,879,879,1,1
00067football,21,21,880,880,1,1
00067football,21,21,881,881,1,1
00067football,21,21,882,882,1,1
00067football,21,21,883,883,1,1
00067football,21,21,884,884,1,1
00067football,21,21,885,885,1,1
00067football,21,21,886,886,1,1
00067football,21,21,887,887,1,1
00067football,21,21,888,888,1,1
00067football,21,21,889,889,1,1
00067football,21,21,890,890,1,1
00067football,21,21,891,891,1,1
00067football,21,21,892,892,1,1
00067football,21,21,893,893,1,1
00067football,21,21,894,894,1,1
00067football,21,21,895,895,1,1
00067football,21,21,896,896,1,1
00067football,21,21,897,897,1,1
00067football,21,21,898,898,1,1
00067football,21,21,899,899,1,1
00067football,21,21,900,900,1,1
00067football,21,21,901,901,1,1
00067football,21,21,902,902,1,1
00067football,21,21,903,903,1,1
00067football,21,21,904,904,1,1
00067football,21,21,905,905,1,1
00067football,21,21,906,906,1,1
00067football,21,21,907,907,1,1
00067football,21,21,908,908,1,1
00067football,21,21,909,909,1,1
00067football,21,21,910,910,1,1
00067football,21,21,911,911,1,1
00067football,21,21,912,912,1,1
00067football,21,21,913,913,1,1
00067football,21,21,914,914,1,1
00067football,21,21,915,915,1,1
00067football,21,21,916,916,1,1
00067football,21,21,917,917,1,1
00067football,21,21,918,918,1,1
00067football,21,21,919,919,1,1
00067football,21,21,920,920,1,1
00067football,21,21,921,921,1,1
00067football,21,21,922,922,1,1
00067football,21,21,923,923,1,1
00067football,21,21,924,924,1,1
00067football,21,21,925,925,1,1
00067football,21,21,926,926,1,1
00067football,21,21,927,927,1,1
00067football,21,21,928,928,1,1
00067football,21,21,929,929,1,1
00067football,21,21,930,930,1,1
00067football,21,21,931,931,1,1
00067football,21,21,932,932,1,1
00067football,21,21,933,933,1,1
00067football,21,21,934,934,1,1
00067football,21,21,935,935,1,1
00067football,21,21,936,936,1,1
00067football,21,21,937,937,1,1
00067football,21,21,938,938,1,1
00067football,21,21,939,939,1,1
00067football,21,21,940,940,1,1
00067football,21,21,941,941,1,1
00067football,21,21,942,942,1,1
00067football,21,21,943,943,1,1
00067football,21,21,944,944,1,1
00067football,21,21,945,945,1,1
00067football,21,21,946,946,1,1
00067football,21,21,947,947,1,1
00067football,21,21,948,948,1,1
00067football,21,21,949,949,1,1
00067football,21,21,950,950,1,1
00067football,21,21,951,951,1,1
00067football,21,21,952,952,1,1
00067football,21,21,953,953,1,1
00067football,21,21,954,954,1,1
00067football,21,21,955,955,1,1
00067football,21,21,956,956,1,1
00067football,21,21,957,957,1,1
00067football,21,21,959,959,1,1
00067football,21,21,961,961,1,1
00067football,21,21,962,962,1,1
00067football,21,21,963,963,1,1
00067football,21,21,964,964,1,1
00067football,21,21,965,965,1,1
00067football,21,21,966,966,1,1
00067football,21,21,967,967,1,1
00067football,21,21,968,968,1,1
00067football,21,21,969,969,1,1
00067football,21,21,970,970,1,1
00067football,21,21,971,971,1,1
00067football,21,21,972,972,1,1
00067football,21,21,973,973,1,1
00067football,21,21,974,974,1,1
00067football,21,21,975,975,1,1
00067football,21,21,976,976,1,1
00067football,21,21,977,977,1,1
00067football,21,21,978,978,1,1
00067football,21,21,979,979,1,1
00067football,21,21,980,980,1,1
00067football,21,21,981,981,1,1
00067football,21,21,982,982,1,1
00067football,21,21,983,983,1,1
00067football,21,21,984,984,1,1
00067football,21,21,985,985,1,1
00067football,21,21,986,986,1,1
00067football,21,21,987,987,1,1
00067football,21,21,988,988,1,1
00067football,21,21,989,989,1,1
00067football,21,21,990,990,1,1
00067football,21,21,991,991,1,1
00067football,21,21,992,992,1,1
00067football,21,21,993,993,1,1
00067football,21,21,994,994,1,1
00067football,21,21,995,995,1,1
00067football,21,21,996,996,1,1
00067football,21,21,997,997,1,1
00067football,21,21,998,998,1,1
00067football,21,21,999,999,1,1
00067football,21,21,1000,1000,1,1
00067football,21,21,1001,1001,1,1
00067football,21,21,1002,1002,1,1
00067football,21,21,1003,1003,1,1
00067football,21,21,1004,1004,1,1
00067football,21,21,1005,1005,1,1
00067football,21,21,1006,1006,1,1
00067football,21,21,1007,1007,1,1
00067football,21,21,1008,1008,1,1
00067football,21,21,1009,1009,1,1
00067football,21,21,1010,1010,1,1
00067football,21,21,1011,1011,1,1
00067football,21,21,1012,1012,1,1
00067football,21,21,1013,1013,1,1
00067football,21,21,1014,1014,1,1
00067football,21,21,1015,1015,1,1
00067football,21,21,1016,1016,1,1
00067football,21,21,1017,1018,2,1
00067football,21,21,1019,1020,2,1
00067football,21,21,1021,1021,1,1
00067football,21,21,1022,1022,1,1
00067football,21,21,1023,1023,1,1
00067football,21,21,1024,1024,1,1
00067football,21,21,1025,1025,1,1
00067football,21,21,1026,1026,1,1
00067football,21,21,1027,1027,1,1
00067football,21,21,1028,1028,1,1
00067football,21,21,1029,1029,1,1
00067football,21,21,1030,1030,1,1
00067football,21,21,1031,1031,1,1
00067football,21,21,1032,1032,1,1
00067football,21,21,1033,1033,1,1
00067football,21,21,1034,1034,1,1
00067football,21,21,1035,1035,1,1
00067football,21,21,1036,1036,1,1
00067football,21,21,1037,1037,1,1
00067football,21,21,1038,1038,1,1
00067football,21,21,1039,1039,1,1
00067football,21,21,1040,1040,1,1
00067football,21,21,1041,1041,1,1
00067football,21,21,1042,1042,1,1
00067football,21,21,1043,1043,1,1
00067football,22,26,70,70,1,1
00067football,22,26,71,71,1,1
00067football,22,26,185,185,1,1
00067football,22,26,186,186,1,1
00067football,22,26,187,187,1,1
00067football,22,26,188,188,1,1
00067football,22,26,189,189,1,1
00067football,22,26,190,190,1,1
00067football,22,26,191,191,1,1
00067football,22,26,192,192,1,1
00067football,22,26,193,193,1,1
00067football,22,26,194,194,1,1
00067football,22,26,195,195,1,1
00067football,22,26,216,216,1,1
00067football,22,26,320,321,2,1
00067football,22,26,325,325,1,1
00067football,22,26,328,328,1,1
00067football,22,26,426,426,1,1
00067football,22,26,427,427,1,1
00067football,22,26,428,428,1,1
00067football,22,26,429,429,1,1
00067football,22,26,430,430,1,1
00067football,22,26,431,431,1,1
00067football,22,26,432,432,1,1
00067football,22,26,433,433,1,1
00067football,22,26,434,434,1,1
00067football,22,26,435,435,1,1
00067football,22,26,464,464,1,1
00067football,22,26,465,465,1,1
00067football,22,26,466,466,1,1
00067football,22,26,467,467,1,1
00067football,22,26,468,468,1,1
00067football,22,26,469,469,1,1
00067football,22,26,470,470,1,1
00067football,22,26,471,471,1,1
00067football,22,26,472,472,1,1
00067football,22,26,473,473,1,1
00067football,22,26,474,474,1,1
00067football,22,26,559,559,1,1
00067football,22,26,562,562,1,1
00067football,22,26,564,564,1,1
00067football,22,26,565,565,1,1
00067football,22,26,566,566,1,1
00067football,22,26,570,570,1,1
00067football,22,26,571,571,1,1
00067football,22,26,576,576,1,1
00067football,22,26,578,578,1,1
00067football,22,26,579,579,1,1
00067football,22,26,581,581,1,1
00067football,22,26,582,582,1,1
00067football,22,26,583,583,1,1
00067football,22,26,584,584,1,1
00067football,22,26,585,585,1,1
00067football,22,26,589,595,13,2
00067football,22,26,596,1043,840,2
00067football,24,25,2,2,1,1
00067football,24,25,3,3,1,1
00067football,24,25,4,4,1,1
00067football,24,25,17,17,1,1
00067football,24,25,18,18,1,1
00067football,24,25,19,19,1,1
00067football,24,25,20,20,1,1
00067football,24,25,21,21,1,1
00067football,24,25,24,24,1,1
00067football,24,25,61,61,1,1
00067football,24,25,63,63,1,1
00067football,24,25,65,65,1,1
00067football,24,25,66,66,1,1
00067football,24,25,69,69,1,1
00067football,24,25,87,87,1,1
00067football,24,25,88,88,1,1
00067football,24,25,89,89,1,1
00067football,24,25,91,91,1,1
00067football,24,25,98,98,1,1
00067football,24,25,99,99,1,1
00067football,24,25,100,100,1,1
00067football,24,25,102,102,1,1
00067football,24,25,103,103,1,1
00067football,24,25,117,117,1,1
00067football,24,25,121,121,1,1
00067football,24,25,128,128,1,1
00067football,24,25,134,134,1,1
00067football,24,25,142,142,1,1
00067football,24,25,144,144,1,1
00067football,24,25,145,145,1,1
00067football,24,25,391,391,1,1
00067football,24,25,392,392,1,1
00067football,24,25,394,394,1,1
00067football,24,25,395,395,1,1
00067football,24,25,397,397,1,1
00067football,24,25,398,398,1,1
00067football,24,25,409,409,1,1
00067football,24,25,411,411,1,1
00067football,24,25,417,417,1,1
00067football,24,25,418,418,1,1
00067football,24,25,455,455,1,1
00067football,24,25,456,456,1,1
00067football,24,25,457,457,1,1
00067football,24,25,458,458,1,1
00067football,24,25,647,647,1,1
00067football,24,25,648,648,1,1
00067football,24,25,649,649,1,1
00067football,24,25,650,650,1,1
00067football,24,25,651,651,1,1
00067football,24,25,652,652,1,1
00067football,24,25,653,653,1,1
00067football,24,25,654,654,1,1
00067football,24,25,655,655,1,1
00067football,24,25,656,656,1,1
00067football,24,25,657,657,1,1
00067football,24,25,658,658,1,1
00067football,24,25,659,659,1,1
00067football,24,25,660,660,1,1
00067football,24,25,661,661,1,1
00067football,24,25,662,662,1,1
00067football,24,25,663,663,1,1
00067football,24,25,664,664,1,1
00067football,24,25,665,665,1,1
00067football,24,25,666,666,1,1
00067football,24,25,667,667,1,1
00067football,24,25,668,668,1,1
00067football,24,25,669,669,1,1
00067football,24,25,670,670,1,1
00067football,24,25,671,671,1,1
00067football,24,25,672,672,1,1
00067football,24,25,673,673,1,1
00067football,24,25,674,674,1,1
00067football,24,25,675,675,1,1
00067football,24,25,676,676,1,1
00067football,24,25,677,677,1,1
00067football,24,25,678,678,1,1
00067football,24,25,679,679,1,1
00067football,24,25,680,680,1,1
00067football,24,25,681,681,1,1
00067football,24,25,682,682,1,1
00067football,24,25,683,683,1,1
00067football,24,25,684,684,1,1
00067football,24,25,685,685,1,1
00067football,24,25,686,686,1,1
00067football,24,25,687,687,1,1
00067football,24,25,688,688,1,1
00067football,24,25,689,689,1,1
00067football,24,25,690,690,1,1
00067football,24,25,691,691,1,1
00067football,24,25,692,692,1,1
00067football,24,25,693,693,1,1
00067football,24,25,694,694,1,1
00067football,24,25,695,695,1,1
00067football,24,25,696,696,1,1
00067football,24,25,697,697,1,1
00067football,24,25,698,698,1,1
00067football,24,25,699,699,1,1
00067football,24,25,700,700,1,1
00067football,24,25,701,701,1,1
00067football,24,25,702,702,1,1
00067football,24,25,703,703,1,1
00067football,24,25,704,704,1,1
00067football,24,25,705,705,1,1
00067football,24,25,706,706,1,1
00067football,24,25,707,707,1,1
00067football,24,25,708,708,1,1
00067football,24,25,709,709,1,1
00067football,24,25,710,710,1,1
00067football,24,25,711,711,1,1
00067football,24,25,712,712,1,1
00067football,24,25,713,713,1,1
00067football,24,25,714,714,1,1
00067football,24,25,715,715,1,1
00067football,24,25,716,716,1,1
00067football,24,25,717,717,1,1
00067football,24,25,718,718,1,1
00067football,24,25,719,719,1,1
00067football,24,25,720,720,1,1
00067football,24,25,721,721,1,1
00067football,24,25,722,722,1,1
00067football,24,25,723,723,1,1
00067football,24,25,724,724,1,1
00067football,24,25,725,725,1,1
00067football,24,25,726,726,1,1
00067football,24,25,727,727,1,1
00067football,24,25,734,734,1,1
00067football,24,25,744,744,1,1
00067football,24,25,745,745,1,1
00067football,24,25,747,747,1,1
00067football,24,25,838,838,1,1
00067football,24,25,887,889,3,1
00067football,24,25,907,907,1,1
00067football,24,25,918,918,1,1
00067football,24,25,929,930,2,1
00067football,24,25,938,964,30,2
00067football,24,25,965,965,1,1
00067football,24,25,966,966,2,2
00067football,24,25,969,969,1,1
00067football,24,25,982,982,1,1
00067football,24,25,984,1043,89,2
00067football,25,20,1,2,3,2
00067football,25,20,3,3,1,1
00067football,25,20,4,4,1,1
00067football,25,20,5,5,1,1
00067football,25,20,6,6,1,1
00067football,25,20,7,7,1,1
00067football,25,20,8,8,1,1
00067football,25,20,9,9,1,1
00067football,25,20,10,10,1,1
00067football,25,20,11,11,1,1
00067football,25,20,12,12,1,1
00067football,25,20,13,13,1,1
00067football,25,20,14,14,1,1
00067football,25,20,15,15,1,1
00067football,25,20,16,16,1,1
00067football,25,20,17,17,1,1
00067football,25,20,18,18,1,1
00067football,25,20,19,19,1,1
00067football,25,20,20,20,1,1
00067football,25,20,21,21,1,1
00067football,25,20,22,22,1,1
00067football,25,20,23,23,1,1
00067football,25,20,24,24,1,1
00067football,25,20,25,25,1,1
00067football,25,20,26,26,1,1
00067football,25,20,27,27,1,1
00067football,25,20,28,28,1,1
00067football,25,20,29,29,1,1
00067football,25,20,30,30,1,1
00067football,25,20,31,31,1,1
00067football,25,20,32,32,1,1
00067football,25,20,33,33,1,1
00067football,25,20,34,34,1,1
00067football,25,20,35,35,1,1
00067football,25,20,36,36,1,1
00067football,25,20,37,37,1,1
00067football,25,20,38,38,1,1
00067football,25,20,39,39,1,1
00067football,25,20,40,40,1,1
00067football,25,20,41,41,1,1
00067football,25,20,42,42,1,1
00067football,25,20,43,43,1,1
00067football,25,20,44,44,1,1
00067football,25,20,45,45,1,1
00067football,25,20,46,46,1,1
00067football,25,20,47,47,1,1
00067football,25,20,48,48,1,1
00067football,25,20,49,49,1,1
00067football,25,20,50,50,1,1
00067football,25,20,51,51,1,1
00067football,25,20,52,52,1,1
00067football,25,20,53,53,1,1
00067football,25,20,54,54,1,1
00067football,25,20,55,55,1,1
00067football,25,20,56,56,1,1
00067football,25,20,57,57,1,1
00067football,25,20,58,58,1,1
00067football,25,20,59,59,1,1
00067football,25,20,60,60,1,1
00067football,25,20,61,61,1,1
00067football,25,20,62,62,1,1
00067football,25,20,63,63,1,1
00067football,25,20,64,64,1,1
00067football,25,20,65,65,1,1
00067football,25,20,66,66,1,1
00067football,25,20,67,69,4,2
00067football,25,20,70,73,7,2
00067football,25,20,74,101,41,2
00067football,25,20,102,115,24,2
00067football,25,20,116,117,3,2
00067football,25,20,118,118,1,1
00067football,25,20,119,119,1,1
00067football,25,20,120,120,1,1
00067football,25,20,121,121,1,1
00067football,25,20,122,122,1,1
00067football,25,20,123,123,1,1
00067football,25,20,124,124,1,1
00067football,25,20,125,125,1,1
00067football,25,20,126,126,1,1
00067football,25,20,127,127,1,1
00067football,25,20,128,128,1,1
00067football,25,20,129,129,1,1
00067football,25,20,130,130,1,1
00067football,25,20,131,131,1,1
00067football,25,20,132,132,1,1
00067football,25,20,133,133,1,1
00067football,25,20,134,134,1,1
00067football,25,20,135,135,1,1
00067football,25,20,136,136,1,1
00067football,25,20,137,137,1,1
00067football,25,20,138,138,1,1
00067football,25,20,139,139,1,1
00067football,25,20,140,140,1,1
00067football,25,20,141,141,1,1
00067football,25,20,146,146,1,1
00067football,25,20,148,148,1,1
00067football,25,20,238,238,1,1
00067football,25,20,239,239,1,1
00067football,25,20,240,240,1,1
00067football,25,20,241,241,1,1
00067football,25,20,242,242,1,1
00067football,25,20,243,243,1,1
00067football,25,20,244,244,1,1
00067football,25,20,245,245,1,1
00067football,25,20,246,246,1,1
00067football,25,20,247,247,1,1
00067football,25,20,248,248,1,1
00067football,25,20,249,249,1,1
00067football,25,20,250,250,1,1
00067football,25,20,251,251,1,1
00067football,25,20,252,252,1,1
00067football,25,20,253,253,1,1
00067football,25,20,254,254,1,1
00067football,25,20,255,255,1,1
00067football,25,20,256,256,1,1
00067football,25,20,257,257,1,1
00067football,25,20,258,258,1,1
00067football,25,20,259,259,1,1
00067football,25,20,260,260,1,1
00067football,25,20,261,261,1,1
00067football,25,20,262,262,1,1
00067football,25,20,263,263,1,1
00067football,25,20,264,264,1,1
00067football,25,20,265,265,1,1
00067football,25,20,266,266,1,1
00067football,25,20,267,267,1,1
00067football,25,20,268,268,1,1
00067football,25,20,269,269,1,1
00067football,25,20,270,270,1,1
00067football,25,20,271,271,1,1
00067football,25,20,272,272,1,1
00067football,25,20,273,273,1,1
00067football,25,20,274,274,1,1
00067football,25,20,275,275,1,1
00067football,25,20,276,276,1,1
00067football,25,20,277,277,1,1
00067football,25,20,278,278,1,1
00067football,25,20,279,279,1,1
00067football,25,20,280,280,1,1
00067football,25,20,281,281,1,1
00067football,25,20,282,282,1,1
00067football,25,20,283,283,1,1
00067football,25,20,284,284,1,1
00067football,25,20,285,285,1,1
00067football,25,20,286,286,1,1
00067football,25,20,287,287,1,1
00067football,25,20,288,288,1,1
00067football,25,20,289,289,1,1
00067football,25,20,290,290,1,1
00067football,25,20,291,291,1,1
00067football,25,20,292,292,1,1
00067football,25,20,293,293,1,1
00067football,25,20,294,294,1,1
00067football,25,20,295,295,1,1
00067football,25,20,296,296,1,1
00067football,25,20,297,297,1,1
00067football,25,20,298,298,1,1
00067football,25,20,299,299,1,1
00067football,25,20,300,300,1,1
00067football,25,20,301,301,1,1
00067football,25,20,302,302,1,1
00067football,25,20,303,303,1,1
00067football,25,20,304,304,1,1
00067football,25,20,305,305,1,1
00067football,25,20,306,306,1,1
00067football,25,20,307,307,1,1
00067football,25,20,308,327,21,2
00067football,25,20,328,329,2,1
00067football,25,20,330,330,1,1
00067football,25,20,331,331,1,1
00067football,25,20,332,332,1,1
00067football,25,20,333,333,1,1
00067football,25,20,334,334,1,1
00067football,25,20,335,335,1,1
00067football,25,20,336,336,1,1
00067football,25,20,337,337,1,1
00067football,25,20,338,338,1,1
00067football,25,20,339,339,1,1
00067football,25,20,340,340,1,1
00067football,25,20,341,341,1,1
00067football,25,20,342,342,1,1
00067football,25,20,343,343,1,1
00067football,25,20,344,344,1,1
00067football,25,20,345,345,1,1
00067football,25,20,346,346,1,1
00067football,25,20,347,347,1,1
00067football,25,20,348,348,1,1
00067football,25,20,349,349,1,1
00067football,25,20,350,350,1,1
00067football,25,20,351,351,1,1
00067football,25,20,352,352,1,1
00067football,25,20,353,353,1,1
00067football,25,20,354,354,1,1
00067football,25,20,355,355,1,1
00067football,25,20,356,356,1,1
00067football,25,20,357,357,1,1
00067football,25,20,358,358,1,1
00067football,25,20,359,359,1,1
00067football,25,20,360,360,1,1
00067football,25,20,361,361,1,1
00067football,25,20,362,362,1,1
00067football,25,20,363,363,1,1
00067football,25,20,364,364,1,1
00067football,25,20,365,365,1,1
00067football,25,20,366,369,7,2
00067football,25,20,370,371,3,2
00067football,25,20,372,373,2,1
00067football,25,20,375,375,1,1
00067football,25,20,376,376,1,1
00067football,25,20,377,377,1,1
00067football,25,20,378,378,1,1
00067football,25,20,379,379,1,1
00067football,25,20,380,380,1,1
00067football,25,20,381,381,1,1
00067football,25,20,382,382,1,1
00067football,25,20,383,383,1,1
00067football,25,20,384,384,1,1
00067football,25,20,399,399,1,1
00067football,25,20,400,400,1,1
00067football,25,20,401,401,1,1
00067football,25,20,402,402,1,1
00067football,25,20,403,403,1,1
00067football,25,20,404,404,1,1
00067football,25,20,405,405,1,1
00067football,25,20,406,406,1,1
00067football,25,20,407,407,1,1
00067football,25,20,408,408,1,1
00067football,25,20,409,410,2,1
00067football,25,20,411,419,9,1
00067football,25,20,420,420,1,1
00067football,25,20,421,421,1,1
00067football,25,20,422,423,2,1
00067football,25,20,424,424,1,1
00067football,25,20,425,425,1,1
00067football,25,20,426,426,1,1
00067football,25,20,427,428,2,1
00067football,25,20,429,429,1,1
00067football,25,20,430,430,1,1
00067football,25,20,431,431,1,1
00067football,25,20,432,432,1,1
00067football,25,20,433,433,1,1
00067football,25,20,434,434,1,1
00067football,25,20,435,435,1,1
00067football,25,20,436,436,1,1
00067football,25,20,437,437,1,1
00067football,25,20,438,438,1,1
00067football,25,20,439,439,1,1
00067football,25,20,440,440,1,1
00067football,25,20,441,441,1,1
00067football,25,20,442,442,1,1
00067football,25,20,443,443,1,1
00067football,25,20,444,444,1,1
00067football,25,20,445,445,1,1
00067football,25,20,446,446,1,1
00067football,25,20,447,447,1,1
00067football,25,20,448,448,1,1
00067football,25,20,449,449,1,1
00067football,25,20,450,450,1,1
00067football,25,20,451,451,1,1
00067football,25,20,452,452,1,1
00067football,25,20,453,453,1,1
00067football,25,20,454,454,1,1
00067football,25,20,455,455,1,1
00067football,25,20,456,456,1,1
00067football,25,20,457,457,1,1
00067football,25,20,458,458,1,1
00067football,25,20,459,459,1,1
00067football,25,20,460,461,2,1
00067football,25,20,462,462,1,1
00067football,25,20,463,463,1,1
00067football,25,20,464,464,1,1
00067football,25,20,465,465,1,1
00067football,25,20,466,466,1,1
00067football,25,20,467,467,1,1
00067football,25,20,468,468,1,1
00067football,25,20,469,469,1,1
00067football,25,20,470,470,1,1
00067football,25,20,471,471,1,1
00067football,25,20,472,472,1,1
00067football,25,20,473,473,1,1
00067football,25,20,474,474,1,1
00067football,25,20,505,505,1,1
00067football,25,20,506,506,1,1
00067football,25,20,514,514,1,1
00067football,25,20,515,515,1,1
00067football,25,20,516,516,1,1
00067football,25,20,614,614,1,1
00067football,25,20,625,625,1,1
00067football,25,20,634,634,1,1
00067football,25,20,635,635,1,1
00067football,25,20,636,636,1,1
00067football,25,20,637,637,1,1
00067football,25,20,638,638,1,1
00067football,25,20,639,639,1,1
00067football,25,20,640,640,1,1
00067football,25,20,641,641,1,1
00067football,25,20,642,642,1,1
00067football,25,20,643,643,1,1
00067football,25,20,644,644,1,1
00067football,25,20,645,645,1,1
00067football,25,20,646,646,1,1
00067football,25,20,647,647,1,1
00067football,25,20,648,648,1,1
00067football,25,20,649,649,1,1
00067football,25,20,650,650,1,1
00067football,25,20,651,651,1,1
00067football,25,20,652,652,1,1
00067football,25,20,653,653,1,1
00067football,25,20,654,654,1,1
00067football,25,20,655,655,1,1
00067football,25,20,656,656,1,1
00067football,25,20,657,657,1,1
00067football,25,20,658,658,1,1
00067football,25,20,659,659,1,1
00067football,25,20,660,660,1,1
00067football,25,20,661,661,1,1
00067football,25,20,662,662,1,1
00067football,25,20,663,663,1,1
00067football,25,20,664,664,1,1
00067football,25,20,665,665,1,1
00067football,25,20,666,666,1,1
00067football,25,20,667,667,1,1
00067football,25,20,668,668,1,1
00067football,25,20,669,669,1,1
00067football,25,20,670,670,1,1
00067football,25,20,671,671,1,1
00067football,25,20,672,672,1,1
00067football,25,20,673,673,1,1
00067football,25,20,674,674,1,1
00067football,25,20,675,675,1,1
00067football,25,20,676,676,1,1
00067football,25,20,677,677,1,1
00067football,25,20,678,678,1,1
00067football,25,20,679,679,1,1
00067football,25,20,680,680,1,1
00067football,25,20,681,681,1,1
00067football,25,20,682,682,1,1
00067football,25,20,683,683,1,1
00067football,25,20,684,684,1,1
00067football,25,20,685,685,1,1
00067football,25,20,686,686,1,1
00067football,25,20,687,687,1,1
00067football,25,20,688,688,1,1
00067football,25,20,689,689,1,1
00067football,25,20,690,690,1,1
00067football,25,20,691,691,1,1
00067football,25,20,692,692,1,1
00067football,25,20,693,693,1,1
00067football,25,20,694,694,1,1
00067football,25,20,695,695,1,1
00067football,25,20,696,696,1,1
00067football,25,20,697,697,1,1
00067football,25,20,698,698,1,1
00067football,25,20,699,699,1,1
00067football,25,20,700,700,1,1
00067football,25,20,701,701,1,1
00067football,25,20,702,702,1,1
00067football,25,20,703,703,1,1
00067football,25,20,704,704,1,1
00067football,25,20,705,705,1,1
00067football,25,20,706,706,1,1
00067football,25,20,707,707,1,1
00067football,25,20,708,708,1,1
00067football,25,20,709,709,1,1
00067football,25,20,710,710,1,1
00067football,25,20,711,711,1,1
00067football,25,20,712,712,1,1
00067football,25,20,713,713,1,1
00067football,25,20,714,714,1,1
00067football,25,20,715,715,1,1
00067football,25,20,716,716,1,1
00067football,25,20,717,717,1,1
00067football,25,20,718,718,1,1
00067football,25,20,719,719,1,1
00067football,25,20,720,720,1,1
00067football,25,20,721,721,1,1
00067football,25,20,722,722,1,1
00067football,25,20,723,723,1,1
00067football,25,20,724,724,1,1
00067football,25,20,725,725,1,1
00067football,25,20,726,726,1,1
00067football,25,20,727,727,1,1
00067football,25,20,728,728,1,1
00067football,25,20,729,729,1,1
00067football,25,20,730,730,1,1
00067football,25,20,731,731,1,1
00067football,25,20,732,732,1,1
00067football,25,20,733,733,1,1
00067football,25,20,734,734,1,1
00067football,25,20,735,735,1,1
00067football,25,20,736,736,1,1
00067football,25,20,737,737,1,1
00067football,25,20,738,738,1,1
00067football,25,20,739,739,1,1
00067football,25,20,740,740,1,1
00067football,25,20,741,741,1,1
00067football,25,20,742,742,1,1
00067football,25,20,743,743,1,1
00067football,25,20,744,744,1,1
00067football,25,20,745,745,1,1
00067football,25,20,746,746,1,1
00067football,25,20,747,747,1,1
00067football,25,20,748,748,1,1
00067football,25,20,749,749,1,1
00067football,25,20,750,750,1,1
00067football,25,20,751,751,1,1
00067football,25,20,752,752,1,1
00067football,25,20,753,753,1,1
00067football,25,20,754,754,1,1
00067football,25,20,755,755,1,1
00067football,25,20,756,756,1,1
00067football,25,20,757,757,1,1
00067football,25,20,758,758,1,1
00067football,25,20,759,759,1,1
00067football,25,20,760,760,1,1
00067football,25,20,761,761,1,1
00067football,25,20,762,762,1,1
00067football,25,20,763,763,1,1
00067football,25,20,764,764,1,1
00067football,25,20,765,765,1,1
00067football,25,20,766,766,1,1
00067football,25,20,767,767,1,1
00067football,25,20,768,768,1,1
00067football,25,20,769,769,1,1
00067football,25,20,770,770,1,1
00067football,25,20,771,771,1,1
00067football,25,20,772,772,1,1
00067football,25,20,773,773,1,1
00067football,25,20,774,774,1,1
00067football,25,20,775,775,1,1
00067football,25,20,776,776,1,1
00067football,25,20,777,777,1,1
00067football,25,20,778,778,1,1
00067football,25,20,779,779,1,1
00067football,25,20,780,780,1,1
00067football,25,20,781,781,1,1
00067football,25,20,782,782,1,1
00067football,25,20,783,783,1,1
00067football,25,20,784,784,1,1
00067football,25,20,785,785,1,1
00067football,25,20,786,786,1,1
00067football,25,20,787,787,1,1
00067football,25,20,788,788,1,1
00067football,25,20,789,789,1,1
00067football,25,20,790,790,1,1
00067football,25,20,791,791,1,1
00067football,25,20,792,792,1,1
00067football,25,20,793,793,1,1
00067football,25,20,794,794,1,1
00067football,25,20,795,795,1,1
00067football,25,20,796,796,1,1
00067football,25,20,797,797,1,1
00067football,25,20,798,798,1,1
00067football,25,20,799,799,1,1
00067football,25,20,800,800,1,1
00067football,25,20,801,801,1,1
00067football,25,20,802,802,1,1
00067football,25,20,803,803,1,1
00067football,25,20,804,804,1,1
00067football,25,20,805,805,1,1
00067football,25,20,806,806,1,1
00067football,25,20,807,807,1,1
00067football,25,20,808,808,1,1
00067football,25,20,809,809,1,1
00067football,25,20,810,810,1,1
00067football,25,20,811,811,1,1
00067football,25,20,812,812,1,1
00067football,25,20,813,813,1,1
00067football,25,20,814,814,1,1
00067football,25,20,815,815,1,1
00067football,25,20,816,816,1,1
00067football,25,20,817,817,1,1
00067football,25,20,818,818,1,1
00067football,25,20,819,819,1,1
00067football,25,20,820,820,1,1
00067football,25,20,821,821,1,1
00067football,25,20,822,822,1,1
00067football,25,20,823,823,1,1
00067football,25,20,824,824,1,1
00067football,25,20,825,825,1,1
00067football,25,20,826,826,1,1
00067football,25,20,827,827,1,1
00067football,25,20,828,828,1,1
00067football,25,20,829,829,1,1
00067football,25,20,830,830,1,1
00067football,25,20,831,831,1,1
00067football,25,20,832,832,1,1
00067football,25,20,833,833,1,1
00067football,25,20,834,834,1,1
00067football,25,20,835,835,1,1
00067football,25,20,836,836,1,1
00067football,25,20,837,837,1,1
00067football,25,20,838,838,1,1
00067football,25,20,839,839,1,1
00067football,25,20,840,840,1,1
00067football,25,20,841,841,1,1
00067football,25,20,842,842,1,1
00067football,25,20,843,843,1,1
00067football,25,20,844,844,1,1
00067football,25,20,845,845,1,1
00067football,25,20,846,846,1,1
00067football,25,20,847,847,1,1
00067football,25,20,848,848,1,1
00067football,25,20,849,849,1,1
00067football,25,20,850,850,1,1
00067football,25,20,851,851,1,1
00067football,25,20,852,852,1,1
00067football,25,20,853,853,1,1
00067football,25,20,854,861,12,2
00067football,25,20,864,865,2,2
00067football,25,20,866,867,3,2
00067football,25,20,868,869,2,1
00067football,25,20,870,870,1,1
00067football,25,20,871,871,1,1
00067football,25,20,872,872,1,1
00067football,25,20,873,876,6,2
00067football,25,20,877,877,1,1
00067football,25,20,878,878,1,1
00067football,25,20,879,879,1,1
00067football,25,20,880,880,1,1
00067football,25,20,881,881,1,1
00067football,25,20,882,882,1,1
00067football,25,20,883,883,1,1
00067football,25,20,884,884,1,1
00067football,25,20,885,885,1,1
00067football,25,20,886,886,1,1
00067football,25,20,887,887,1,1
00067football,25,20,888,888,1,1
00067football,25,20,889,889,1,1
00067football,25,20,890,890,1,1
00067football,25,20,891,891,1,1
00067football,25,20,892,892,1,1
00067football,25,20,893,893,1,1
00067football,25,20,894,894,1,1
00067football,25,20,895,895,1,1
00067football,25,20,896,896,1,1
00067football,25,20,897,897,1,1
00067football,25,20,898,898,1,1
00067football,25,20,899,899,1,1
00067football,25,20,900,900,1,1
00067football,25,20,901,901,1,1
00067football,25,20,902,902,1,1
00067football,25,20,903,903,1,1
00067football,25,20,904,904,1,1
00067football,25,20,905,905,1,1
00067football,25,20,906,906,1,1
00067football,25,20,907,907,1,1
00067football,25,20,908,908,1,1
00067football,25,20,909,909,1,1
00067football,25,20,910,910,1,1
00067football,25,20,911,911,1,1
00067football,25,20,912,912,1,1
00067football,25,20,913,913,1,1
00067football,25,20,914,914,1,1
00067football,25,20,915,915,1,1
00067football,25,20,916,916,1,1
00067football,25,20,917,917,1,1
00067football,25,20,918,918,1,1
00067football,25,20,919,919,1,1
00067football,25,20,920,920,1,1
00067football,25,20,921,921,1,1
00067football,25,20,922,922,1,1
00067football,25,20,923,923,1,1
00067football,25,20,924,924,1,1
00067football,25,20,925,925,1,1
00067football,25,20,926,926,1,1
00067football,25,20,927,927,1,1
00067football,25,20,928,928,1,1
00067football,25,20,929,929,1,1
00067football,25,20,930,930,1,1
00067football,25,20,931,931,1,1
00067football,25,20,932,932,1,1
00067football,25,20,933,933,1,1
00067football,25,20,934,934,1,1
00067football,25,20,935,935,1,1
00067football,25,20,936,936,1,1
00067football,25,20,937,937,1,1
00067football,25,20,938,938,1,1
00067football,25,20,939,939,1,1
00067football,25,20,940,940,1,1
00067football,25,20,941,941,1,1
00067football,25,20,942,942,1,1
00067football,25,20,943,943,1,1
00067football,25,20,944,944,1,1
00067football,25,20,945,945,1,1
00067football,25,20,946,946,1,1
00067football,25,20,947,947,1,1
00067football,25,20,948,948,1,1
00067football,25,20,949,949,1,1
00067football,25,20,950,950,1,1
00067football,25,20,951,951,1,1
00067football,25,20,952,952,1,1
00067football,25,20,953,953,1,1
00067football,25,20,954,954,1,1
00067football,25,20,955,955,1,1
00067football,25,20,956,956,1,1
00067football,25,20,957,957,1,1
00067football,25,20,958,958,1,1
00067football,25,20,959,959,1,1
00067football,25,20,960,960,1,1
00067football,25,20,961,961,1,1
00067football,25,20,962,962,1,1
00067football,25,20,963,963,1,1
00067football,25,20,964,964,1,1
00067football,25,20,965,965,1,1
00067football,25,20,966,966,1,1
00067football,25,20,967,967,1,1
00067football,25,20,968,968,1,1
00067football,25,20,969,969,1,1
00067football,25,20,970,970,1,1
00067football,25,20,971,971,1,1
00067football,25,20,972,972,1,1
00067football,25,20,973,973,1,1
00067football,25,20,974,974,1,1
00067football,25,20,975,975,1,1
00067football,25,20,976,976,1,1
00067football,25,20,977,977,1,1
00067football,25,20,978,978,1,1
00067football,25,20,979,979,1,1
00067football,25,20,980,980,1,1
00067football,25,20,981,981,1,1
00067football,25,20,982,982,1,1
00067football,25,20,983,983,1,1
00067football,25,20,984,984,1,1
00067football,25,20,985,985,1,1
00067football,25,20,986,986,1,1
00067football,25,20,987,987,1,1
00067football,25,20,988,988,1,1
00067football,25,20,989,989,1,1
00067football,25,20,990,990,1,1
00067football,25,20,991,991,1,1
00067football,25,20,992,992,1,1
00067football,25,20,993,993,1,1
00067football,25,20,994,994,1,1
00067football,25,20,995,995,1,1
00067football,25,20,996,996,1,1
00067football,25,20,997,997,1,1
00067football,25,20,998,998,1,1
00067football,25,20,999,999,1,1
00067football,25,20,1000,1000,1,1
00067football,25,20,1001,1001,1,1
00067football,25,20,1002,1002,1,1
00067football,25,20,1003,1003,1,1
00067football,25,20,1004,1004,1,1
00067football,25,20,1005,1005,1,1
00067football,25,20,1006,1006,1,1
00067football,25,20,1007,1007,1,1
00067football,25,20,1008,1008,1,1
00067football,25,20,1009,1009,1,1
00067football,25,20,1010,1010,1,1
00067football,25,20,1011,1011,1,1
00067football,25,20,1012,1013,3,2
00067football,25,20,1014,1014,1,1
00067football,25,20,1015,1015,1,1
00067football,25,20,1016,1016,1,1
00067football,25,20,1019,1019,1,1
00067football,25,20,1020,1020,1,1
00067football,25,20,1021,1021,1,1
00067football,25,20,1022,1022,1,1
00067football,25,20,1023,1023,1,1
00067football,25,20,1024,1024,1,1
00067football,25,20,1025,1025,1,1
00067football,25,20,1026,1026,1,1
00067football,25,20,1027,1027,1,1
00067football,25,20,1029,1029,1,1
00067football,26,28,550,550,1,1
00067football,26,28,559,559,1,1
00067football,26,28,564,564,1,1
00067football,26,28,570,570,1,1
00067football,26,28,573,573,1,1
00067football,26,28,574,574,1,1
00067football,26,28,575,575,1,1
00067football,26,28,576,576,1,1
00067football,26,28,577,577,1,1
00067football,26,28,578,578,1,1
00067football,26,28,579,579,1,1
00067football,26,28,580,580,1,1
00067football,26,28,581,581,1,1
00067football,26,28,582,582,1,1
00067football,26,28,585,585,1,1
00067football,26,28,586,586,1,1
00067football,26,28,587,587,1,1
00067football,26,28,588,588,1,1
00067football,26,28,589,589,1,1
00067football,26,28,590,590,1,1
00067football,26,28,591,591,1,1
00067football,26,28,592,592,1,1
00067football,26,28,593,593,1,1
00067football,26,28,594,594,1,1
00067football,26,28,595,595,1,1
00067football,26,28,596,596,1,1
00067football,26,28,597,597,1,1
00067football,26,28,598,598,1,1
00067football,26,28,599,599,1,1
00067football,26,28,600,600,1,1
00067football,26,28,601,601,1,1
00067football,26,28,602,602,1,1
00067football,26,28,603,603,1,1
00067football,26,28,604,604,1,1
00067football,26,28,605,605,1,1
00067football,26,28,606,606,1,1
00067football,26,28,607,607,1,1
00067football,26,28,608,608,1,1
00067football,26,28,609,609,1,1
00067football,26,28,610,610,1,1
00067football,26,28,611,613,5,2
00067football,26,28,614,614,1,1
00067football,26,28,615,615,1,1
00067football,26,28,616,616,1,1
00067football,26,28,617,617,1,1
00067football,26,28,618,618,1,1
00067football,26,28,619,619,1,1
00067football,26,28,620,620,1,1
00067football,26,28,621,621,1,1
00067football,26,28,622,622,1,1
00067football,26,28,623,623,1,1
00067football,26,28,624,624,1,1
00067football,26,28,625,625,1,1
00067football,26,28,626,626,1,1
00067football,26,28,627,627,1,1
00067football,26,28,628,628,1,1
00067football,26,28,629,629,1,1
00067football,26,28,630,630,1,1
00067football,26,28,631,631,1,1
00067football,26,28,632,632,1,1
00067football,26,28,633,633,1,1
00067football,26,28,634,634,1,1
00067football,26,28,635,635,1,1
00067football,26,28,636,636,1,1
00067football,26,28,637,637,1,1
00067football,26,28,638,638,1,1
00067football,26,28,639,639,1,1
00067football,26,28,640,640,1,1
00067football,26,28,641,641,1,1
00067football,26,28,642,642,1,1
00067football,26,28,643,643,1,1
00067football,26,28,644,644,1,1
00067football,26,28,645,645,1,1
00067football,26,28,646,646,1,1
00067football,26,28,647,647,1,1
00067football,26,28,648,648,1,1
00067football,26,28,649,649,1,1
00067football,26,28,650,650,1,1
00067football,26,28,651,651,1,1
00067football,26,28,652,652,1,1
00067football,26,28,653,653,1,1
00067football,26,28,654,654,1,1
00067football,26,28,655,655,1,1
00067football,26,28,656,656,1,1
00067football,26,28,657,657,1,1
00067football,26,28,658,658,1,1
00067football,26,28,659,659,1,1
00067football,26,28,660,660,1,1
00067football,26,28,661,661,1,1
00067football,26,28,662,662,1,1
00067football,26,28,663,663,1,1
00067football,26,28,664,664,1,1
00067football,26,28,665,665,1,1
00067football,26,28,666,666,1,1
00067football,26,28,667,667,1,1
00067football,26,28,668,668,1,1
00067football,26,28,669,669,1,1
00067football,26,28,670,670,1,1
00067football,26,28,671,671,1,1
00067football,26,28,672,672,1,1
00067football,26,28,673,673,1,1
00067football,26,28,674,674,1,1
00067football,26,28,675,675,1,1
00067football,26,28,676,676,1,1
00067football,26,28,677,677,1,1
00067football,26,28,678,678,1,1
00067football,26,28,679,679,1,1
00067football,26,28,680,680,1,1
00067football,26,28,681,681,1,1
00067football,26,28,682,682,1,1
00067football,26,28,683,683,1,1
00067football,26,28,684,684,1,1
00067football,26,28,685,685,1,1
00067football,26,28,686,686,1,1
00067football,26,28,687,687,1,1
00067football,26,28,688,688,1,1
00067football,26,28,689,689,1,1
00067football,26,28,690,690,1,1
00067football,26,28,691,691,1,1
00067football,26,28,692,692,1,1
00067football,26,28,693,693,1,1
00067football,26,28,694,694,1,1
00067football,26,28,695,695,1,1
00067football,26,28,696,696,1,1
00067football,26,28,697,697,1,1
00067football,26,28,698,710,25,2
00067football,26,28,711,711,1,1
00067football,26,28,712,712,1,1
00067football,26,28,713,713,1,1
00067football,26,28,714,714,1,1
00067football,26,28,715,715,1,1
00067football,26,28,716,716,1,1
00067football,26,28,717,717,1,1
00067football,26,28,718,718,1,1
00067football,26,28,719,719,1,1
00067football,26,28,720,720,1,1
00067football,26,28,721,721,1,1
00067football,26,28,722,722,1,1
00067football,26,28,723,723,1,1
00067football,26,28,724,724,1,1
00067football,26,28,725,726,3,2
00067football,26,28,727,727,1,1
00067football,26,28,728,728,1,1
00067football,26,28,729,729,1,1
00067football,26,28,730,730,1,1
00067football,26,28,731,736,11,2
00067football,26,28,737,737,1,1
00067football,26,28,738,738,1,1
00067football,26,28,739,739,1,1
00067football,26,28,740,740,1,1
00067football,26,28,741,741,1,1
00067football,26,28,742,742,1,1
00067football,26,28,743,743,1,1
00067football,26,28,744,744,1,1
00067football,26,28,745,745,1,1
00067football,26,28,746,746,1,1
00067football,26,28,747,747,1,1
00067football,26,28,748,748,1,1
00067football,26,28,749,749,1,1
00067football,26,28,750,750,1,1
00067football,26,28,751,751,1,1
00067football,26,28,752,752,1,1
00067football,26,28,753,753,1,1
00067football,26,28,754,754,1,1
00067football,26,28,755,755,1,1
00067football,26,28,756,756,1,1
00067football,26,28,757,757,1,1
00067football,26,28,758,758,1,1
00067football,26,28,759,759,1,1
00067football,26,28,760,760,1,1
00067football,26,28,761,761,1,1
00067football,26,28,762,762,1,1
00067football,26,28,763,763,1,1
00067football,26,28,764,764,1,1
00067football,26,28,765,765,1,1
00067football,26,28,766,766,1,1
00067football,26,28,767,767,1,1
00067football,26,28,768,768,1,1
00067football,26,28,769,769,1,1
00067football,26,28,770,770,1,1
00067football,26,28,771,771,1,1
00067football,26,28,772,772,1,1
00067football,26,28,773,773,1,1
00067football,26,28,774,774,1,1
00067football,26,28,775,775,1,1
00067football,26,28,776,776,1,1
00067football,26,28,777,777,1,1
00067football,26,28,778,778,1,1
00067football,26,28,779,779,1,1
00067football,26,28,780,780,1,1
00067football,26,28,781,781,1,1
00067football,26,28,782,782,1,1
00067football,26,28,783,783,1,1
00067football,26,28,784,784,1,1
00067football,26,28,785,785,1,1
00067football,26,28,786,786,1,1
00067football,26,28,787,787,1,1
00067football,26,28,788,788,1,1
00067football,26,28,789,789,1,1
00067football,26,28,790,790,1,1
00067football,26,28,791,791,1,1
00067football,26,28,792,792,1,1
00067football,26,28,793,793,1,1
00067football,26,28,794,794,1,1
00067football,26,28,795,795,1,1
00067football,26,28,796,796,1,1
00067football,26,28,797,797,1,1
00067football,26,28,798,798,1,1
00067football,26,28,799,799,1,1
00067football,26,28,800,800,1,1
00067football,26,28,801,801,1,1
00067football,26,28,802,802,1,1
00067football,26,28,803,803,1,1
00067football,26,28,804,804,1,1
00067football,26,28,805,805,1,1
00067football,26,28,806,806,1,1
00067football,26,28,807,807,1,1
00067football,26,28,808,808,1,1
00067football,26,28,809,809,1,1
00067football,26,28,810,810,1,1
00067football,26,28,811,811,1,1
00067football,26,28,812,812,1,1
00067football,26,28,813,813,1,1
00067football,26,28,814,814,1,1
00067football,26,28,815,815,1,1
00067football,26,28,816,816,1,1
00067football,26,28,817,817,1,1
00067football,26,28,818,818,1,1
00067football,26,28,819,819,1,1
00067football,26,28,820,820,1,1
00067football,26,28,821,821,1,1
00067football,26,28,822,822,1,1
00067football,26,28,823,823,1,1
00067football,26,28,824,824,1,1
00067football,26,28,825,825,1,1
00067football,26,28,826,826,1,1
00067football,26,28,827,827,1,1
00067football,26,28,828,828,1,1
00067football,26,28,829,829,1,1
00067football,26,28,830,830,1,1
00067football,26,28,831,831,1,1
00067football,26,28,832,832,1,1
00067football,26,28,833,833,1,1
00067football,26,28,834,834,1,1
00067football,26,28,835,835,1,1
00067football,26,28,836,836,1,1
00067football,26,28,837,837,1,1
00067football,26,28,838,862,26,2
00067football,26,28,863,863,1,1
00067football,26,28,864,864,1,1
00067football,26,28,865,865,1,1
00067football,26,28,866,866,1,1
00067football,26,28,867,867,1,1
00067football,26,28,868,868,1,1
00067football,26,28,869,869,1,1
00067football,26,28,870,870,1,1
00067football,26,28,871,871,1,1
00067football,26,28,872,872,1,1
00067football,26,28,873,873,1,1
00067football,26,28,874,874,1,1
00067football,26,28,875,875,1,1
00067football,26,28,876,876,1,1
00067football,26,28,877,877,1,1
00067football,26,28,878,878,1,1
00067football,26,28,879,879,1,1
00067football,26,28,880,880,1,1
00067football,26,28,881,881,1,1
00067football,26,28,882,882,1,1
00067football,26,28,883,883,1,1
00067football,26,28,884,1043,172,2
00067football,27,9,523,523,1,1
00067football,27,9,553,553,1,1
00067football,28,42,33,33,1,1
00067football,28,42,34,34,1,1
00067football,28,42,35,35,1,1
00067football,28,42,36,36,1,1
00067football,28,42,37,37,1,1
00067football,28,42,38,38,1,1
00067football,28,42,39,43,5,1
00067football,28,42,44,44,1,1
00067football,28,42,45,45,1,1
00067football,28,42,46,46,1,1
00067football,28,42,47,47,1,1
00067football,28,42,48,48,1,1
00067football,28,42,49,49,1,1
00067football,28,42,50,50,1,1
00067football,28,42,51,51,1,1
00067football,28,42,52,53,2,1
00067football,28,42,54,54,1,1
00067football,28,42,55,55,1,1
00067football,28,42,56,56,1,1
00067football,28,42,57,57,1,1
00067football,28,42,58,58,1,1
00067football,28,42,59,59,1,1
00067football,28,42,60,60,1,1
00067football,28,42,61,61,1,1
00067football,28,42,62,62,1,1
00067football,28,42,63,63,1,1
00067football,28,42,64,64,1,1
00067football,28,42,65,65,1,1
00067football,28,42,66,66,1,1
00067football,28,42,67,67,1,1
00067football,28,42,68,68,1,1
00067football,28,42,69,69,1,1
00067football,28,42,70,70,1,1
00067football,28,42,71,71,1,1
00067football,28,42,72,72,1,1
00067football,28,42,73,73,1,1
00067football,28,42,74,74,1,1
00067football,28,42,75,75,1,1
00067football,28,42,76,76,1,1
00067football,28,42,77,77,1,1
00067football,28,42,78,78,1,1
00067football,28,42,79,79,1,1
00067football,28,42,80,80,1,1
00067football,28,42,81,81,1,1
00067football,28,42,82,82,1,1
00067football,28,42,83,83,1,1
00067football,28,42,84,84,1,1
00067football,28,42,85,85,1,1
00067football,28,42,86,86,1,1
00067football,28,42,87,87,1,1
00067football,28,42,88,88,1,1
00067football,28,42,89,89,1,1
00067football,28,42,90,90,1,1
00067football,28,42,91,91,1,1
00067football,28,42,92,92,1,1
00067football,28,42,93,93,1,1
00067football,28,42,94,94,1,1
00067football,28,42,95,95,1,1
00067football,28,42,96,96,1,1
00067football,28,42,97,97,1,1
00067football,28,42,98,98,1,1
00067football,28,42,99,99,1,1
00067football,28,42,100,100,1,1
00067football,28,42,101,101,1,1
00067football,28,42,102,102,1,1
00067football,28,42,103,103,1,1
00067football,28,42,104,104,1,1
00067football,28,42,105,105,1,1
00067football,28,42,106,106,1,1
00067football,28,42,107,107,1,1
00067football,28,42,108,108,1,1
00067football,28,42,109,109,1,1
00067football,28,42,110,110,1,1
00067football,28,42,111,111,1,1
00067football,28,42,112,112,1,1
00067football,28,42,113,113,1,1
00067football,28,42,114,114,1,1
00067football,28,42,115,115,1,1
00067football,28,42,116,116,1,1
00067football,28,42,117,117,1,1
00067football,28,42,118,118,1,1
00067football,28,42,119,119,1,1
00067football,28,42,120,120,1,1
00067football,28,42,121,121,1,1
00067football,28,42,122,122,1,1
00067football,28,42,123,123,1,1
00067football,28,42,124,124,1,1
00067football,28,42,125,125,1,1
00067football,28,42,126,126,1,1
00067football,28,42,127,127,1,1
00067football,28,42,128,128,1,1
00067football,28,42,129,129,1,1
00067football,28,42,130,130,1,1
00067football,28,42,131,131,1,1
00067football,28,42,132,132,1,1
00067football,28,42,133,133,1,1
00067football,28,42,134,134,1,1
00067football,28,42,135,135,1,1
00067football,28,42,136,136,1,1
00067football,28,42,137,137,1,1
00067football,28,42,138,138,1,1
00067football,28,42,139,139,1,1
00067football,28,42,140,140,1,1
00067football,28,42,141,141,1,1
00067football,28,42,142,142,1,1
00067football,28,42,143,143,1,1
00067football,28,42,144,144,1,1
00067football,28,42,145,145,1,1
00067football,28,42,146,146,1,1
00067football,28,42,147,147,1,1
00067football,28,42,148,148,1,1
00067football,28,42,149,149,1,1
00067football,28,42,150,150,1,1
00067football,28,42,151,151,1,1
00067football,28,42,152,152,1,1
00067football,28,42,153,153,1,1
00067football,28,42,154,154,1,1
00067football,28,42,155,155,1,1
00067football,28,42,156,156,1,1
00067football,28,42,157,157,1,1
00067football,28,42,158,158,1,1
00067football,28,42,159,159,1,1
00067football,28,42,160,160,1,1
00067football,28,42,161,161,1,1
00067football,28,42,162,162,1,1
00067football,28,42,163,163,1,1
00067football,28,42,164,164,1,1
00067football,28,42,165,165,1,1
00067football,28,42,166,166,1,1
00067football,28,42,167,167,1,1
00067football,28,42,168,168,1,1
00067football,28,42,169,169,1,1
00067football,28,42,170,170,1,1
00067football,28,42,171,171,1,1
00067football,28,42,172,172,1,1
00067football,28,42,173,173,1,1
00067football,28,42,174,174,1,1
00067football,28,42,175,175,1,1
00067football,28,42,176,176,1,1
00067football,28,42,177,177,1,1
00067football,28,42,178,178,1,1
00067football,28,42,179,179,1,1
00067football,28,42,180,180,1,1
00067football,28,42,181,181,1,1
00067football,28,42,182,182,1,1
00067football,28,42,183,183,1,1
00067football,28,42,184,184,1,1
00067football,28,42,185,185,1,1
00067football,28,42,186,186,1,1
00067football,28,42,187,187,1,1
00067football,28,42,188,188,1,1
00067football,28,42,189,189,1,1
00067football,28,42,190,190,1,1
00067football,28,42,191,191,1,1
00067football,28,42,192,192,1,1
00067football,28,42,193,193,1,1
00067football,28,42,194,194,1,1
00067football,28,42,195,195,1,1
00067football,28,42,196,196,1,1
00067football,28,42,197,197,1,1
00067football,28,42,198,198,1,1
00067football,28,42,199,199,1,1
00067football,28,42,200,200,1,1
00067football,28,42,201,201,1,1
00067football,28,42,202,202,1,1
00067football,28,42,203,203,1,1
00067football,28,42,204,204,1,1
00067football,28,42,205,205,1,1
00067football,28,42,206,206,1,1
00067football,28,42,207,207,1,1
00067football,28,42,208,208,1,1
00067football,28,42,209,209,1,1
00067football,28,42,210,210,1,1
00067football,28,42,211,211,1,1
00067football,28,42,212,212,1,1
00067football,28,42,213,213,1,1
00067football,28,42,214,214,1,1
00067football,28,42,215,215,1,1
00067football,28,42,216,216,1,1
00067football,28,42,217,217,1,1
00067football,28,42,218,218,1,1
00067football,28,42,219,219,1,1
00067football,28,42,220,220,1,1
00067football,28,42,221,221,1,1
00067football,28,42,222,222,1,1
00067football,28,42,223,223,1,1
00067football,28,42,224,224,1,1
00067football,28,42,225,226,2,1
00067football,28,42,227,227,1,1
00067football,28,42,228,228,1,1
00067football,28,42,229,229,1,1
00067football,28,42,230,230,1,1
00067football,28,42,231,231,1,1
00067football,28,42,232,232,1,1
00067football,28,42,233,233,1,1
00067football,28,42,234,234,1,1
00067football,28,42,235,235,1,1
00067football,28,42,236,236,1,1
00067football,28,42,237,237,1,1
00067football,28,42,238,238,1,1
00067football,28,42,239,239,1,1
00067football,28,42,240,240,1,1
00067football,28,42,241,241,1,1
00067football,28,42,242,242,1,1
00067football,28,42,243,243,1,1
00067football,28,42,244,244,1,1
00067football,28,42,245,245,1,1
00067football,28,42,246,246,1,1
00067football,28,42,247,247,1,1
00067football,28,42,248,248,1,1
00067football,28,42,249,249,1,1
00067football,28,42,250,250,1,1
00067football,28,42,251,251,1,1
00067football,28,42,252,252,1,1
00067football,28,42,253,253,1,1
00067football,28,42,254,254,1,1
00067football,28,42,255,255,1,1
00067football,28,42,256,256,1,1
00067football,28,42,257,257,1,1
00067football,28,42,258,258,1,1
00067football,28,42,259,259,1,1
00067football,28,42,260,260,1,1
00067football,28,42,261,263,3,1
00067football,28,42,264,264,1,1
00067football,28,42,265,265,1,1
00067football,28,42,266,266,1,1
00067football,28,42,267,267,1,1
00067football,28,42,268,268,1,1
00067football,28,42,269,269,1,1
00067football,28,42,270,275,6,1
00067football,28,42,276,276,1,1
00067football,28,42,277,277,1,1
00067football,28,42,278,278,1,1
00067football,28,42,279,279,1,1
00067football,28,42,280,280,1,1
00067football,28,42,281,287,7,1
00067football,28,42,288,288,1,1
00067football,28,42,289,289,1,1
00067football,28,42,290,290,1,1
00067football,28,42,291,291,1,1
00067football,28,42,292,292,1,1
00067football,28,42,293,307,15,1
00067football,28,42,308,308,1,1
00067football,28,42,309,309,1,1
00067football,28,42,310,310,1,1
00067football,28,42,311,311,1,1
00067football,28,42,312,312,1,1
00067football,28,42,313,313,1,1
00067football,28,42,314,317,4,1
00067football,28,42,318,319,2,1
00067football,28,42,320,320,1,1
00067football,28,42,321,321,1,1
00067football,28,42,322,322,1,1
00067football,28,42,323,323,1,1
00067football,28,42,324,324,1,1
00067football,28,42,325,325,1,1
00067football,28,42,326,326,1,1
00067football,28,42,327,327,1,1
00067football,28,42,328,328,1,1
00067football,28,42,329,329,1,1
00067football,28,42,330,330,1,1
00067football,28,42,331,331,1,1
00067football,28,42,332,332,1,1
00067football,28,42,333,333,1,1
00067football,28,42,334,334,1,1
00067football,28,42,335,335,1,1
00067football,28,42,336,336,1,1
00067football,28,42,337,337,1,1
00067football,28,42,338,338,1,1
00067football,28,42,339,339,1,1
00067football,28,42,340,340,1,1
00067football,28,42,341,341,1,1
00067football,28,42,342,342,1,1
00067football,28,42,343,343,1,1
00067football,28,42,344,344,1,1
00067football,28,42,345,345,1,1
00067football,28,42,346,346,1,1
00067football,28,42,347,347,1,1
00067football,28,42,348,348,1,1
00067football,28,42,349,349,1,1
00067football,28,42,350,352,3,1
00067football,28,42,353,353,1,1
00067football,28,42,354,354,1,1
00067football,28,42,355,355,1,1
00067football,28,42,356,356,1,1
00067football,28,42,357,357,1,1
00067football,28,42,358,358,1,1
00067football,28,42,359,359,1,1
00067football,28,42,360,365,6,1
00067football,28,42,366,366,1,1
00067football,28,42,367,367,1,1
00067football,28,42,368,368,1,1
00067football,28,42,369,369,1,1
00067football,28,42,370,370,1,1
00067football,28,42,371,377,7,1
00067football,28,42,378,378,1,1
00067football,28,42,379,379,1,1
00067football,28,42,380,380,1,1
00067football,28,42,381,381,1,1
00067football,28,42,382,382,1,1
00067football,28,42,383,388,6,1
00067football,28,42,389,389,1,1
00067football,28,42,390,390,1,1
00067football,28,42,391,391,1,1
00067football,28,42,392,392,1,1
00067football,28,42,393,397,5,1
00067football,28,42,398,398,1,1
00067football,28,42,399,399,1,1
00067football,28,42,400,400,1,1
00067football,28,42,401,401,1,1
00067football,28,42,402,402,1,1
00067football,28,42,403,403,1,1
00067football,28,42,404,409,6,1
00067football,28,42,410,410,1,1
00067football,28,42,411,411,1,1
00067football,28,42,412,412,1,1
00067football,28,42,413,413,1,1
00067football,28,42,414,414,1,1
00067football,28,42,415,415,1,1
00067football,28,42,416,416,1,1
00067football,28,42,417,417,1,1
00067football,28,42,418,418,1,1
00067football,28,42,419,419,1,1
00067football,28,42,420,423,4,1
00067football,28,42,424,425,2,1
00067football,28,42,426,427,2,1
00067football,28,42,428,428,1,1
00067football,28,42,429,431,3,1
00067football,28,42,432,432,1,1
00067football,28,42,433,433,1,1
00067football,28,42,434,434,1,1
00067football,28,42,435,435,1,1
00067football,28,42,436,436,1,1
00067football,28,42,437,437,1,1
00067football,28,42,438,438,1,1
00067football,28,42,439,439,1,1
00067football,28,42,440,443,4,1
00067football,28,42,444,444,1,1
00067football,28,42,445,445,1,1
00067football,28,42,446,446,1,1
00067football,28,42,447,447,1,1
00067football,28,42,448,448,1,1
00067football,28,42,449,449,1,1
00067football,28,42,450,450,1,1
00067football,28,42,451,451,1,1
00067football,28,42,452,453,2,1
00067football,28,42,454,454,1,1
00067football,28,42,455,455,1,1
00067football,28,42,456,456,1,1
00067football,28,42,457,457,1,1
00067football,28,42,458,458,1,1
00067football,28,42,459,459,1,1
00067football,28,42,460,461,2,1
00067football,28,42,462,466,5,1
00067football,28,42,467,467,1,1
00067football,28,42,468,468,1,1
00067football,28,42,469,469,1,1
00067football,28,42,470,470,1,1
00067football,28,42,471,471,1,1
00067football,28,42,472,477,6,1
00067football,28,42,478,478,1,1
00067football,28,42,479,479,1,1
00067football,28,42,480,480,1,1
00067football,28,42,481,481,1,1
00067football,28,42,482,482,1,1
00067football,28,42,483,483,1,1
00067football,28,42,484,485,2,1
00067football,28,42,486,488,3,1
00067football,28,42,489,489,1,1
00067football,28,42,490,490,1,1
00067football,28,42,491,491,1,1
00067football,28,42,492,492,1,1
00067football,28,42,493,493,1,1
00067football,28,42,494,495,2,1
00067football,28,42,496,500,5,1
00067football,28,42,501,501,1,1
00067football,28,42,502,502,1,1
00067football,28,42,503,503,1,1
00067football,28,42,504,504,1,1
00067football,28,42,505,505,1,1
00067football,28,42,506,506,1,1
00067football,28,42,507,509,3,1
00067football,28,42,510,511,2,1
00067football,28,42,512,512,1,1
00067football,28,42,513,513,1,1
00067football,28,42,514,514,1,1
00067football,28,42,515,515,1,1
00067football,28,42,516,518,3,1
00067football,28,42,519,519,1,1
00067football,28,42,520,520,1,1
00067football,28,42,521,521,1,1
00067football,28,42,522,522,1,1
00067football,28,42,523,523,1,1
00067football,28,42,524,524,1,1
00067football,28,42,525,525,1,1
00067football,28,42,526,526,1,1
00067football,28,42,527,527,1,1
00067football,28,42,528,529,2,1
00067football,28,42,530,530,1,1
00067football,28,42,531,534,4,1
00067football,28,42,535,535,1,1
00067football,28,42,536,536,1,1
00067football,28,42,537,537,1,1
00067football,28,42,538,538,1,1
00067football,28,42,539,539,1,1
00067football,28,42,540,540,1,1
00067football,28,42,541,541,1,1
00067football,28,42,542,543,2,1
00067football,28,42,544,544,1,1
00067football,28,42,545,545,1,1
00067football,28,42,546,546,1,1
00067football,28,42,547,547,1,1
00067football,28,42,548,548,1,1
00067football,28,42,549,549,1,1
00067football,28,42,550,553,4,1
00067football,28,42,554,554,1,1
00067football,28,42,555,555,1,1
00067football,28,42,556,556,1,1
00067football,28,42,557,557,1,1
00067football,28,42,558,558,1,1
00067football,28,42,559,559,1,1
00067football,28,42,560,560,1,1
00067football,28,42,561,561,1,1
00067football,28,42,562,562,1,1
00067football,28,42,563,563,1,1
00067football,28,42,564,564,1,1
00067football,28,42,565,565,1,1
00067football,28,42,566,566,1,1
00067football,28,42,567,567,1,1
00067football,28,42,568,568,1,1
00067football,28,42,569,569,1,1
00067football,28,42,570,570,1,1
00067football,28,42,571,571,1,1
00067football,28,42,572,572,1,1
00067football,28,42,573,573,1,1
00067football,28,42,574,574,1,1
00067football,28,42,575,575,1,1
00067football,28,42,576,576,1,1
00067football,28,42,577,577,1,1
00067football,28,42,578,579,2,1
00067football,28,42,580,580,1,1
00067football,28,42,581,581,1,1
00067football,28,42,582,582,1,1
00067football,28,42,583,583,1,1
00067football,28,42,584,584,1,1
00067football,28,42,585,585,1,1
00067football,28,42,586,589,4,1
00067football,28,42,590,590,1,1
00067football,28,42,591,591,1,1
00067football,28,42,592,592,1,1
00067football,28,42,593,593,1,1
00067football,28,42,594,594,1,1
00067football,30,26,1,576,602,2
00067football,30,26,577,590,18,2
00067football,30,26,592,592,1,1
00067football,30,26,608,608,1,1
00067football,30,26,676,676,1,1
00067football,30,26,908,908,1,1
00067football,30,26,909,909,1,1
00067football,30,26,910,910,1,1
00067football,30,26,911,911,1,1
00067football,30,26,912,912,1,1
00067football,30,26,913,913,1,1
00067football,30,26,914,914,1,1
00067football,30,26,915,915,1,1
00067football,30,26,916,916,1,1
00067football,30,26,917,917,1,1
00067football,30,26,918,918,1,1
00067football,30,26,919,919,1,1
00067football,30,26,920,920,1,1
00067football,30,26,921,921,1,1
00067football,30,26,928,928,1,1
00067football,30,26,929,929,1,1
00067football,30,26,930,930,1,1
00067football,30,26,949,949,1,1
00067football,30,26,950,950,1,1
00067football,30,26,951,951,1,1
00067football,30,26,952,952,1,1
00067football,30,26,953,953,1,1
00067football,30,26,954,954,1,1
00067football,30,26,955,955,1,1
00067football,30,26,956,956,1,1
00067football,30,26,957,957,1,1
00067football,30,26,959,959,1,1
00067football,30,26,960,960,1,1
00067football,30,26,961,961,1,1
00067football,30,26,962,962,1,1
00067football,30,26,963,963,1,1
00067football,30,26,968,968,1,1
00067football,30,26,969,969,1,1
00067football,30,26,970,970,1,1
00067football,30,26,971,971,1,1
00067football,30,26,972,972,1,1
00067football,30,26,973,973,1,1
00067football,30,26,976,976,1,1
00067football,30,26,979,979,1,1
00067football,30,26,980,980,1,1
00067football,30,26,1024,1024,1,1
00067football,31,30,596,596,1,1
00067football,31,30,597,597,1,1
00067football,31,30,598,600,4,2
00067football,31,30,602,602,1,1
00067football,31,30,603,603,1,1
00067football,31,30,605,605,1,1
00067football,31,30,606,606,1,1
00067football,31,30,607,607,1,1
00067football,31,30,609,609,1,1
00067football,31,30,610,610,1,1
00067football,31,30,611,611,1,1
00067football,31,30,612,612,1,1
00067football,31,30,613,613,1,1
00067football,31,30,614,614,1,1
00067football,31,30,615,615,1,1
00067football,31,30,616,616,1,1
00067football,31,30,617,617,1,1
00067football,31,30,618,618,1,1
00067football,31,30,619,619,1,1
00067football,31,30,620,620,1,1
00067football,31,30,621,621,1,1
00067football,31,30,622,622,1,1
00067football,31,30,623,623,1,1
00067football,31,30,624,624,1,1
00067football,31,30,625,625,1,1
00067football,31,30,626,626,1,1
00067football,31,30,627,627,1,1
00067football,31,30,628,628,1,1
00067football,31,30,629,629,1,1
00067football,31,30,630,630,1,1
00067football,31,30,631,631,1,1
00067football,31,30,632,632,1,1
00067football,31,30,633,633,1,1
00067football,31,30,634,634,1,1
00067football,31,30,635,635,1,1
00067football,31,30,636,636,1,1
00067football,31,30,637,637,1,1
00067football,31,30,638,638,1,1
00067football,31,30,639,639,1,1
00067football,31,30,640,640,1,1
00067football,31,30,641,641,1,1
00067football,31,30,642,642,1,1
00067football,31,30,643,643,1,1
00067football,31,30,644,644,1,1
00067football,31,30,645,645,1,1
00067football,31,30,646,646,1,1
00067football,31,30,647,647,1,1
00067football,31,30,648,648,1,1
00067football,31,30,649,649,1,1
00067football,31,30,650,650,1,1
00067football,31,30,651,651,1,1
00067football,31,30,652,652,1,1
00067football,31,30,653,653,1,1
00067football,31,30,654,654,1,1
00067football,31,30,655,655,1,1
00067football,31,30,656,656,1,1
00067football,31,30,657,657,1,1
00067football,31,30,658,658,1,1
00067football,31,30,659,659,1,1
00067football,31,30,660,660,1,1
00067football,31,30,661,661,1,1
00067football,31,30,662,662,1,1
00067football,31,30,663,663,1,1
00067football,31,30,664,664,1,1
00067football,31,30,665,665,1,1
00067football,31,30,666,666,1,1
00067football,31,30,667,667,1,1
00067football,31,30,668,668,1,1
00067football,31,30,669,669,1,1
00067football,31,30,670,670,1,1
00067football,31,30,671,671,1,1
00067football,31,30,672,672,1,1
00067football,31,30,673,673,1,1
00067football,31,30,674,674,1,1
00067football,31,30,675,675,1,1
00067football,31,30,676,676,1,1
00067football,31,30,677,677,1,1
00067football,31,30,678,678,1,1
00067football,31,30,679,679,1,1
00067football,31,30,680,680,1,1
00067football,31,30,681,681,1,1
00067football,31,30,682,682,1,1
00067football,31,30,683,683,1,1
00067football,31,30,684,684,1,1
00067football,31,30,685,685,1,1
00067football,31,30,686,686,1,1
00067football,31,30,687,687,1,1
00067football,31,30,688,688,1,1
00067football,31,30,689,689,1,1
00067football,31,30,690,690,1,1
00067football,31,30,691,691,1,1
00067football,31,30,692,692,1,1
00067football,31,30,693,693,1,1
00067football,31,30,694,694,1,1
00067football,31,30,695,695,1,1
00067football,31,30,696,696,1,1
00067football,31,30,697,697,1,1
00067football,31,30,698,698,1,1
00067football,31,30,699,699,1,1
00067football,31,30,700,700,1,1
00067football,31,30,701,701,1,1
00067football,31,30,702,702,1,1
00067football,31,30,703,703,1,1
00067football,31,30,704,704,1,1
00067football,31,30,705,705,1,1
00067football,31,30,706,706,1,1
00067football,31,30,707,707,1,1
00067football,31,30,708,708,1,1
00067football,31,30,709,709,1,1
00067football,31,30,710,710,1,1
00067football,31,30,711,711,1,1
00067football,31,30,712,712,1,1
00067football,31,30,713,713,1,1
00067football,31,30,714,714,1,1
00067football,31,30,715,715,1,1
00067football,31,30,716,716,1,1
00067football,31,30,717,717,1,1
00067football,31,30,718,718,1,1
00067football,31,30,719,719,1,1
00067football,31,30,720,720,1,1
00067football,31,30,721,721,1,1
00067football,31,30,722,722,1,1
00067football,31,30,723,723,1,1
00067football,31,30,724,724,1,1
00067football,31,30,725,725,1,1
00067football,31,30,726,726,1,1
00067football,31,30,727,727,1,1
00067football,31,30,728,728,1,1
00067football,31,30,729,729,1,1
00067football,31,30,730,730,1,1
00067football,31,30,731,731,1,1
00067football,31,30,732,732,1,1
00067football,31,30,733,733,1,1
00067football,31,30,734,734,1,1
00067football,31,30,735,735,1,1
00067football,31,30,736,736,1,1
00067football,31,30,737,737,1,1
00067football,31,30,738,738,1,1
00067football,31,30,739,739,1,1
00067football,31,30,740,740,1,1
00067football,31,30,741,741,1,1
00067football,31,30,742,742,1,1
00067football,31,30,743,743,1,1
00067football,31,30,744,744,1,1
00067football,31,30,745,745,1,1
00067football,31,30,746,746,1,1
00067football,31,30,747,747,1,1
00067football,31,30,748,748,1,1
00067football,31,30,749,749,1,1
00067football,31,30,750,750,1,1
00067football,31,30,751,751,1,1
00067football,31,30,752,752,1,1
00067football,31,30,753,753,1,1
00067football,31,30,754,754,1,1
00067football,31,30,755,755,1,1
00067football,31,30,756,756,1,1
00067football,31,30,757,757,1,1
00067football,31,30,758,758,1,1
00067football,31,30,759,759,1,1
00067football,31,30,760,760,1,1
00067football,31,30,761,761,1,1
00067football,31,30,762,762,1,1
00067football,31,30,763,763,1,1
00067football,31,30,764,764,1,1
00067football,31,30,765,765,1,1
00067football,31,30,766,766,1,1
00067football,31,30,767,767,1,1
00067football,31,30,768,768,1,1
00067football,31,30,769,769,1,1
00067football,31,30,770,770,1,1
00067football,31,30,771,771,1,1
00067football,31,30,772,772,1,1
00067football,31,30,773,773,1,1
00067football,31,30,774,774,1,1
00067football,31,30,775,775,1,1
00067football,31,30,776,776,1,1
00067football,31,30,777,777,1,1
00067football,31,30,778,778,1,1
00067football,31,30,779,779,1,1
00067football,31,30,780,780,1,1
00067football,31,30,782,782,1,1
00067football,31,30,783,783,1,1
00067football,31,30,784,784,1,1
00067football,31,30,785,785,1,1
00067football,31,30,786,786,1,1
00067football,31,30,787,787,1,1
00067football,31,30,788,788,1,1
00067football,31,30,789,789,1,1
00067football,31,30,790,790,1,1
00067football,31,30,791,791,1,1
00067football,31,30,792,792,1,1
00067football,31,30,793,793,1,1
00067football,31,30,794,794,1,1
00067football,31,30,795,795,1,1
00067football,31,30,796,796,1,1
00067football,31,30,797,797,1,1
00067football,31,30,798,798,1,1
00067football,31,30,799,799,1,1
00067football,31,30,800,800,1,1
00067football,31,30,801,801,1,1
00067football,31,30,802,802,1,1
00067football,31,30,803,803,1,1
00067football,31,30,804,804,1,1
00067football,31,30,805,805,1,1
00067football,31,30,806,806,1,1
00067football,31,30,807,807,1,1
00067football,31,30,808,808,1,1
00067football,31,30,809,809,1,1
00067football,31,30,810,810,1,1
00067football,31,30,811,811,1,1
00067football,31,30,812,812,1,1
00067football,31,30,813,813,1,1
00067football,31,30,814,814,1,1
00067football,31,30,815,815,1,1
00067football,31,30,816,816,1,1
00067football,31,30,817,817,1,1
00067football,31,30,818,818,1,1
00067football,31,30,819,819,1,1
00067football,31,30,820,820,1,1
00067football,31,30,821,821,1,1
00067football,31,30,822,822,1,1
00067football,31,30,823,823,1,1
00067football,31,30,824,824,1,1
00067football,31,30,825,825,1,1
00067football,31,30,826,826,1,1
00067football,31,30,827,827,1,1
00067football,31,30,828,828,1,1
00067football,31,30,829,829,1,1
00067football,31,30,830,830,1,1
00067football,31,30,831,831,1,1
00067football,31,30,832,832,1,1
00067football,31,30,833,833,1,1
00067football,31,30,834,834,1,1
00067football,31,30,835,835,1,1
00067football,31,30,836,836,1,1
00067football,31,30,837,837,1,1
00067football,31,30,839,839,1,1
00067football,31,30,840,840,1,1
00067football,31,30,841,841,1,1
00067football,31,30,842,842,1,1
00067football,31,30,843,843,1,1
00067football,31,30,844,844,1,1
00067football,31,30,845,845,1,1
00067football,31,30,846,846,1,1
00067football,31,30,847,847,1,1
00067football,31,30,848,848,1,1
00067football,31,30,849,849,1,1
00067football,31,30,850,850,1,1
00067football,31,30,863,863,1,1
00067football,31,30,875,875,1,1
00067football,31,30,877,877,1,1
00067football,31,30,878,878,1,1
00067football,31,30,881,881,1,1
00067football,31,30,882,882,1,1
00067football,31,30,883,883,1,1
00067football,31,30,884,884,1,1
00067football,31,30,889,889,1,1
00067football,31,30,890,890,1,1
00067football,31,30,891,891,1,1
00067football,31,30,897,897,1,1
00067football,31,30,898,898,1,1
00067football,31,30,899,899,1,1
00067football,31,30,900,900,1,1
00067football,31,30,901,901,1,1
00067football,31,30,902,902,1,1
00067football,31,30,904,904,1,1
00067football,31,30,905,905,1,1
00067football,31,30,906,906,1,1
00067football,31,30,907,907,1,1
00067football,31,30,909,909,1,1
00067football,31,30,910,910,1,1
00067football,31,30,911,911,1,1
00067football,31,30,912,912,1,1
00067football,31,30,913,913,1,1
00067football,31,30,914,914,1,1
00067football,31,30,922,922,1,1
00067football,33,12,20,20,1,1
00067football,33,12,22,25,4,1
00067football,33,12,876,883,8,1
00067football,33,12,948,948,1,1
00067football,33,12,950,986,37,1
00067football,33,12,988,988,1,1
00067football,33,12,990,992,3,1
00067football,33,12,1002,1008,7,1
00067football,35,11,1,92,88,1
00067football,35,11,125,131,7,1
00067football,35,11,133,133,1,1
00067football,35,11,391,391,1,1
00067football,35,11,393,393,1,1
00067football,35,11,401,401,1,1
00067football,35,11,403,408,6,1
00067football,35,11,410,418,9,1
00067football,35,11,465,465,1,1
00067football,35,11,484,487,4,1
00067football,35,11,547,562,16,1
00067football,35,11,568,568,1,1
00067football,35,11,570,571,2,1
00067football,35,11,618,619,2,1
00067football,35,11,649,649,1,1
00067football,35,11,662,682,21,1
00067football,35,11,701,712,12,1
00067football,35,11,717,717,1,1
00067football,35,11,725,726,2,1
00067football,35,11,728,728,1,1
00067football,35,11,731,733,3,1
00067football,35,11,735,738,4,1
00067football,35,11,740,742,3,1
00067football,35,11,745,745,1,1
00067football,35,11,791,812,22,1
00067football,36,37,1,474,299,1
00067football,36,37,544,544,1,1
00067football,36,37,546,546,1,1
00067football,36,37,713,724,10,1
00067football,37,15,112,113,2,1
00067football,37,15,115,115,1,1
00067football,37,15,209,209,1,1
00067football,37,15,214,259,21,1
00067football,37,15,261,261,1,1
00067football,37,15,265,265,1,1
00067football,37,15,447,447,1,1
00067football,37,15,453,453,1,1
00067football,37,15,455,458,4,1
00067football,39,14,183,183,1,1
00067football,40,31,311,311,1,1
00067football,40,31,623,623,1,1
00067football,40,31,624,624,1,1
00067football,40,31,629,629,1,1
00067football,40,31,630,630,1,1
00067football,40,31,632,632,1,1
00067football,40,31,633,633,1,1
00067football,40,31,634,634,1,1
00067football,40,31,651,651,1,1
00067football,44,32,325,326,2,1
00067football,44,32,328,329,2,1
00067football,44,32,623,624,2,1
00067football,44,32,628,633,5,1
00067football,44,32,649,649,1,1
00067football,44,32,798,798,1,1
00067football,44,32,800,800,1,1
00067football,44,32,801,801,1,1
00067football,44,32,803,803,1,1
00067football,44,32,804,804,1,1
00067football,44,32,805,805,1,1
00067football,44,32,806,806,1,1
00067football,44,32,807,807,1,1
00067football,44,32,808,808,1,1
00067football,44,32,809,809,1,1
00067football,44,32,810,810,1,1
00067football,44,32,811,811,1,1
00067football,44,32,812,812,1,1
00067football,44,32,813,813,1,1
00067football,44,32,814,814,1,1
00067football,44,32,815,815,1,1
00067football,44,32,816,816,1,1
00067football,44,32,817,817,1,1
00067football,44,32,818,818,1,1
00067football,44,32,819,819,1,1
00067football,44,32,820,820,1,1
00067football,44,32,821,821,1,1
00067football,44,32,822,822,1,1
00067football,44,32,823,823,1,1
00067football,44,32,824,824,1,1
00067football,44,32,825,825,1,1
00067football,44,32,826,826,1,1
00067football,44,32,827,827,1,1
00067football,44,32,828,828,1,1
00067football,44,32,829,829,1,1
00067football,44,32,830,830,1,1
00067football,44,32,831,831,1,1
00067football,44,32,832,832,1,1
00067football,44,32,833,833,1,1
00067football,44,32,834,834,1,1
00067football,44,32,835,835,1,1
00067football,44,32,836,836,1,1
00067football,44,32,837,837,1,1
00067football,44,32,838,838,1,1
00067football,44,32,839,839,1,1
00067football,44,32,840,840,1,1
00067football,44,32,841,841,1,1
00067football,44,32,842,842,1,1
00067football,44,32,843,843,1,1
00067football,44,32,844,844,1,1
00067football,44,32,845,845,1,1
00067football,44,32,846,846,1,1
00067football,44,32,847,847,1,1
00067football,44,32,848,848,1,1
00067football,44,32,849,849,1,1
00067football,44,32,850,850,1,1
00067football,44,32,856,856,1,1
00067football,44,32,857,857,1,1
00067football,44,32,858,858,1,1
00067football,44,32,859,859,1,1
00067football,44,32,860,860,1,1
00067football,44,32,861,861,1,1
00067football,44,32,862,862,1,1
00067football,44,32,863,863,1,1
00067football,44,32,864,864,1,1
00067football,44,32,867,867,1,1
00067football,44,32,868,868,1,1
00067football,44,32,869,869,1,1
00067football,44,32,870,870,1,1
00067football,44,32,871,871,1,1
00067football,44,32,872,872,1,1
00067football,44,32,873,873,1,1
00067football,44,32,874,874,1,1
00067football,44,32,875,875,1,1
00067football,44,32,876,876,1,1
00067football,44,32,877,877,1,1
00067football,44,32,880,880,1,1
00067football,44,32,881,881,1,1
00067football,44,32,882,882,1,1
00067football,44,32,883,883,1,1
00067football,44,32,884,884,1,1
00067football,44,32,889,889,1,1
00067football,44,32,890,890,1,1
00067football,44,32,891,891,1,1
00067football,44,32,892,892,1,1
00067football,44,32,893,893,1,1
00067football,44,32,897,897,1,1
00067football,44,32,898,898,1,1
00067football,44,32,900,900,1,1
00067football,44,32,901,901,1,1
00067football,44,32,902,902,1,1
00067football,44,32,903,903,1,1
00067football,44,32,904,904,1,1
00067football,44,32,905,905,1,1
00067football,44,32,906,906,1,1
00067football,44,32,907,907,1,1
00067football,44,32,908,908,1,1
00067football,44,32,909,909,1,1
00067football,44,32,910,910,1,1
00067football,44,32,911,911,1,1
00067football,44,32,912,912,1,1
00067football,44,32,913,913,1,1
00067football,44,32,914,914,1,1
00067football,44,32,915,915,1,1
00067football,44,32,916,916,1,1
00067football,44,32,917,917,1,1
00067football,44,32,918,918,1,1
00067football,44,32,919,919,1,1
00067football,44,32,920,920,1,1
00067football,44,32,921,921,1,1
00067football,44,32,922,922,1,1
00067football,44,32,923,923,1,1
00067football,44,32,924,924,1,1
00067football,44,32,925,925,1,1
00067football,44,32,926,926,1,1
00067football,44,32,927,927,1,1
00067football,44,32,928,928,1,1
00067football,44,32,929,929,1,1
00067football,44,32,930,930,1,1
00067football,44,32,931,931,1,1
00067football,44,32,932,932,1,1
00067football,44,32,933,933,1,1
00067football,44,32,934,934,1,1
00067football,44,32,935,935,1,1
00067football,44,32,936,936,1,1
00067football,44,32,937,937,1,1
00067football,44,32,938,938,1,1
00067football,44,32,939,939,1,1
00067football,44,32,940,940,1,1
00067football,44,32,941,941,1,1
00067football,44,32,942,942,1,1
00067football,44,32,943,943,1,1
00067football,44,32,944,944,1,1
00067football,44,32,945,945,1,1
00067football,44,32,946,946,1,1
00067football,44,32,947,947,1,1
00067football,44,32,948,948,1,1
00067football,44,32,949,949,1,1
00067football,44,32,950,950,1,1
00067football,44,32,951,951,1,1
00067football,44,32,952,952,1,1
00067football,44,32,953,953,1,1
00067football,44,32,954,954,1,1
00067football,44,32,955,955,1,1
00067football,44,32,956,956,1,1
00067football,44,32,959,959,1,1
00067football,44,32,960,960,1,1
00067football,44,32,961,961,1,1
00067football,44,32,962,962,1,1
00067football,44,32,963,963,1,1
00067football,44,32,964,964,1,1
00067football,44,32,965,965,1,1
00067football,44,32,966,966,1,1
00067football,44,32,967,967,1,1
00067football,44,32,970,970,1,1
00067football,44,32,971,971,1,1
00067football,44,32,972,972,1,1
00067football,44,32,973,973,1,1
00067football,44,32,974,974,1,1
00067football,44,32,975,975,1,1
00067football,44,32,976,976,1,1
00067football,44,32,977,977,1,1
00067football,44,32,978,978,1,1
00067football,44,32,979,979,1,1
00067football,44,32,980,980,1,1
00067football,44,32,981,981,1,1
00067football,44,32,982,982,1,1
00067football,44,32,983,983,1,1
00067football,44,32,984,984,1,1
00067football,44,32,985,985,1,1
00067football,44,32,986,986,1,1
00067football,44,32,987,987,1,1
00067football,44,32,988,988,1,1
00067football,44,32,989,989,1,1
00067football,44,32,990,990,1,1
00067football,44,32,991,991,1,1
00067football,44,32,992,992,1,1
00067football,44,32,993,993,1,1
00067football,44,32,994,994,1,1
00067football,44,32,995,995,1,1
00067football,44,32,996,996,1,1
00067football,44,32,997,997,1,1
00067football,44,32,998,998,1,1
00067football,44,32,999,999,1,1
00067football,44,32,1000,1000,1,1
00067football,44,32,1001,1001,1,1
00067football,44,32,1002,1002,1,1
00067football,44,32,1003,1003,1,1
00067football,44,32,1004,1004,1,1
00067football,44,32,1005,1005,1,1
00067football,44,32,1006,1006,1,1
00067football,44,32,1007,1007,1,1
00067football,44,32,1008,1008,1,1
00067football,44,32,1009,1009,1,1
00067football,44,32,1011,1011,1,1
00067football,44,32,1012,1012,1,1
00067football,44,32,1013,1013,1,1
00067football,44,32,1014,1014,1,1
00067football,44,32,1015,1015,1,1
00067football,44,32,1020,1020,1,1
00067football,44,32,1021,1021,1,1
00067football,44,32,1022,1022,1,1
00067football,44,32,1023,1023,1,1
00067football,44,32,1024,1024,1,1
00067football,44,32,1025,1025,1,1
00067football,44,32,1026,1026,1,1
00067football,44,32,1027,1027,1,1
00067football,44,32,1028,1028,1,1
00067football,44,32,1029,1029,1,1
00067football,44,32,1030,1030,1,1
00067football,44,32,1031,1031,1,1
00067football,44,32,1032,1032,1,1
00067football,44,32,1033,1033,1,1
00067football,44,32,1034,1034,1,1
00067football,44,32,1035,1035,1,1
00067football,44,32,1036,1036,1,1
00067football,44,32,1037,1037,1,1
00067football,44,32,1038,1038,1,1
00067football,44,32,1039,1039,1,1
00067football,44,32,1040,1040,1,1
00067football,44,32,1041,1041,1,1
00067football,44,32,1042,1042,1,1
00067football,44,32,1043,1043,1,1
00067football,104,19,389,389,1,1
00067football,104,19,392,392,1,1
00067football,104,19,393,393,1,1
00067football,104,19,394,394,1,1
00067football,104,19,410,410,1,1
00067football,104,19,412,412,1,1
00067football,104,19,413,413,1,1
00067football,104,19,414,414,1,1
00067football,104,19,417,417,1,1
00067football,104,19,418,418,1,1
00067football,104,19,419,419,1,1
00067football,104,19,420,420,1,1
00067football,104,19,421,421,1,1
00067football,104,19,422,422,1,1
00067football,104,19,423,423,1,1
00067football,104,19,424,424,1,1
00067football,104,19,425,425,1,1
00067football,104,19,426,426,1,1
00067football,104,19,427,427,1,1
00067football,104,19,428,428,1,1
00067football,104,19,429,429,1,1
00067football,104,19,499,499,1,1
00067football,104,19,504,504,1,1
00067football,104,19,606,839,3,2
00067football,126,35,876,876,1,1
00067football,126,35,878,878,1,1
00067football,126,35,881,881,1,1
00067football,197,14,250,261,8,1
00067football,197,14,265,265,1,1
00067football,197,14,434,434,1,1
00067football,197,14,436,438,3,1
00067football,197,14,445,446,2,1
00067football,197,14,623,633,10,1
00067football,298,45,792,792,1,1
00067football,298,45,793,793,1,1
00067football,298,45,794,794,1,1
00067football,298,45,795,795,1,1
00067football,298,45,796,796,1,1
00067football,298,45,797,797,1,1
00067football,298,45,798,798,1,1
00067football,298,45,799,799,1,1
00067football,298,45,800,800,1,1
00067football,298,45,801,801,1,1
00067football,298,45,802,802,1,1
00067football,298,45,803,803,1,1
00067football,298,45,804,804,1,1
00067football,298,45,805,805,1,1
00067football,298,45,806,853,48,1
00067football,298,45,854,854,1,1
00067football,298,45,855,855,1,1
00067football,298,45,856,857,2,1
00067football,298,45,858,859,2,1
00067football,298,45,860,860,1,1
00067football,298,45,861,861,1,1
00067football,298,45,862,862,1,1
00067football,298,45,863,863,1,1
00067football,298,45,864,864,1,1
00067football,298,45,865,865,1,1
00067football,298,45,866,866,1,1
00067football,298,45,867,867,1,1
00067football,298,45,868,868,1,1
00067football,298,45,869,869,1,1
00067football,298,45,870,870,1,1
00067football,298,45,871,871,1,1
00067football,298,45,872,872,1,1
00067football,298,45,873,873,1,1
00067football,298,45,874,874,1,1
00067football,298,45,875,875,1,1
00067football,298,45,876,876,1,1
00067football,298,45,877,877,1,1
00067football,298,45,878,878,1,1
00067football,298,45,879,879,1,1
00067football,298,45,880,880,1,1
00067football,298,45,881,881,1,1
00067football,298,45,882,882,1,1
00067football,298,45,883,883,1,1
00067football,298,45,884,884,1,1
00067football,298,45,885,885,1,1
00067football,298,45,886,886,1,1
00067football,298,45,887,887,1,1
00067football,298,45,888,888,1,1
00067football,298,45,889,889,1,1
00067football,298,45,890,890,1,1
00067football,298,45,891,891,1,1
00067football,298,45,892,892,1,1
00067football,298,45,893,893,1,1
00067football,298,45,894,894,1,1
00067football,298,45,895,895,1,1
00067football,298,45,896,896,1,1
00067football,298,45,897,897,1,1
00067football,298,45,898,898,1,1
00067football,298,45,899,899,1,1
00067football,298,45,900,900,1,1
00067football,298,45,901,901,1,1
00067football,298,45,902,902,1,1
00067football,298,45,903,903,1,1
00067football,298,45,904,904,1,1
00067football,298,45,905,905,1,1
00067football,298,45,906,906,1,1
00067football,298,45,907,907,1,1
00067football,298,45,908,908,1,1
00067football,298,45,909,909,1,1
00067football,298,45,910,910,1,1
00067football,298,45,911,911,1,1
00067football,298,45,912,912,1,1
00067football,298,45,913,913,1,1
00067football,298,45,914,914,1,1
00067football,298,45,915,915,1,1
00067football,298,45,916,916,1,1
00067football,298,45,917,917,1,1
00067football,298,45,918,918,1,1
00067football,298,45,919,919,1,1
00067football,298,45,920,920,1,1
00067football,298,45,921,921,1,1
00067football,298,45,922,922,1,1
00067football,298,45,923,923,1,1
00067football,298,45,924,924,1,1
00067football,298,45,925,925,1,1
00067football,298,45,926,926,1,1
00067football,298,45,927,927,1,1
00067football,298,45,928,928,1,1
00067football,298,45,929,929,1,1
00067football,298,45,930,930,1,1
00067football,298,45,931,931,1,1
00067football,298,45,932,932,1,1
00067football,298,45,933,933,1,1
00067football,298,45,934,934,1,1
00067football,298,45,935,935,1,1
00067football,298,45,936,936,1,1
00067football,298,45,937,937,1,1
00067football,298,45,938,938,1,1
00067football,298,45,939,939,1,1
00067football,298,45,940,940,1,1
00067football,298,45,941,941,1,1
00067football,298,45,942,942,1,1
00067football,298,45,943,943,1,1
00067football,298,45,944,944,1,1
00067football,298,45,945,945,1,1
00067football,298,45,946,946,1,1
00067football,298,45,947,947,1,1
00067football,298,45,948,948,1,1
00067football,298,45,949,949,1,1
00067football,298,45,950,950,1,1
00067football,298,45,951,951,1,1
00067football,298,45,952,952,1,1
00067football,298,45,953,953,1,1
00067football,298,45,954,954,1,1
00067football,298,45,955,955,1,1
00067football,298,45,956,956,1,1
00067football,298,45,957,957,1,1
00067football,298,45,958,958,1,1
00067football,298,45,959,959,1,1
00067football,298,45,960,960,1,1
00067football,298,45,961,961,1,1
00067football,298,45,962,962,1,1
00067football,298,45,963,963,1,1
00067football,298,45,964,964,1,1
00067football,298,45,965,965,1,1
00067football,298,45,966,966,1,1
00067football,298,45,967,967,1,1
00067football,298,45,968,968,1,1
00067football,298,45,969,969,1,1
00067football,298,45,970,970,1,1
00067football,298,45,971,971,1,1
00067football,298,45,972,972,1,1
00067football,298,45,973,973,1,1
00067football,298,45,974,974,1,1
00067football,298,45,975,975,1,1
00067football,298,45,976,976,1,1
00067football,298,45,977,977,1,1
00067football,298,45,978,978,1,1
00067football,298,45,979,979,1,1
00067football,298,45,980,980,1,1
00067football,298,45,981,981,1,1
00067football,298,45,982,982,1,1
00067football,298,45,983,983,1,1
00067football,298,45,984,984,1,1
00067football,298,45,985,985,1,1
00067football,298,45,986,986,1,1
00067football,298,45,987,987,1,1
00067football,298,45,988,988,1,1
00067football,298,45,989,989,1,1
00067football,298,45,990,990,1,1
00067football,298,45,991,991,1,1
00067football,298,45,992,992,1,1
00067football,298,45,993,993,1,1
00067football,298,45,994,994,1,1
00067football,298,45,995,995,1,1
00067football,298,45,996,996,1,1
00067football,298,45,997,997,1,1
00067football,298,45,998,998,1,1
00067football,298,45,999,999,1,1
00067football,298,45,1000,1000,1,1
00067football,298,45,1001,1001,1,1
00067football,298,45,1002,1002,1,1
00067football,298,45,1003,1003,1,1
00067football,298,45,1004,1004,1,1
00067football,298,45,1005,1005,1,1
00067football,298,45,1006,1006,1,1
00067football,298,45,1007,1007,1,1
00067football,298,45,1008,1008,1,1
00067football,298,45,1009,1009,1,1
00067football,298,45,1010,1010,1,1
00067football,298,45,1011,1011,1,1
00067football,298,45,1012,1012,1,1
00067football,298,45,1013,1013,1,1
00067football,298,45,1014,1014,1,1
00067football,298,45,1015,1015,1,1
00067football,298,45,1016,1016,1,1
00067football,298,45,1017,1017,1,1
00067football,298,45,1018,1043,52,2
00067football,371,36,582,583,2,1
00067football,371,36,600,600,1,1
00067football,371,36,601,601,1,1
00067football,371,36,602,602,1,1
00067football,371,36,604,604,1,1
00067football,371,36,608,608,1,1
00067football,583,22,704,757,10,1
00067football,583,22,758,758,1,1
00067football,583,22,759,759,1,1
00067football,583,22,760,760,1,1
00067football,583,22,761,761,1,1
00067football,583,22,762,762,1,1
00067football,583,22,763,763,1,1
00067football,583,22,764,764,1,1
00067football,583,22,765,765,1,1
00067football,583,22,766,766,1,1
00067football,583,22,767,767,1,1
00067football,583,22,768,768,1,1
00067football,583,22,769,769,1,1
00067football,583,22,770,770,1,1
00067football,583,22,773,773,1,1
00067football,583,22,774,774,1,1
00067football,583,22,777,777,1,1
00067football,583,22,778,778,1,1
00067football,583,22,779,779,1,1
00067football,583,22,780,780,1,1
00067football,583,22,781,781,1,1
00067football,583,22,782,782,1,1
00067football,583,22,783,783,1,1
00067football,583,22,784,784,1,1
00067football,583,22,785,785,1,1
00067football,583,22,786,786,1,1
00067football,583,22,787,787,1,1
00067football,583,22,788,788,1,1
00067football,583,22,789,789,1,1
00067football,583,22,790,790,1,1
00067football,583,22,791,791,1,1
00067football,583,22,792,792,1,1
00067football,583,22,793,793,1,1
00067football,583,22,794,794,1,1
00067football,583,22,795,795,1,1
00067football,583,22,796,796,1,1
00067football,583,22,797,797,1,1
00067football,583,22,798,798,1,1
00067football,583,22,799,799,1,1
00067football,583,22,800,800,1,1
00067football,583,22,801,801,1,1
00067football,583,22,802,802,1,1
00067football,583,22,803,803,1,1
00067football,583,22,804,804,1,1
00067football,583,22,805,805,1,1
00067football,583,22,806,806,1,1
00067football,583,22,807,807,1,1
00067football,583,22,808,808,1,1
00067football,583,22,809,809,1,1
00067football,583,22,810,810,1,1
00067football,583,22,811,811,1,1
00067football,583,22,812,812,1,1
00067football,583,22,813,813,1,1
00067football,583,22,814,814,1,1
00067football,583,22,815,815,1,1
00067football,583,22,816,816,1,1
00067football,583,22,817,817,1,1
00067football,583,22,818,818,1,1
00067football,583,22,819,819,1,1
00067football,583,22,820,820,1,1
00067football,583,22,821,821,1,1
00067football,583,22,822,822,1,1
00067football,583,22,823,823,1,1
00067football,583,22,824,824,1,1
00067football,583,22,825,825,1,1
00067football,583,22,826,826,1,1
00067football,583,22,827,827,1,1
00067football,583,22,828,828,1,1
00067football,583,22,829,829,1,1
00067football,583,22,830,830,1,1
00067football,583,22,831,831,1,1
00067football,583,22,832,832,1,1
00067football,583,22,833,833,1,1
00067football,583,22,834,834,1,1
00067football,583,22,835,835,1,1
00067football,583,22,836,836,1,1
00067football,583,22,837,837,1,1
00067football,583,22,838,838,1,1
00067football,583,22,839,839,1,1
00067football,583,22,840,840,1,1
00067football,583,22,841,841,1,1
00067football,583,22,842,842,1,1
00067football,583,22,843,843,1,1
00067football,583,22,844,844,1,1
00067football,583,22,845,845,1,1
00067football,583,22,846,846,1,1
00067football,583,22,847,847,1,1
00067football,583,22,848,848,1,1
00067football,583,22,849,849,1,1
00067football,583,22,850,850,1,1
00067football,583,22,851,851,1,1
00067football,583,22,852,852,1,1
00067football,583,22,853,853,1,1
00067football,583,22,855,855,1,1
00067football,583,22,856,856,1,1
00067football,583,22,857,857,1,1
00067football,583,22,858,858,1,1
00067football,583,22,859,859,1,1
00067football,583,22,861,861,1,1
00067football,583,22,862,862,1,1
00067football,583,22,863,863,1,1
00067football,583,22,864,864,1,1
00067football,583,22,867,867,1,1
00067football,583,22,869,869,1,1
00067football,583,22,876,876,1,1
00067football,583,22,877,877,1,1
00067football,583,22,878,878,1,1
00067football,583,22,879,879,1,1
00067football,583,22,880,880,1,1
00067football,583,22,881,881,1,1
00067football,583,22,882,882,1,1
00067football,583,22,883,883,1,1
00067football,583,22,884,884,1,1
00067football,583,22,885,885,1,1
00067football,583,22,886,886,1,1
00067football,583,22,887,887,1,1
00067football,583,22,888,888,1,1
00067football,583,22,889,889,1,1
00067football,583,22,893,893,1,1
00067football,583,22,894,894,1,1
00067football,583,22,895,895,1,1
00067football,583,22,896,896,1,1
00067football,583,22,897,897,1,1
00067football,583,22,898,898,1,1
00067football,583,22,899,899,1,1
00067football,614,49,768,768,1,1
00067football,614,49,1019,1043,35,2
00067football,782,8,960,960,1,1
00117wood,1,3,1003,1003,1,1
00117wood,1,3,1004,1004,1,1
00117wood,1,3,1005,1005,1,1
00117wood,1,3,1006,1006,1,1
00117wood,1,3,1007,1007,1,1
00117wood,1,3,1009,1009,1,1
00117wood,1,3,1010,1010,1,1
00117wood,1,3,1011,1011,1,1
00117wood,1,3,1012,1012,1,1
00117wood,1,3,1013,1013,1,1
00117wood,1,3,1014,1014,1,1
00117wood,1,3,1015,1015,1,1
00117wood,1,3,1016,1016,1,1
00117wood,1,3,1017,1017,1,1
00117wood,1,3,1018,1018,1,1
00117wood,1,3,1019,1019,1,1
00117wood,1,3,1020,1020,1,1
00117wood,1,3,1021,1021,1,1
00117wood,1,3,1022,1022,1,1
00117wood,1,3,1023,1023,1,1
00117wood,1,3,1024,1024,1,1
00117wood,1,3,1025,1025,1,1
00117wood,1,3,1026,1026,1,1
00117wood,1,3,1027,1027,1,1
00117wood,1,3,1028,1028,1,1
00117wood,1,3,1029,1029,1,1
00117wood,1,3,1030,1030,1,1
00117wood,1,3,1031,1031,1,1
00117wood,1,3,1032,1032,1,1
00117wood,1,3,1033,1033,1,1
00117wood,1,3,1034,1034,1,1
00117wood,1,3,1035,1035,1,1
00117wood,1,3,1036,1036,1,1
00117wood,1,3,1037,1037,1,1
00117wood,1,3,1038,1038,1,1
00117wood,1,3,1039,1039,1,1
00117wood,1,3,1040,1040,1,1
00117wood,1,3,1041,1041,1,1
00117wood,1,3,1042,1042,1,1
00117wood,1,3,1043,1043,1,1
00117wood,1,3,1044,1044,1,1
00117wood,1,3,1045,1045,1,1
00117wood,1,3,1046,1046,1,1
00117wood,1,3,1047,1047,1,1
00117wood,1,3,1048,1048,1,1
00117wood,1,3,1049,1049,1,1
00117wood,1,3,1050,1050,1,1
00117wood,1,3,1051,1051,1,1
00117wood,1,3,1052,1052,1,1
00117wood,1,3,1053,1053,1,1
00117wood,1,3,1054,1054,1,1
00117wood,1,3,1055,1055,1,1
00117wood,1,3,1056,1056,1,1
00117wood,1,3,1057,1057,1,1
00117wood,1,3,1058,1058,1,1
00117wood,1,3,1059,1059,1,1
00117wood,1,3,1060,1060,1,1
00117wood,1,3,1063,1063,1,1
00117wood,1,3,1065,1065,1,1
00117wood,1,3,1071,1071,1,1
00117wood,1,3,1074,1074,1,1
00117wood,1,3,1078,1078,1,1
00117wood,1,3,1081,1081,1,1
00117wood,1,3,1082,1082,1,1
00117wood,1,3,1083,1083,1,1
00117wood,1,3,1084,1084,1,1
00117wood,1,3,1085,1085,1,1
00117wood,1,3,1086,1086,1,1
00117wood,1,3,1087,1087,1,1
00117wood,1,3,1088,1088,1,1
00117wood,1,3,1090,1090,1,1
00117wood,1,3,1091,1091,1,1
00117wood,1,3,1092,1092,1,1
00117wood,1,3,1093,1093,1,1
00117wood,1,3,1094,1094,1,1
00117wood,1,3,1100,1100,1,1
00117wood,1,3,1105,1105,1,1
00117wood,1,3,1106,1106,1,1
00117wood,1,3,1131,1131,1,1
00117wood,1,3,1132,1132,1,1
00117wood,1,3,1141,1141,1,1
00117wood,1,3,1456,1456,1,1
00117wood,1,3,1457,1457,1,1
00117wood,1,3,1470,1470,1,1
00117wood,2,6,565,565,1,1
00117wood,2,6,1227,1231,4,1
00117wood,3,4,347,347,1,1
00117wood,3,4,1139,1139,1,1
00117wood,3,4,1140,1140,1,1
00117wood,3,4,1145,1145,1,1
00117wood,3,4,1146,1146,1,1
00117wood,3,4,1147,1147,1,1
00117wood,3,4,1148,1148,1,1
00117wood,3,4,1149,1150,2,1
00117wood,3,4,1204,1205,2,1
00117wood,3,4,1206,1206,1,1
00117wood,4,8,274,274,1,1
00117wood,5,1,265,265,1,1
00117wood,5,1,267,267,1,1
00117wood,5,1,268,268,1,1
00117wood,5,1,269,269,1,1
00117wood,5,1,274,274,1,1
00117wood,5,1,279,279,1,1
00117wood,5,1,295,295,1,1
00117wood,5,1,296,296,1,1
00117wood,5,1,297,297,1,1
00117wood,5,1,298,298,1,1
00117wood,5,1,299,299,1,1
00117wood,5,1,300,300,1,1
00117wood,5,1,301,301,1,1
00117wood,5,1,302,302,1,1
00117wood,5,1,303,303,1,1
00117wood,5,1,304,304,1,1
00117wood,5,1,305,305,1,1
00117wood,5,1,306,306,1,1
00117wood,5,1,307,307,1,1
00117wood,5,1,308,308,1,1
00117wood,5,1,337,337,1,1
00117wood,5,1,338,353,6,1
00117wood,5,1,392,393,2,1
00117wood,5,1,1130,1130,1,1
00117wood,5,1,1133,1133,1,1
00117wood,5,1,1134,1134,1,1
00117wood,5,1,1634,1634,1,1
00117wood,5,1,1635,1635,1,1
00117wood,7,7,274,274,1,1
00117wood,7,7,279,279,1,1
00117wood,17,10,52,97,46,1
00117wood,17,10,100,104,5,1
00117wood,17,10,127,128,2,1
00117wood,17,10,159,165,7,1
00117wood,17,10,342,342,1,1
00117wood,17,10,343,343,1,1
00117wood,17,10,344,344,1,1
00117wood,17,10,345,345,1,1
00117wood,28,2,201,201,1,1
00117wood,28,2,313,313,1,1
00117wood,28,2,328,330,3,1
00117wood,119,8,407,408,2,1
00120park,1,1,595,595,1,1
00120park,1,1,596,596,1,1
00120park,1,1,600,600,1,1
00120park,1,1,601,601,1,1
00120park,1,1,605,605,1,1
00120park,1,1,606,606,1,1
00120park,1,1,607,607,1,1
00120park,1,1,610,610,1,1
00120park,1,1,611,611,1,1
00120park,1,1,612,612,1,1
00120park,1,1,613,613,1,1
00120park,1,1,614,614,1,1
00120park,1,1,615,615,1,1
00120park,1,1,616,616,1,1
00120park,1,1,618,618,1,1
00120park,1,1,620,620,1,1
00120park,1,1,623,623,1,1
00120park,1,1,624,624,1,1
00120park,1,1,625,625,1,1
00120park,1,1,626,626,1,1
00120park,1,1,627,627,1,1
00120park,1,1,628,628,1,1
00120park,1,1,629,629,1,1
00120park,1,1,630,630,1,1
00120park,1,1,631,631,1,1
00120park,1,1,632,632,1,1
00120park,1,1,633,633,1,1
00120park,1,1,634,634,1,1
00120park,1,1,635,635,1,1
00120park,1,1,636,636,1,1
00120park,1,1,637,637,1,1
00120park,1,1,638,638,1,1
00120park,1,1,639,639,1,1
00120park,1,1,640,640,1,1
00120park,1,1,641,641,1,1
00120park,1,1,642,642,1,1
00120park,1,1,643,643,1,1
00120park,1,1,644,644,1,1
00120park,1,1,645,645,1,1
00120park,1,1,646,646,1,1
00120park,1,1,647,647,1,1
00120park,1,1,648,648,1,1
00120park,1,1,649,649,1,1
00120park,1,1,650,650,1,1
00120park,1,1,651,651,1,1
00120park,1,1,652,652,1,1
00120park,1,1,653,653,1,1
00120park,1,1,654,654,1,1
00120park,1,1,655,655,1,1
00120park,1,1,656,656,1,1
00120park,1,1,657,657,1,1
00120park,1,1,658,658,1,1
00120park,1,1,659,659,1,1
00120park,1,1,660,660,1,1
00120park,1,1,661,661,1,1
00120park,1,1,662,662,1,1
00120park,1,1,663,663,1,1
00120park,1,1,664,664,1,1
00120park,1,1,665,665,1,1
00120park,1,1,666,666,1,1
00120park,1,1,667,667,1,1
00120park,1,1,668,668,1,1
00120park,1,1,669,669,1,1
00120park,1,1,670,670,1,1
00120park,1,1,671,671,1,1
00120park,1,1,672,672,1,1
00120park,1,1,673,673,1,1
00120park,1,1,674,674,1,1
00120park,1,1,675,675,1,1
00120park,1,1,676,676,1,1
00120park,1,1,677,677,1,1
00120park,1,1,678,679,3,2
00120park,1,1,680,680,1,1
00120park,1,1,681,681,1,1
00120park,1,1,682,682,1,1
00120park,1,1,683,683,1,1
00120park,1,1,684,684,1,1
00120park,1,1,685,685,1,1
00120park,1,1,686,687,3,2
00120park,1,1,688,689,3,2
00120park,1,1,690,691,3,2
00120park,1,1,692,692,1,1
00120park,1,1,693,832,277,2
00120park,1,1,833,833,1,1
00120park,1,1,834,834,1,1
00120park,1,1,835,835,1,1
00120park,1,1,836,836,1,1
00120park,1,1,837,837,1,1
00120park,1,1,838,838,1,1
00120park,1,1,839,839,1,1
00120park,1,1,840,840,1,1
00120park,1,1,841,841,1,1
00120park,1,1,842,844,5,2
00120park,1,1,845,845,1,1
00120park,1,1,846,1043,267,2
00120park,2,4,626,1043,733,2
00120park,4,2,912,912,1,1
00120park,4,2,937,937,1,1
00120park,4,2,959,959,1,1
00120park,4,2,962,962,1,1
00120park,4,2,977,977,1,1
00120park,4,2,978,978,1,1
00120park,4,2,1004,1004,1,1
00120park,4,2,1014,1014,1,1
00120park,4,2,1015,1015,1,1
00120park,4,2,1016,1016,1,1
00120park,4,2,1017,1017,1,1
00120park,4,2,1019,1019,1,1
00120park,4,2,1020,1020,1,1
00120park,4,2,1022,1022,1,1
00120park,6,3,303,303,1,1
00120park,6,3,318,318,1,1
00120park,6,3,330,330,1,1
00120park,6,3,331,331,1,1
00120park,6,3,332,332,1,1
00120park,6,3,504,504,1,1
00120park,6,3,505,505,1,1
00120park,6,3,508,508,1,1
00120park,6,3,509,509,1,1
00120park,6,3,511,511,1,1
00120park,6,3,515,515,1,1
00120park,6,3,652,652,1,1
00120park,6,3,653,653,1,1
00120park,6,3,655,655,1,1
00120park,6,3,656,656,1,1
00120park,6,3,675,675,1,1
00120park,6,3,676,676,1,1
00120park,6,3,677,677,1,1
00120park,6,3,678,678,1,1
00120park,6,3,1008,1008,1,1
00120park,6,3,1009,1009,1,1
00120park,6,3,1010,1010,1,1
00120park,6,3,1011,1011,1,1
00120park,6,3,1014,1014,1,1
00121park,1,2,195,195,1,1
00121park,1,2,199,199,1,1
00121park,1,2,200,200,1,1
00121park,1,2,201,201,1,1
00121park,1,2,202,202,1,1
00121park,1,2,203,203,1,1
00121park,1,2,204,204,1,1
00121park,1,2,205,205,1,1
00121park,1,2,206,206,1,1
00121park,1,2,207,207,1,1
00121park,1,2,208,208,1,1
00121park,1,2,215,215,1,1
00121park,1,2,287,287,1,1
00121park,1,2,349,349,1,1
00121park,1,2,351,357,7,1
00121park,1,2,359,359,1,1
00121park,1,2,361,363,3,1
00121park,1,2,373,373,1,1
00121park,1,2,375,376,2,1
00121park,1,2,385,386,2,1
00121park,1,2,403,403,1,1
00121park,1,2,405,406,2,1
00121park,1,2,408,408,1,1
00121park,1,2,410,413,4,1
00121park,1,2,418,418,1,1
00121park,1,2,435,435,1,1
00121park,1,2,452,452,1,1
00121park,1,2,453,453,1,1
00121park,1,2,459,459,1,1
00121park,1,2,465,465,1,1
00121park,1,2,467,467,1,1
00121park,1,2,468,469,2,1
00121park,1,2,470,470,1,1
00121park,1,2,471,471,1,1
00121park,1,2,473,473,1,1
00121park,1,2,474,475,3,2
00121park,1,2,476,476,1,1
00121park,1,2,477,477,1,1
00121park,1,2,478,478,1,1
00121park,1,2,481,481,1,1
00121park,1,2,482,482,1,1
00121park,1,2,483,483,1,1
00121park,1,2,486,486,1,1
00121park,1,2,488,488,1,1
00121park,1,2,489,489,1,1
00121park,1,2,490,490,1,1
00121park,1,2,491,491,1,1
00121park,1,2,492,492,1,1
00121park,1,2,523,523,1,1
00121park,1,2,526,526,1,1
00121park,1,2,531,532,2,1
00121park,1,2,534,534,1,1
00121park,1,2,535,535,1,1
00121park,1,2,536,536,1,1
00121park,1,2,537,537,1,1
00121park,1,2,538,538,1,1
00121park,1,2,539,539,1,1
00121park,1,2,540,540,1,1
00121park,1,2,541,541,1,1
00121park,1,2,542,542,1,1
00121park,1,2,543,543,1,1
00121park,1,2,544,544,1,1
00121park,1,2,545,545,1,1
00121park,1,2,546,546,1,1
00121park,1,2,547,547,1,1
00121park,1,2,548,548,1,1
00121park,1,2,549,549,1,1
00121park,1,2,550,550,1,1
00121park,1,2,556,556,1,1
00121park,1,2,641,641,1,1
00121park,1,2,645,645,1,1
00121park,1,2,646,646,1,1
00121park,1,2,647,647,1,1
00121park,1,2,648,648,1,1
00121park,1,2,649,649,1,1
00121park,1,2,650,650,1,1
00121park,1,2,651,651,1,1
00121park,1,2,652,652,1,1
00121park,1,2,653,653,1,1
00121park,1,2,654,654,1,1
00121park,1,2,655,655,1,1
00121park,1,2,656,656,1,1
00121park,1,2,657,657,1,1
00121park,1,2,658,658,1,1
00121park,1,2,659,659,1,1
00121park,1,2,660,660,1,1
00121park,1,2,661,661,1,1
00121park,1,2,662,662,1,1
00121park,1,2,663,663,1,1
00121park,1,2,664,664,1,1
00121park,1,2,665,665,1,1
00121park,1,2,666,666,1,1
00121park,1,2,668,668,1,1
00121park,1,2,669,669,1,1
00121park,1,2,670,670,1,1
00121park,1,2,671,671,1,1
00121park,1,2,672,672,1,1
00121park,1,2,673,673,1,1
00121park,1,2,674,674,1,1
00121park,1,2,675,675,1,1
00121park,1,2,676,676,1,1
00121park,1,2,677,677,1,1
00121park,1,2,678,678,1,1
00121park,1,2,679,679,1,1
00121park,1,2,680,680,1,1
00121park,1,2,681,681,1,1
00121park,1,2,682,682,1,1
00121park,1,2,683,683,1,1
00121park,1,2,684,684,1,1
00121park,1,2,685,685,1,1
00121park,1,2,686,686,1,1
00121park,1,2,687,687,1,1
00121park,1,2,688,688,1,1
00121park,1,2,689,689,1,1
00121park,1,2,690,690,1,1
00121park,1,2,691,691,1,1
00121park,1,2,692,692,1,1
00121park,1,2,693,693,1,1
00121park,1,2,694,694,1,1
00121park,1,2,695,695,1,1
00121park,1,2,696,696,1,1
00121park,1,2,697,697,1,1
00121park,1,2,698,698,1,1
00121park,1,2,699,699,1,1
00121park,1,2,700,700,1,1
00121park,1,2,701,701,1,1
00121park,1,2,702,702,1,1
00121park,1,2,703,703,1,1
00121park,1,2,704,704,1,1
00121park,1,2,705,705,1,1
00121park,1,2,706,706,1,1
00121park,1,2,707,707,1,1
00121park,1,2,708,708,1,1
00121park,1,2,709,709,1,1
00121park,1,2,710,710,1,1
00121park,1,2,711,711,1,1
00121park,1,2,712,712,1,1
00121park,1,2,713,713,1,1
00121park,1,2,714,714,1,1
00121park,1,2,715,715,1,1
00121park,1,2,716,716,1,1
00121park,1,2,717,717,1,1
00121park,1,2,718,718,1,1
00121park,1,2,719,719,1,1
00121park,1,2,720,720,1,1
00121park,1,2,721,721,1,1
00121park,1,2,722,722,1,1
00121park,1,2,723,723,1,1
00121park,1,2,724,724,1,1
00121park,1,2,725,725,1,1
00121park,1,2,726,726,1,1
00121park,1,2,727,727,1,1
00121park,1,2,728,728,1,1
00121park,1,2,729,729,1,1
00121park,1,2,730,730,1,1
00121park,1,2,731,731,1,1
00121park,1,2,732,732,1,1
00121park,1,2,733,733,1,1
00121park,1,2,734,734,1,1
00121park,1,2,735,735,1,1
00121park,1,2,736,736,1,1
00121park,1,2,737,737,1,1
00121park,1,2,738,738,1,1
00121park,1,2,739,739,1,1
00121park,1,2,740,740,1,1
00121park,1,2,741,741,1,1
00121park,1,2,742,742,1,1
00121park,1,2,743,743,1,1
00121park,1,2,744,744,1,1
00121park,1,2,745,745,1,1
00121park,1,2,746,746,1,1
00121park,1,2,747,747,1,1
00121park,1,2,748,748,1,1
00121park,1,2,749,749,1,1
00121park,1,2,750,750,1,1
00121park,1,2,751,751,1,1
00121park,1,2,752,752,1,1
00121park,1,2,753,753,1,1
00121park,1,2,754,754,1,1
00121park,1,2,755,755,1,1
00121park,1,2,756,756,1,1
00121park,1,2,757,757,1,1
00121park,1,2,758,758,1,1
00121park,1,2,759,759,1,1
00121park,1,2,760,760,1,1
00121park,1,2,761,761,1,1
00121park,1,2,762,762,1,1
00121park,1,2,763,763,1,1
00121park,1,2,764,764,1,1
00121park,1,2,765,765,1,1
00121park,1,2,766,766,1,1
00121park,1,2,767,767,1,1
00121park,1,2,768,768,1,1
00121park,1,2,769,769,1,1
00121park,1,2,770,770,1,1
00121park,1,2,771,771,1,1
00121park,1,2,772,772,1,1
00121park,1,2,773,773,1,1
00121park,1,2,774,774,1,1
00121park,1,2,775,775,1,1
00121park,1,2,776,776,1,1
00121park,1,2,777,777,1,1
00121park,1,2,778,778,1,1
00121park,1,2,779,779,1,1
00121park,1,2,780,780,1,1
00121park,1,2,781,781,1,1
00121park,1,2,782,782,1,1
00121park,1,2,783,783,1,1
00121park,1,2,784,784,1,1
00121park,1,2,785,785,1,1
00121park,1,2,786,786,1,1
00121park,1,2,787,787,1,1
00121park,1,2,788,788,1,1
00121park,1,2,789,789,1,1
00121park,1,2,790,790,1,1
00121park,1,2,791,791,1,1
00121park,1,2,792,792,1,1
00121park,1,2,793,793,1,1
00121park,1,2,794,794,1,1
00121park,1,2,795,795,1,1
00121park,1,2,796,796,1,1
00121park,1,2,797,797,1,1
00121park,1,2,798,798,1,1
00121park,1,2,799,799,1,1
00121park,1,2,800,800,1,1
00121park,1,2,801,801,1,1
00121park,1,2,802,802,1,1
00121park,1,2,803,803,1,1
00121park,1,2,804,804,1,1
00121park,1,2,805,805,1,1
00121park,1,2,806,806,1,1
00121park,1,2,807,807,1,1
00121park,1,2,808,808,1,1
00121park,1,2,809,809,1,1
00121park,1,2,810,810,1,1
00121park,1,2,811,811,1,1
00121park,1,2,812,812,1,1
00121park,1,2,813,813,1,1
00121park,1,2,814,814,1,1
00121park,1,2,815,815,1,1
00121park,1,2,816,816,1,1
00121park,1,2,817,817,1,1
00121park,1,2,818,818,1,1
00121park,1,2,819,819,1,1
00121park,1,2,820,820,1,1
00121park,1,2,821,821,1,1
00121park,1,2,822,822,1,1
00121park,1,2,823,823,1,1
00121park,1,2,824,824,1,1
00121park,1,2,825,825,1,1
00121park,1,2,826,826,1,1
00121park,1,2,827,827,1,1
00121park,1,2,828,828,1,1
00121park,1,2,829,829,1,1
00121park,1,2,830,830,1,1
00121park,1,2,831,831,1,1
00121park,1,2,832,832,1,1
00121park,1,2,833,833,1,1
00121park,1,2,834,834,1,1
00121park,1,2,835,835,1,1
00121park,1,2,836,836,1,1
00121park,1,2,837,837,1,1
00121park,1,2,838,838,1,1
00121park,1,2,839,839,1,1
00121park,1,2,840,840,1,1
00121park,1,2,841,841,1,1
00121park,1,2,842,842,1,1
00121park,1,2,843,843,1,1
00121park,1,2,844,844,1,1
00121park,1,2,845,845,1,1
00121park,1,2,846,846,1,1
00121park,1,2,847,847,1,1
00121park,1,2,848,848,1,1
00121park,1,2,849,849,1,1
00121park,1,2,850,850,1,1
00121park,1,2,851,851,1,1
00121park,1,2,852,852,1,1
00121park,1,2,853,853,1,1
00121park,1,2,854,854,1,1
00121park,1,2,855,855,1,1
00121park,1,2,856,856,1,1
00121park,1,2,857,857,1,1
00121park,1,2,858,858,1,1
00121park,1,2,859,859,1,1
00121park,1,2,860,860,1,1
00121park,1,2,861,861,1,1
00121park,1,2,862,862,1,1
00121park,1,2,863,863,1,1
00121park,1,2,864,864,1,1
00121park,1,2,865,865,1,1
00121park,1,2,866,866,1,1
00121park,1,2,867,867,1,1
00121park,1,2,868,868,1,1
00121park,1,2,869,869,1,1
00121park,1,2,870,870,1,1
00121park,1,2,871,871,1,1
00121park,1,2,872,872,1,1
00121park,1,2,873,873,1,1
00121park,1,2,874,874,1,1
00121park,1,2,875,875,1,1
00121park,1,2,876,876,1,1
00121park,1,2,877,877,1,1
00121park,1,2,878,878,1,1
00121park,1,2,879,879,1,1
00121park,1,2,880,880,1,1
00121park,1,2,881,881,1,1
00121park,1,2,882,882,1,1
00121park,1,2,883,883,1,1
00121park,1,2,884,884,1,1
00121park,1,2,885,885,1,1
00121park,1,2,886,886,1,1
00121park,1,2,887,887,1,1
00121park,1,2,888,888,1,1
00121park,1,2,889,889,1,1
00121park,1,2,890,890,1,1
00121park,1,2,891,891,1,1
00121park,1,2,892,892,1,1
00121park,1,2,894,894,1,1
00121park,1,2,895,895,1,1
00121park,1,2,896,896,1,1
00121park,1,2,897,897,1,1
00121park,1,2,898,898,1,1
00121park,1,2,899,899,1,1
00121park,1,2,900,900,1,1
00121park,1,2,901,901,1,1
00121park,1,2,902,902,1,1
00121park,1,2,903,903,1,1
00121park,1,2,904,904,1,1
00121park,1,2,905,905,1,1
00121park,1,2,906,906,1,1
00121park,1,2,907,907,1,1
00121park,1,2,908,908,1,1
00121park,1,2,909,909,1,1
00121park,1,2,910,910,1,1
00121park,1,2,911,911,1,1
00121park,1,2,912,912,1,1
00121park,1,2,913,913,1,1
00121park,1,2,914,914,1,1
00121park,1,2,915,915,1,1
00121park,1,2,916,916,1,1
00121park,1,2,917,917,1,1
00121park,1,2,918,918,1,1
00121park,1,2,919,919,1,1
00121park,1,2,920,920,1,1
00121park,1,2,921,921,1,1
00121park,1,2,922,922,1,1
00121park,1,2,923,923,1,1
00121park,1,2,924,924,1,1
00121park,1,2,925,925,1,1
00121park,1,2,926,926,1,1
00121park,1,2,927,927,1,1
00121park,1,2,928,928,1,1
00121park,1,2,929,929,1,1
00121park,1,2,930,930,1,1
00121park,1,2,931,931,1,1
00121park,1,2,932,932,1,1
00121park,1,2,933,933,1,1
00121park,1,2,934,934,1,1
00121park,1,2,935,935,1,1
00121park,1,2,936,936,1,1
00121park,1,2,937,937,1,1
00121park,1,2,938,938,1,1
00121park,1,2,939,939,1,1
00121park,1,2,940,940,1,1
00121park,1,2,941,941,1,1
00121park,1,2,942,942,1,1
00121park,1,2,943,943,1,1
00121park,1,2,944,944,1,1
00121park,1,2,945,945,1,1
00121park,1,2,947,947,1,1
00121park,1,2,948,948,1,1
00121park,1,2,949,949,1,1
00121park,1,2,950,950,1,1
00121park,1,2,952,952,1,1
00121park,1,2,958,958,1,1
00121park,1,2,959,959,1,1
00121park,1,2,960,960,1,1
00121park,1,2,961,961,1,1
00121park,1,2,962,962,1,1
00121park,1,2,963,963,1,1
00121park,1,2,964,964,1,1
00121park,1,2,965,965,1,1
00121park,1,2,966,966,1,1
00121park,1,2,967,967,1,1
00121park,1,2,968,968,1,1
00121park,1,2,969,969,1,1
00121park,1,2,970,970,1,1
00121park,1,2,971,971,1,1
00121park,1,2,972,972,1,1
00121park,1,2,973,973,1,1
00121park,1,2,974,974,1,1
00121park,1,2,975,975,1,1
00121park,1,2,976,976,1,1
00121park,1,2,977,977,1,1
00121park,1,2,978,978,1,1
00121park,1,2,979,979,1,1
00121park,1,2,980,980,1,1
00121park,1,2,981,981,1,1
00121park,1,2,982,982,1,1
00121park,1,2,983,983,1,1
00121park,1,2,984,984,1,1
00121park,1,2,985,985,1,1
00121park,1,2,986,986,1,1
00121park,1,2,987,987,1,1
00121park,1,2,988,988,1,1
00121park,1,2,989,989,1,1
00121park,1,2,990,990,1,1
00121park,1,2,991,991,1,1
00121park,1,2,992,992,1,1
00121park,1,2,993,993,1,1
00121park,1,2,994,994,1,1
00121park,1,2,995,995,1,1
00121park,1,2,996,996,1,1
00121park,1,2,997,997,1,1
00121park,1,2,998,998,1,1
00121park,1,2,999,999,1,1
00121park,1,2,1000,1000,1,1
00121park,1,2,1001,1001,1,1
00121park,1,2,1002,1002,1,1
00121park,1,2,1003,1003,1,1
00121park,1,2,1004,1004,1,1
00121park,1,2,1005,1005,1,1
00121park,1,2,1006,1006,1,1
00121park,1,2,1007,1007,1,1
00121park,1,2,1008,1008,1,1
00121park,1,2,1009,1009,1,1
00121park,1,2,1010,1010,1,1
00121park,1,2,1011,1011,1,1
00121park,1,2,1012,1012,1,1
00121park,1,2,1013,1013,1,1
00121park,1,2,1014,1014,1,1
00121park,1,2,1015,1015,1,1
00121park,1,2,1017,1017,1,1
00121park,1,2,1019,1019,1,1
00121park,1,2,1020,1020,1,1
00121park,1,2,1021,1021,1,1
00121park,1,2,1022,1022,1,1
00121park,1,2,1023,1023,1,1
00121park,1,2,1024,1024,1,1
00121park,1,2,1025,1025,1,1
00121park,1,2,1026,1026,1,1
00121park,1,2,1027,1027,1,1
00121park,1,2,1028,1028,1,1
00121park,1,2,1029,1029,1,1
00121park,1,2,1030,1030,1,1
00121park,1,2,1031,1031,1,1
00121park,1,2,1032,1032,1,1
00121park,1,2,1033,1033,1,1
00121park,1,2,1034,1034,1,1
00121park,1,2,1035,1035,1,1
00121park,1,2,1036,1036,1,1
00121park,1,2,1037,1037,1,1
00121park,1,2,1038,1038,1,1
00121park,1,2,1039,1039,1,1
00121park,1,2,1040,1040,1,1
00121park,3,5,1,1,1,1
00121park,3,5,2,2,1,1
00121park,3,5,3,3,1,1
00121park,3,5,4,4,1,1
00121park,3,5,5,5,1,1
00121park,3,5,6,6,1,1
00121park,3,5,7,7,1,1
00121park,3,5,8,8,1,1
00121park,3,5,9,9,1,1
00121park,3,5,10,10,1,1
00121park,3,5,11,11,1,1
00121park,3,5,12,12,1,1
00121park,3,5,13,13,1,1
00121park,3,5,14,14,1,1
00121park,3,5,15,15,1,1
00121park,3,5,16,16,1,1
00121park,3,5,17,17,1,1
00121park,3,5,18,18,1,1
00121park,3,5,19,19,1,1
00121park,3,5,20,20,1,1
00121park,3,5,21,21,1,1
00121park,3,5,23,23,1,1
00121park,3,5,24,24,1,1
00121park,3,5,25,25,1,1
00121park,3,5,26,26,1,1
00121park,3,5,27,27,1,1
00121park,3,5,28,28,1,1
00121park,3,5,29,29,1,1
00121park,3,5,30,30,1,1
00121park,3,5,31,31,1,1
00121park,3,5,32,32,1,1
00121park,3,5,33,33,1,1
00121park,3,5,34,34,1,1
00121park,3,5,35,35,1,1
00121park,3,5,36,36,1,1
00121park,3,5,37,37,1,1
00121park,3,5,38,38,1,1
00121park,3,5,39,39,1,1
00121park,3,5,40,40,1,1
00121park,3,5,41,41,1,1
00121park,3,5,42,42,1,1
00121park,3,5,43,43,1,1
00121park,3,5,44,44,1,1
00121park,3,5,45,45,1,1
00121park,3,5,46,46,1,1
00121park,3,5,47,47,1,1
00121park,3,5,48,48,1,1
00121park,3,5,49,49,1,1
00121park,3,5,50,50,1,1
00121park,3,5,51,51,1,1
00121park,3,5,52,52,1,1
00121park,3,5,54,54,1,1
00121park,3,5,55,55,1,1
00121park,3,5,56,56,1,1
00121park,3,5,59,59,1,1
00121park,3,5,62,62,1,1
00121park,4,6,1,189,255,2
00121park,4,6,558,561,3,1
00121park,4,6,564,564,1,1
00121park,4,6,589,589,1,1
00121park,4,6,592,938,256,1
00121park,5,3,137,140,3,1
00121park,7,1,107,107,1,1
00121park,7,1,109,109,1,1
00121park,7,1,110,110,1,1
00121park,7,1,111,111,1,1
00121park,7,1,112,112,1,1
00121park,7,1,117,117,1,1
00121park,7,1,160,160,1,1
00121park,7,1,161,161,1,1
00121park,7,1,162,162,1,1
00121park,7,1,163,163,1,1
00121park,7,1,678,678,1,1
00121park,7,1,680,680,1,1
00121park,7,1,681,681,1,1
00121park,7,1,682,682,1,1
00121park,7,1,683,683,1,1
00121park,7,1,684,684,1,1
00121park,7,1,685,685,1,1
00121park,7,1,686,686,1,1
00121park,7,1,687,687,1,1
00121park,7,1,688,688,1,1
00121park,7,1,689,689,1,1
00121park,7,1,690,690,1,1
00121park,7,1,691,691,1,1
00121park,107,4,260,260,1,1
00121park,107,4,261,261,1,1
00121park,107,4,262,262,1,1
00121park,107,4,263,263,1,1
00121park,107,4,264,264,1,1
00121park,107,4,265,265,1,1
00121park,107,4,266,266,1,1
00121park,107,4,267,267,1,1
00121park,107,4,268,268,1,1
00121park,107,4,269,269,1,1
00121park,107,4,270,270,1,1
00121park,107,4,271,271,1,1
00121park,107,4,272,272,1,1
00121park,107,4,273,273,1,1
00121park,107,4,274,274,1,1
00121park,107,4,295,295,1,1
00121park,107,4,296,296,1,1
00121park,107,4,297,297,1,1
00121park,107,4,298,298,1,1
00121park,107,4,299,299,1,1
00121park,107,4,300,300,1,1
00121park,107,4,301,301,1,1
00121park,107,4,302,302,1,1
00121park,107,4,303,303,1,1
00121park,107,4,304,304,1,1
00121park,107,4,305,305,1,1
00121park,107,4,306,306,1,1
00121park,107,4,307,307,1,1
00121park,107,4,308,308,1,1
00121park,107,4,309,309,1,1
00121park,107,4,310,310,1,1
00121park,107,4,311,311,1,1
00121park,107,4,312,312,1,1
00121park,107,4,313,313,1,1
00121park,107,4,314,314,1,1
00121park,107,4,315,315,1,1
00121park,107,4,316,316,1,1
00121park,107,4,317,317,1,1
00121park,107,4,318,318,1,1
00121park,107,4,319,319,1,1
00121park,107,4,320,320,1,1
00121park,107,4,321,321,1,1
00121park,107,4,322,322,1,1
00121park,107,4,323,323,1,1
00121park,107,4,325,325,1,1
00121park,107,4,330,330,1,1
00121park,107,4,332,332,1,1
00121park,107,4,342,342,1,1
00121park,107,4,343,343,1,1
00121park,107,4,344,344,1,1
00121park,107,4,345,345,1,1
00121park,107,4,346,346,1,1
00121park,107,4,347,347,1,1
00121park,107,4,348,348,1,1
00121park,107,4,349,349,1,1
00121park,107,4,350,350,1,1
00121park,107,4,351,351,1,1
00121park,107,4,352,352,1,1
00121park,107,4,353,353,1,1
00121park,107,4,354,354,1,1
00121park,107,4,355,355,1,1
00121park,107,4,356,356,1,1
00121park,107,4,357,357,1,1
00121park,107,4,358,358,1,1
00121park,107,4,359,359,1,1
00121park,107,4,360,360,1,1
00121park,107,4,363,363,1,1
00121park,107,4,364,364,1,1
00121park,107,4,365,365,1,1
00121park,107,4,366,366,1,1
00121park,107,4,367,367,1,1
00121park,107,4,368,368,1,1
00121park,107,4,369,369,1,1
00121park,107,4,370,370,1,1
00121park,107,4,371,371,1,1
00121park,107,4,372,372,1,1
00121park,107,4,373,373,1,1
00121park,107,4,374,374,1,1
00121park,107,4,375,375,1,1
00121park,107,4,376,376,1,1
00121park,107,4,377,377,1,1
00121park,107,4,378,378,1,1
00121park,107,4,379,379,1,1
00121park,107,4,380,380,1,1
00121park,107,4,381,381,1,1
00121park,107,4,382,382,1,1
00121park,107,4,384,384,1,1
00121park,107,4,385,385,1,1
00121park,107,4,386,386,1,1
00121park,107,4,387,387,1,1
00121park,107,4,440,440,1,1
00121park,286,8,366,366,1,1
00121park,286,8,368,368,1,1
00121park,286,8,370,371,2,1
00121park,286,8,375,377,3,1
00121park,286,8,397,398,2,1
00121park,286,8,401,402,2,1
00121park,286,8,408,409,2,1
00121park,286,8,418,418,1,1
00121park,286,8,420,421,2,1
00121park,286,8,430,430,1,1
00121park,286,8,432,435,3,1
00121park,286,8,440,440,1,1
00121park,286,8,444,445,2,1
00121park,286,8,448,451,4,1
00121park,286,8,454,457,4,1
00121park,286,8,460,460,1,1
00121park,286,8,462,462,1,1
00121park,286,8,465,466,2,1
00121park,286,8,469,469,1,1
00121park,286,8,472,472,1,1
00121park,286,8,474,474,1,1
00121park,286,8,476,478,3,1
00121park,286,8,482,482,1,1
00121park,286,8,486,486,1,1
00121park,286,8,488,489,2,1
00121park,286,8,492,492,1,1
00121park,286,8,495,496,2,1
00121park,286,8,498,498,1,1
00121park,286,8,501,505,5,1
00121park,286,8,508,512,5,1
00121park,286,8,514,517,3,1
00121park,286,8,523,523,1,1
00121park,286,8,526,527,2,1
00121park,286,8,532,532,1,1
00121park,286,8,537,537,1,1
00121park,516,7,845,845,1,1
00144road,1,14,1,1,1,1
00144road,1,14,2,2,1,1
00144road,1,14,3,3,1,1
00144road,1,14,4,4,1,1
00144road,1,14,5,5,1,1
00144road,1,14,6,6,1,1
00144road,1,14,7,7,1,1
00144road,1,14,8,8,1,1
00144road,1,14,9,9,1,1
00144road,1,14,10,10,1,1
00144road,1,14,11,11,1,1
00144road,1,14,12,12,1,1
00144road,1,14,13,13,1,1
00144road,1,14,14,14,1,1
00144road,1,14,15,15,1,1
00144road,1,14,16,16,1,1
00144road,1,14,17,17,1,1
00144road,1,14,18,18,1,1
00144road,1,14,19,19,1,1
00144road,1,14,20,20,1,1
00144road,1,14,21,21,1,1
00144road,1,14,22,22,1,1
00144road,1,14,23,23,1,1
00144road,1,14,24,24,1,1
00144road,1,14,25,25,1,1
00144road,1,14,26,26,1,1
00144road,1,14,27,27,1,1
00144road,1,14,28,28,1,1
00144road,1,14,29,29,1,1
00144road,1,14,30,30,1,1
00144road,1,14,31,31,1,1
00144road,1,14,32,32,1,1
00144road,1,14,33,33,1,1
00144road,1,14,34,34,1,1
00144road,1,14,35,35,1,1
00144road,1,14,36,36,1,1
00144road,1,14,37,37,1,1
00144road,1,14,38,38,1,1
00144road,1,14,39,39,1,1
00144road,1,14,40,40,1,1
00144road,1,14,41,41,1,1
00144road,1,14,42,42,1,1
00144road,1,14,43,43,1,1
00144road,1,14,44,44,1,1
00144road,1,14,45,45,1,1
00144road,1,14,46,46,1,1
00144road,1,14,47,47,1,1
00144road,1,14,48,48,1,1
00144road,1,14,49,49,1,1
00144road,1,14,50,50,1,1
00144road,1,14,51,51,1,1
00144road,1,14,52,52,1,1
00144road,1,14,53,53,1,1
00144road,1,14,54,54,1,1
00144road,1,14,55,55,1,1
00144road,1,14,56,56,1,1
00144road,1,14,57,57,1,1
00144road,1,14,58,58,1,1
00144road,1,14,59,59,1,1
00144road,1,14,60,60,1,1
00144road,1,14,61,61,1,1
00144road,1,14,62,62,1,1
00144road,1,14,63,63,1,1
00144road,1,14,64,64,1,1
00144road,1,14,65,65,1,1
00144road,1,14,66,66,1,1
00144road,1,14,67,67,1,1
00144road,1,14,68,68,1,1
00144road,1,14,69,69,1,1
00144road,1,14,70,70,1,1
00144road,1,14,71,71,1,1
00144road,1,14,72,72,1,1
00144road,1,14,73,73,1,1
00144road,1,14,74,74,1,1
00144road,1,14,75,75,1,1
00144road,1,14,76,76,1,1
00144road,1,14,77,77,1,1
00144road,1,14,78,78,1,1
00144road,1,14,79,79,1,1
00144road,1,14,80,80,1,1
00144road,1,14,81,81,1,1
00144road,1,14,82,82,1,1
00144road,1,14,83,83,1,1
00144road,1,14,84,84,1,1
00144road,1,14,85,85,1,1
00144road,1,14,86,86,1,1
00144road,1,14,87,87,1,1
00144road,1,14,88,88,1,1
00144road,1,14,89,89,1,1
00144road,1,14,90,90,1,1
00144road,1,14,91,91,1,1
00144road,1,14,92,92,1,1
00144road,1,14,93,93,1,1
00144road,1,14,94,94,1,1
00144road,1,14,95,95,1,1
00144road,1,14,96,96,1,1
00144road,1,14,97,97,1,1
00144road,1,14,98,98,1,1
00144road,1,14,99,99,1,1
00144road,1,14,100,100,1,1
00144road,1,14,101,101,1,1
00144road,1,14,102,102,1,1
00144road,1,14,103,103,1,1
00144road,1,14,104,104,1,1
00144road,1,14,105,105,1,1
00144road,1,14,106,106,1,1
00144road,1,14,107,107,1,1
00144road,1,14,108,108,1,1
00144road,1,14,109,109,1,1
00144road,1,14,110,110,1,1
00144road,1,14,111,111,1,1
00144road,1,14,112,112,1,1
00144road,1,14,113,113,1,1
00144road,1,14,114,114,1,1
00144road,1,14,115,115,1,1
00144road,1,14,116,116,1,1
00144road,1,14,117,117,1,1
00144road,1,14,118,118,1,1
00144road,1,14,119,119,1,1
00144road,1,14,120,120,1,1
00144road,1,14,121,121,1,1
00144road,1,14,122,122,1,1
00144road,1,14,123,123,1,1
00144road,1,14,124,124,1,1
00144road,1,14,125,125,1,1
00144road,1,14,126,126,1,1
00144road,1,14,127,127,1,1
00144road,1,14,128,128,1,1
00144road,1,14,129,129,1,1
00144road,1,14,130,130,1,1
00144road,1,14,131,131,1,1
00144road,1,14,132,132,1,1
00144road,1,14,133,133,1,1
00144road,1,14,134,134,1,1
00144road,1,14,135,135,1,1
00144road,1,14,136,136,1,1
00144road,4,6,413,1001,458,1
00144road,6,15,110,115,6,1
00144road,9,3,1,1,1,1
00144road,9,3,2,2,1,1
00144road,9,3,3,3,1,1
00144road,9,3,4,4,1,1
00144road,9,3,5,5,1,1
00144road,9,3,6,6,1,1
00144road,9,3,7,7,1,1
00144road,9,3,8,8,1,1
00144road,9,3,9,9,1,1
00144road,9,3,10,10,1,1
00144road,9,3,11,11,1,1
00144road,9,3,12,12,1,1
00144road,9,3,13,13,1,1
00144road,9,3,14,14,1,1
00144road,9,3,15,15,1,1
00144road,9,3,16,16,1,1
00144road,9,3,17,17,1,1
00144road,9,3,18,18,1,1
00144road,9,3,19,19,1,1
00144road,9,3,20,20,1,1
00144road,9,3,21,21,1,1
00144road,9,3,22,22,1,1
00144road,9,3,23,23,1,1
00144road,9,3,24,24,1,1
00144road,9,3,25,25,1,1
00144road,9,3,26,26,1,1
00144road,9,3,27,27,1,1
00144road,9,3,28,28,1,1
00144road,9,3,29,29,1,1
00144road,9,3,30,30,1,1
00144road,9,3,31,31,1,1
00144road,9,3,32,32,1,1
00144road,9,3,33,33,1,1
00144road,9,3,34,34,1,1
00144road,9,3,35,35,1,1
00144road,9,3,36,36,1,1
00144road,9,3,37,37,1,1
00144road,9,3,38,38,1,1
00144road,9,3,39,39,1,1
00144road,9,3,40,40,1,1
00144road,9,3,41,41,1,1
00144road,9,3,42,42,1,1
00144road,9,3,43,43,1,1
00144road,9,3,44,44,1,1
00144road,9,3,45,45,1,1
00144road,9,3,46,46,1,1
00144road,9,3,47,47,1,1
00144road,9,3,48,48,1,1
00144road,9,3,49,49,1,1
00144road,9,3,50,50,1,1
00144road,9,3,51,51,1,1
00144road,9,3,52,52,1,1
00144road,9,3,53,53,1,1
00144road,9,3,54,54,1,1
00144road,9,3,55,55,1,1
00144road,9,3,56,56,1,1
00144road,9,3,57,57,1,1
00144road,9,3,58,58,1,1
00144road,9,3,59,59,1,1
00144road,9,3,60,60,1,1
00144road,9,3,61,61,1,1
00144road,9,3,62,62,1,1
00144road,9,3,63,63,1,1
00144road,9,3,64,64,1,1
00144road,9,3,65,65,1,1
00144road,9,3,66,66,1,1
00144road,9,3,67,67,1,1
00144road,9,3,68,68,1,1
00144road,9,3,69,69,1,1
00144road,9,3,70,70,1,1
00144road,9,3,71,71,1,1
00144road,9,3,72,72,1,1
00144road,9,3,73,73,1,1
00144road,9,3,74,74,1,1
00144road,9,3,75,75,1,1
00144road,9,3,76,76,1,1
00144road,9,3,77,77,1,1
00144road,9,3,78,78,1,1
00144road,9,3,79,79,1,1
00144road,9,3,80,80,1,1
00144road,9,3,81,81,1,1
00144road,9,3,82,82,1,1
00144road,9,3,83,83,1,1
00144road,9,3,84,84,1,1
00144road,9,3,85,85,1,1
00144road,9,3,86,86,1,1
00144road,9,3,87,87,1,1
00144road,9,3,88,88,1,1
00144road,9,3,89,89,1,1
00144road,9,3,90,90,1,1
00144road,9,3,91,91,1,1
00144road,9,3,92,92,1,1
00144road,9,3,93,93,1,1
00144road,9,3,94,94,1,1
00144road,9,3,95,95,1,1
00144road,9,3,96,96,1,1
00144road,9,3,97,97,1,1
00144road,9,3,98,98,1,1
00144road,9,3,99,99,1,1
00144road,9,3,100,100,1,1
00144road,9,3,101,101,1,1
00144road,9,3,102,102,1,1
00144road,9,3,103,103,1,1
00144road,9,3,104,104,1,1
00144road,9,3,105,105,1,1
00144road,9,3,106,106,1,1
00144road,9,3,107,107,1,1
00144road,9,3,108,108,1,1
00144road,9,3,109,109,1,1
00144road,9,3,110,110,1,1
00144road,9,3,111,111,1,1
00144road,9,3,112,112,1,1
00144road,9,3,113,113,1,1
00144road,9,3,114,114,1,1
00144road,9,3,115,115,1,1
00144road,9,3,116,116,1,1
00144road,9,3,117,117,1,1
00144road,9,3,118,118,1,1
00144road,9,3,119,119,1,1
00144road,9,3,120,120,1,1
00144road,9,3,121,121,1,1
00144road,9,3,122,122,1,1
00144road,9,3,123,123,1,1
00144road,9,3,124,124,1,1
00144road,9,3,125,125,1,1
00144road,9,3,126,126,1,1
00144road,9,3,127,127,1,1
00144road,9,3,128,128,1,1
00144road,9,3,129,129,1,1
00144road,9,3,130,130,1,1
00144road,9,3,131,131,1,1
00144road,9,3,132,132,1,1
00144road,9,3,133,133,1,1
00144road,9,3,134,134,1,1
00144road,9,3,135,135,1,1
00144road,9,3,136,136,1,1
00144road,9,3,137,137,1,1
00144road,9,3,138,138,1,1
00144road,9,3,139,139,1,1
00144road,9,3,140,140,1,1
00144road,9,3,141,141,1,1
00144road,9,3,142,142,1,1
00144road,9,3,143,143,1,1
00144road,9,3,144,144,1,1
00144road,9,3,145,145,1,1
00144road,9,3,146,146,1,1
00144road,9,3,147,147,1,1
00144road,9,3,148,148,1,1
00144road,9,3,149,149,1,1
00144road,9,3,150,150,1,1
00144road,9,3,151,151,1,1
00144road,9,3,152,152,1,1
00144road,9,3,153,153,1,1
00144road,9,3,154,154,1,1
00144road,9,3,155,155,1,1
00144road,9,3,156,156,1,1
00144road,9,3,157,157,1,1
00144road,9,3,158,158,1,1
00144road,9,3,159,159,1,1
00144road,9,3,160,160,1,1
00144road,9,3,161,161,1,1
00144road,9,3,162,162,1,1
00144road,9,3,163,163,1,1
00144road,9,3,164,164,1,1
00144road,9,3,165,165,1,1
00144road,9,3,166,166,1,1
00144road,9,3,167,167,1,1
00144road,9,3,168,168,1,1
00144road,9,3,169,169,1,1
00144road,9,3,170,170,1,1
00144road,9,3,171,171,1,1
00144road,9,3,172,172,1,1
00144road,9,3,173,173,1,1
00144road,9,3,174,174,1,1
00144road,9,3,175,175,1,1
00144road,9,3,176,176,1,1
00144road,9,3,177,177,1,1
00144road,9,3,178,178,1,1
00144road,9,3,179,179,1,1
00144road,9,3,180,180,1,1
00144road,9,3,181,181,1,1
00144road,9,3,182,182,1,1
00144road,9,3,183,183,1,1
00144road,9,3,184,184,1,1
00144road,9,3,185,185,1,1
00144road,9,3,186,186,1,1
00144road,9,3,187,187,1,1
00144road,9,3,188,188,1,1
00144road,9,3,189,189,1,1
00144road,9,3,190,190,1,1
00144road,9,3,191,191,1,1
00144road,9,3,192,192,1,1
00144road,9,3,193,193,1,1
00144road,9,3,194,194,1,1
00144road,9,3,195,195,1,1
00144road,9,3,196,196,1,1
00144road,9,3,197,197,1,1
00144road,9,3,198,198,1,1
00144road,9,3,199,199,1,1
00144road,9,3,200,200,1,1
00144road,9,3,201,201,1,1
00144road,9,3,202,202,1,1
00144road,9,3,203,203,1,1
00144road,9,3,204,204,1,1
00144road,9,3,205,205,1,1
00144road,9,3,206,206,1,1
00144road,9,3,207,207,1,1
00144road,9,3,208,208,1,1
00144road,9,3,209,209,1,1
00144road,9,3,210,210,1,1
00144road,9,3,211,211,1,1
00144road,9,3,212,212,1,1
00144road,9,3,213,213,1,1
00144road,9,3,214,214,1,1
00144road,11,9,1,120,75,1
00144road,11,9,333,333,1,1
00144road,20,10,2,29,28,1
00144road,20,10,60,63,4,1
00144road,31,10,31,285,222,2
00144road,31,10,293,293,1,1
00144road,31,10,300,300,1,1
00144road,31,10,307,307,1,1
00144road,31,10,308,308,1,1
00144road,31,10,309,309,1,1
00144road,31,10,310,310,1,1
00144road,31,10,311,311,1,1
00144road,31,10,312,312,1,1
00144road,31,10,313,313,1,1
00144road,31,10,314,314,1,1
00144road,31,10,315,315,1,1
00144road,31,10,316,316,1,1
00144road,31,10,317,317,1,1
00144road,31,10,318,318,1,1
00144road,31,10,319,319,1,1
00144road,31,10,320,320,1,1
00144road,31,10,321,321,1,1
00144road,31,10,322,322,1,1
00144road,31,10,323,323,1,1
00144road,31,10,324,324,1,1
00144road,31,10,325,325,1,1
00144road,31,10,326,326,1,1
00144road,31,10,327,327,1,1
00144road,31,10,328,328,1,1
00144road,31,10,329,329,1,1
00144road,31,10,330,330,1,1
00144road,31,10,331,331,1,1
00144road,31,10,332,332,1,1
00144road,31,10,333,333,1,1
00144road,31,10,334,334,1,1
00144road,31,10,335,335,1,1
00144road,31,10,336,336,1,1
00144road,31,10,337,337,1,1
00144road,31,10,338,338,1,1
00144road,31,10,339,339,1,1
00144road,31,10,340,340,1,1
00144road,31,10,341,341,1,1
00144road,31,10,342,342,1,1
00144road,31,10,343,343,1,1
00144road,31,10,344,344,1,1
00144road,31,10,345,345,1,1
00144road,31,10,349,349,1,1
00144road,31,10,356,363,8,1
00144road,31,10,412,412,1,1
00144road,31,10,545,545,1,1
00144road,31,10,568,568,1,1
00144road,31,10,569,569,1,1
00144road,31,10,570,570,1,1
00144road,31,10,571,571,1,1
00144road,31,10,572,572,1,1
00144road,31,10,573,573,1,1
00144road,31,10,574,574,1,1
00144road,31,10,575,575,1,1
00144road,31,10,576,576,1,1
00144road,31,10,577,577,1,1
00144road,31,10,578,578,1,1
00144road,31,10,579,579,1,1
00144road,31,10,580,580,1,1
00144road,31,10,581,581,1,1
00144road,31,10,582,582,1,1
00144road,31,10,583,583,1,1
00144road,31,10,584,584,1,1
00144road,31,10,585,585,1,1
00144road,31,10,586,586,1,1
00144road,31,10,587,587,1,1
00144road,31,10,588,588,1,1
00144road,31,10,589,589,1,1
00144road,31,10,590,590,1,1
00144road,31,10,591,591,1,1
00144road,31,10,592,592,1,1
00144road,31,10,593,593,1,1
00144road,31,10,594,594,1,1
00144road,31,10,595,595,1,1
00144road,31,10,596,596,1,1
00144road,31,10,597,694,95,1
00144road,139,8,317,317,1,1
00144road,139,8,318,318,1,1
00144road,139,8,321,321,1,1
00144road,139,8,322,322,1,1
00144road,139,8,339,339,1,1
00144road,139,8,344,344,1,1
00144road,139,8,538,538,1,1
00144road,139,8,539,539,1,1
00144road,139,8,540,540,1,1
00144road,139,8,545,545,1,1
00144road,139,8,546,546,1,1
00144road,139,8,547,547,1,1
00144road,139,8,548,548,1,1
00144road,139,8,549,549,1,1
00144road,139,8,551,551,1,1
00144road,139,8,552,552,1,1
00144road,139,8,553,553,1,1
00144road,139,8,554,554,1,1
00144road,139,8,555,555,1,1
00144road,139,8,556,556,1,1
00144road,139,8,557,557,1,1
00144road,139,8,558,558,1,1
00144road,139,8,559,559,1,1
00144road,139,8,560,560,1,1
00144road,139,8,561,561,1,1
00144road,139,8,562,562,1,1
00144road,139,8,563,563,1,1
00144road,139,8,564,564,1,1
00144road,139,8,565,565,1,1
00144road,139,8,567,567,1,1
00144road,139,8,569,569,1,1
00144road,139,8,570,570,1,1
00144road,139,8,571,571,1,1
00144road,139,8,572,572,1,1
00144road,139,8,573,573,1,1
00144road,139,8,574,574,1,1
00144road,139,8,575,575,1,1
00144road,139,8,576,576,1,1
00144road,139,8,577,577,1,1
00144road,139,8,578,578,1,1
00144road,139,8,579,579,1,1
00144road,139,8,580,580,1,1
00144road,139,8,581,581,1,1
00144road,139,8,582,582,1,1
00144road,139,8,583,583,1,1
00144road,139,8,584,584,1,1
00144road,139,8,585,585,1,1
00144road,139,8,586,587,2,1
00144road,139,8,588,588,1,1
00144road,139,8,589,589,1,1
00144road,139,8,590,590,1,1
00144road,139,8,591,591,1,1
00144road,139,8,592,592,1,1
00144road,139,8,593,593,1,1
00144road,139,8,594,594,1,1
00144road,139,8,595,595,1,1
00144road,139,8,596,600,5,1
00144road,139,8,601,601,1,1
00144road,139,8,602,602,1,1
00144road,139,8,603,603,1,1
00144road,139,8,604,604,1,1
00144road,139,8,605,605,1,1
00144road,139,8,606,606,1,1
00144road,139,8,607,607,1,1
00144road,139,8,608,608,1,1
00144road,139,8,609,609,1,1
00144road,139,8,610,610,1,1
00144road,139,8,611,611,1,1
00144road,139,8,613,613,1,1
00144road,139,8,614,614,1,1
00144road,139,8,615,615,1,1
00144road,139,8,616,616,1,1
00144road,139,8,617,617,1,1
00144road,139,8,618,618,1,1
00144road,139,8,619,619,1,1
00144road,139,8,620,620,1,1
00144road,139,8,621,621,1,1
00144road,139,8,622,622,1,1
00144road,139,8,624,624,1,1
00144road,139,8,625,625,1,1
00144road,139,8,626,626,1,1
00144road,139,8,631,631,1,1
00144road,139,8,632,632,1,1
00144road,139,8,634,634,1,1
00144road,139,8,635,635,1,1
00144road,139,8,636,636,1,1
00144road,139,8,637,637,1,1
00144road,139,8,638,638,1,1
00144road,139,8,639,639,1,1
00144road,139,8,640,640,1,1
00144road,139,8,641,641,1,1
00144road,139,8,642,642,1,1
00144road,139,8,643,643,1,1
00144road,139,8,644,644,1,1
00144road,139,8,645,645,1,1
00144road,139,8,646,646,1,1
00144road,139,8,647,647,1,1
00144road,139,8,648,648,1,1
00144road,139,8,649,649,1,1
00144road,139,8,650,650,1,1
00144road,139,8,651,651,1,1
00144road,139,8,652,652,1,1
00144road,139,8,653,653,1,1
00144road,139,8,654,654,1,1
00144road,139,8,655,655,1,1
00144road,139,8,656,656,1,1
00144road,139,8,657,661,5,1
00144road,139,8,662,662,1,1
00144road,139,8,663,663,1,1
00144road,139,8,664,664,1,1
00144road,139,8,665,665,1,1
00144road,139,8,666,666,1,1
00144road,139,8,667,667,1,1
00144road,139,8,668,668,1,1
00144road,139,8,669,669,1,1
00144road,139,8,670,670,1,1
00144road,139,8,671,671,1,1
00144road,139,8,672,672,1,1
00144road,139,8,673,673,1,1
00144road,139,8,674,674,1,1
00144road,139,8,675,676,2,1
00144road,139,8,677,677,1,1
00144road,139,8,678,678,1,1
00144road,139,8,679,679,1,1
00144road,139,8,680,680,1,1
00144road,139,8,681,681,1,1
00144road,139,8,682,682,1,1
00144road,139,8,683,683,1,1
00144road,139,8,684,684,1,1
00144road,139,8,685,685,1,1
00144road,139,8,686,686,1,1
00144road,139,8,687,687,1,1
00144road,139,8,688,688,1,1
00144road,139,8,689,689,1,1
00144road,139,8,690,690,1,1
00144road,139,8,691,691,1,1
00144road,139,8,692,692,1,1
00144road,139,8,693,693,1,1
00144road,139,8,694,694,1,1
00144road,139,8,695,697,3,1
00144road,139,8,698,699,2,1
00144road,139,8,700,700,1,1
00144road,139,8,701,702,2,1
00144road,139,8,703,703,1,1
00144road,139,8,704,704,1,1
00144road,139,8,705,705,1,1
00144road,139,8,706,706,1,1
00144road,139,8,707,707,1,1
00144road,139,8,708,709,2,1
00144road,139,8,710,710,1,1
00144road,139,8,711,711,1,1
00144road,139,8,712,712,1,1
00144road,139,8,713,713,1,1
00144road,139,8,714,714,1,1
00144road,139,8,715,715,1,1
00144road,139,8,716,721,6,1
00144road,139,8,722,722,1,1
00144road,139,8,723,723,1,1
00144road,139,8,724,724,1,1
00144road,139,8,725,725,1,1
00144road,139,8,726,726,1,1
00144road,139,8,727,727,1,1
00144road,139,8,728,728,1,1
00144road,139,8,729,729,1,1
00144road,139,8,730,730,1,1
00144road,139,8,731,731,1,1
00144road,139,8,732,732,1,1
00144road,139,8,733,733,1,1
00144road,139,8,734,734,1,1
00144road,139,8,735,735,1,1
00144road,139,8,736,736,1,1
00144road,139,8,737,737,1,1
00144road,139,8,738,740,3,1
00144road,139,8,741,741,1,1
00144road,139,8,742,742,1,1
00144road,139,8,743,743,1,1
00144road,139,8,744,744,1,1
00144road,139,8,745,745,1,1
00144road,139,8,746,746,1,1
00144road,139,8,747,747,1,1
00144road,139,8,748,748,1,1
00144road,139,8,749,750,2,1
00144road,139,8,751,751,1,1
00144road,139,8,752,752,1,1
00144road,139,8,753,754,2,1
00144road,139,8,755,755,1,1
00144road,139,8,757,757,1,1
00144road,139,8,758,758,1,1
00144road,139,8,759,759,1,1
00144road,139,8,760,760,1,1
00144road,139,8,761,761,1,1
00144road,139,8,762,762,1,1
00144road,139,8,763,763,1,1
00144road,139,8,764,774,11,1
00144road,139,8,775,775,1,1
00144road,139,8,776,776,1,1
00144road,139,8,777,777,1,1
00144road,139,8,778,786,9,1
00144road,139,8,787,787,1,1
00144road,139,8,788,788,1,1
00144road,139,8,789,789,1,1
00144road,139,8,790,790,1,1
00144road,139,8,791,791,1,1
00144road,139,8,792,792,1,1
00144road,139,8,793,793,1,1
00144road,139,8,794,794,1,1
00144road,139,8,795,795,1,1
00144road,139,8,796,796,1,1
00144road,139,8,797,797,1,1
00144road,139,8,798,798,1,1
00144road,139,8,799,864,45,1
00144road,208,12,250,265,16,1
00144road,208,12,268,269,2,1
00144road,208,12,278,302,25,1
00144road,208,12,333,375,43,1
00144road,208,12,405,406,2,1
00144road,208,12,444,463,20,1
00144road,208,12,480,480,1,1
00144road,208,12,484,484,1,1
00144road,208,12,488,488,1,1
00144road,208,12,491,491,1,1
00144road,208,12,492,492,1,1
00144road,208,12,493,493,1,1
00144road,208,12,494,494,1,1
00144road,208,12,495,495,1,1
00144road,208,12,496,496,1,1
00144road,208,12,497,501,7,2
00144road,208,12,502,502,1,1
00144road,208,12,503,503,1,1
00144road,208,12,504,504,1,1
00144road,208,12,505,505,1,1
00144road,208,12,506,506,1,1
00144road,208,12,507,507,1,1
00144road,208,12,508,508,1,1
00144road,208,12,509,509,1,1
00144road,208,12,510,510,1,1
00144road,208,12,511,511,1,1
00144road,208,12,512,512,1,1
00144road,208,12,513,513,1,1
00144road,208,12,514,514,1,1
00144road,208,12,515,515,1,1
00144road,208,12,516,516,1,1
00144road,208,12,517,517,1,1
00144road,208,12,518,518,1,1
00144road,208,12,519,596,89,2
00144road,222,13,257,275,10,1
00144road,222,13,288,306,7,1
00144road,222,13,335,386,40,1
00144road,222,13,446,484,16,1
00144road,253,11,282,284,3,1
00144road,253,11,326,326,1,1
00144road,253,11,328,328,1,1
00144road,253,11,329,329,1,1
00144road,253,11,330,330,1,1
00144road,253,11,336,336,1,1
00144road,253,11,337,337,1,1
00144road,253,11,338,338,1,1
00144road,253,11,340,340,1,1
00144road,253,11,341,341,1,1
00144road,253,11,342,342,1,1
00144road,253,11,343,343,1,1
00144road,253,11,345,345,1,1
00144road,253,11,346,346,1,1
00144road,253,11,347,347,1,1
00144road,253,11,348,348,1,1
00144road,253,11,350,350,1,1
00144road,253,11,351,351,1,1
00144road,253,11,352,352,1,1
00144road,253,11,353,353,1,1
00144road,253,11,354,354,1,1
00144road,253,11,355,355,1,1
00144road,253,11,356,356,1,1
00144road,253,11,357,357,1,1
00144road,253,11,358,358,1,1
00144road,253,11,359,359,1,1
00144road,253,11,360,360,1,1
00144road,253,11,361,361,1,1
00144road,253,11,362,362,1,1
00144road,253,11,363,363,1,1
00144road,253,11,364,364,1,1
00144road,253,11,365,365,1,1
00144road,253,11,366,366,1,1
00144road,253,11,367,367,1,1
00144road,253,11,368,368,1,1
00144road,253,11,369,369,1,1
00144road,253,11,370,370,1,1
00144road,253,11,371,371,1,1
00144road,253,11,372,372,1,1
00144road,253,11,373,373,1,1
00144road,253,11,378,378,1,1
00144road,253,11,379,379,1,1
00144road,253,11,380,380,1,1
00144road,253,11,398,398,1,1
00144road,425,6,584,584,1,1
00144road,425,6,585,585,1,1
00144road,425,6,586,586,1,1
00144road,425,6,587,587,1,1
00144road,425,6,588,588,1,1
00144road,425,6,589,589,1,1
00144road,425,6,590,590,1,1
00144road,425,6,591,591,1,1
00144road,425,6,592,592,1,1
00144road,425,6,593,593,1,1
00144road,425,6,594,594,1,1
00144road,566,8,602,610,4,1
00144road,566,8,623,623,1,1
00144road,575,11,571,571,1,1
00144road,669,16,630,631,2,1
00144road,750,11,810,811,2,1
00144road,752,13,736,740,2,1
00144road,752,13,743,750,8,1
00144road,752,13,936,1001,64,1
00144road,758,10,742,761,4,1
00144road,758,10,810,810,1,1
00144road,758,10,1001,1001,1,1
00146bridge,1,1,154,154,1,1
00146bridge,1,1,166,166,1,1
00146bridge,1,1,169,171,3,1
00146bridge,1,1,181,195,15,1
00146bridge,1,1,216,217,2,1
00146bridge,1,1,930,930,1,1
00146bridge,1,1,932,932,1,1
00146bridge,1,1,949,949,1,1
00146bridge,1,1,951,951,1,1
00146bridge,1,1,952,952,1,1
00146bridge,2,2,1,1,1,1
00146bridge,2,2,7,7,1,1
00146bridge,2,2,8,8,1,1
00146bridge,2,2,9,9,1,1
00146bridge,2,2,16,16,1,1
00146bridge,2,2,17,17,1,1
00146bridge,2,2,18,18,1,1
00146bridge,2,2,19,19,1,1
00146bridge,2,2,20,20,1,1
00146bridge,2,2,26,26,1,1
00146bridge,2,2,63,63,1,1
00146bridge,2,2,64,64,1,1
00146bridge,2,2,65,65,1,1
00146bridge,2,2,67,67,1,1
00146bridge,2,2,72,72,1,1
00146bridge,2,2,74,74,1,1
00146bridge,2,2,75,75,1,1
00146bridge,2,2,478,478,1,1
00146bridge,2,2,556,556,1,1
00146bridge,2,2,588,588,1,1
00146bridge,4,7,44,97,22,1
00146bridge,4,7,122,126,2,1
00146bridge,4,7,285,286,2,1
00146bridge,4,7,288,288,1,1
00146bridge,4,7,291,291,1,1
00146bridge,4,7,302,302,1,1
00146bridge,4,7,553,553,1,1
00146bridge,4,7,612,612,1,1
00146bridge,4,7,626,626,1,1
00146bridge,11,8,37,269,199,1
00146bridge,11,8,311,317,7,1
00146bridge,11,8,320,336,17,1
00146bridge,11,8,464,465,2,1
00146bridge,11,8,467,467,1,1
00146bridge,11,8,474,476,2,1
00146bridge,11,8,484,484,1,1
00146bridge,11,8,486,489,4,1
00146bridge,11,8,493,504,9,1
00146bridge,11,8,506,563,49,1
00146bridge,13,4,70,407,205,1
00146bridge,13,4,439,441,3,1
00146bridge,13,4,462,462,1,1
00146bridge,13,4,471,471,1,1
00146bridge,13,4,474,474,1,1
00146bridge,13,4,477,479,3,1
00146bridge,13,4,481,485,5,1
00146bridge,13,4,491,491,1,1
00146bridge,13,4,559,562,3,1
00146bridge,13,4,710,714,4,1
00146bridge,21,1,873,873,1,1
00146bridge,21,1,878,878,1,1
00146bridge,75,10,51,87,32,1
00146bridge,75,10,97,97,1,1
00146bridge,75,10,99,102,4,1
00146bridge,75,10,104,107,4,1
00146bridge,75,10,131,131,1,1
00146bridge,75,10,133,133,1,1
00146bridge,75,10,135,135,1,1
00146bridge,75,10,142,142,1,1
00146bridge,75,10,144,146,3,1
00146bridge,75,10,150,150,1,1
00146bridge,75,10,158,159,2,1
00146bridge,75,10,161,163,3,1
00146bridge,75,10,170,170,1,1
00146bridge,75,10,330,331,2,1
00146bridge,75,10,546,550,3,1
00146bridge,75,10,553,562,10,1
00146bridge,75,10,570,573,2,1
00146bridge,160,11,90,135,33,1
00146bridge,160,11,163,163,1,1
00146bridge,160,11,546,549,4,1
00146bridge,160,11,567,567,1,1
00146bridge,160,11,581,626,36,1
00146bridge,246,20,184,560,356,1
00146bridge,292,14,545,564,2,1
00146bridge,358,16,261,264,4,1
00146bridge,358,16,270,278,9,1
00146bridge,358,16,304,305,2,1
00146bridge,358,16,321,321,1,1
00146bridge,358,16,323,325,3,1
00146bridge,358,16,332,353,3,1
00146bridge,358,16,365,368,4,1
00146bridge,358,16,385,386,2,1
00146bridge,358,16,388,391,4,1
00146bridge,358,16,405,405,1,1
00146bridge,358,16,417,417,1,1
00146bridge,358,16,421,423,3,1
00146bridge,358,16,430,459,10,1
00146bridge,358,16,464,466,3,1
00146bridge,358,16,469,469,1,1
00146bridge,358,16,475,475,1,1
00146bridge,358,16,477,485,9,1
00146bridge,358,16,511,511,1,1
00146bridge,358,16,513,519,7,1
00146bridge,358,16,521,522,2,1
00146bridge,358,16,524,538,14,1
00146bridge,436,8,337,392,42,1
00146bridge,436,8,531,532,2,1
00146bridge,436,8,553,553,1,1
00146bridge,436,8,604,604,1,1
00146bridge,436,8,612,612,1,1
00146bridge,498,3,306,344,36,1
00146bridge,498,3,356,356,1,1
00146bridge,498,3,396,425,29,1
00146bridge,498,3,427,429,3,1
00146bridge,498,3,436,436,1,1
00146bridge,498,3,439,441,3,1
00146bridge,498,3,470,470,1,1
00146bridge,498,3,558,558,1,1
00146bridge,584,6,370,385,5,1
00146bridge,584,6,411,411,1,1
00146bridge,584,6,417,418,2,1
00146bridge,584,6,454,454,1,1
00146bridge,584,6,533,533,1,1
00146bridge,584,6,558,558,1,1
00146bridge,584,6,563,602,13,1
00146bridge,1084,9,760,800,41,1
00156basketball,1,7,38,38,1,1
00156basketball,1,7,52,53,2,1
00156basketball,1,7,57,57,1,1
00156basketball,1,7,60,60,1,1
00156basketball,1,7,68,68,1,1
00156basketball,1,7,100,100,1,1
00156basketball,1,7,103,103,2,2
00156basketball,1,7,109,109,1,1
00156basketball,1,7,474,474,1,1
00156basketball,1,7,488,488,1,1
00156basketball,1,7,489,489,1,1
00156basketball,1,7,719,719,1,1
00156basketball,1,7,720,720,1,1
00156basketball,1,7,721,721,1,1
00156basketball,1,7,760,760,1,1
00156basketball,1,7,779,779,1,1
00156basketball,1,7,851,851,1,1
00156basketball,1,7,979,979,1,1
00156basketball,2,2,217,217,1,1
00156basketball,2,2,424,424,1,1
00156basketball,2,2,473,473,1,1
00156basketball,2,2,485,485,1,1
00156basketball,2,2,648,663,5,2
00156basketball,2,2,670,671,2,1
00156basketball,2,2,742,742,1,1
00156basketball,2,2,760,760,1,1
00156basketball,2,2,851,851,1,1
00156basketball,2,2,854,854,1,1
00156basketball,2,2,893,893,1,1
00156basketball,2,2,901,901,1,1
00156basketball,2,2,903,903,1,1
00156basketball,3,6,56,56,1,1
00156basketball,3,6,70,70,1,1
00156basketball,3,6,280,280,1,1
00156basketball,3,6,281,281,1,1
00156basketball,3,6,383,383,1,1
00156basketball,3,6,413,413,1,1
00156basketball,3,6,417,417,1,1
00156basketball,3,6,422,422,1,1
00156basketball,3,6,473,473,1,1
00156basketball,3,6,498,498,1,1
00156basketball,3,6,499,499,1,1
00156basketball,3,6,501,501,1,1
00156basketball,3,6,502,502,1,1
00156basketball,3,6,503,503,1,1
00156basketball,3,6,511,511,1,1
00156basketball,3,6,528,528,1,1
00156basketball,3,6,530,530,1,1
00156basketball,3,6,531,531,1,1
00156basketball,3,6,594,594,1,1
00156basketball,3,6,598,599,2,1
00156basketball,3,6,618,619,2,1
00156basketball,3,6,641,641,1,1
00156basketball,3,6,643,643,1,1
00156basketball,3,6,774,775,2,1
00156basketball,3,6,778,779,2,1
00156basketball,3,6,780,780,1,1
00156basketball,3,6,781,781,1,1
00156basketball,3,6,783,783,1,1
00156basketball,3,6,784,784,1,1
00156basketball,3,6,847,847,1,1
00156basketball,3,6,848,848,1,1
00156basketball,3,6,851,851,1,1
00156basketball,3,6,854,854,1,1
00156basketball,3,6,856,856,1,1
00156basketball,3,6,857,857,1,1
00156basketball,3,6,981,982,2,1
00156basketball,3,6,984,984,1,1
00156basketball,3,6,985,985,1,1
00156basketball,3,6,986,986,1,1
00156basketball,3,6,987,987,1,1
00156basketball,3,6,991,991,1,1
00156basketball,3,6,992,992,1,1
00156basketball,3,6,994,994,1,1
00156basketball,5,8,15,15,1,1
00156basketball,5,8,133,133,1,1
00156basketball,5,8,135,135,1,1
00156basketball,5,8,137,137,1,1
00156basketball,5,8,138,138,1,1
00156basketball,5,8,139,139,1,1
00156basketball,5,8,189,189,1,1
00156basketball,5,8,543,543,1,1
00156basketball,5,8,845,845,1,1
00156basketball,5,8,846,846,1,1
00156basketball,5,8,872,872,1,1
00156basketball,5,8,873,873,1,1
00156basketball,5,8,876,876,1,1
00156basketball,5,8,890,890,1,1
00156basketball,5,8,905,905,1,1
00156basketball,5,8,906,906,1,1
00156basketball,5,8,907,907,1,1
00156basketball,5,8,908,908,1,1
00156basketball,5,8,909,909,1,1
00156basketball,5,8,910,910,1,1
00156basketball,5,8,941,941,1,1
00156basketball,6,1,552,552,1,1
00156basketball,6,1,553,553,1,1
00156basketball,6,1,555,555,1,1
00156basketball,6,1,556,556,1,1
00156basketball,6,1,557,557,1,1
00156basketball,6,1,558,558,1,1
00156basketball,6,1,599,600,2,2
00156basketball,6,1,610,610,1,1
00156basketball,6,1,611,611,1,1
00156basketball,6,1,612,612,1,1
00156basketball,6,1,613,613,1,1
00156basketball,6,1,631,633,2,1
00156basketball,6,1,636,636,1,1
00156basketball,6,1,641,641,1,1
00156basketball,6,1,647,647,1,1
00156basketball,7,4,56,56,1,1
00156basketball,7,4,62,62,1,1
00156basketball,7,4,63,63,1,1
00156basketball,7,4,64,64,1,1
00156basketball,7,4,742,742,1,1
00156basketball,7,4,764,764,1,1
00156basketball,7,4,766,766,1,1
00156basketball,7,4,771,771,1,1
00156basketball,7,4,775,775,1,1
00156basketball,7,4,776,776,1,1
00156basketball,8,3,100,100,1,1
00156basketball,8,3,203,203,1,1
00156basketball,8,3,216,216,1,1
00156basketball,8,3,250,250,1,1
00156basketball,8,3,520,520,1,1
00156basketball,8,3,554,554,1,1
00156basketball,8,3,578,578,1,1
00156basketball,8,3,581,581,1,1
00156basketball,8,3,582,582,1,1
00156basketball,8,3,584,584,1,1
00156basketball,8,3,586,586,1,1
00156basketball,8,3,587,587,1,1
00156basketball,8,3,588,588,1,1
00156basketball,8,3,590,590,1,1
00156basketball,8,3,591,591,1,1
00156basketball,8,3,594,594,1,1
00156basketball,8,3,596,596,1,1
00156basketball,8,3,597,597,1,1
00156basketball,8,3,598,598,1,1
00156basketball,8,3,599,599,1,1
00156basketball,8,3,600,600,1,1
00156basketball,8,3,601,601,1,1
00156basketball,8,3,602,602,1,1
00156basketball,8,3,603,603,1,1
00156basketball,8,3,604,604,1,1
00156basketball,8,3,605,605,1,1
00156basketball,8,3,621,621,1,1
00156basketball,8,3,622,622,1,1
00156basketball,8,3,629,629,1,1
00156basketball,8,3,630,630,1,1
00156basketball,8,3,636,636,1,1
00156basketball,8,3,637,637,1,1
00156basketball,8,3,638,638,1,1
00156basketball,8,3,639,639,1,1
00156basketball,8,3,640,640,1,1
00156basketball,8,3,641,641,1,1
00156basketball,8,3,642,643,2,1
00156basketball,8,3,644,644,1,1
00156basketball,8,3,645,646,3,2
00156basketball,8,3,647,648,3,2
00156basketball,8,3,650,651,2,2
00156basketball,8,3,653,653,1,1
00156basketball,8,3,657,657,1,1
00156basketball,8,3,658,658,1,1
00156basketball,8,3,659,659,1,1
00156basketball,8,3,660,660,1,1
00156basketball,8,3,661,663,5,2
00156basketball,10,5,106,106,1,1
00156basketball,10,5,135,135,1,1
00156basketball,10,5,223,223,1,1
00156basketball,10,5,415,415,1,1
00156basketball,10,5,443,443,1,1
00156basketball,10,5,458,458,1,1
00156basketball,10,5,865,865,1,1
00156basketball,10,5,893,893,1,1
00156basketball,10,5,894,894,1,1
00161basketball,1,1,114,115,2,1
00161basketball,1,1,173,173,1,1
00161basketball,1,1,174,175,2,1
00161basketball,1,1,176,183,10,2
00161basketball,1,1,184,185,3,2
00161basketball,1,1,186,187,3,2
00161basketball,1,1,188,188,1,1
00161basketball,1,1,189,189,1,1
00161basketball,1,1,190,190,1,1
00161basketball,1,1,191,191,1,1
00161basketball,1,1,193,193,1,1
00161basketball,1,1,494,494,1,1
00161basketball,1,1,495,495,1,1
00161basketball,1,1,498,498,1,1
00161basketball,1,1,500,500,1,1
00161basketball,1,1,501,501,1,1
00161basketball,1,1,502,502,1,1
00161basketball,1,1,503,503,1,1
00161basketball,1,1,504,504,1,1
00161basketball,1,1,505,505,1,1
00161basketball,1,1,506,506,1,1
00161basketball,1,1,507,507,1,1
00161basketball,1,1,508,508,1,1
00161basketball,1,1,509,509,1,1
00161basketball,1,1,520,520,1,1
00161basketball,1,1,521,521,1,1
00161basketball,1,1,523,523,1,1
00161basketball,1,1,524,524,1,1
00161basketball,1,1,525,525,1,1
00161basketball,1,1,526,526,1,1
00161basketball,1,1,585,585,1,1
00161basketball,1,1,596,598,3,1
00161basketball,1,1,643,643,1,1
00161basketball,1,1,652,656,5,1
00161basketball,1,1,661,661,1,1
00161basketball,1,1,663,663,1,1
00161basketball,1,1,681,681,1,1
00161basketball,1,1,682,687,6,1
00161basketball,1,1,688,688,1,1
00161basketball,1,1,689,689,1,1
00161basketball,1,1,690,705,5,1
00161basketball,1,1,707,780,121,2
00161basketball,1,1,781,781,1,1
00161basketball,1,1,782,1052,518,2
00161basketball,2,7,1,1,1,1
00161basketball,2,7,2,2,1,1
00161basketball,2,7,3,3,1,1
00161basketball,2,7,4,4,1,1
00161basketball,2,7,5,14,19,2
00161basketball,2,7,15,15,1,1
00161basketball,2,7,16,97,163,2
00161basketball,2,7,98,98,1,1
00161basketball,2,7,99,104,11,2
00161basketball,2,7,105,105,1,1
00161basketball,2,7,106,106,1,1
00161basketball,2,7,107,107,1,1
00161basketball,2,7,108,108,1,1
00161basketball,2,7,109,109,1,1
00161basketball,2,7,110,110,1,1
00161basketball,2,7,111,111,1,1
00161basketball,2,7,112,112,1,1
00161basketball,2,7,113,115,5,2
00161basketball,2,7,116,116,1,1
00161basketball,2,7,117,117,1,1
00161basketball,2,7,118,118,1,1
00161basketball,2,7,121,121,1,1
00161basketball,2,7,122,122,1,1
00161basketball,2,7,123,123,1,1
00161basketball,2,7,125,125,1,1
00161basketball,2,7,126,126,1,1
00161basketball,2,7,127,127,1,1
00161basketball,2,7,128,128,1,1
00161basketball,2,7,129,129,1,1
00161basketball,2,7,130,130,1,1
00161basketball,2,7,131,131,1,1
00161basketball,2,7,132,132,1,1
00161basketball,2,7,133,133,1,1
00161basketball,2,7,134,134,1,1
00161basketball,2,7,135,135,1,1
00161basketball,2,7,296,296,1,1
00161basketball,2,7,297,297,1,1
00161basketball,2,7,298,298,1,1
00161basketball,2,7,299,299,1,1
00161basketball,2,7,300,300,1,1
00161basketball,2,7,396,396,1,1
00161basketball,2,7,397,397,1,1
00161basketball,2,7,553,553,2,2
00161basketball,2,7,555,555,1,1
00161basketball,2,7,557,557,1,1
00161basketball,2,7,559,559,1,1
00161basketball,2,7,560,560,1,1
00161basketball,2,7,561,561,1,1
00161basketball,2,7,565,566,3,2
00161basketball,2,7,568,568,1,1
00161basketball,2,7,569,569,2,2
00161basketball,2,7,570,570,1,1
00161basketball,2,7,571,571,1,1
00161basketball,2,7,572,573,2,2
00161basketball,2,7,574,574,2,2
00161basketball,2,7,575,575,1,1
00161basketball,2,7,576,576,1,1
00161basketball,2,7,578,579,2,2
00161basketball,2,7,580,580,1,1
00161basketball,2,7,581,585,9,2
00161basketball,2,7,586,587,2,2
00161basketball,2,7,620,620,1,1
00161basketball,2,7,621,621,1,1
00161basketball,2,7,622,636,28,2
00161basketball,2,7,637,637,1,1
00161basketball,2,7,638,639,3,2
00161basketball,2,7,640,640,1,1
00161basketball,2,7,641,641,1,1
00161basketball,2,7,642,642,1,1
00161basketball,2,7,643,643,1,1
00161basketball,2,7,644,644,1,1
00161basketball,2,7,645,645,1,1
00161basketball,2,7,646,646,1,1
00161basketball,2,7,648,648,1,1
00161basketball,2,7,650,650,1,1
00161basketball,2,7,651,651,1,1
00161basketball,2,7,652,652,1,1
00161basketball,2,7,653,653,1,1
00161basketball,2,7,654,654,1,1
00161basketball,2,7,655,657,5,2
00161basketball,2,7,658,658,2,2
00161basketball,2,7,659,659,1,1
00161basketball,2,7,661,661,2,2
00161basketball,2,7,662,664,4,2
00161basketball,2,7,665,665,1,1
00161basketball,2,7,666,666,2,2
00161basketball,2,7,667,672,10,2
00161basketball,2,7,673,674,3,2
00161basketball,2,7,677,677,1,1
00161basketball,2,7,678,678,1,1
00161basketball,2,7,679,679,1,1
00161basketball,2,7,680,680,1,1
00161basketball,2,7,681,681,1,1
00161basketball,2,7,682,687,11,2
00161basketball,2,7,688,688,1,1
00161basketball,2,7,689,689,1,1
00161basketball,2,7,690,869,328,2
00161basketball,2,7,870,870,1,1
00161basketball,2,7,871,873,4,2
00161basketball,2,7,874,876,5,2
00161basketball,2,7,877,877,1,1
00161basketball,2,7,879,880,2,1
00161basketball,2,7,882,882,1,1
00161basketball,2,7,885,885,1,1
00161basketball,2,7,886,887,3,2
00161basketball,2,7,888,888,1,1
00161basketball,2,7,889,889,1,1
00161basketball,2,7,890,890,1,1
00161basketball,2,7,893,893,1,1
00161basketball,2,7,895,895,1,1
00161basketball,2,7,897,897,1,1
00161basketball,2,7,898,899,3,2
00161basketball,2,7,900,900,1,1
00161basketball,2,7,901,901,1,1
00161basketball,2,7,902,902,1,1
00161basketball,2,7,903,903,1,1
00161basketball,2,7,904,904,1,1
00161basketball,2,7,905,905,1,1
00161basketball,2,7,906,906,1,1
00161basketball,2,7,907,907,1,1
00161basketball,2,7,908,908,1,1
00161basketball,2,7,909,909,1,1
00161basketball,2,7,910,910,1,1
00161basketball,2,7,911,911,1,1
00161basketball,2,7,912,912,1,1
00161basketball,2,7,913,913,1,1
00161basketball,2,7,914,914,1,1
00161basketball,2,7,915,915,1,1
00161basketball,2,7,916,916,1,1
00161basketball,2,7,917,917,1,1
00161basketball,2,7,918,918,1,1
00161basketball,2,7,919,919,1,1
00161basketball,2,7,920,920,1,1
00161basketball,2,7,921,921,1,1
00161basketball,2,7,922,922,1,1
00161basketball,2,7,923,923,1,1
00161basketball,2,7,924,924,1,1
00161basketball,2,7,925,925,1,1
00161basketball,2,7,926,926,1,1
00161basketball,2,7,927,927,1,1
00161basketball,2,7,928,928,1,1
00161basketball,2,7,929,929,1,1
00161basketball,2,7,930,930,1,1
00161basketball,2,7,931,931,1,1
00161basketball,2,7,932,932,1,1
00161basketball,2,7,933,933,1,1
00161basketball,2,7,934,934,1,1
00161basketball,2,7,935,935,1,1
00161basketball,2,7,936,936,1,1
00161basketball,2,7,937,937,1,1
00161basketball,2,7,938,938,1,1
00161basketball,2,7,939,939,1,1
00161basketball,2,7,940,940,1,1
00161basketball,2,7,941,941,1,1
00161basketball,2,7,942,942,1,1
00161basketball,2,7,943,943,1,1
00161basketball,2,7,944,944,1,1
00161basketball,2,7,945,945,1,1
00161basketball,2,7,946,946,1,1
00161basketball,2,7,947,947,1,1
00161basketball,2,7,948,948,1,1
00161basketball,2,7,949,949,1,1
00161basketball,2,7,950,950,1,1
00161basketball,2,7,951,951,1,1
00161basketball,2,7,952,952,1,1
00161basketball,2,7,953,953,1,1
00161basketball,2,7,954,954,1,1
00161basketball,2,7,955,955,1,1
00161basketball,2,7,956,956,1,1
00161basketball,2,7,957,957,1,1
00161basketball,2,7,958,958,1,1
00161basketball,2,7,959,959,1,1
00161basketball,2,7,960,960,1,1
00161basketball,2,7,961,961,1,1
00161basketball,2,7,962,962,1,1
00161basketball,2,7,964,964,1,1
00161basketball,2,7,966,966,1,1
00161basketball,3,10,662,662,1,1
00161basketball,4,21,5,5,1,1
00161basketball,4,21,6,6,1,1
00161basketball,4,21,7,7,1,1
00161basketball,4,21,8,8,1,1
00161basketball,4,21,9,9,1,1
00161basketball,4,21,10,10,1,1
00161basketball,4,21,11,11,1,1
00161basketball,4,21,12,12,1,1
00161basketball,4,21,13,13,1,1
00161basketball,4,21,14,14,1,1
00161basketball,4,21,15,15,1,1
00161basketball,4,21,16,16,1,1
00161basketball,4,21,17,17,1,1
00161basketball,4,21,18,18,1,1
00161basketball,4,21,19,19,1,1
00161basketball,4,21,20,20,1,1
00161basketball,4,21,21,21,1,1
00161basketball,4,21,22,22,1,1
00161basketball,4,21,23,23,1,1
00161basketball,4,21,24,24,1,1
00161basketball,4,21,25,25,1,1
00161basketball,4,21,26,26,1,1
00161basketball,4,21,27,27,1,1
00161basketball,4,21,28,28,1,1
00161basketball,4,21,29,29,1,1
00161basketball,4,21,30,30,1,1
00161basketball,4,21,31,31,1,1
00161basketball,4,21,32,32,1,1
00161basketball,4,21,33,33,1,1
00161basketball,4,21,57,57,1,1
00161basketball,4,21,67,71,5,1
00161basketball,4,21,73,74,2,1
00161basketball,4,21,75,76,2,2
00161basketball,4,21,77,77,1,1
00161basketball,4,21,78,82,5,2
00161basketball,4,21,98,98,1,1
00161basketball,4,21,101,101,1,1
00161basketball,4,21,102,102,1,1
00161basketball,4,21,110,110,1,1
00161basketball,4,21,113,114,3,2
00161basketball,4,21,123,124,4,2
00161basketball,4,21,125,126,3,2
00161basketball,4,21,127,127,1,1
00161basketball,4,21,128,128,1,1
00161basketball,4,21,129,129,1,1
00161basketball,4,21,130,130,1,1
00161basketball,4,21,131,131,1,1
00161basketball,4,21,132,132,1,1
00161basketball,4,21,133,133,1,1
00161basketball,4,21,134,134,1,1
00161basketball,4,21,135,135,1,1
00161basketball,4,21,136,136,1,1
00161basketball,4,21,137,137,1,1
00161basketball,4,21,138,138,1,1
00161basketball,4,21,139,139,1,1
00161basketball,4,21,140,140,1,1
00161basketball,4,21,141,141,1,1
00161basketball,4,21,142,142,1,1
00161basketball,4,21,143,143,1,1
00161basketball,4,21,144,144,1,1
00161basketball,4,21,145,145,1,1
00161basketball,4,21,146,146,1,1
00161basketball,4,21,147,147,1,1
00161basketball,4,21,148,148,1,1
00161basketball,4,21,149,149,1,1
00161basketball,4,21,150,150,1,1
00161basketball,4,21,151,151,1,1
00161basketball,4,21,152,152,1,1
00161basketball,4,21,153,153,1,1
00161basketball,4,21,154,154,1,1
00161basketball,4,21,155,155,1,1
00161basketball,4,21,156,156,1,1
00161basketball,4,21,157,157,1,1
00161basketball,4,21,176,181,4,2
00161basketball,4,21,182,182,1,1
00161basketball,4,21,187,187,1,1
00161basketball,4,21,191,191,1,1
00161basketball,4,21,196,196,1,1
00161basketball,4,21,198,198,1,1
00161basketball,4,21,199,199,1,1
00161basketball,4,21,200,200,1,1
00161basketball,4,21,201,201,1,1
00161basketball,4,21,202,202,1,1
00161basketball,4,21,203,203,1,1
00161basketball,4,21,204,204,1,1
00161basketball,4,21,205,205,1,1
00161basketball,4,21,206,206,1,1
00161basketball,4,21,207,207,1,1
00161basketball,4,21,208,208,1,1
00161basketball,4,21,209,209,1,1
00161basketball,4,21,210,210,1,1
00161basketball,4,21,211,211,1,1
00161basketball,4,21,212,212,1,1
00161basketball,4,21,213,213,1,1
00161basketball,4,21,214,214,1,1
00161basketball,4,21,215,215,1,1
00161basketball,4,21,216,216,1,1
00161basketball,4,21,217,217,1,1
00161basketball,4,21,218,218,1,1
00161basketball,4,21,219,219,1,1
00161basketball,4,21,220,220,1,1
00161basketball,4,21,222,222,1,1
00161basketball,4,21,263,263,1,1
00161basketball,4,21,264,264,1,1
00161basketball,4,21,265,265,1,1
00161basketball,4,21,266,266,1,1
00161basketball,4,21,267,267,1,1
00161basketball,4,21,268,268,1,1
00161basketball,4,21,269,269,1,1
00161basketball,4,21,274,274,1,1
00161basketball,4,21,310,310,1,1
00161basketball,4,21,311,311,1,1
00161basketball,4,21,312,312,1,1
00161basketball,4,21,313,313,1,1
00161basketball,4,21,314,314,1,1
00161basketball,4,21,334,334,1,1
00161basketball,4,21,335,335,1,1
00161basketball,4,21,336,336,1,1
00161basketball,4,21,337,337,1,1
00161basketball,4,21,338,338,1,1
00161basketball,4,21,339,339,1,1
00161basketball,4,21,340,340,1,1
00161basketball,4,21,410,410,1,1
00161basketball,4,21,411,411,1,1
00161basketball,4,21,412,412,1,1
00161basketball,4,21,413,413,1,1
00161basketball,4,21,414,414,1,1
00161basketball,4,21,421,421,1,1
00161basketball,4,21,422,422,1,1
00161basketball,4,21,423,424,3,2
00161basketball,4,21,425,425,1,1
00161basketball,4,21,428,428,1,1
00161basketball,4,21,494,494,1,1
00161basketball,4,21,526,526,1,1
00161basketball,4,21,530,530,1,1
00161basketball,4,21,531,531,1,1
00161basketball,4,21,532,532,1,1
00161basketball,4,21,533,533,1,1
00161basketball,4,21,542,542,1,1
00161basketball,4,21,622,622,1,1
00161basketball,4,21,623,623,1,1
00161basketball,4,21,638,638,1,1
00161basketball,4,21,640,640,1,1
00161basketball,4,21,643,643,2,2
00161basketball,4,21,645,645,2,2
00161basketball,4,21,647,647,1,1
00161basketball,4,21,676,676,1,1
00161basketball,4,21,714,714,1,1
00161basketball,4,21,715,715,1,1
00161basketball,4,21,716,716,1,1
00161basketball,4,21,750,750,1,1
00161basketball,4,21,811,811,1,1
00161basketball,4,21,812,812,1,1
00161basketball,4,21,813,813,1,1
00161basketball,4,21,814,814,1,1
00161basketball,4,21,815,815,1,1
00161basketball,4,21,816,816,1,1
00161basketball,4,21,817,817,1,1
00161basketball,4,21,818,818,1,1
00161basketball,4,21,819,819,1,1
00161basketball,4,21,820,820,1,1
00161basketball,4,21,821,821,1,1
00161basketball,4,21,840,840,1,1
00161basketball,4,21,860,860,1,1
00161basketball,4,21,876,876,1,1
00161basketball,4,21,877,877,1,1
00161basketball,4,21,878,878,1,1
00161basketball,4,21,879,879,1,1
00161basketball,4,21,880,880,1,1
00161basketball,4,21,881,881,1,1
00161basketball,4,21,882,882,1,1
00161basketball,4,21,886,886,1,1
00161basketball,4,21,887,887,1,1
00161basketball,4,21,888,888,1,1
00161basketball,4,21,889,889,1,1
00161basketball,4,21,890,890,1,1
00161basketball,4,21,891,891,1,1
00161basketball,4,21,906,906,1,1
00161basketball,4,21,907,907,1,1
00161basketball,4,21,908,909,2,2
00161basketball,4,21,914,914,1,1
00161basketball,4,21,915,915,1,1
00161basketball,4,21,916,923,15,2
00161basketball,4,21,924,924,1,1
00161basketball,4,21,946,946,1,1
00161basketball,4,21,947,947,1,1
00161basketball,4,21,948,948,1,1
00161basketball,4,21,953,953,1,1
00161basketball,4,21,955,955,1,1
00161basketball,4,21,956,956,1,1
00161basketball,4,21,957,957,1,1
00161basketball,4,21,958,970,20,2
00161basketball,4,21,971,1051,151,2
00161basketball,5,13,1,1,1,1
00161basketball,5,13,2,2,1,1
00161basketball,5,13,3,3,1,1
00161basketball,5,13,4,4,1,1
00161basketball,5,13,5,5,1,1
00161basketball,5,13,6,6,1,1
00161basketball,5,13,7,7,1,1
00161basketball,5,13,8,8,1,1
00161basketball,5,13,9,9,1,1
00161basketball,5,13,10,10,1,1
00161basketball,5,13,11,11,1,1
00161basketball,5,13,12,12,1,1
00161basketball,5,13,13,13,1,1
00161basketball,5,13,14,14,1,1
00161basketball,5,13,15,15,1,1
00161basketball,5,13,16,16,1,1
00161basketball,5,13,17,17,1,1
00161basketball,5,13,18,18,1,1
00161basketball,5,13,19,19,1,1
00161basketball,5,13,20,20,1,1
00161basketball,5,13,21,21,1,1
00161basketball,5,13,22,22,1,1
00161basketball,5,13,23,23,1,1
00161basketball,5,13,24,24,1,1
00161basketball,5,13,25,25,1,1
00161basketball,5,13,26,26,1,1
00161basketball,5,13,27,27,1,1
00161basketball,5,13,28,28,1,1
00161basketball,5,13,29,29,1,1
00161basketball,5,13,30,30,1,1
00161basketball,5,13,31,31,1,1
00161basketball,5,13,32,32,1,1
00161basketball,5,13,33,33,1,1
00161basketball,5,13,34,34,1,1
00161basketball,5,13,35,35,1,1
00161basketball,5,13,36,36,1,1
00161basketball,5,13,37,37,1,1
00161basketball,5,13,38,38,1,1
00161basketball,5,13,39,39,1,1
00161basketball,5,13,40,40,1,1
00161basketball,5,13,41,41,1,1
00161basketball,5,13,42,42,1,1
00161basketball,5,13,43,43,1,1
00161basketball,5,13,44,44,1,1
00161basketball,5,13,45,45,1,1
00161basketball,5,13,46,46,1,1
00161basketball,5,13,47,47,1,1
00161basketball,5,13,48,48,1,1
00161basketball,5,13,49,49,1,1
00161basketball,5,13,50,50,1,1
00161basketball,5,13,51,51,1,1
00161basketball,5,13,52,52,1,1
00161basketball,5,13,53,53,1,1
00161basketball,5,13,54,54,1,1
00161basketball,5,13,55,55,1,1
00161basketball,5,13,56,56,1,1
00161basketball,5,13,57,57,1,1
00161basketball,5,13,58,58,1,1
00161basketball,5,13,59,59,1,1
00161basketball,5,13,60,60,1,1
00161basketball,5,13,61,61,1,1
00161basketball,5,13,62,62,1,1
00161basketball,5,13,63,63,1,1
00161basketball,5,13,64,64,1,1
00161basketball,5,13,65,65,1,1
00161basketball,5,13,66,66,1,1
00161basketball,5,13,67,67,1,1
00161basketball,5,13,68,68,1,1
00161basketball,5,13,69,69,1,1
00161basketball,5,13,70,70,1,1
00161basketball,5,13,71,71,1,1
00161basketball,5,13,72,72,1,1
00161basketball,5,13,73,73,1,1
00161basketball,5,13,74,74,1,1
00161basketball,5,13,75,75,1,1
00161basketball,5,13,76,76,1,1
00161basketball,5,13,77,77,1,1
00161basketball,5,13,78,78,1,1
00161basketball,5,13,79,79,1,1
00161basketball,5,13,80,80,1,1
00161basketball,5,13,81,81,1,1
00161basketball,5,13,82,82,1,1
00161basketball,5,13,83,83,1,1
00161basketball,5,13,84,84,1,1
00161basketball,5,13,85,85,1,1
00161basketball,5,13,86,86,1,1
00161basketball,5,13,87,87,1,1
00161basketball,5,13,88,88,1,1
00161basketball,5,13,89,89,1,1
00161basketball,5,13,90,90,1,1
00161basketball,5,13,91,91,1,1
00161basketball,5,13,92,92,1,1
00161basketball,5,13,93,93,1,1
00161basketball,5,13,94,94,1,1
00161basketball,5,13,95,95,1,1
00161basketball,5,13,96,96,1,1
00161basketball,5,13,97,97,1,1
00161basketball,5,13,98,98,1,1
00161basketball,5,13,99,99,1,1
00161basketball,5,13,100,100,1,1
00161basketball,5,13,101,101,1,1
00161basketball,5,13,102,102,1,1
00161basketball,5,13,103,103,1,1
00161basketball,5,13,104,104,1,1
00161basketball,5,13,105,105,1,1
00161basketball,5,13,106,106,1,1
00161basketball,5,13,107,107,1,1
00161basketball,5,13,108,108,1,1
00161basketball,5,13,109,109,1,1
00161basketball,5,13,110,110,1,1
00161basketball,5,13,111,111,1,1
00161basketball,5,13,112,112,1,1
00161basketball,5,13,113,113,1,1
00161basketball,5,13,114,114,1,1
00161basketball,5,13,115,115,1,1
00161basketball,5,13,116,116,1,1
00161basketball,5,13,117,117,1,1
00161basketball,5,13,118,118,1,1
00161basketball,5,13,119,119,1,1
00161basketball,5,13,120,120,1,1
00161basketball,5,13,121,121,1,1
00161basketball,5,13,122,122,1,1
00161basketball,5,13,123,123,1,1
00161basketball,5,13,124,124,1,1
00161basketball,5,13,125,125,1,1
00161basketball,5,13,126,126,1,1
00161basketball,5,13,127,127,1,1
00161basketball,5,13,128,128,1,1
00161basketball,5,13,129,129,1,1
00161basketball,5,13,130,130,1,1
00161basketball,5,13,131,131,1,1
00161basketball,5,13,132,132,1,1
00161basketball,5,13,133,133,1,1
00161basketball,5,13,134,134,1,1
00161basketball,5,13,135,135,1,1
00161basketball,5,13,136,136,1,1
00161basketball,5,13,137,137,1,1
00161basketball,5,13,138,138,1,1
00161basketball,5,13,139,139,1,1
00161basketball,5,13,140,140,1,1
00161basketball,5,13,141,141,1,1
00161basketball,5,13,142,142,1,1
00161basketball,5,13,143,143,1,1
00161basketball,5,13,144,144,1,1
00161basketball,5,13,145,145,1,1
00161basketball,5,13,146,146,1,1
00161basketball,5,13,147,147,1,1
00161basketball,5,13,148,148,1,1
00161basketball,5,13,149,149,1,1
00161basketball,5,13,150,150,1,1
00161basketball,5,13,151,151,1,1
00161basketball,5,13,153,153,1,1
00161basketball,5,13,155,155,1,1
00161basketball,5,13,178,178,1,1
00161basketball,5,13,179,179,1,1
00161basketball,5,13,180,180,1,1
00161basketball,5,13,181,181,1,1
00161basketball,5,13,182,182,1,1
00161basketball,5,13,183,183,1,1
00161basketball,5,13,184,184,1,1
00161basketball,5,13,185,185,1,1
00161basketball,5,13,186,186,1,1
00161basketball,5,13,187,187,1,1
00161basketball,5,13,188,188,1,1
00161basketball,5,13,189,189,1,1
00161basketball,5,13,190,190,1,1
00161basketball,5,13,191,191,1,1
00161basketball,5,13,192,192,1,1
00161basketball,5,13,193,193,1,1
00161basketball,5,13,194,194,1,1
00161basketball,5,13,195,195,1,1
00161basketball,5,13,196,196,1,1
00161basketball,5,13,197,197,1,1
00161basketball,5,13,198,198,1,1
00161basketball,5,13,199,199,1,1
00161basketball,5,13,200,200,1,1
00161basketball,5,13,201,201,1,1
00161basketball,5,13,202,202,1,1
00161basketball,5,13,203,203,1,1
00161basketball,5,13,204,204,1,1
00161basketball,5,13,205,205,1,1
00161basketball,5,13,206,206,1,1
00161basketball,5,13,207,207,1,1
00161basketball,5,13,208,208,1,1
00161basketball,5,13,209,209,1,1
00161basketball,5,13,210,210,1,1
00161basketball,5,13,211,211,1,1
00161basketball,5,13,212,212,1,1
00161basketball,5,13,213,213,1,1
00161basketball,5,13,214,214,1,1
00161basketball,5,13,215,215,1,1
00161basketball,5,13,216,216,1,1
00161basketball,5,13,217,217,1,1
00161basketball,5,13,218,218,1,1
00161basketball,5,13,219,219,1,1
00161basketball,5,13,220,220,1,1
00161basketball,5,13,221,221,1,1
00161basketball,5,13,222,222,1,1
00161basketball,5,13,223,223,1,1
00161basketball,5,13,224,224,1,1
00161basketball,5,13,225,225,1,1
00161basketball,5,13,226,226,1,1
00161basketball,5,13,227,227,1,1
00161basketball,5,13,228,228,1,1
00161basketball,5,13,229,229,1,1
00161basketball,5,13,230,230,1,1
00161basketball,5,13,231,231,1,1
00161basketball,5,13,232,232,1,1
00161basketball,5,13,233,233,1,1
00161basketball,5,13,234,234,1,1
00161basketball,5,13,235,235,1,1
00161basketball,5,13,236,236,1,1
00161basketball,5,13,237,237,1,1
00161basketball,5,13,238,238,1,1
00161basketball,5,13,239,239,1,1
00161basketball,5,13,240,240,1,1
00161basketball,5,13,241,241,1,1
00161basketball,5,13,242,242,1,1
00161basketball,5,13,243,243,1,1
00161basketball,5,13,244,244,1,1
00161basketball,5,13,245,245,1,1
00161basketball,5,13,246,246,1,1
00161basketball,5,13,247,247,1,1
00161basketball,5,13,248,248,1,1
00161basketball,5,13,249,249,1,1
00161basketball,5,13,250,250,1,1
00161basketball,5,13,251,251,1,1
00161basketball,5,13,252,252,1,1
00161basketball,5,13,253,253,1,1
00161basketball,5,13,254,254,1,1
00161basketball,5,13,255,255,1,1
00161basketball,5,13,256,256,1,1
00161basketball,5,13,257,257,1,1
00161basketball,5,13,258,258,1,1
00161basketball,5,13,259,259,1,1
00161basketball,5,13,260,260,1,1
00161basketball,5,13,261,261,1,1
00161basketball,5,13,262,262,1,1
00161basketball,5,13,263,263,1,1
00161basketball,5,13,264,264,1,1
00161basketball,5,13,265,265,1,1
00161basketball,5,13,266,266,1,1
00161basketball,5,13,267,267,1,1
00161basketball,5,13,268,268,1,1
00161basketball,5,13,269,269,1,1
00161basketball,5,13,270,270,1,1
00161basketball,5,13,271,271,1,1
00161basketball,5,13,272,272,1,1
00161basketball,5,13,273,273,1,1
00161basketball,5,13,274,274,1,1
00161basketball,5,13,275,275,1,1
00161basketball,5,13,276,276,1,1
00161basketball,5,13,277,277,1,1
00161basketball,5,13,278,278,1,1
00161basketball,5,13,279,279,1,1
00161basketball,5,13,280,280,1,1
00161basketball,5,13,281,281,1,1
00161basketball,5,13,282,282,1,1
00161basketball,5,13,283,283,1,1
00161basketball,5,13,284,284,1,1
00161basketball,5,13,285,285,1,1
00161basketball,5,13,286,286,1,1
00161basketball,5,13,287,287,1,1
00161basketball,5,13,288,288,1,1
00161basketball,5,13,289,289,1,1
00161basketball,5,13,290,290,1,1
00161basketball,5,13,291,291,1,1
00161basketball,5,13,292,292,1,1
00161basketball,5,13,293,293,1,1
00161basketball,5,13,294,294,1,1
00161basketball,5,13,295,295,1,1
00161basketball,5,13,296,296,1,1
00161basketball,5,13,297,297,1,1
00161basketball,5,13,298,298,1,1
00161basketball,5,13,299,299,1,1
00161basketball,5,13,300,300,1,1
00161basketball,5,13,301,301,1,1
00161basketball,5,13,302,302,1,1
00161basketball,5,13,303,303,1,1
00161basketball,5,13,304,304,1,1
00161basketball,5,13,305,305,1,1
00161basketball,5,13,306,306,1,1
00161basketball,5,13,307,307,1,1
00161basketball,5,13,308,308,1,1
00161basketball,5,13,309,309,1,1
00161basketball,5,13,310,310,1,1
00161basketball,5,13,311,311,1,1
00161basketball,5,13,312,312,1,1
00161basketball,5,13,313,313,1,1
00161basketball,5,13,314,314,1,1
00161basketball,5,13,315,315,1,1
00161basketball,5,13,316,316,1,1
00161basketball,5,13,317,317,1,1
00161basketball,5,13,318,318,1,1
00161basketball,5,13,319,319,1,1
00161basketball,5,13,320,320,1,1
00161basketball,5,13,321,321,1,1
00161basketball,5,13,322,322,1,1
00161basketball,5,13,323,323,1,1
00161basketball,5,13,324,324,1,1
00161basketball,5,13,325,325,1,1
00161basketball,5,13,326,326,1,1
00161basketball,5,13,327,327,1,1
00161basketball,5,13,328,328,1,1
00161basketball,5,13,329,329,1,1
00161basketball,5,13,330,330,1,1
00161basketball,5,13,331,331,1,1
00161basketball,5,13,332,332,1,1
00161basketball,5,13,333,333,1,1
00161basketball,5,13,334,334,1,1
00161basketball,5,13,335,335,1,1
00161basketball,5,13,336,336,1,1
00161basketball,5,13,337,337,1,1
00161basketball,5,13,338,338,1,1
00161basketball,5,13,339,339,1,1
00161basketball,5,13,340,340,1,1
00161basketball,5,13,341,341,1,1
00161basketball,5,13,342,342,1,1
00161basketball,5,13,343,343,1,1
00161basketball,5,13,344,344,1,1
00161basketball,5,13,345,345,1,1
00161basketball,5,13,346,346,1,1
00161basketball,5,13,347,347,1,1
00161basketball,5,13,348,348,1,1
00161basketball,5,13,349,349,1,1
00161basketball,5,13,350,350,1,1
00161basketball,5,13,351,351,1,1
00161basketball,5,13,352,352,1,1
00161basketball,5,13,353,353,1,1
00161basketball,5,13,354,354,1,1
00161basketball,5,13,355,355,1,1
00161basketball,5,13,356,356,1,1
00161basketball,5,13,357,357,1,1
00161basketball,5,13,358,358,1,1
00161basketball,5,13,359,359,1,1
00161basketball,5,13,360,360,1,1
00161basketball,5,13,361,361,1,1
00161basketball,5,13,362,362,1,1
00161basketball,5,13,363,363,1,1
00161basketball,5,13,364,364,1,1
00161basketball,5,13,365,365,1,1
00161basketball,5,13,366,366,1,1
00161basketball,5,13,367,367,1,1
00161basketball,5,13,368,368,1,1
00161basketball,5,13,369,369,1,1
00161basketball,5,13,370,370,1,1
00161basketball,5,13,371,371,1,1
00161basketball,5,13,372,372,1,1
00161basketball,5,13,373,373,1,1
00161basketball,5,13,374,374,1,1
00161basketball,5,13,375,375,1,1
00161basketball,5,13,376,376,1,1
00161basketball,5,13,377,377,1,1
00161basketball,5,13,378,378,1,1
00161basketball,5,13,379,379,1,1
00161basketball,5,13,380,380,1,1
00161basketball,5,13,381,381,1,1
00161basketball,5,13,382,382,1,1
00161basketball,5,13,383,383,1,1
00161basketball,5,13,384,384,1,1
00161basketball,5,13,385,385,1,1
00161basketball,5,13,386,386,1,1
00161basketball,5,13,387,387,1,1
00161basketball,5,13,388,388,1,1
00161basketball,5,13,389,389,1,1
00161basketball,5,13,390,390,1,1
00161basketball,5,13,391,391,1,1
00161basketball,5,13,392,392,1,1
00161basketball,5,13,393,393,1,1
00161basketball,5,13,394,394,1,1
00161basketball,5,13,395,395,1,1
00161basketball,5,13,396,396,1,1
00161basketball,5,13,397,397,1,1
00161basketball,5,13,398,398,1,1
00161basketball,5,13,399,399,1,1
00161basketball,5,13,400,400,1,1
00161basketball,5,13,401,401,1,1
00161basketball,5,13,402,402,1,1
00161basketball,5,13,403,403,1,1
00161basketball,5,13,404,404,1,1
00161basketball,5,13,405,405,1,1
00161basketball,5,13,406,406,1,1
00161basketball,5,13,407,407,1,1
00161basketball,5,13,408,408,1,1
00161basketball,5,13,409,409,1,1
00161basketball,5,13,410,410,1,1
00161basketball,5,13,411,411,1,1
00161basketball,5,13,412,412,1,1
00161basketball,5,13,413,413,1,1
00161basketball,5,13,414,414,1,1
00161basketball,5,13,415,415,1,1
00161basketball,5,13,416,416,1,1
00161basketball,5,13,417,417,1,1
00161basketball,5,13,418,418,1,1
00161basketball,5,13,419,419,1,1
00161basketball,5,13,420,420,1,1
00161basketball,5,13,421,421,1,1
00161basketball,5,13,422,422,1,1
00161basketball,5,13,423,423,1,1
00161basketball,5,13,424,424,1,1
00161basketball,5,13,425,425,1,1
00161basketball,5,13,426,426,1,1
00161basketball,5,13,427,427,1,1
00161basketball,5,13,428,428,1,1
00161basketball,5,13,429,429,1,1
00161basketball,5,13,430,430,1,1
00161basketball,5,13,431,431,1,1
00161basketball,5,13,432,432,1,1
00161basketball,5,13,433,433,1,1
00161basketball,5,13,434,434,1,1
00161basketball,5,13,435,435,1,1
00161basketball,5,13,436,436,1,1
00161basketball,5,13,437,437,1,1
00161basketball,5,13,438,438,1,1
00161basketball,5,13,439,439,1,1
00161basketball,5,13,440,440,1,1
00161basketball,5,13,441,441,1,1
00161basketball,5,13,442,442,1,1
00161basketball,5,13,443,443,1,1
00161basketball,5,13,444,444,1,1
00161basketball,5,13,445,445,1,1
00161basketball,5,13,446,446,1,1
00161basketball,5,13,447,447,1,1
00161basketball,5,13,448,448,1,1
00161basketball,5,13,449,449,1,1
00161basketball,5,13,450,450,1,1
00161basketball,5,13,451,451,1,1
00161basketball,5,13,452,452,1,1
00161basketball,5,13,453,453,1,1
00161basketball,5,13,454,454,1,1
00161basketball,5,13,455,455,1,1
00161basketball,5,13,456,456,1,1
00161basketball,5,13,457,457,1,1
00161basketball,5,13,458,458,1,1
00161basketball,5,13,459,459,1,1
00161basketball,5,13,460,460,1,1
00161basketball,5,13,461,461,1,1
00161basketball,5,13,462,462,1,1
00161basketball,5,13,463,463,1,1
00161basketball,5,13,464,464,1,1
00161basketball,5,13,465,465,1,1
00161basketball,5,13,466,466,1,1
00161basketball,5,13,467,467,1,1
00161basketball,5,13,468,468,1,1
00161basketball,5,13,469,469,1,1
00161basketball,5,13,470,470,1,1
00161basketball,5,13,471,471,1,1
00161basketball,5,13,472,472,1,1
00161basketball,5,13,473,473,1,1
00161basketball,5,13,474,474,1,1
00161basketball,5,13,475,475,1,1
00161basketball,5,13,476,476,1,1
00161basketball,5,13,477,477,1,1
00161basketball,5,13,478,478,1,1
00161basketball,5,13,479,479,1,1
00161basketball,5,13,480,480,1,1
00161basketball,5,13,481,481,1,1
00161basketball,5,13,482,482,1,1
00161basketball,5,13,483,483,1,1
00161basketball,5,13,484,484,1,1
00161basketball,5,13,485,485,1,1
00161basketball,5,13,486,486,1,1
00161basketball,5,13,487,487,1,1
00161basketball,5,13,488,488,1,1
00161basketball,5,13,489,489,1,1
00161basketball,5,13,490,490,1,1
00161basketball,5,13,491,491,1,1
00161basketball,5,13,492,492,1,1
00161basketball,5,13,493,493,1,1
00161basketball,5,13,494,494,1,1
00161basketball,5,13,495,495,1,1
00161basketball,5,13,496,496,1,1
00161basketball,5,13,497,497,1,1
00161basketball,5,13,498,498,1,1
00161basketball,5,13,499,499,1,1
00161basketball,5,13,500,500,1,1
00161basketball,5,13,501,501,1,1
00161basketball,5,13,502,502,1,1
00161basketball,5,13,503,503,1,1
00161basketball,5,13,504,504,1,1
00161basketball,5,13,505,505,1,1
00161basketball,5,13,506,506,1,1
00161basketball,5,13,507,507,1,1
00161basketball,5,13,508,508,1,1
00161basketball,5,13,509,509,1,1
00161basketball,5,13,510,510,1,1
00161basketball,5,13,511,511,1,1
00161basketball,5,13,512,512,1,1
00161basketball,5,13,513,513,1,1
00161basketball,5,13,514,514,1,1
00161basketball,5,13,515,515,1,1
00161basketball,5,13,516,516,1,1
00161basketball,5,13,517,517,1,1
00161basketball,5,13,518,518,1,1
00161basketball,5,13,519,519,1,1
00161basketball,5,13,520,520,1,1
00161basketball,5,13,521,521,1,1
00161basketball,5,13,522,522,1,1
00161basketball,5,13,523,523,1,1
00161basketball,5,13,524,524,1,1
00161basketball,5,13,525,525,1,1
00161basketball,5,13,526,526,1,1
00161basketball,5,13,527,527,1,1
00161basketball,5,13,528,528,1,1
00161basketball,5,13,529,529,1,1
00161basketball,5,13,530,530,1,1
00161basketball,5,13,531,531,1,1
00161basketball,5,13,532,532,1,1
00161basketball,5,13,533,533,1,1
00161basketball,5,13,534,534,1,1
00161basketball,5,13,535,535,1,1
00161basketball,5,13,536,536,1,1
00161basketball,5,13,537,537,1,1
00161basketball,5,13,538,538,1,1
00161basketball,5,13,539,539,1,1
00161basketball,5,13,540,540,1,1
00161basketball,5,13,541,541,1,1
00161basketball,5,13,542,542,1,1
00161basketball,5,13,543,543,1,1
00161basketball,5,13,544,544,1,1
00161basketball,5,13,545,545,1,1
00161basketball,5,13,546,546,1,1
00161basketball,5,13,547,547,1,1
00161basketball,5,13,548,548,1,1
00161basketball,5,13,549,550,2,1
00161basketball,5,13,551,551,1,1
00161basketball,5,13,552,552,1,1
00161basketball,5,13,553,553,1,1
00161basketball,5,13,554,554,1,1
00161basketball,5,13,555,555,1,1
00161basketball,5,13,556,556,1,1
00161basketball,5,13,557,557,1,1
00161basketball,5,13,558,558,1,1
00161basketball,5,13,559,559,1,1
00161basketball,5,13,560,560,1,1
00161basketball,5,13,561,561,1,1
00161basketball,5,13,562,562,1,1
00161basketball,5,13,563,563,1,1
00161basketball,5,13,564,564,1,1
00161basketball,5,13,565,565,1,1
00161basketball,5,13,568,568,1,1
00161basketball,5,13,573,573,1,1
00161basketball,5,13,576,576,1,1
00161basketball,5,13,578,578,1,1
00161basketball,5,13,582,582,1,1
00161basketball,5,13,583,583,1,1
00161basketball,5,13,584,584,1,1
00161basketball,5,13,585,585,1,1
00161basketball,5,13,586,586,1,1
00161basketball,5,13,587,587,1,1
00161basketball,5,13,588,588,1,1
00161basketball,5,13,657,657,1,1
00161basketball,5,13,658,658,1,1
00161basketball,5,13,706,706,1,1
00161basketball,5,13,707,707,1,1
00161basketball,5,13,709,709,1,1
00161basketball,5,13,850,850,1,1
00161basketball,5,13,865,865,1,1
00161basketball,5,13,867,867,1,1
00161basketball,5,13,872,872,1,1
00161basketball,6,11,549,549,1,1
00161basketball,6,11,557,557,1,1
00161basketball,6,11,558,558,1,1
00161basketball,6,11,559,559,1,1
00161basketball,6,11,560,560,1,1
00161basketball,6,11,561,561,1,1
00161basketball,6,11,562,562,1,1
00161basketball,6,11,563,563,1,1
00161basketball,6,11,564,564,1,1
00161basketball,6,11,565,565,1,1
00161basketball,6,11,567,567,1,1
00161basketball,6,11,568,568,1,1
00161basketball,6,11,573,573,1,1
00161basketball,7,44,1,1,1,1
00161basketball,7,44,2,2,1,1
00161basketball,7,44,3,3,1,1
00161basketball,7,44,4,4,1,1
00161basketball,7,44,5,5,1,1
00161basketball,7,44,6,6,1,1
00161basketball,7,44,7,7,1,1
00161basketball,7,44,8,8,1,1
00161basketball,7,44,9,9,1,1
00161basketball,7,44,10,10,1,1
00161basketball,7,44,11,11,1,1
00161basketball,7,44,12,12,1,1
00161basketball,7,44,13,13,1,1
00161basketball,7,44,14,14,1,1
00161basketball,7,44,15,15,1,1
00161basketball,7,44,16,16,1,1
00161basketball,7,44,17,17,1,1
00161basketball,7,44,18,18,1,1
00161basketball,7,44,19,19,1,1
00161basketball,7,44,20,20,1,1
00161basketball,7,44,21,21,1,1
00161basketball,7,44,22,22,1,1
00161basketball,7,44,23,23,1,1
00161basketball,7,44,24,24,1,1
00161basketball,7,44,25,25,1,1
00161basketball,7,44,26,26,1,1
00161basketball,7,44,27,27,1,1
00161basketball,7,44,28,28,1,1
00161basketball,7,44,29,29,1,1
00161basketball,7,44,30,30,1,1
00161basketball,7,44,31,31,1,1
00161basketball,7,44,32,32,1,1
00161basketball,7,44,33,33,1,1
00161basketball,7,44,34,34,1,1
00161basketball,7,44,35,35,1,1
00161basketball,7,44,36,36,1,1
00161basketball,7,44,37,37,1,1
00161basketball,7,44,38,38,1,1
00161basketball,7,44,39,39,1,1
00161basketball,7,44,40,40,1,1
00161basketball,7,44,41,41,1,1
00161basketball,7,44,42,42,1,1
00161basketball,7,44,43,43,1,1
00161basketball,7,44,44,44,1,1
00161basketball,7,44,45,45,1,1
00161basketball,7,44,46,46,1,1
00161basketball,7,44,47,47,1,1
00161basketball,7,44,48,48,1,1
00161basketball,7,44,49,49,1,1
00161basketball,7,44,50,50,1,1
00161basketball,7,44,51,51,1,1
00161basketball,7,44,52,52,1,1
00161basketball,7,44,53,53,1,1
00161basketball,7,44,54,54,1,1
00161basketball,7,44,55,55,1,1
00161basketball,7,44,56,56,1,1
00161basketball,7,44,57,57,1,1
00161basketball,7,44,58,58,1,1
00161basketball,7,44,59,59,1,1
00161basketball,7,44,60,60,1,1
00161basketball,7,44,61,61,1,1
00161basketball,7,44,62,62,1,1
00161basketball,7,44,63,63,1,1
00161basketball,7,44,64,64,1,1
00161basketball,7,44,65,65,1,1
00161basketball,7,44,66,66,1,1
00161basketball,7,44,67,67,1,1
00161basketball,7,44,68,68,1,1
00161basketball,7,44,69,69,1,1
00161basketball,7,44,70,70,1,1
00161basketball,7,44,71,71,1,1
00161basketball,7,44,72,72,1,1
00161basketball,7,44,73,73,1,1
00161basketball,7,44,74,74,1,1
00161basketball,7,44,75,75,1,1
00161basketball,7,44,76,76,1,1
00161basketball,7,44,77,77,1,1
00161basketball,7,44,78,78,1,1
00161basketball,7,44,79,79,1,1
00161basketball,7,44,80,80,1,1
00161basketball,7,44,81,81,1,1
00161basketball,7,44,82,82,1,1
00161basketball,7,44,83,83,1,1
00161basketball,7,44,84,84,1,1
00161basketball,7,44,85,85,1,1
00161basketball,7,44,86,86,1,1
00161basketball,7,44,87,87,1,1
00161basketball,7,44,88,88,1,1
00161basketball,7,44,89,89,1,1
00161basketball,7,44,90,90,1,1
00161basketball,7,44,91,91,1,1
00161basketball,7,44,92,92,1,1
00161basketball,7,44,93,93,1,1
00161basketball,7,44,94,94,1,1
00161basketball,7,44,95,95,1,1
00161basketball,7,44,96,96,1,1
00161basketball,7,44,97,97,1,1
00161basketball,7,44,98,98,1,1
00161basketball,7,44,99,99,1,1
00161basketball,7,44,100,100,1,1
00161basketball,7,44,101,101,1,1
00161basketball,7,44,102,102,1,1
00161basketball,7,44,103,103,1,1
00161basketball,7,44,104,104,1,1
00161basketball,7,44,105,105,1,1
00161basketball,7,44,106,106,1,1
00161basketball,7,44,107,107,1,1
00161basketball,7,44,108,108,1,1
00161basketball,7,44,109,109,1,1
00161basketball,7,44,110,110,1,1
00161basketball,7,44,111,111,1,1
00161basketball,7,44,112,112,1,1
00161basketball,7,44,113,113,1,1
00161basketball,7,44,115,115,1,1
00161basketball,7,44,116,116,1,1
00161basketball,7,44,117,117,1,1
00161basketball,7,44,118,118,1,1
00161basketball,7,44,120,120,1,1
00161basketball,7,44,121,121,1,1
00161basketball,7,44,122,122,1,1
00161basketball,7,44,123,123,1,1
00161basketball,7,44,124,124,1,1
00161basketball,7,44,125,125,1,1
00161basketball,7,44,126,126,1,1
00161basketball,7,44,127,127,1,1
00161basketball,7,44,128,128,1,1
00161basketball,7,44,129,129,1,1
00161basketball,7,44,130,130,1,1
00161basketball,7,44,131,131,1,1
00161basketball,7,44,132,132,1,1
00161basketball,7,44,133,133,1,1
00161basketball,7,44,134,134,1,1
00161basketball,7,44,135,135,1,1
00161basketball,7,44,136,136,1,1
00161basketball,7,44,137,137,1,1
00161basketball,7,44,138,138,1,1
00161basketball,7,44,139,139,1,1
00161basketball,7,44,140,140,1,1
00161basketball,7,44,141,141,1,1
00161basketball,7,44,142,142,1,1
00161basketball,7,44,143,143,1,1
00161basketball,7,44,144,144,1,1
00161basketball,7,44,145,145,1,1
00161basketball,7,44,146,146,1,1
00161basketball,7,44,147,147,1,1
00161basketball,7,44,148,148,1,1
00161basketball,7,44,149,149,1,1
00161basketball,7,44,150,150,1,1
00161basketball,7,44,151,151,1,1
00161basketball,7,44,152,152,1,1
00161basketball,7,44,153,153,1,1
00161basketball,7,44,154,154,1,1
00161basketball,7,44,155,155,1,1
00161basketball,7,44,156,156,1,1
00161basketball,7,44,157,157,1,1
00161basketball,7,44,158,158,1,1
00161basketball,7,44,159,159,1,1
00161basketball,7,44,160,160,1,1
00161basketball,7,44,161,161,1,1
00161basketball,7,44,162,162,1,1
00161basketball,7,44,163,163,1,1
00161basketball,7,44,164,164,1,1
00161basketball,7,44,165,165,1,1
00161basketball,7,44,166,166,1,1
00161basketball,7,44,167,167,1,1
00161basketball,7,44,168,168,1,1
00161basketball,7,44,169,169,1,1
00161basketball,7,44,170,170,1,1
00161basketball,7,44,171,171,1,1
00161basketball,7,44,172,172,1,1
00161basketball,7,44,173,173,1,1
00161basketball,7,44,174,174,1,1
00161basketball,7,44,175,175,1,1
00161basketball,7,44,176,176,1,1
00161basketball,7,44,177,177,1,1
00161basketball,7,44,178,178,1,1
00161basketball,7,44,179,179,1,1
00161basketball,7,44,180,180,1,1
00161basketball,7,44,181,181,1,1
00161basketball,7,44,182,182,1,1
00161basketball,7,44,183,183,1,1
00161basketball,7,44,184,184,1,1
00161basketball,7,44,185,185,1,1
00161basketball,7,44,186,186,1,1
00161basketball,7,44,187,187,1,1
00161basketball,7,44,188,188,1,1
00161basketball,7,44,189,189,1,1
00161basketball,7,44,190,190,1,1
00161basketball,7,44,191,191,1,1
00161basketball,7,44,192,192,1,1
00161basketball,7,44,193,193,1,1
00161basketball,7,44,194,194,1,1
00161basketball,7,44,195,195,1,1
00161basketball,7,44,196,196,1,1
00161basketball,7,44,197,197,1,1
00161basketball,7,44,198,198,1,1
00161basketball,7,44,199,199,1,1
00161basketball,7,44,200,200,1,1
00161basketball,7,44,201,201,1,1
00161basketball,7,44,202,202,1,1
00161basketball,7,44,203,203,1,1
00161basketball,7,44,204,204,1,1
00161basketball,7,44,205,205,1,1
00161basketball,7,44,206,206,1,1
00161basketball,7,44,207,207,1,1
00161basketball,7,44,208,208,1,1
00161basketball,7,44,209,209,1,1
00161basketball,7,44,210,210,1,1
00161basketball,7,44,211,211,1,1
00161basketball,7,44,212,212,1,1
00161basketball,7,44,213,213,1,1
00161basketball,7,44,214,214,1,1
00161basketball,7,44,215,215,1,1
00161basketball,7,44,216,216,1,1
00161basketball,7,44,217,217,1,1
00161basketball,7,44,218,218,1,1
00161basketball,7,44,219,219,1,1
00161basketball,7,44,220,220,1,1
00161basketball,7,44,221,221,1,1
00161basketball,7,44,222,222,1,1
00161basketball,7,44,223,223,1,1
00161basketball,7,44,224,224,1,1
00161basketball,7,44,225,225,1,1
00161basketball,7,44,226,226,1,1
00161basketball,7,44,228,228,1,1
00161basketball,7,44,230,230,1,1
00161basketball,7,44,231,231,1,1
00161basketball,7,44,232,232,1,1
00161basketball,7,44,233,233,1,1
00161basketball,7,44,234,234,1,1
00161basketball,7,44,236,236,1,1
00161basketball,7,44,237,237,1,1
00161basketball,7,44,238,238,1,1
00161basketball,7,44,239,239,1,1
00161basketball,7,44,240,240,1,1
00161basketball,7,44,241,241,1,1
00161basketball,7,44,242,242,1,1
00161basketball,7,44,243,243,1,1
00161basketball,7,44,244,244,1,1
00161basketball,7,44,245,245,1,1
00161basketball,7,44,246,246,1,1
00161basketball,7,44,247,247,1,1
00161basketball,7,44,248,248,1,1
00161basketball,7,44,249,249,1,1
00161basketball,7,44,250,250,1,1
00161basketball,7,44,251,251,1,1
00161basketball,7,44,252,252,1,1
00161basketball,7,44,253,253,1,1
00161basketball,7,44,254,254,1,1
00161basketball,7,44,255,255,1,1
00161basketball,7,44,256,256,1,1
00161basketball,7,44,257,257,1,1
00161basketball,7,44,258,258,1,1
00161basketball,7,44,259,259,1,1
00161basketball,7,44,260,260,1,1
00161basketball,7,44,261,261,1,1
00161basketball,7,44,262,262,1,1
00161basketball,7,44,263,263,1,1
00161basketball,7,44,264,264,1,1
00161basketball,7,44,265,265,1,1
00161basketball,7,44,266,266,1,1
00161basketball,7,44,267,267,1,1
00161basketball,7,44,268,268,1,1
00161basketball,7,44,269,269,1,1
00161basketball,7,44,270,270,1,1
00161basketball,7,44,271,271,1,1
00161basketball,7,44,272,272,1,1
00161basketball,7,44,273,273,1,1
00161basketball,7,44,274,274,1,1
00161basketball,7,44,275,275,1,1
00161basketball,7,44,276,276,1,1
00161basketball,7,44,277,277,1,1
00161basketball,7,44,278,278,1,1
00161basketball,7,44,279,279,1,1
00161basketball,7,44,280,280,1,1
00161basketball,7,44,281,281,1,1
00161basketball,7,44,282,282,1,1
00161basketball,7,44,283,283,1,1
00161basketball,7,44,284,284,1,1
00161basketball,7,44,285,285,1,1
00161basketball,7,44,286,286,1,1
00161basketball,7,44,287,287,1,1
00161basketball,7,44,288,288,1,1
00161basketball,7,44,289,289,1,1
00161basketball,7,44,290,290,1,1
00161basketball,7,44,291,291,1,1
00161basketball,7,44,292,292,1,1
00161basketball,7,44,293,293,1,1
00161basketball,7,44,294,294,1,1
00161basketball,7,44,295,295,1,1
00161basketball,7,44,296,296,1,1
00161basketball,7,44,297,297,1,1
00161basketball,7,44,298,298,1,1
00161basketball,7,44,299,299,1,1
00161basketball,7,44,300,300,1,1
00161basketball,7,44,301,301,1,1
00161basketball,7,44,302,302,1,1
00161basketball,7,44,303,303,1,1
00161basketball,7,44,304,304,1,1
00161basketball,7,44,305,305,1,1
00161basketball,7,44,306,306,1,1
00161basketball,7,44,307,307,1,1
00161basketball,7,44,308,308,1,1
00161basketball,7,44,309,309,1,1
00161basketball,7,44,310,310,1,1
00161basketball,7,44,311,311,1,1
00161basketball,7,44,312,312,1,1
00161basketball,7,44,313,313,1,1
00161basketball,7,44,314,314,1,1
00161basketball,7,44,315,315,1,1
00161basketball,7,44,316,316,1,1
00161basketball,7,44,317,317,1,1
00161basketball,7,44,318,318,1,1
00161basketball,7,44,319,319,1,1
00161basketball,7,44,320,320,1,1
00161basketball,7,44,321,321,1,1
00161basketball,7,44,322,322,1,1
00161basketball,7,44,323,323,1,1
00161basketball,7,44,324,324,1,1
00161basketball,7,44,325,325,1,1
00161basketball,7,44,326,326,1,1
00161basketball,7,44,327,327,1,1
00161basketball,7,44,328,328,1,1
00161basketball,7,44,329,329,1,1
00161basketball,7,44,330,330,1,1
00161basketball,7,44,331,331,1,1
00161basketball,7,44,332,332,1,1
00161basketball,7,44,333,333,1,1
00161basketball,7,44,334,334,1,1
00161basketball,7,44,335,335,1,1
00161basketball,7,44,336,336,1,1
00161basketball,7,44,337,337,1,1
00161basketball,7,44,338,338,1,1
00161basketball,7,44,339,339,1,1
00161basketball,7,44,340,340,1,1
00161basketball,7,44,341,341,1,1
00161basketball,7,44,342,342,1,1
00161basketball,7,44,343,343,1,1
00161basketball,7,44,344,344,1,1
00161basketball,7,44,345,345,1,1
00161basketball,7,44,346,346,1,1
00161basketball,7,44,347,347,1,1
00161basketball,7,44,348,348,1,1
00161basketball,7,44,349,349,1,1
00161basketball,7,44,350,350,1,1
00161basketball,7,44,351,351,1,1
00161basketball,7,44,352,352,1,1
00161basketball,7,44,353,353,1,1
00161basketball,7,44,354,354,1,1
00161basketball,7,44,355,355,1,1
00161basketball,7,44,356,356,1,1
00161basketball,7,44,357,357,1,1
00161basketball,7,44,358,358,1,1
00161basketball,7,44,359,359,1,1
00161basketball,7,44,360,360,1,1
00161basketball,7,44,361,361,1,1
00161basketball,7,44,362,362,1,1
00161basketball,7,44,363,363,1,1
00161basketball,7,44,364,364,1,1
00161basketball,7,44,365,365,1,1
00161basketball,7,44,366,366,1,1
00161basketball,7,44,367,367,1,1
00161basketball,7,44,368,368,1,1
00161basketball,7,44,805,805,1,1
00161basketball,7,44,806,806,1,1
00161basketball,7,44,807,807,1,1
00161basketball,7,44,808,808,1,1
00161basketball,7,44,809,809,1,1
00161basketball,7,44,810,810,1,1
00161basketball,7,44,811,811,1,1
00161basketball,7,44,812,812,1,1
00161basketball,7,44,813,813,1,1
00161basketball,7,44,814,814,1,1
00161basketball,7,44,815,815,1,1
00161basketball,7,44,816,816,1,1
00161basketball,7,44,817,817,1,1
00161basketball,7,44,818,818,1,1
00161basketball,7,44,819,819,1,1
00161basketball,7,44,820,820,1,1
00161basketball,7,44,822,822,1,1
00161basketball,7,44,823,823,1,1
00161basketball,7,44,824,824,1,1
00161basketball,7,44,825,825,1,1
00161basketball,7,44,826,826,1,1
00161basketball,7,44,827,827,1,1
00161basketball,7,44,828,828,1,1
00161basketball,7,44,869,869,1,1
00161basketball,8,27,1,12,24,2
00161basketball,8,27,13,13,1,1
00161basketball,8,27,14,14,1,1
00161basketball,8,27,15,15,1,1
00161basketball,8,27,16,16,1,1
00161basketball,8,27,17,17,1,1
00161basketball,8,27,18,18,1,1
00161basketball,8,27,19,19,1,1
00161basketball,8,27,20,20,1,1
00161basketball,8,27,21,21,1,1
00161basketball,8,27,22,22,1,1
00161basketball,8,27,23,23,1,1
00161basketball,8,27,24,24,1,1
00161basketball,8,27,25,25,1,1
00161basketball,8,27,26,26,1,1
00161basketball,8,27,27,27,1,1
00161basketball,8,27,28,28,1,1
00161basketball,8,27,29,29,1,1
00161basketball,8,27,30,30,1,1
00161basketball,8,27,31,31,1,1
00161basketball,8,27,32,32,1,1
00161basketball,8,27,33,33,1,1
00161basketball,8,27,34,34,1,1
00161basketball,8,27,35,35,1,1
00161basketball,8,27,36,36,1,1
00161basketball,8,27,37,37,1,1
00161basketball,8,27,38,38,1,1
00161basketball,8,27,39,39,1,1
00161basketball,8,27,40,40,1,1
00161basketball,8,27,41,41,1,1
00161basketball,8,27,42,42,1,1
00161basketball,8,27,43,43,1,1
00161basketball,8,27,44,44,1,1
00161basketball,8,27,45,45,1,1
00161basketball,8,27,46,46,1,1
00161basketball,8,27,47,47,1,1
00161basketball,8,27,48,48,1,1
00161basketball,8,27,49,49,1,1
00161basketball,8,27,50,50,1,1
00161basketball,8,27,51,51,1,1
00161basketball,8,27,52,52,1,1
00161basketball,8,27,53,53,1,1
00161basketball,8,27,54,54,1,1
00161basketball,8,27,55,55,1,1
00161basketball,8,27,56,56,1,1
00161basketball,8,27,57,57,1,1
00161basketball,8,27,58,58,1,1
00161basketball,8,27,59,59,1,1
00161basketball,8,27,60,60,1,1
00161basketball,8,27,61,61,1,1
00161basketball,8,27,62,62,1,1
00161basketball,8,27,63,63,1,1
00161basketball,8,27,64,64,1,1
00161basketball,8,27,65,65,1,1
00161basketball,8,27,66,66,1,1
00161basketball,8,27,67,67,1,1
00161basketball,8,27,68,68,1,1
00161basketball,8,27,69,69,1,1
00161basketball,8,27,70,70,1,1
00161basketball,8,27,71,71,1,1
00161basketball,8,27,72,72,1,1
00161basketball,8,27,73,73,1,1
00161basketball,8,27,74,74,1,1
00161basketball,8,27,75,75,1,1
00161basketball,8,27,76,76,1,1
00161basketball,8,27,77,77,1,1
00161basketball,8,27,78,78,1,1
00161basketball,8,27,79,79,1,1
00161basketball,8,27,80,80,1,1
00161basketball,8,27,81,81,1,1
00161basketball,8,27,82,82,1,1
00161basketball,8,27,83,83,1,1
00161basketball,8,27,84,84,1,1
00161basketball,8,27,85,85,1,1
00161basketball,8,27,86,86,1,1
00161basketball,8,27,87,87,1,1
00161basketball,8,27,88,88,1,1
00161basketball,8,27,89,89,1,1
00161basketball,8,27,124,124,1,1
00161basketball,8,27,184,184,1,1
00161basketball,8,27,186,186,1,1
00161basketball,8,27,187,187,1,1
00161basketball,8,27,214,215,2,2
00161basketball,8,27,327,327,1,1
00161basketball,8,27,328,328,1,1
00161basketball,8,27,329,329,1,1
00161basketball,8,27,330,330,1,1
00161basketball,8,27,479,479,1,1
00161basketball,8,27,480,480,1,1
00161basketball,8,27,481,481,1,1
00161basketball,8,27,483,483,1,1
00161basketball,8,27,495,495,2,2
00161basketball,8,27,498,498,1,1
00161basketball,8,27,499,499,1,1
00161basketball,8,27,500,500,1,1
00161basketball,8,27,513,513,1,1
00161basketball,8,27,515,515,1,1
00161basketball,8,27,519,519,1,1
00161basketball,8,27,522,522,1,1
00161basketball,8,27,525,525,1,1
00161basketball,8,27,526,526,1,1
00161basketball,8,27,527,527,1,1
00161basketball,8,27,528,531,4,1
00161basketball,8,27,532,532,1,1
00161basketball,8,27,533,534,2,1
00161basketball,8,27,535,535,1,1
00161basketball,8,27,548,553,6,1
00161basketball,8,27,556,558,3,1
00161basketball,8,27,559,577,35,2
00161basketball,8,27,578,578,1,1
00161basketball,8,27,579,579,1,1
00161basketball,8,27,580,584,8,2
00161basketball,8,27,586,586,1,1
00161basketball,8,27,587,587,1,1
00161basketball,8,27,588,588,1,1
00161basketball,8,27,589,589,1,1
00161basketball,8,27,590,590,1,1
00161basketball,8,27,592,592,1,1
00161basketball,8,27,593,593,1,1
00161basketball,8,27,594,594,1,1
00161basketball,8,27,595,595,1,1
00161basketball,8,27,596,596,1,1
00161basketball,8,27,597,597,1,1
00161basketball,8,27,598,598,1,1
00161basketball,8,27,599,599,1,1
00161basketball,8,27,600,600,1,1
00161basketball,8,27,601,601,1,1
00161basketball,8,27,602,602,1,1
00161basketball,8,27,603,603,1,1
00161basketball,8,27,604,604,1,1
00161basketball,8,27,605,605,1,1
00161basketball,8,27,606,606,1,1
00161basketball,8,27,608,608,1,1
00161basketball,8,27,638,638,1,1
00161basketball,8,27,643,643,1,1
00161basketball,8,27,645,645,1,1
00161basketball,8,27,646,646,1,1
00161basketball,8,27,647,647,1,1
00161basketball,8,27,648,665,20,2
00161basketball,8,27,673,679,6,1
00161basketball,8,27,681,718,11,1
00161basketball,8,27,719,724,6,1
00161basketball,8,27,726,773,93,2
00161basketball,8,27,782,782,1,1
00161basketball,8,27,783,783,1,1
00161basketball,8,27,786,787,2,2
00161basketball,8,27,788,1052,500,2
00161basketball,9,35,859,928,5,1
00161basketball,10,25,1,99,194,2
00161basketball,10,25,100,492,715,2
00161basketball,10,25,496,499,4,1
00161basketball,10,25,685,781,98,2
00161basketball,10,25,785,785,1,1
00161basketball,10,25,795,796,2,1
00161basketball,11,2,278,278,1,1
00161basketball,11,2,435,435,1,1
00161basketball,11,2,436,436,1,1
00161basketball,11,2,437,437,1,1
00161basketball,11,2,439,439,1,1
00161basketball,11,2,440,440,1,1
00161basketball,11,2,441,441,1,1
00161basketball,11,2,485,485,1,1
00161basketball,11,2,486,486,1,1
00161basketball,11,2,487,487,1,1
00161basketball,11,2,488,488,1,1
00161basketball,11,2,489,489,1,1
00161basketball,11,2,490,490,1,1
00161basketball,11,2,491,491,1,1
00161basketball,11,2,492,492,1,1
00161basketball,11,2,493,493,1,1
00161basketball,11,2,494,494,1,1
00161basketball,11,2,495,495,1,1
00161basketball,11,2,496,499,5,2
00161basketball,11,2,500,510,13,2
00161basketball,11,2,511,511,1,1
00161basketball,11,2,512,512,1,1
00161basketball,11,2,513,513,1,1
00161basketball,11,2,514,514,1,1
00161basketball,11,2,515,515,2,2
00161basketball,11,2,516,516,1,1
00161basketball,11,2,517,517,1,1
00161basketball,11,2,518,518,1,1
00161basketball,11,2,519,521,4,2
00161basketball,11,2,522,522,1,1
00161basketball,11,2,523,1052,1033,2
00161basketball,12,20,79,80,3,2
00161basketball,12,20,81,81,1,1
00161basketball,12,20,82,82,1,1
00161basketball,12,20,83,83,1,1
00161basketball,12,20,84,84,1,1
00161basketball,12,20,98,98,1,1
00161basketball,12,20,99,99,1,1
00161basketball,12,20,100,107,8,1
00161basketball,12,20,180,180,1,1
00161basketball,12,20,182,184,5,2
00161basketball,12,20,185,185,1,1
00161basketball,12,20,186,186,1,1
00161basketball,12,20,187,187,1,1
00161basketball,12,20,188,188,1,1
00161basketball,12,20,189,189,1,1
00161basketball,12,20,192,192,1,1
00161basketball,12,20,193,193,1,1
00161basketball,12,20,194,194,1,1
00161basketball,12,20,195,195,1,1
00161basketball,12,20,209,209,1,1
00161basketball,12,20,214,214,1,1
00161basketball,12,20,218,218,1,1
00161basketball,12,20,221,221,1,1
00161basketball,12,20,223,223,1,1
00161basketball,12,20,224,224,1,1
00161basketball,12,20,225,225,1,1
00161basketball,12,20,226,226,1,1
00161basketball,12,20,227,227,1,1
00161basketball,12,20,228,228,1,1
00161basketball,12,20,229,229,1,1
00161basketball,12,20,230,230,1,1
00161basketball,12,20,249,249,1,1
00161basketball,12,20,250,250,1,1
00161basketball,12,20,251,251,1,1
00161basketball,12,20,252,252,1,1
00161basketball,12,20,253,253,1,1
00161basketball,12,20,254,254,1,1
00161basketball,12,20,255,255,1,1
00161basketball,12,20,256,425,233,2
00161basketball,13,23,1,114,159,2
00161basketball,13,23,143,143,1,1
00161basketball,13,23,144,144,1,1
00161basketball,13,23,147,147,1,1
00161basketball,13,23,174,174,1,1
00161basketball,13,23,175,175,1,1
00161basketball,13,23,216,216,1,1
00161basketball,13,23,218,218,1,1
00161basketball,13,23,321,321,1,1
00161basketball,13,23,332,332,1,1
00161basketball,13,23,338,338,1,1
00161basketball,13,23,339,339,1,1
00161basketball,13,23,364,364,1,1
00161basketball,13,23,365,370,7,2
00161basketball,13,23,511,511,1,1
00161basketball,13,23,513,513,1,1
00161basketball,13,23,514,514,1,1
00161basketball,13,23,515,515,1,1
00161basketball,13,23,516,516,1,1
00161basketball,13,23,517,517,1,1
00161basketball,13,23,518,518,1,1
00161basketball,13,23,519,519,1,1
00161basketball,13,23,615,615,1,1
00161basketball,13,23,644,644,1,1
00161basketball,13,23,647,647,1,1
00161basketball,13,23,650,650,1,1
00161basketball,13,23,658,658,1,1
00161basketball,13,23,675,675,1,1
00161basketball,13,23,683,683,1,1
00161basketball,13,23,684,684,1,1
00161basketball,13,23,685,685,1,1
00161basketball,13,23,703,703,1,1
00161basketball,13,23,704,704,1,1
00161basketball,13,23,705,705,1,1
00161basketball,13,23,706,706,1,1
00161basketball,13,23,707,707,1,1
00161basketball,13,23,708,708,1,1
00161basketball,13,23,709,709,1,1
00161basketball,13,23,710,710,1,1
00161basketball,13,23,712,712,1,1
00161basketball,13,23,714,714,1,1
00161basketball,13,23,715,715,1,1
00161basketball,13,23,716,716,1,1
00161basketball,13,23,726,726,1,1
00161basketball,13,23,727,727,1,1
00161basketball,13,23,728,728,1,1
00161basketball,13,23,729,729,1,1
00161basketball,13,23,733,733,1,1
00161basketball,13,23,734,734,1,1
00161basketball,13,23,735,735,1,1
00161basketball,13,23,746,746,1,1
00161basketball,13,23,816,816,1,1
00161basketball,13,23,819,819,1,1
00161basketball,13,23,823,823,1,1
00161basketball,13,23,824,824,1,1
00161basketball,13,23,825,825,1,1
00161basketball,13,23,826,826,1,1
00161basketball,13,23,827,827,1,1
00161basketball,13,23,828,828,1,1
00161basketball,13,23,885,885,1,1
00161basketball,13,23,889,889,1,1
00161basketball,13,23,890,892,3,1
00161basketball,13,23,893,894,2,1
00161basketball,13,23,938,938,1,1
00161basketball,13,23,939,939,1,1
00161basketball,13,23,940,940,1,1
00161basketball,13,23,941,941,1,1
00161basketball,13,23,942,942,1,1
00161basketball,13,23,943,943,1,1
00161basketball,14,32,54,54,1,1
00161basketball,14,32,55,55,1,1
00161basketball,14,32,60,61,2,1
00161basketball,14,32,92,92,1,1
00161basketball,14,32,93,93,1,1
00161basketball,14,32,94,94,1,1
00161basketball,14,32,325,325,1,1
00161basketball,14,32,332,333,2,1
00161basketball,14,32,334,334,1,1
00161basketball,14,32,335,335,1,1
00161basketball,14,32,336,336,1,1
00161basketball,14,32,337,337,1,1
00161basketball,14,32,338,338,1,1
00161basketball,14,32,339,339,1,1
00161basketball,14,32,340,340,1,1
00161basketball,14,32,341,341,1,1
00161basketball,14,32,346,346,1,1
00161basketball,14,32,358,358,1,1
00161basketball,14,32,400,400,1,1
00161basketball,14,32,401,401,1,1
00161basketball,14,32,532,532,1,1
00161basketball,14,32,533,533,1,1
00161basketball,14,32,536,536,1,1
00161basketball,14,32,547,547,1,1
00161basketball,14,32,575,575,1,1
00161basketball,14,32,576,577,4,2
00161basketball,14,32,578,578,1,1
00161basketball,14,32,596,596,1,1
00161basketball,14,32,597,597,1,1
00161basketball,14,32,598,598,1,1
00161basketball,14,32,599,599,1,1
00161basketball,14,32,609,609,1,1
00161basketball,14,32,610,610,1,1
00161basketball,14,32,618,618,1,1
00161basketball,14,32,625,625,1,1
00161basketball,14,32,628,628,1,1
00161basketball,14,32,629,629,1,1
00161basketball,14,32,630,630,1,1
00161basketball,14,32,633,633,1,1
00161basketball,14,32,634,634,1,1
00161basketball,14,32,635,635,1,1
00161basketball,14,32,641,641,1,1
00161basketball,14,32,642,642,1,1
00161basketball,14,32,644,644,1,1
00161basketball,14,32,645,645,1,1
00161basketball,14,32,646,646,1,1
00161basketball,14,32,659,659,1,1
00161basketball,14,32,660,660,1,1
00161basketball,14,32,668,668,1,1
00161basketball,14,32,888,888,1,1
00161basketball,14,32,889,889,1,1
00161basketball,14,32,890,890,1,1
00161basketball,14,32,891,891,1,1
00161basketball,14,32,892,892,1,1
00161basketball,14,32,893,893,1,1
00161basketball,14,32,894,894,1,1
00161basketball,14,32,895,895,1,1
00161basketball,14,32,896,896,1,1
00161basketball,14,32,897,897,1,1
00161basketball,14,32,898,898,1,1
00161basketball,14,32,899,899,1,1
00161basketball,14,32,900,900,1,1
00161basketball,14,32,901,901,1,1
00161basketball,14,32,902,902,1,1
00161basketball,14,32,903,903,1,1
00161basketball,14,32,904,904,1,1
00161basketball,14,32,905,905,1,1
00161basketball,14,32,906,906,1,1
00161basketball,14,32,907,907,1,1
00161basketball,14,32,908,908,1,1
00161basketball,14,32,909,909,1,1
00161basketball,14,32,910,910,1,1
00161basketball,14,32,911,911,1,1
00161basketball,14,32,912,912,1,1
00161basketball,14,32,913,913,1,1
00161basketball,14,32,914,914,1,1
00161basketball,14,32,915,915,1,1
00161basketball,14,32,916,916,1,1
00161basketball,14,32,917,917,1,1
00161basketball,14,32,918,918,1,1
00161basketball,14,32,919,919,1,1
00161basketball,14,32,920,920,1,1
00161basketball,14,32,932,932,1,1
00161basketball,14,32,933,933,1,1
00161basketball,14,32,934,934,1,1
00161basketball,14,32,935,935,1,1
00161basketball,15,3,72,72,1,1
00161basketball,15,3,74,74,1,1
00161basketball,15,3,75,75,1,1
00161basketball,15,3,77,77,1,1
00161basketball,15,3,78,78,1,1
00161basketball,15,3,87,87,1,1
00161basketball,15,3,88,88,1,1
00161basketball,15,3,136,136,1,1
00161basketball,15,3,140,140,1,1
00161basketball,15,3,164,164,1,1
00161basketball,15,3,180,180,1,1
00161basketball,15,3,426,426,1,1
00161basketball,15,3,427,427,1,1
00161basketball,15,3,428,428,1,1
00161basketball,15,3,429,432,7,2
00161basketball,15,3,433,433,1,1
00161basketball,15,3,434,434,1,1
00161basketball,15,3,436,436,1,1
00161basketball,15,3,437,437,1,1
00161basketball,15,3,485,485,1,1
00161basketball,15,3,524,524,1,1
00161basketball,15,3,532,532,1,1
00161basketball,15,3,534,534,1,1
00161basketball,15,3,551,551,1,1
00161basketball,15,3,586,586,1,1
00161basketball,15,3,587,587,1,1
00161basketball,15,3,646,646,1,1
00161basketball,15,3,648,648,1,1
00161basketball,16,17,76,76,1,1
00161basketball,16,17,349,349,1,1
00161basketball,16,17,350,350,1,1
00161basketball,16,17,394,394,1,1
00161basketball,16,17,412,412,1,1
00161basketball,16,17,413,416,5,2
00161basketball,16,17,822,822,1,1
00161basketball,16,17,918,918,1,1
00161basketball,16,17,919,919,1,1
00161basketball,18,15,1,247,375,2
00161basketball,18,15,512,512,1,1
00161basketball,18,15,629,629,1,1
00161basketball,18,15,630,630,1,1
00161basketball,18,15,631,631,1,1
00161basketball,18,15,632,632,1,1
00161basketball,18,15,634,634,1,1
00161basketball,18,15,635,635,1,1
00161basketball,18,15,636,636,1,1
00161basketball,18,15,653,653,1,1
00161basketball,18,15,655,655,1,1
00161basketball,18,15,656,656,1,1
00161basketball,18,15,657,657,1,1
00161basketball,18,15,659,659,1,1
00161basketball,18,15,660,660,1,1
00161basketball,18,15,661,661,1,1
00161basketball,18,15,662,662,1,1
00161basketball,18,15,665,665,1,1
00161basketball,18,15,666,666,1,1
00161basketball,18,15,667,667,1,1
00161basketball,18,15,668,668,1,1
00161basketball,18,15,669,669,1,1
00161basketball,18,15,670,670,1,1
00161basketball,18,15,671,671,1,1
00161basketball,18,15,674,674,1,1
00161basketball,18,15,753,753,1,1
00161basketball,18,15,754,754,1,1
00161basketball,18,15,794,794,1,1
00161basketball,18,15,813,813,1,1
00161basketball,18,15,814,814,1,1
00161basketball,18,15,900,1052,299,2
00161basketball,19,34,227,227,1,1
00161basketball,19,34,229,229,1,1
00161basketball,19,34,652,652,1,1
00161basketball,19,34,654,654,1,1
00161basketball,19,34,655,655,1,1
00161basketball,19,34,656,656,1,1
00161basketball,19,34,657,657,1,1
00161basketball,19,34,658,658,1,1
00161basketball,19,34,659,659,1,1
00161basketball,19,34,660,660,1,1
00161basketball,19,34,661,661,1,1
00161basketball,19,34,662,662,1,1
00161basketball,19,34,663,663,1,1
00161basketball,19,34,664,664,1,1
00161basketball,19,34,665,665,1,1
00161basketball,19,34,666,666,1,1
00161basketball,19,34,667,667,1,1
00161basketball,19,34,668,668,1,1
00161basketball,19,34,669,669,1,1
00161basketball,19,34,670,670,1,1
00161basketball,19,34,671,671,1,1
00161basketball,19,34,672,672,1,1
00161basketball,19,34,673,673,1,1
00161basketball,19,34,674,674,1,1
00161basketball,19,34,675,675,1,1
00161basketball,19,34,676,676,1,1
00161basketball,19,34,677,677,1,1
00161basketball,19,34,678,678,1,1
00161basketball,19,34,679,679,1,1
00161basketball,19,34,680,680,1,1
00161basketball,19,34,681,681,1,1
00161basketball,19,34,682,682,1,1
00161basketball,19,34,683,683,1,1
00161basketball,19,34,684,684,1,1
00161basketball,19,34,685,685,1,1
00161basketball,19,34,686,686,1,1
00161basketball,19,34,687,687,1,1
00161basketball,19,34,688,688,1,1
00161basketball,19,34,689,689,1,1
00161basketball,19,34,690,690,1,1
00161basketball,19,34,691,691,1,1
00161basketball,19,34,692,692,1,1
00161basketball,19,34,693,693,1,1
00161basketball,19,34,694,694,1,1
00161basketball,19,34,695,695,1,1
00161basketball,19,34,696,696,1,1
00161basketball,19,34,697,715,24,2
00161basketball,19,34,716,719,6,2
00161basketball,19,34,720,721,3,2
00161basketball,19,34,722,729,16,2
00161basketball,19,34,730,1052,641,2
00161basketball,20,5,27,27,1,1
00161basketball,20,5,28,28,1,1
00161basketball,20,5,31,31,1,1
00161basketball,20,5,38,38,1,1
00161basketball,20,5,47,47,1,1
00161basketball,20,5,50,50,1,1
00161basketball,20,5,52,79,5,2
00161basketball,20,5,99,99,1,1
00161basketball,20,5,173,173,1,1
00161basketball,20,5,175,175,1,1
00161basketball,20,5,176,176,1,1
00161basketball,20,5,177,177,1,1
00161basketball,20,5,270,270,1,1
00161basketball,20,5,271,271,1,1
00161basketball,20,5,272,272,1,1
00161basketball,20,5,273,273,1,1
00161basketball,20,5,275,275,1,1
00161basketball,20,5,278,278,1,1
00161basketball,20,5,497,497,1,1
00161basketball,20,5,516,516,1,1
00161basketball,20,5,517,517,1,1
00161basketball,20,5,518,518,1,1
00161basketball,20,5,519,519,1,1
00161basketball,20,5,520,520,1,1
00161basketball,20,5,521,521,1,1
00161basketball,20,5,525,525,1,1
00161basketball,20,5,586,586,1,1
00161basketball,20,5,587,587,1,1
00161basketball,20,5,815,815,1,1
00161basketball,20,5,865,865,1,1
00161basketball,20,5,866,866,1,1
00161basketball,20,5,872,872,1,1
00161basketball,20,5,876,876,1,1
00161basketball,20,5,879,879,1,1
00161basketball,20,5,881,882,4,2
00161basketball,20,5,889,889,1,1
00161basketball,20,5,893,893,2,2
00161basketball,20,5,895,895,1,1
00161basketball,20,5,899,899,1,1
00161basketball,20,5,902,902,1,1
00161basketball,20,5,903,909,7,2
00161basketball,20,5,913,974,95,2
00161basketball,20,5,975,977,5,2
00161basketball,20,5,978,978,1,1
00161basketball,20,5,979,979,1,1
00161basketball,20,5,980,981,3,2
00161basketball,20,5,982,982,1,1
00161basketball,20,5,983,983,1,1
00161basketball,20,5,984,986,5,2
00161basketball,20,5,987,1052,131,2
00161basketball,22,26,121,121,1,1
00161basketball,22,26,211,211,1,1
00161basketball,22,26,212,212,1,1
00161basketball,22,26,218,218,1,1
00161basketball,22,26,222,222,1,1
00161basketball,22,26,238,238,1,1
00161basketball,22,26,239,239,1,1
00161basketball,22,26,240,240,1,1
00161basketball,22,26,241,241,1,1
00161basketball,22,26,242,242,1,1
00161basketball,22,26,246,249,6,2
00161basketball,22,26,250,250,1,1
00161basketball,22,26,270,270,1,1
00161basketball,22,26,271,271,1,1
00161basketball,22,26,331,345,5,2
00161basketball,23,42,1,150,69,1
00161basketball,23,42,153,153,1,1
00161basketball,23,42,346,346,1,1
00161basketball,23,42,348,348,1,1
00161basketball,23,42,349,349,1,1
00161basketball,23,42,371,377,2,1
00161basketball,26,6,23,23,1,1
00161basketball,26,6,24,24,1,1
00161basketball,26,6,25,25,1,1
00161basketball,26,6,26,26,1,1
00161basketball,26,6,28,28,1,1
00161basketball,26,6,29,29,1,1
00161basketball,26,6,137,137,1,1
00161basketball,26,6,138,138,1,1
00161basketball,26,6,139,139,1,1
00161basketball,26,6,140,140,1,1
00161basketball,26,6,141,141,1,1
00161basketball,26,6,142,142,1,1
00161basketball,26,6,143,143,1,1
00161basketball,26,6,144,144,1,1
00161basketball,26,6,145,145,1,1
00161basketball,26,6,147,147,1,1
00161basketball,26,6,148,148,1,1
00161basketball,26,6,149,149,1,1
00161basketball,26,6,150,150,1,1
00161basketball,26,6,151,151,1,1
00161basketball,26,6,153,153,1,1
00161basketball,26,6,159,159,1,1
00161basketball,26,6,160,160,1,1
00161basketball,26,6,163,163,1,1
00161basketball,26,6,164,164,1,1
00161basketball,26,6,166,166,1,1
00161basketball,26,6,168,168,1,1
00161basketball,26,6,169,169,1,1
00161basketball,26,6,262,262,1,1
00161basketball,26,6,264,264,1,1
00161basketball,26,6,265,265,1,1
00161basketball,26,6,266,266,1,1
00161basketball,26,6,267,267,1,1
00161basketball,26,6,268,268,1,1
00161basketball,26,6,269,269,1,1
00161basketball,26,6,408,408,1,1
00161basketball,26,6,409,409,1,1
00161basketball,26,6,410,410,1,1
00161basketball,26,6,412,412,1,1
00161basketball,26,6,413,413,1,1
00161basketball,26,6,414,414,1,1
00161basketball,26,6,415,415,1,1
00161basketball,26,6,416,416,1,1
00161basketball,26,6,417,417,1,1
00161basketball,26,6,418,418,1,1
00161basketball,26,6,419,419,1,1
00161basketball,26,6,420,420,1,1
00161basketball,26,6,421,421,1,1
00161basketball,26,6,886,887,2,1
00161basketball,26,6,888,888,1,1
00161basketball,26,6,890,890,1,1
00161basketball,27,15,49,49,1,1
00161basketball,27,15,52,52,1,1
00161basketball,27,15,197,197,1,1
00161basketball,27,15,207,207,1,1
00161basketball,27,15,208,208,1,1
00161basketball,27,15,209,209,1,1
00161basketball,27,15,210,210,1,1
00161basketball,27,15,211,211,1,1
00161basketball,27,15,212,212,1,1
00161basketball,27,15,320,320,1,1
00161basketball,27,15,321,322,2,1
00161basketball,27,15,327,327,1,1
00161basketball,27,15,328,328,2,2
00161basketball,27,15,342,342,1,1
00161basketball,27,15,343,343,1,1
00161basketball,27,15,409,409,1,1
00161basketball,27,15,412,412,1,1
00161basketball,27,15,413,413,1,1
00161basketball,27,15,414,414,1,1
00161basketball,27,15,415,415,1,1
00161basketball,27,15,469,469,1,1
00161basketball,27,15,471,471,1,1
00161basketball,27,15,472,472,1,1
00161basketball,27,15,473,473,1,1
00161basketball,27,15,474,474,1,1
00161basketball,27,15,475,475,1,1
00161basketball,27,15,476,476,1,1
00161basketball,27,15,478,478,1,1
00161basketball,27,15,479,479,1,1
00161basketball,27,15,480,480,1,1
00161basketball,27,15,481,481,1,1
00161basketball,27,15,482,495,11,1
00161basketball,27,15,496,497,2,1
00161basketball,27,15,498,498,1,1
00161basketball,27,15,499,499,1,1
00161basketball,27,15,500,500,1,1
00161basketball,27,15,501,502,2,1
00161basketball,27,15,503,503,1,1
00161basketball,27,15,504,508,5,1
00161basketball,27,15,509,562,40,2
00161basketball,27,15,568,1052,438,2
00161basketball,28,24,1,86,171,2
00161basketball,28,24,87,91,9,2
00161basketball,28,24,105,105,1,1
00161basketball,28,24,106,106,1,1
00161basketball,28,24,107,107,1,1
00161basketball,28,24,108,108,1,1
00161basketball,28,24,113,113,1,1
00161basketball,28,24,114,114,1,1
00161basketball,28,24,116,116,1,1
00161basketball,28,24,122,122,1,1
00161basketball,28,24,135,135,1,1
00161basketball,28,24,181,181,1,1
00161basketball,28,24,182,185,4,1
00161basketball,28,24,186,186,1,1
00161basketball,28,24,187,191,6,2
00161basketball,28,24,217,217,1,1
00161basketball,28,24,220,220,1,1
00161basketball,28,24,221,221,1,1
00161basketball,28,24,222,222,1,1
00161basketball,28,24,231,231,1,1
00161basketball,28,24,233,233,1,1
00161basketball,28,24,248,249,3,2
00161basketball,28,24,257,257,1,1
00161basketball,28,24,263,263,1,1
00161basketball,28,24,264,264,1,1
00161basketball,28,24,265,265,1,1
00161basketball,28,24,266,266,1,1
00161basketball,28,24,267,267,1,1
00161basketball,28,24,268,268,1,1
00161basketball,28,24,269,269,1,1
00161basketball,28,24,270,270,1,1
00161basketball,28,24,322,322,1,1
00161basketball,28,24,335,335,1,1
00161basketball,28,24,340,340,1,1
00161basketball,28,24,342,342,1,1
00161basketball,28,24,415,468,46,2
00161basketball,28,24,469,469,1,1
00161basketball,28,24,470,470,1,1
00161basketball,28,24,471,471,1,1
00161basketball,28,24,472,472,1,1
00161basketball,28,24,473,473,1,1
00161basketball,28,24,474,474,1,1
00161basketball,28,24,475,475,1,1
00161basketball,28,24,476,476,1,1
00161basketball,28,24,479,482,3,2
00161basketball,28,24,483,484,2,1
00161basketball,28,24,485,485,1,1
00161basketball,28,24,486,486,1,1
00161basketball,28,24,487,487,1,1
00161basketball,28,24,489,489,1,1
00161basketball,28,24,490,490,1,1
00161basketball,28,24,491,491,1,1
00161basketball,28,24,494,496,4,2
00161basketball,28,24,497,497,1,1
00161basketball,28,24,498,499,3,2
00161basketball,28,24,500,500,1,1
00161basketball,28,24,505,505,1,1
00161basketball,28,24,506,506,1,1
00161basketball,28,24,507,507,1,1
00161basketball,28,24,508,508,1,1
00161basketball,28,24,509,509,1,1
00161basketball,28,24,510,510,2,2
00161basketball,28,24,511,511,1,1
00161basketball,28,24,512,513,3,2
00161basketball,28,24,514,520,13,2
00161basketball,28,24,521,521,1,1
00161basketball,28,24,522,523,3,2
00161basketball,28,24,524,554,52,2
00161basketball,28,24,555,555,1,1
00161basketball,28,24,556,556,1,1
00161basketball,28,24,557,557,1,1
00161basketball,28,24,558,558,1,1
00161basketball,28,24,559,560,3,2
00161basketball,28,24,561,569,17,2
00161basketball,28,24,570,584,27,2
00161basketball,28,24,585,585,1,1
00161basketball,28,24,586,591,6,1
00161basketball,28,24,592,610,20,2
00161basketball,28,24,611,663,72,2
00161basketball,28,24,665,668,5,2
00161basketball,28,24,669,669,1,1
00161basketball,28,24,670,670,1,1
00161basketball,28,24,671,671,1,1
00161basketball,28,24,672,673,2,1
00161basketball,28,24,685,686,3,2
00161basketball,28,24,687,687,1,1
00161basketball,28,24,688,688,1,1
00161basketball,28,24,689,689,1,1
00161basketball,28,24,690,690,1,1
00161basketball,28,24,691,691,1,1
00161basketball,28,24,692,692,1,1
00161basketball,28,24,693,693,1,1
00161basketball,28,24,694,694,1,1
00161basketball,28,24,695,695,1,1
00161basketball,28,24,696,696,1,1
00161basketball,28,24,697,697,1,1
00161basketball,28,24,698,698,1,1
00161basketball,28,24,699,699,1,1
00161basketball,28,24,700,700,1,1
00161basketball,28,24,701,701,1,1
00161basketball,28,24,702,702,1,1
00161basketball,28,24,703,703,1,1
00161basketball,28,24,704,704,1,1
00161basketball,28,24,705,705,1,1
00161basketball,28,24,706,706,1,1
00161basketball,28,24,707,707,1,1
00161basketball,28,24,708,708,1,1
00161basketball,28,24,709,709,1,1
00161basketball,28,24,710,711,2,1
00161basketball,28,24,712,712,1,1
00161basketball,28,24,713,713,1,1
00161basketball,28,24,714,714,1,1
00161basketball,28,24,715,715,1,1
00161basketball,28,24,716,716,1,1
00161basketball,28,24,717,717,1,1
00161basketball,28,24,718,718,1,1
00161basketball,28,24,719,719,1,1
00161basketball,28,24,720,720,1,1
00161basketball,28,24,721,721,1,1
00161basketball,28,24,722,722,1,1
00161basketball,28,24,723,723,1,1
00161basketball,28,24,724,724,1,1
00161basketball,28,24,725,725,1,1
00161basketball,28,24,726,727,3,2
00161basketball,28,24,728,728,1,1
00161basketball,28,24,729,729,1,1
00161basketball,28,24,730,730,1,1
00161basketball,28,24,731,731,1,1
00161basketball,28,24,732,732,1,1
00161basketball,28,24,733,733,1,1
00161basketball,28,24,734,734,1,1
00161basketball,28,24,735,735,1,1
00161basketball,28,24,736,736,1,1
00161basketball,28,24,737,737,1,1
00161basketball,28,24,738,738,1,1
00161basketball,28,24,739,739,1,1
00161basketball,28,24,740,740,1,1
00161basketball,28,24,741,741,1,1
00161basketball,28,24,742,742,1,1
00161basketball,28,24,743,743,1,1
00161basketball,28,24,744,744,1,1
00161basketball,28,24,745,745,1,1
00161basketball,28,24,746,746,1,1
00161basketball,28,24,747,747,1,1
00161basketball,28,24,748,748,1,1
00161basketball,28,24,749,749,1,1
00161basketball,28,24,750,750,1,1
00161basketball,28,24,751,751,1,1
00161basketball,28,24,752,752,1,1
00161basketball,28,24,753,753,1,1
00161basketball,28,24,754,795,80,2
00161basketball,28,24,796,879,145,2
00161basketball,29,38,159,159,1,1
00161basketball,29,38,213,213,1,1
00161basketball,29,38,214,214,1,1
00161basketball,29,38,218,218,1,1
00161basketball,31,39,31,32,2,1
00161basketball,31,39,64,64,1,1
00161basketball,31,39,248,248,1,1
00161basketball,31,39,249,249,1,1
00161basketball,31,39,250,250,1,1
00161basketball,33,16,71,71,1,1
00161basketball,33,16,118,118,1,1
00161basketball,33,16,271,271,1,1
00161basketball,33,16,275,275,1,1
00161basketball,33,16,317,317,1,1
00161basketball,33,16,319,319,1,1
00161basketball,33,16,389,389,1,1
00161basketball,33,16,541,541,1,1
00161basketball,33,16,542,542,1,1
00161basketball,33,16,543,543,1,1
00161basketball,33,16,544,544,1,1
00161basketball,33,16,545,545,1,1
00161basketball,33,16,546,546,1,1
00161basketball,33,16,547,547,1,1
00161basketball,33,16,550,550,1,1
00161basketball,33,16,551,551,1,1
00161basketball,33,16,554,554,1,1
00161basketball,33,16,555,555,1,1
00161basketball,33,16,556,556,1,1
00161basketball,33,16,557,557,1,1
00161basketball,33,16,558,558,1,1
00161basketball,33,16,559,559,1,1
00161basketball,33,16,560,560,1,1
00161basketball,33,16,561,561,1,1
00161basketball,33,16,562,562,1,1
00161basketball,33,16,563,563,1,1
00161basketball,33,16,565,565,1,1
00161basketball,33,16,566,566,1,1
00161basketball,33,16,567,567,1,1
00161basketball,33,16,568,568,1,1
00161basketball,33,16,569,569,1,1
00161basketball,33,16,570,570,1,1
00161basketball,33,16,571,571,1,1
00161basketball,33,16,572,572,1,1
00161basketball,33,16,573,573,1,1
00161basketball,33,16,574,574,1,1
00161basketball,33,16,575,575,1,1
00161basketball,33,16,576,576,1,1
00161basketball,33,16,577,577,1,1
00161basketball,33,16,578,578,1,1
00161basketball,33,16,579,579,1,1
00161basketball,33,16,580,580,1,1
00161basketball,33,16,595,595,1,1
00161basketball,33,16,604,604,1,1
00161basketball,33,16,606,609,8,2
00161basketball,33,16,610,610,1,1
00161basketball,33,16,612,612,1,1
00161basketball,33,16,613,613,1,1
00161basketball,33,16,614,614,1,1
00161basketball,33,16,620,620,1,1
00161basketball,33,16,621,621,1,1
00161basketball,33,16,622,622,1,1
00161basketball,33,16,623,623,1,1
00161basketball,33,16,624,624,1,1
00161basketball,33,16,625,625,1,1
00161basketball,33,16,626,626,1,1
00161basketball,33,16,627,627,1,1
00161basketball,33,16,628,628,1,1
00161basketball,33,16,629,629,1,1
00161basketball,33,16,630,630,1,1
00161basketball,33,16,631,631,1,1
00161basketball,33,16,632,632,1,1
00161basketball,33,16,634,634,1,1
00161basketball,33,16,635,635,1,1
00161basketball,33,16,636,636,2,2
00161basketball,33,16,841,841,1,1
00161basketball,33,16,842,842,1,1
00161basketball,33,16,843,843,1,1
00161basketball,33,16,884,884,1,1
00161basketball,33,16,885,885,1,1
00161basketball,33,16,886,886,1,1
00161basketball,33,16,887,887,2,2
00161basketball,33,16,888,888,1,1
00161basketball,33,16,889,889,1,1
00161basketball,33,16,890,890,1,1
00161basketball,33,16,891,893,4,2
00161basketball,33,16,895,898,7,2
00161basketball,33,16,899,1052,308,2
00161basketball,34,43,1,1,1,1
00161basketball,34,43,2,2,1,1
00161basketball,34,43,3,3,1,1
00161basketball,34,43,4,4,1,1
00161basketball,34,43,5,5,1,1
00161basketball,34,43,6,6,1,1
00161basketball,34,43,7,7,1,1
00161basketball,34,43,8,8,1,1
00161basketball,34,43,9,9,1,1
00161basketball,34,43,10,10,1,1
00161basketball,34,43,11,11,1,1
00161basketball,34,43,12,12,1,1
00161basketball,34,43,13,13,1,1
00161basketball,34,43,14,14,1,1
00161basketball,34,43,15,15,1,1
00161basketball,34,43,16,16,1,1
00161basketball,34,43,17,17,1,1
00161basketball,34,43,18,18,1,1
00161basketball,34,43,19,19,1,1
00161basketball,34,43,20,20,1,1
00161basketball,34,43,21,21,1,1
00161basketball,34,43,22,22,1,1
00161basketball,34,43,23,23,1,1
00161basketball,34,43,24,24,1,1
00161basketball,34,43,25,25,1,1
00161basketball,34,43,26,26,1,1
00161basketball,34,43,27,27,1,1
00161basketball,34,43,28,28,1,1
00161basketball,34,43,29,29,1,1
00161basketball,34,43,30,30,1,1
00161basketball,34,43,31,31,1,1
00161basketball,34,43,32,32,1,1
00161basketball,34,43,33,33,1,1
00161basketball,34,43,34,34,1,1
00161basketball,34,43,35,35,1,1
00161basketball,34,43,36,36,1,1
00161basketball,34,43,37,37,1,1
00161basketball,34,43,38,38,1,1
00161basketball,34,43,39,39,1,1
00161basketball,34,43,40,40,1,1
00161basketball,34,43,41,41,1,1
00161basketball,34,43,42,42,1,1
00161basketball,34,43,43,43,1,1
00161basketball,34,43,44,44,1,1
00161basketball,34,43,45,45,1,1
00161basketball,34,43,46,46,1,1
00161basketball,34,43,47,47,1,1
00161basketball,34,43,48,48,1,1
00161basketball,34,43,49,49,1,1
00161basketball,34,43,50,50,1,1
00161basketball,34,43,51,51,1,1
00161basketball,34,43,52,52,1,1
00161basketball,34,43,53,53,1,1
00161basketball,34,43,54,54,1,1
00161basketball,34,43,55,55,1,1
00161basketball,34,43,56,56,1,1
00161basketball,34,43,57,57,1,1
00161basketball,34,43,58,58,1,1
00161basketball,34,43,59,59,1,1
00161basketball,34,43,60,60,1,1
00161basketball,34,43,61,61,1,1
00161basketball,34,43,62,62,1,1
00161basketball,34,43,63,63,1,1
00161basketball,34,43,64,64,1,1
00161basketball,34,43,65,65,1,1
00161basketball,34,43,66,66,1,1
00161basketball,34,43,67,67,1,1
00161basketball,34,43,68,68,1,1
00161basketball,34,43,69,69,1,1
00161basketball,34,43,70,70,1,1
00161basketball,34,43,71,71,1,1
00161basketball,34,43,72,72,1,1
00161basketball,34,43,73,73,1,1
00161basketball,34,43,74,74,1,1
00161basketball,34,43,75,75,1,1
00161basketball,34,43,76,76,1,1
00161basketball,34,43,77,77,1,1
00161basketball,34,43,78,78,1,1
00161basketball,34,43,79,79,1,1
00161basketball,34,43,80,80,1,1
00161basketball,34,43,81,81,1,1
00161basketball,34,43,82,82,1,1
00161basketball,34,43,83,83,1,1
00161basketball,34,43,84,84,1,1
00161basketball,34,43,85,85,1,1
00161basketball,34,43,86,86,1,1
00161basketball,34,43,87,87,1,1
00161basketball,34,43,88,88,1,1
00161basketball,34,43,89,89,1,1
00161basketball,34,43,90,90,1,1
00161basketball,34,43,91,91,1,1
00161basketball,34,43,92,92,1,1
00161basketball,34,43,93,93,1,1
00161basketball,34,43,94,94,1,1
00161basketball,34,43,95,95,1,1
00161basketball,34,43,96,96,1,1
00161basketball,34,43,97,97,1,1
00161basketball,34,43,98,98,1,1
00161basketball,34,43,99,99,1,1
00161basketball,34,43,100,100,1,1
00161basketball,34,43,101,101,1,1
00161basketball,34,43,102,102,1,1
00161basketball,34,43,103,103,1,1
00161basketball,34,43,104,104,1,1
00161basketball,34,43,105,105,1,1
00161basketball,34,43,106,106,1,1
00161basketball,34,43,107,107,1,1
00161basketball,34,43,108,108,1,1
00161basketball,34,43,109,109,1,1
00161basketball,34,43,110,110,1,1
00161basketball,34,43,111,111,1,1
00161basketball,34,43,112,112,1,1
00161basketball,34,43,113,113,1,1
00161basketball,34,43,114,114,1,1
00161basketball,34,43,115,115,1,1
00161basketball,34,43,116,116,1,1
00161basketball,34,43,117,117,1,1
00161basketball,34,43,118,118,1,1
00161basketball,34,43,119,119,1,1
00161basketball,34,43,120,120,1,1
00161basketball,34,43,121,121,1,1
00161basketball,34,43,122,122,1,1
00161basketball,34,43,123,123,1,1
00161basketball,34,43,124,124,1,1
00161basketball,34,43,125,125,1,1
00161basketball,34,43,126,126,1,1
00161basketball,34,43,127,127,1,1
00161basketball,34,43,128,128,1,1
00161basketball,34,43,129,129,1,1
00161basketball,34,43,130,130,1,1
00161basketball,34,43,131,131,1,1
00161basketball,34,43,132,132,1,1
00161basketball,34,43,133,133,1,1
00161basketball,34,43,134,134,1,1
00161basketball,34,43,135,135,1,1
00161basketball,34,43,136,136,1,1
00161basketball,34,43,137,137,1,1
00161basketball,34,43,138,138,1,1
00161basketball,34,43,139,139,1,1
00161basketball,34,43,140,140,1,1
00161basketball,34,43,141,141,1,1
00161basketball,34,43,142,142,1,1
00161basketball,34,43,143,143,1,1
00161basketball,34,43,144,144,1,1
00161basketball,34,43,145,145,1,1
00161basketball,34,43,146,146,1,1
00161basketball,34,43,147,147,1,1
00161basketball,34,43,148,148,1,1
00161basketball,34,43,149,149,1,1
00161basketball,34,43,150,150,1,1
00161basketball,34,43,151,151,1,1
00161basketball,34,43,152,152,1,1
00161basketball,34,43,153,153,1,1
00161basketball,34,43,154,154,1,1
00161basketball,34,43,155,155,1,1
00161basketball,34,43,156,156,1,1
00161basketball,34,43,157,157,1,1
00161basketball,34,43,158,158,1,1
00161basketball,34,43,159,159,1,1
00161basketball,34,43,160,160,1,1
00161basketball,34,43,161,161,1,1
00161basketball,34,43,162,162,1,1
00161basketball,34,43,163,163,1,1
00161basketball,34,43,164,164,1,1
00161basketball,34,43,165,165,1,1
00161basketball,34,43,166,166,1,1
00161basketball,34,43,167,167,1,1
00161basketball,34,43,168,168,1,1
00161basketball,34,43,169,169,1,1
00161basketball,34,43,170,170,1,1
00161basketball,34,43,171,171,1,1
00161basketball,34,43,172,172,1,1
00161basketball,34,43,173,173,1,1
00161basketball,34,43,174,174,1,1
00161basketball,34,43,175,175,1,1
00161basketball,34,43,176,176,1,1
00161basketball,34,43,177,177,1,1
00161basketball,34,43,178,178,1,1
00161basketball,34,43,179,179,1,1
00161basketball,34,43,180,180,1,1
00161basketball,34,43,181,181,1,1
00161basketball,34,43,182,182,1,1
00161basketball,34,43,183,183,1,1
00161basketball,34,43,184,184,1,1
00161basketball,34,43,185,185,1,1
00161basketball,34,43,186,186,1,1
00161basketball,34,43,187,187,1,1
00161basketball,34,43,188,188,1,1
00161basketball,34,43,189,189,1,1
00161basketball,34,43,190,190,1,1
00161basketball,34,43,191,191,1,1
00161basketball,34,43,192,192,1,1
00161basketball,34,43,193,193,1,1
00161basketball,34,43,194,194,1,1
00161basketball,34,43,195,195,1,1
00161basketball,34,43,196,196,1,1
00161basketball,34,43,197,197,1,1
00161basketball,34,43,198,198,1,1
00161basketball,34,43,199,199,1,1
00161basketball,34,43,200,200,1,1
00161basketball,34,43,201,201,1,1
00161basketball,34,43,202,202,1,1
00161basketball,34,43,203,203,1,1
00161basketball,34,43,204,204,1,1
00161basketball,34,43,205,205,1,1
00161basketball,34,43,206,206,1,1
00161basketball,34,43,207,207,1,1
00161basketball,34,43,208,208,1,1
00161basketball,34,43,209,209,1,1
00161basketball,34,43,210,210,1,1
00161basketball,34,43,211,211,1,1
00161basketball,34,43,212,212,1,1
00161basketball,34,43,213,213,1,1
00161basketball,34,43,214,214,1,1
00161basketball,34,43,215,215,1,1
00161basketball,34,43,216,216,1,1
00161basketball,34,43,217,217,1,1
00161basketball,34,43,218,218,1,1
00161basketball,34,43,219,219,1,1
00161basketball,34,43,220,220,1,1
00161basketball,34,43,221,221,1,1
00161basketball,34,43,222,222,1,1
00161basketball,34,43,223,223,1,1
00161basketball,34,43,224,224,1,1
00161basketball,34,43,225,225,1,1
00161basketball,34,43,226,226,1,1
00161basketball,34,43,227,227,1,1
00161basketball,34,43,228,228,1,1
00161basketball,34,43,229,229,1,1
00161basketball,34,43,230,230,1,1
00161basketball,34,43,231,231,1,1
00161basketball,34,43,232,232,1,1
00161basketball,34,43,233,233,1,1
00161basketball,34,43,234,234,1,1
00161basketball,34,43,235,235,1,1
00161basketball,34,43,236,236,1,1
00161basketball,34,43,237,237,1,1
00161basketball,34,43,238,238,1,1
00161basketball,34,43,239,239,1,1
00161basketball,34,43,240,240,1,1
00161basketball,34,43,241,241,1,1
00161basketball,34,43,242,242,1,1
00161basketball,34,43,243,243,1,1
00161basketball,34,43,244,244,1,1
00161basketball,34,43,245,245,1,1
00161basketball,34,43,246,246,1,1
00161basketball,34,43,247,247,1,1
00161basketball,34,43,248,248,1,1
00161basketball,34,43,249,249,1,1
00161basketball,34,43,250,250,1,1
00161basketball,34,43,251,251,1,1
00161basketball,34,43,252,252,1,1
00161basketball,34,43,253,253,1,1
00161basketball,34,43,254,254,1,1
00161basketball,34,43,255,255,1,1
00161basketball,34,43,256,256,1,1
00161basketball,34,43,257,257,1,1
00161basketball,34,43,258,258,1,1
00161basketball,34,43,259,259,1,1
00161basketball,34,43,260,260,1,1
00161basketball,34,43,261,261,1,1
00161basketball,34,43,262,262,1,1
00161basketball,34,43,263,263,1,1
00161basketball,34,43,264,264,1,1
00161basketball,34,43,265,265,1,1
00161basketball,34,43,266,266,1,1
00161basketball,34,43,267,267,1,1
00161basketball,34,43,268,268,1,1
00161basketball,34,43,269,269,1,1
00161basketball,34,43,270,270,1,1
00161basketball,34,43,271,271,1,1
00161basketball,34,43,272,272,1,1
00161basketball,34,43,273,273,1,1
00161basketball,34,43,274,274,1,1
00161basketball,34,43,275,275,1,1
00161basketball,34,43,276,276,1,1
00161basketball,34,43,277,277,1,1
00161basketball,34,43,278,278,1,1
00161basketball,34,43,279,279,1,1
00161basketball,34,43,280,280,1,1
00161basketball,34,43,281,281,1,1
00161basketball,34,43,282,282,1,1
00161basketball,34,43,283,283,1,1
00161basketball,34,43,284,284,1,1
00161basketball,34,43,285,285,1,1
00161basketball,34,43,286,286,1,1
00161basketball,34,43,287,287,1,1
00161basketball,34,43,288,288,1,1
00161basketball,34,43,289,289,1,1
00161basketball,34,43,290,290,1,1
00161basketball,34,43,291,291,1,1
00161basketball,34,43,292,292,1,1
00161basketball,34,43,293,293,1,1
00161basketball,34,43,294,294,1,1
00161basketball,34,43,295,295,1,1
00161basketball,34,43,296,296,1,1
00161basketball,34,43,297,297,1,1
00161basketball,34,43,298,298,1,1
00161basketball,34,43,299,299,1,1
00161basketball,34,43,300,300,1,1
00161basketball,34,43,301,301,1,1
00161basketball,34,43,302,302,1,1
00161basketball,34,43,303,303,1,1
00161basketball,34,43,304,304,1,1
00161basketball,34,43,305,305,1,1
00161basketball,34,43,306,306,1,1
00161basketball,34,43,307,307,1,1
00161basketball,34,43,308,308,1,1
00161basketball,34,43,309,309,1,1
00161basketball,34,43,310,310,1,1
00161basketball,34,43,311,311,1,1
00161basketball,34,43,312,312,1,1
00161basketball,34,43,313,313,1,1
00161basketball,34,43,314,314,1,1
00161basketball,34,43,315,315,1,1
00161basketball,34,43,316,316,1,1
00161basketball,34,43,317,317,1,1
00161basketball,34,43,318,318,1,1
00161basketball,34,43,319,319,1,1
00161basketball,34,43,320,320,1,1
00161basketball,34,43,321,321,1,1
00161basketball,34,43,322,322,1,1
00161basketball,34,43,323,323,1,1
00161basketball,34,43,324,324,1,1
00161basketball,34,43,325,325,1,1
00161basketball,34,43,326,326,1,1
00161basketball,34,43,327,327,1,1
00161basketball,34,43,328,328,1,1
00161basketball,34,43,329,329,1,1
00161basketball,34,43,330,330,1,1
00161basketball,34,43,331,331,1,1
00161basketball,34,43,332,332,1,1
00161basketball,34,43,333,333,1,1
00161basketball,34,43,334,334,1,1
00161basketball,34,43,335,335,1,1
00161basketball,34,43,336,336,1,1
00161basketball,34,43,337,337,1,1
00161basketball,34,43,338,338,1,1
00161basketball,34,43,339,339,1,1
00161basketball,34,43,340,340,1,1
00161basketball,34,43,341,341,1,1
00161basketball,34,43,342,342,1,1
00161basketball,34,43,343,343,1,1
00161basketball,34,43,344,344,1,1
00161basketball,34,43,345,345,1,1
00161basketball,34,43,346,346,1,1
00161basketball,34,43,347,347,1,1
00161basketball,34,43,348,348,1,1
00161basketball,34,43,349,349,1,1
00161basketball,34,43,350,350,1,1
00161basketball,34,43,351,351,1,1
00161basketball,34,43,352,352,1,1
00161basketball,34,43,353,353,1,1
00161basketball,34,43,354,354,1,1
00161basketball,34,43,355,355,1,1
00161basketball,34,43,356,356,1,1
00161basketball,34,43,357,357,1,1
00161basketball,34,43,358,358,1,1
00161basketball,34,43,359,359,1,1
00161basketball,34,43,360,360,1,1
00161basketball,34,43,361,361,1,1
00161basketball,34,43,362,362,1,1
00161basketball,34,43,363,363,1,1
00161basketball,34,43,364,364,1,1
00161basketball,34,43,365,365,1,1
00161basketball,34,43,366,366,1,1
00161basketball,34,43,367,367,1,1
00161basketball,34,43,368,368,1,1
00161basketball,34,43,369,369,1,1
00161basketball,34,43,370,370,1,1
00161basketball,34,43,371,371,1,1
00161basketball,34,43,372,372,1,1
00161basketball,34,43,873,873,1,1
00161basketball,35,33,42,45,4,1
00161basketball,35,33,46,46,1,1
00161basketball,35,33,47,47,1,1
00161basketball,35,33,48,48,1,1
00161basketball,35,33,56,56,1,1
00161basketball,35,33,578,580,3,1
00161basketball,35,33,613,634,4,2
00161basketball,36,47,100,101,2,1
00161basketball,36,47,152,162,9,1
00161basketball,36,47,164,168,5,1
00161basketball,36,47,170,171,2,1
00161basketball,36,47,175,177,3,1
00161basketball,36,47,570,571,2,1
00161basketball,37,37,1,120,189,2
00161basketball,37,37,124,125,2,1
00161basketball,37,37,129,129,1,1
00161basketball,37,37,133,150,18,1
00161basketball,37,37,153,153,1,1
00161basketball,37,37,240,240,1,1
00161basketball,37,37,241,241,1,1
00161basketball,37,37,245,245,1,1
00161basketball,37,37,246,246,1,1
00161basketball,37,37,247,247,1,1
00161basketball,37,37,277,277,1,1
00161basketball,37,37,278,278,1,1
00161basketball,37,37,279,279,1,1
00161basketball,37,37,280,280,1,1
00161basketball,37,37,281,281,1,1
00161basketball,37,37,282,282,1,1
00161basketball,37,37,283,283,1,1
00161basketball,37,37,284,284,1,1
00161basketball,37,37,285,285,1,1
00161basketball,37,37,286,286,1,1
00161basketball,37,37,287,287,1,1
00161basketball,37,37,288,288,1,1
00161basketball,37,37,289,289,1,1
00161basketball,37,37,290,290,1,1
00161basketball,37,37,291,291,1,1
00161basketball,37,37,292,292,1,1
00161basketball,37,37,295,295,1,1
00161basketball,37,37,296,296,1,1
00161basketball,37,37,297,297,1,1
00161basketball,37,37,298,298,1,1
00161basketball,37,37,299,299,1,1
00161basketball,37,37,300,300,1,1
00161basketball,37,37,301,301,1,1
00161basketball,37,37,302,302,1,1
00161basketball,37,37,303,303,1,1
00161basketball,37,37,304,304,1,1
00161basketball,37,37,305,305,1,1
00161basketball,37,37,315,315,1,1
00161basketball,37,37,316,316,1,1
00161basketball,37,37,317,317,1,1
00161basketball,37,37,318,318,1,1
00161basketball,37,37,319,319,1,1
00161basketball,37,37,320,320,1,1
00161basketball,37,37,321,321,1,1
00161basketball,37,37,322,322,1,1
00161basketball,37,37,323,323,1,1
00161basketball,37,37,324,324,1,1
00161basketball,37,37,325,325,1,1
00161basketball,37,37,326,326,1,1
00161basketball,37,37,327,327,1,1
00161basketball,37,37,329,336,15,2
00161basketball,37,37,337,337,1,1
00161basketball,37,37,338,338,1,1
00161basketball,37,37,339,339,1,1
00161basketball,37,37,340,340,1,1
00161basketball,37,37,341,341,1,1
00161basketball,37,37,342,342,1,1
00161basketball,37,37,347,347,1,1
00161basketball,37,37,348,348,1,1
00161basketball,37,37,349,349,1,1
00161basketball,37,37,350,350,1,1
00161basketball,37,37,351,351,1,1
00161basketball,37,37,352,352,1,1
00161basketball,37,37,353,353,1,1
00161basketball,37,37,354,354,1,1
00161basketball,37,37,355,355,1,1
00161basketball,37,37,356,356,1,1
00161basketball,37,37,357,357,1,1
00161basketball,37,37,358,358,1,1
00161basketball,37,37,359,359,1,1
00161basketball,37,37,360,360,1,1
00161basketball,37,37,361,361,1,1
00161basketball,37,37,362,362,1,1
00161basketball,37,37,363,363,1,1
00161basketball,37,37,364,364,1,1
00161basketball,37,37,365,365,1,1
00161basketball,37,37,366,366,1,1
00161basketball,37,37,367,367,1,1
00161basketball,37,37,631,631,1,1
00161basketball,37,37,632,632,1,1
00161basketball,37,37,635,635,1,1
00161basketball,37,37,636,636,1,1
00161basketball,37,37,642,642,1,1
00161basketball,37,37,667,667,1,1
00161basketball,37,37,668,668,1,1
00161basketball,37,37,670,670,1,1
00161basketball,37,37,671,671,1,1
00161basketball,37,37,672,672,1,1
00161basketball,37,37,673,673,1,1
00161basketball,37,37,674,674,1,1
00161basketball,37,37,675,675,1,1
00161basketball,37,37,676,676,1,1
00161basketball,37,37,677,677,1,1
00161basketball,37,37,678,678,1,1
00161basketball,37,37,679,679,1,1
00161basketball,37,37,680,680,1,1
00161basketball,37,37,681,681,1,1
00161basketball,37,37,682,682,1,1
00161basketball,37,37,683,683,1,1
00161basketball,37,37,684,684,1,1
00161basketball,37,37,685,685,1,1
00161basketball,37,37,686,686,1,1
00161basketball,37,37,687,687,1,1
00161basketball,37,37,688,688,1,1
00161basketball,37,37,689,689,1,1
00161basketball,37,37,690,690,1,1
00161basketball,37,37,691,691,1,1
00161basketball,37,37,692,692,1,1
00161basketball,37,37,693,693,1,1
00161basketball,37,37,694,694,1,1
00161basketball,37,37,695,695,1,1
00161basketball,37,37,696,696,1,1
00161basketball,37,37,697,697,1,1
00161basketball,37,37,698,698,1,1
00161basketball,37,37,699,699,1,1
00161basketball,37,37,700,700,1,1
00161basketball,37,37,701,701,1,1
00161basketball,37,37,702,702,1,1
00161basketball,37,37,703,703,1,1
00161basketball,37,37,704,704,1,1
00161basketball,37,37,705,705,1,1
00161basketball,37,37,706,706,1,1
00161basketball,37,37,707,707,1,1
00161basketball,37,37,708,708,1,1
00161basketball,37,37,709,709,1,1
00161basketball,37,37,710,710,1,1
00161basketball,37,37,711,721,18,2
00161basketball,37,37,722,1052,275,2
00161basketball,38,29,2,2,1,1
00161basketball,38,29,3,3,1,1
00161basketball,38,29,4,4,1,1
00161basketball,38,29,5,5,1,1
00161basketball,38,29,6,6,1,1
00161basketball,38,29,7,7,1,1
00161basketball,38,29,8,8,1,1
00161basketball,38,29,9,9,1,1
00161basketball,38,29,10,10,1,1
00161basketball,38,29,11,11,1,1
00161basketball,38,29,13,13,1,1
00161basketball,38,29,15,15,1,1
00161basketball,38,29,17,17,1,1
00161basketball,38,29,415,415,1,1
00161basketball,38,29,419,419,1,1
00161basketball,40,41,12,12,1,1
00161basketball,40,41,13,22,16,2
00161basketball,40,41,25,25,1,1
00161basketball,40,41,46,46,1,1
00161basketball,40,41,48,48,1,1
00161basketball,40,41,50,50,1,1
00161basketball,40,41,51,51,1,1
00161basketball,40,41,52,52,1,1
00161basketball,40,41,57,57,1,1
00161basketball,40,41,58,58,1,1
00161basketball,40,41,59,59,1,1
00161basketball,40,41,61,62,3,2
00161basketball,40,41,63,65,3,2
00161basketball,40,41,66,66,1,1
00161basketball,40,41,67,67,1,1
00161basketball,40,41,69,69,1,1
00161basketball,40,41,71,71,1,1
00161basketball,40,41,72,72,1,1
00161basketball,40,41,73,73,1,1
00161basketball,40,41,74,74,1,1
00161basketball,40,41,75,75,1,1
00161basketball,40,41,76,76,1,1
00161basketball,40,41,77,77,1,1
00161basketball,40,41,78,78,1,1
00161basketball,40,41,79,79,1,1
00161basketball,40,41,80,80,1,1
00161basketball,40,41,81,81,1,1
00161basketball,40,41,82,82,1,1
00161basketball,40,41,83,83,1,1
00161basketball,40,41,84,84,1,1
00161basketball,40,41,86,86,1,1
00161basketball,40,41,87,87,1,1
00161basketball,40,41,88,88,1,1
00161basketball,40,41,89,89,1,1
00161basketball,40,41,90,90,2,2
00161basketball,40,41,91,91,1,1
00161basketball,40,41,92,92,1,1
00161basketball,40,41,93,93,1,1
00161basketball,40,41,94,94,1,1
00161basketball,40,41,95,95,1,1
00161basketball,40,41,96,96,1,1
00161basketball,40,41,97,123,30,2
00161basketball,40,41,125,126,2,1
00161basketball,40,41,128,145,7,1
00161basketball,40,41,159,159,1,1
00161basketball,40,41,184,184,1,1
00161basketball,40,41,185,185,1,1
00161basketball,40,41,186,186,1,1
00161basketball,40,41,187,187,1,1
00161basketball,40,41,188,188,1,1
00161basketball,40,41,189,189,1,1
00161basketball,40,41,201,201,1,1
00161basketball,40,41,202,202,1,1
00161basketball,40,41,203,203,1,1
00161basketball,40,41,204,204,2,2
00161basketball,40,41,207,207,1,1
00161basketball,40,41,212,212,1,1
00161basketball,40,41,213,216,5,2
00161basketball,40,41,219,219,1,1
00161basketball,40,41,220,221,3,2
00161basketball,40,41,222,222,1,1
00161basketball,40,41,223,224,3,2
00161basketball,40,41,225,225,1,1
00161basketball,40,41,226,226,1,1
00161basketball,40,41,228,228,1,1
00161basketball,40,41,229,229,1,1
00161basketball,40,41,230,230,1,1
00161basketball,40,41,231,231,1,1
00161basketball,40,41,234,234,1,1
00161basketball,40,41,237,244,16,2
00161basketball,40,41,245,248,5,2
00161basketball,40,41,249,249,1,1
00161basketball,40,41,250,250,1,1
00161basketball,40,41,255,255,1,1
00161basketball,40,41,256,256,1,1
00161basketball,40,41,270,270,1,1
00161basketball,40,41,271,272,2,1
00161basketball,40,41,273,273,1,1
00161basketball,40,41,274,281,12,2
00161basketball,40,41,282,282,1,1
00161basketball,40,41,283,289,6,1
00161basketball,40,41,290,290,1,1
00161basketball,40,41,291,291,1,1
00161basketball,40,41,292,294,3,1
00161basketball,40,41,329,330,2,1
00161basketball,40,41,331,331,1,1
00161basketball,40,41,335,336,3,2
00161basketball,40,41,337,337,1,1
00161basketball,40,41,338,338,1,1
00161basketball,40,41,339,339,1,1
00161basketball,40,41,340,340,1,1
00161basketball,40,41,341,341,1,1
00161basketball,40,41,342,342,1,1
00161basketball,40,41,343,343,1,1
00161basketball,40,41,344,344,1,1
00161basketball,40,41,345,345,1,1
00161basketball,40,41,346,347,3,2
00161basketball,40,41,348,348,1,1
00161basketball,40,41,349,352,7,2
00161basketball,40,41,353,366,24,2
00161basketball,40,41,374,374,1,1
00161basketball,40,41,381,381,1,1
00161basketball,40,41,392,392,1,1
00161basketball,40,41,395,395,1,1
00161basketball,40,41,396,397,3,2
00161basketball,40,41,398,398,1,1
00161basketball,40,41,399,399,1,1
00161basketball,40,41,400,401,3,2
00161basketball,40,41,402,402,1,1
00161basketball,40,41,403,403,1,1
00161basketball,40,41,404,404,1,1
00161basketball,40,41,405,405,1,1
00161basketball,40,41,406,406,1,1
00161basketball,40,41,408,408,1,1
00161basketball,40,41,411,411,1,1
00161basketball,40,41,420,420,1,1
00161basketball,40,41,433,433,1,1
00161basketball,40,41,434,434,1,1
00161basketball,40,41,435,435,1,1
00161basketball,40,41,436,436,1,1
00161basketball,40,41,458,458,1,1
00161basketball,40,41,459,459,1,1
00161basketball,40,41,487,487,1,1
00161basketball,40,41,488,488,1,1
00161basketball,40,41,492,492,1,1
00161basketball,41,12,89,89,1,1
00161basketball,41,12,90,90,1,1
00161basketball,41,12,91,92,2,2
00161basketball,41,12,93,93,1,1
00161basketball,41,12,94,94,1,1
00161basketball,41,12,95,95,1,1
00161basketball,41,12,96,96,1,1
00161basketball,42,28,1,1,1,1
00161basketball,42,28,2,2,1,1
00161basketball,42,28,3,3,1,1
00161basketball,42,28,4,4,1,1
00161basketball,42,28,5,5,1,1
00161basketball,42,28,6,6,1,1
00161basketball,42,28,7,7,1,1
00161basketball,42,28,8,8,1,1
00161basketball,42,28,9,9,1,1
00161basketball,42,28,10,10,1,1
00161basketball,42,28,11,11,1,1
00161basketball,42,28,12,12,1,1
00161basketball,42,28,13,13,1,1
00161basketball,42,28,14,14,1,1
00161basketball,42,28,15,15,1,1
00161basketball,42,28,17,17,1,1
00161basketball,42,28,19,19,1,1
00161basketball,42,28,20,20,1,1
00161basketball,42,28,21,21,1,1
00161basketball,42,28,35,35,1,1
00161basketball,42,28,36,36,1,1
00161basketball,42,28,37,37,1,1
00161basketball,42,28,38,39,2,2
00161basketball,42,28,40,40,1,1
00161basketball,42,28,41,45,10,2
00161basketball,42,28,46,46,1,1
00161basketball,42,28,47,47,1,1
00161basketball,42,28,48,48,1,1
00161basketball,42,28,264,264,1,1
00161basketball,42,28,332,332,1,1
00161basketball,42,28,576,580,5,1
00161basketball,42,28,581,581,1,1
00161basketball,42,28,582,582,1,1
00161basketball,42,28,583,583,1,1
00161basketball,42,28,584,584,1,1
00161basketball,42,28,585,585,1,1
00161basketball,42,28,586,586,1,1
00161basketball,42,28,589,607,27,2
00161basketball,42,28,608,611,4,2
00161basketball,42,28,612,617,9,2
00161basketball,42,28,619,620,2,2
00161basketball,42,28,640,1052,349,2
00161basketball,45,2,1,484,675,2
00161basketball,45,2,494,494,1,1
00161basketball,45,2,498,498,1,1
00161basketball,45,2,514,514,1,1
00161basketball,45,2,519,519,1,1
00161basketball,45,2,524,524,1,1
00161basketball,45,2,551,551,1,1
00161basketball,45,2,580,580,1,1
00161basketball,45,2,590,590,1,1
00161basketball,46,48,206,207,2,1
00161basketball,47,49,214,214,1,1
00161basketball,47,49,216,218,3,1
00161basketball,47,49,221,222,2,1
00161basketball,47,49,256,256,1,1
00161basketball,47,49,728,730,3,1
00161basketball,48,18,1,244,244,1
00161basketball,48,18,319,319,1,1
00161basketball,48,18,320,320,1,1
00161basketball,48,18,323,323,1,1
00161basketball,48,18,324,324,1,1
00161basketball,48,18,353,353,1,1
00161basketball,48,18,489,489,1,1
00161basketball,48,18,496,496,1,1
00161basketball,48,18,501,501,1,1
00161basketball,48,18,504,504,1,1
00161basketball,48,18,505,506,3,2
00161basketball,48,18,510,510,1,1
00161basketball,48,18,511,511,1,1
00161basketball,48,18,514,514,1,1
00161basketball,48,18,516,516,1,1
00161basketball,48,18,517,517,2,2
00161basketball,48,18,518,518,1,1
00161basketball,48,18,519,519,1,1
00161basketball,48,18,520,520,1,1
00161basketball,48,18,521,521,1,1
00161basketball,48,18,522,522,1,1
00161basketball,48,18,523,524,3,2
00161basketball,48,18,528,528,1,1
00161basketball,48,18,529,529,1,1
00161basketball,48,18,537,537,1,1
00161basketball,48,18,539,563,25,1
00161basketball,48,18,565,568,4,1
00161basketball,48,18,579,580,2,1
00161basketball,48,18,581,582,2,1
00161basketball,48,18,583,583,1,1
00161basketball,48,18,584,584,1,1
00161basketball,48,18,585,585,1,1
00161basketball,48,18,586,586,1,1
00161basketball,48,18,587,587,1,1
00161basketball,48,18,588,588,1,1
00161basketball,48,18,589,589,1,1
00161basketball,48,18,590,590,1,1
00161basketball,48,18,591,591,1,1
00161basketball,48,18,592,592,1,1
00161basketball,48,18,593,593,1,1
00161basketball,48,18,594,594,1,1
00161basketball,48,18,596,596,1,1
00161basketball,50,14,1,182,297,2
00161basketball,50,14,184,184,1,1
00161basketball,50,14,186,189,4,1
00161basketball,50,14,191,192,2,1
00161basketball,50,14,194,194,1,1
00161basketball,50,14,197,197,1,1
00161basketball,50,14,298,298,1,1
00161basketball,50,14,328,328,2,2
00161basketball,50,14,386,386,1,1
00161basketball,50,14,408,408,1,1
00161basketball,50,14,409,409,1,1
00161basketball,50,14,620,620,1,1
00161basketball,50,14,621,621,1,1
00161basketball,50,14,622,622,1,1
00161basketball,50,14,623,623,1,1
00161basketball,50,14,624,624,1,1
00161basketball,50,14,625,625,1,1
00161basketball,50,14,626,626,1,1
00161basketball,50,14,627,627,1,1
00161basketball,50,14,628,628,1,1
00161basketball,50,14,629,629,1,1
00161basketball,50,14,630,630,1,1
00161basketball,50,14,631,631,1,1
00161basketball,50,14,632,632,1,1
00161basketball,50,14,634,636,4,2
00161basketball,50,14,674,674,1,1
00161basketball,50,14,864,864,1,1
00161basketball,50,14,865,865,1,1
00161basketball,51,36,347,347,1,1
00161basketball,51,36,358,358,1,1
00161basketball,51,36,359,359,1,1
00161basketball,51,36,360,360,1,1
00161basketball,51,36,361,361,1,1
00161basketball,51,36,362,362,1,1
00161basketball,51,36,363,363,1,1
00161basketball,51,36,364,364,1,1
00161basketball,51,36,365,365,1,1
00161basketball,51,36,366,366,1,1
00161basketball,51,36,367,367,1,1
00161basketball,51,36,371,371,1,1
00161basketball,51,36,376,377,2,1
00161basketball,51,36,559,559,1,1
00161basketball,51,36,560,560,1,1
00161basketball,51,36,869,870,2,1
00161basketball,51,36,872,872,1,1
00161basketball,51,36,874,874,1,1
00161basketball,51,36,876,876,1,1
00161basketball,51,36,884,885,2,1
00161basketball,51,36,887,924,38,1
00161basketball,51,36,928,928,1,1
00161basketball,53,7,2,2,1,1
00161basketball,53,7,133,628,7,2
00161basketball,53,7,1002,1002,1,1
00161basketball,55,30,6,10,5,1
00161basketball,55,30,111,111,1,1
00161basketball,55,30,135,135,1,1
00161basketball,55,30,158,158,1,1
00161basketball,55,30,704,704,1,1
00161basketball,55,30,925,943,8,1
00161basketball,55,30,944,944,1,1
00161basketball,55,30,945,945,1,1
00161basketball,55,30,946,947,2,1
00161basketball,55,30,948,949,2,1
00161basketball,55,30,950,977,28,1
00161basketball,55,30,978,978,1,1
00161basketball,55,30,979,979,1,1
00161basketball,55,30,980,980,1,1
00161basketball,55,30,981,981,1,1
00161basketball,55,30,982,982,1,1
00161basketball,55,30,983,983,1,1
00161basketball,55,30,984,984,1,1
00161basketball,55,30,985,985,1,1
00161basketball,55,30,986,986,1,1
00161basketball,55,30,987,987,1,1
00161basketball,55,30,988,988,1,1
00161basketball,55,30,989,989,1,1
00161basketball,55,30,990,990,1,1
00161basketball,55,30,991,1010,20,1
00161basketball,55,30,1011,1011,1,1
00161basketball,55,30,1012,1012,1,1
00161basketball,55,30,1013,1013,1,1
00161basketball,55,30,1014,1014,1,1
00161basketball,55,30,1015,1016,2,1
00161basketball,55,30,1017,1017,1,1
00161basketball,55,30,1018,1018,1,1
00161basketball,55,30,1019,1019,1,1
00161basketball,55,30,1020,1020,1,1
00161basketball,55,30,1021,1021,1,1
00161basketball,55,30,1022,1022,1,1
00161basketball,55,30,1023,1023,1,1
00161basketball,55,30,1024,1024,1,1
00161basketball,55,30,1025,1025,1,1
00161basketball,55,30,1026,1026,1,1
00161basketball,55,30,1027,1027,1,1
00161basketball,55,30,1028,1028,1,1
00161basketball,55,30,1029,1029,1,1
00161basketball,55,30,1030,1030,1,1
00161basketball,55,30,1031,1031,1,1
00161basketball,55,30,1032,1032,1,1
00161basketball,55,30,1033,1033,1,1
00161basketball,55,30,1034,1034,1,1
00161basketball,55,30,1035,1035,1,1
00161basketball,55,30,1036,1036,1,1
00161basketball,55,30,1037,1037,1,1
00161basketball,55,30,1038,1038,1,1
00161basketball,55,30,1039,1039,1,1
00161basketball,55,30,1040,1040,1,1
00161basketball,55,30,1041,1041,1,1
00161basketball,55,30,1042,1042,1,1
00161basketball,55,30,1043,1043,1,1
00161basketball,55,30,1044,1044,1,1
00161basketball,55,30,1045,1045,1,1
00161basketball,55,30,1046,1046,1,1
00161basketball,55,30,1047,1047,1,1
00161basketball,55,30,1048,1048,1,1
00161basketball,55,30,1049,1049,1,1
00161basketball,55,30,1050,1050,1,1
00161basketball,55,30,1051,1051,1,1
00161basketball,55,30,1052,1052,1,1
00161basketball,72,54,245,245,1,1
00161basketball,72,54,328,328,1,1
00161basketball,72,54,330,332,3,1
00161basketball,72,54,351,351,1,1
00161basketball,72,54,370,370,1,1
00161basketball,97,41,56,61,4,1
00161basketball,97,41,63,63,1,1
00161basketball,97,41,68,68,1,1
00161basketball,97,41,70,70,1,1
00161basketball,97,41,85,85,1,1
00161basketball,97,41,91,94,4,1
00161basketball,97,41,134,134,1,1
00161basketball,274,4,182,182,1,1
00161basketball,274,4,183,183,1,1
00161basketball,274,4,479,479,1,1
00161basketball,274,4,480,480,1,1
00161basketball,274,4,481,481,1,1
00161basketball,274,4,482,482,1,1
00161basketball,274,4,483,483,1,1
00161basketball,274,4,484,484,1,1
00161basketball,274,4,552,554,2,1
00161basketball,274,4,587,587,1,1
00161basketball,274,4,635,635,1,1
00161basketball,274,4,655,655,1,1
00161basketball,274,4,656,656,1,1
00161basketball,274,4,658,658,1,1
00161basketball,274,4,659,659,1,1
00161basketball,274,4,661,661,1,1
00161basketball,274,4,665,665,1,1
00161basketball,274,4,666,670,7,2
00161basketball,274,4,671,672,3,2
00161basketball,274,4,673,674,3,2
00161basketball,274,4,679,679,1,1
00161basketball,274,4,681,681,1,1
00161basketball,274,4,682,687,11,2
00161basketball,274,4,688,688,1,1
00161basketball,274,4,689,689,1,1
00161basketball,274,4,690,691,3,2
00161basketball,274,4,692,692,1,1
00161basketball,274,4,693,693,1,1
00161basketball,274,4,694,694,1,1
00161basketball,274,4,695,695,1,1
00161basketball,274,4,696,696,1,1
00161basketball,274,4,698,700,4,2
00161basketball,274,4,701,701,1,1
00161basketball,274,4,702,702,1,1
00161basketball,274,4,703,703,1,1
00161basketball,274,4,704,704,1,1
00161basketball,274,4,705,710,11,2
00161basketball,274,4,711,711,1,1
00161basketball,274,4,712,712,1,1
00161basketball,274,4,713,713,1,1
00161basketball,274,4,714,716,5,2
00161basketball,274,4,717,718,3,2
00161basketball,274,4,719,719,1,1
00161basketball,274,4,720,720,1,1
00161basketball,274,4,721,721,1,1
00161basketball,274,4,722,722,1,1
00161basketball,274,4,723,723,1,1
00161basketball,274,4,724,1052,425,2
00161basketball,411,40,187,213,5,1
00161basketball,411,40,220,220,1,1
00161basketball,411,40,223,230,4,2
00161basketball,411,40,239,247,2,2
00161basketball,411,40,256,256,1,1
00161basketball,411,40,272,272,1,1
00161basketball,411,40,275,279,5,1
00161basketball,411,40,330,330,1,1
00161basketball,411,40,334,366,11,2
00161basketball,411,40,374,378,5,1
00161basketball,411,40,392,392,1,1
00161basketball,411,40,395,395,1,1
00161basketball,411,40,396,399,4,1
00161basketball,411,40,400,400,2,2
00161basketball,411,40,402,402,1,1
00161basketball,411,40,403,403,1,1
00161basketball,411,40,404,404,1,1
00161basketball,411,40,405,405,1,1
00161basketball,411,40,406,406,1,1
00161basketball,411,40,408,408,1,1
00161basketball,411,40,411,411,1,1
00161basketball,411,40,420,420,1,1
00161basketball,411,40,511,511,1,1
00161basketball,411,40,516,516,1,1
00161basketball,411,40,517,517,1,1
00161basketball,411,40,518,518,1,1
00161basketball,411,40,519,519,1,1
00161basketball,411,40,520,520,1,1
00161basketball,411,40,521,521,1,1
00161basketball,411,40,522,522,1,1
00161basketball,411,40,523,523,1,1
00161basketball,411,40,524,524,1,1
00161basketball,411,40,525,526,2,1
00161basketball,411,40,527,529,2,1
00161basketball,411,40,530,530,1,1
00161basketball,411,40,532,532,1,1
00161basketball,411,40,573,573,1,1
00161basketball,411,40,576,595,18,1
00161basketball,649,48,579,579,1,1
00161basketball,649,48,580,580,1,1
00161basketball,649,48,581,581,1,1
00161basketball,649,48,591,591,1,1
00161basketball,649,48,592,592,1,1
00161basketball,649,48,593,593,1,1
00161basketball,649,48,594,594,1,1
00161basketball,649,48,595,595,1,1
00161basketball,649,48,596,596,1,1
00161basketball,649,48,597,597,1,1
00161basketball,649,48,598,598,1,1
00161basketball,649,48,599,599,1,1
00161basketball,649,48,600,600,1,1
00161basketball,649,48,601,601,1,1
00161basketball,649,48,602,602,1,1
00161basketball,649,48,603,603,1,1
00161basketball,649,48,604,604,1,1
00161basketball,649,48,605,605,1,1
00161basketball,649,48,606,606,1,1
00161basketball,649,48,607,607,1,1
00161basketball,649,48,608,608,1,1
00161basketball,649,48,609,609,1,1
00161basketball,649,48,610,610,1,1
00161basketball,649,48,611,611,1,1
00161basketball,649,48,612,612,1,1
00161basketball,649,48,613,613,1,1
00161basketball,649,48,614,614,1,1
00161basketball,649,48,615,615,1,1
00161basketball,649,48,616,616,1,1
00161basketball,649,48,617,617,1,1
00161basketball,649,48,618,618,1,1
00161basketball,649,48,619,619,1,1
00161basketball,649,48,620,620,1,1
00161basketball,649,48,621,621,1,1
00161basketball,649,48,622,622,1,1
00161basketball,649,48,623,623,1,1
00161basketball,649,48,624,624,1,1
00161basketball,649,48,625,625,1,1
00161basketball,649,48,626,626,1,1
00161basketball,649,48,627,627,1,1
00161basketball,649,48,628,628,1,1
00161basketball,649,48,629,629,1,1
00161basketball,649,48,630,630,1,1
00161basketball,649,48,631,631,1,1
00161basketball,649,48,632,632,1,1
00161basketball,649,48,633,633,1,1
00161basketball,649,48,634,634,1,1
00161basketball,649,48,635,635,1,1
00161basketball,649,48,636,636,1,1
00161basketball,649,48,637,637,1,1
00161basketball,649,48,638,638,1,1
00161basketball,649,48,639,639,1,1
00161basketball,649,48,640,640,1,1
00161basketball,649,48,641,641,1,1
00161basketball,649,48,642,642,1,1
00161basketball,649,48,643,643,1,1
00161basketball,649,48,644,644,1,1
00161basketball,649,48,645,645,1,1
00161basketball,649,48,646,646,1,1
00161basketball,649,48,647,647,1,1
00161basketball,649,48,648,648,1,1
00161basketball,649,48,649,649,1,1
00161basketball,649,48,650,650,1,1
00161basketball,649,48,651,651,1,1
00161basketball,649,48,652,652,1,1
00161basketball,649,48,653,653,1,1
00161basketball,649,48,654,655,2,1
00161basketball,649,48,656,656,1,1
00161basketball,649,48,657,657,1,1
00161basketball,649,48,658,658,1,1
00161basketball,649,48,659,659,1,1
00161basketball,649,48,660,661,2,1
00161basketball,649,48,662,665,4,1
00161basketball,649,48,666,666,1,1
00161basketball,649,48,667,667,1,1
00161basketball,649,48,668,668,1,1
00161basketball,649,48,669,676,8,1
00161basketball,649,48,677,677,1,1
00161basketball,649,48,678,678,1,1
00161basketball,649,48,679,679,1,1
00161basketball,649,48,680,680,1,1
00161basketball,649,48,681,681,1,1
00161basketball,649,48,682,682,1,1
00161basketball,649,48,683,683,1,1
00161basketball,649,48,684,684,1,1
00161basketball,649,48,685,685,1,1
00161basketball,649,48,686,686,1,1
00161basketball,649,48,687,687,1,1
00161basketball,649,48,688,688,1,1
00161basketball,649,48,689,689,1,1
00161basketball,649,48,690,690,1,1
00161basketball,649,48,691,691,1,1
00161basketball,649,48,692,692,1,1
00161basketball,649,48,693,693,1,1
00161basketball,649,48,694,694,1,1
00161basketball,649,48,695,695,1,1
00161basketball,649,48,696,696,1,1
00161basketball,649,48,697,697,1,1
00161basketball,649,48,698,698,1,1
00161basketball,649,48,699,699,1,1
00161basketball,649,48,700,700,1,1
00161basketball,649,48,701,701,1,1
00161basketball,649,48,702,702,1,1
00161basketball,649,48,703,703,1,1
00161basketball,649,48,704,704,1,1
00161basketball,649,48,705,705,1,1
00161basketball,649,48,706,706,1,1
00161basketball,649,48,707,709,3,1
00161basketball,649,48,710,711,2,1
00161basketball,649,48,712,718,8,2
00161basketball,649,48,719,720,2,1
00161basketball,649,48,721,722,2,1
00161basketball,649,48,723,723,1,1
00161basketball,649,48,724,724,1,1
00161basketball,649,48,725,725,1,1
00161basketball,649,48,726,727,2,1
00161basketball,649,48,728,734,7,1
00161basketball,649,48,735,737,3,1
00161basketball,649,48,738,738,1,1
00161basketball,649,48,739,739,1,1
00161basketball,649,48,740,740,1,1
00161basketball,649,48,741,741,1,1
00161basketball,649,48,742,742,1,1
00161basketball,649,48,743,743,1,1
00161basketball,649,48,744,744,1,1
00161basketball,649,48,745,745,1,1
00161basketball,649,48,746,746,1,1
00161basketball,649,48,747,747,1,1
00161basketball,649,48,748,748,1,1
00161basketball,649,48,749,749,1,1
00161basketball,649,48,750,750,1,1
00161basketball,649,48,751,751,1,1
00161basketball,649,48,752,752,1,1
00161basketball,649,48,753,753,1,1
00161basketball,649,48,754,754,1,1
00161basketball,649,48,755,755,1,1
00161basketball,649,48,756,756,1,1
00161basketball,649,48,757,757,1,1
00161basketball,649,48,758,758,1,1
00161basketball,649,48,759,759,1,1
00161basketball,649,48,760,760,1,1
00161basketball,649,48,761,761,1,1
00161basketball,649,48,762,762,1,1
00161basketball,649,48,763,763,1,1
00161basketball,649,48,764,764,1,1
00161basketball,649,48,765,765,1,1
00161basketball,649,48,766,766,1,1
00161basketball,649,48,767,767,1,1
00161basketball,649,48,768,768,1,1
00161basketball,649,48,769,769,1,1
00161basketball,649,48,770,770,1,1
00161basketball,649,48,771,771,1,1
00161basketball,649,48,772,772,1,1
00161basketball,649,48,773,773,1,1
00161basketball,649,48,774,774,1,1
00161basketball,649,48,775,775,1,1
00161basketball,649,48,776,776,1,1
00161basketball,649,48,777,777,1,1
00161basketball,649,48,778,778,1,1
00161basketball,649,48,779,779,1,1
00161basketball,649,48,780,780,1,1
00161basketball,649,48,781,781,1,1
00161basketball,649,48,782,782,1,1
00161basketball,649,48,783,783,1,1
00161basketball,649,48,784,784,1,1
00161basketball,649,48,785,785,1,1
00161basketball,649,48,786,786,1,1
00161basketball,649,48,787,787,1,1
00161basketball,649,48,788,788,1,1
00161basketball,649,48,789,789,1,1
00161basketball,649,48,790,790,1,1
00161basketball,649,48,791,791,1,1
00161basketball,649,48,792,792,1,1
00161basketball,649,48,793,793,1,1
00161basketball,649,48,794,794,1,1
00161basketball,649,48,795,795,1,1
00161basketball,649,48,796,796,1,1
00161basketball,649,48,797,797,1,1
00161basketball,649,48,798,798,1,1
00161basketball,649,48,799,799,1,1
00161basketball,649,48,800,800,1,1
00161basketball,649,48,801,801,1,1
00161basketball,649,48,802,802,1,1
00161basketball,649,48,803,803,1,1
00161basketball,649,48,804,804,1,1
00161basketball,649,48,805,805,1,1
00161basketball,649,48,806,806,1,1
00161basketball,649,48,807,807,1,1
00161basketball,649,48,808,808,1,1
00161basketball,649,48,809,809,1,1
00161basketball,649,48,810,810,1,1
00161basketball,649,48,811,811,1,1
00161basketball,649,48,812,812,1,1
00161basketball,649,48,813,813,1,1
00161basketball,649,48,814,814,1,1
00161basketball,649,48,815,815,1,1
00161basketball,649,48,816,816,1,1
00161basketball,649,48,817,817,1,1
00161basketball,649,48,818,818,1,1
00161basketball,649,48,819,819,1,1
00161basketball,649,48,820,820,1,1
00161basketball,649,48,821,821,1,1
00161basketball,649,48,822,822,1,1
00161basketball,649,48,823,823,1,1
00161basketball,649,48,824,824,1,1
00161basketball,649,48,825,825,1,1
00161basketball,649,48,826,826,1,1
00161basketball,649,48,827,827,1,1
00161basketball,649,48,828,828,1,1
00161basketball,649,48,829,829,1,1
00161basketball,649,48,830,830,1,1
00161basketball,649,48,831,831,1,1
00161basketball,649,48,832,832,1,1
00161basketball,649,48,833,833,1,1
00161basketball,649,48,834,834,1,1
00161basketball,649,48,835,835,1,1
00161basketball,649,48,836,836,1,1
00161basketball,649,48,837,837,1,1
00161basketball,649,48,838,838,1,1
00161basketball,649,48,839,839,1,1
00161basketball,649,48,840,840,1,1
00161basketball,649,48,841,841,1,1
00161basketball,649,48,842,842,1,1
00161basketball,649,48,843,843,1,1
00161basketball,649,48,844,844,1,1
00161basketball,649,48,845,845,1,1
00161basketball,649,48,846,846,1,1
00161basketball,649,48,847,847,1,1
00161basketball,649,48,848,848,1,1
00161basketball,649,48,849,849,1,1
00161basketball,649,48,850,850,1,1
00161basketball,649,48,851,851,1,1
00161basketball,649,48,852,852,1,1
00161basketball,649,48,853,853,1,1
00161basketball,649,48,854,854,1,1
00161basketball,649,48,855,855,1,1
00161basketball,649,48,856,856,1,1
00161basketball,649,48,857,857,1,1
00161basketball,649,48,858,858,1,1
00161basketball,649,48,859,859,1,1
00161basketball,649,48,860,860,1,1
00161basketball,649,48,861,861,1,1
00161basketball,649,48,862,862,1,1
00161basketball,649,48,863,863,1,1
00161basketball,649,48,864,864,1,1
00161basketball,649,48,865,865,1,1
00161basketball,649,48,866,866,1,1
00161basketball,649,48,867,867,1,1
00161basketball,649,48,868,868,1,1
00161basketball,649,48,869,869,1,1
00161basketball,649,48,870,870,1,1
00161basketball,649,48,871,871,1,1
00161basketball,649,48,872,872,1,1
00161basketball,649,48,873,873,1,1
00161basketball,649,48,874,874,1,1
00161basketball,649,48,875,875,1,1
00161basketball,649,48,876,876,1,1
00161basketball,649,48,877,877,1,1
00161basketball,649,48,878,878,1,1
00161basketball,649,48,879,879,1,1
00161basketball,649,48,880,880,1,1
00161basketball,649,48,881,881,1,1
00161basketball,649,48,882,882,1,1
00161basketball,649,48,883,883,1,1
00161basketball,649,48,884,884,1,1
00161basketball,649,48,885,885,1,1
00161basketball,649,48,886,886,1,1
00161basketball,649,48,887,887,1,1
00161basketball,649,48,888,888,1,1
00161basketball,649,48,889,889,1,1
00161basketball,649,48,890,890,1,1
00161basketball,649,48,891,891,1,1
00161basketball,649,48,892,892,1,1
00161basketball,649,48,893,893,1,1
00161basketball,649,48,894,894,1,1
00161basketball,649,48,895,895,1,1
00161basketball,649,48,896,896,1,1
00161basketball,649,48,897,897,1,1
00161basketball,649,48,898,898,1,1
00161basketball,649,48,899,899,1,1
00161basketball,649,48,900,900,1,1
00161basketball,649,48,901,901,1,1
00161basketball,649,48,902,902,1,1
00161basketball,649,48,903,903,1,1
00161basketball,649,48,904,904,1,1
00161basketball,649,48,905,905,1,1
00161basketball,649,48,906,906,1,1
00161basketball,649,48,907,907,1,1
00161basketball,649,48,908,908,1,1
00161basketball,649,48,909,909,1,1
00161basketball,649,48,910,910,1,1
00161basketball,649,48,911,911,1,1
00161basketball,649,48,912,912,1,1
00161basketball,649,48,913,913,1,1
00161basketball,649,48,914,914,1,1
00161basketball,649,48,915,915,1,1
00161basketball,649,48,916,916,1,1
00161basketball,649,48,917,917,1,1
00161basketball,649,48,918,918,1,1
00161basketball,649,48,919,919,1,1
00161basketball,649,48,920,920,1,1
00161basketball,649,48,921,921,1,1
00161basketball,649,48,922,922,1,1
00161basketball,649,48,923,923,1,1
00161basketball,649,48,924,924,1,1
00161basketball,649,48,925,925,1,1
00161basketball,649,48,926,926,1,1
00161basketball,649,48,927,927,1,1
00161basketball,649,48,928,928,1,1
00161basketball,649,48,929,929,1,1
00161basketball,649,48,930,930,1,1
00161basketball,649,48,931,931,1,1
00161basketball,649,48,932,932,1,1
00161basketball,649,48,933,933,1,1
00161basketball,649,48,934,934,1,1
00161basketball,649,48,935,935,1,1
00161basketball,649,48,936,936,1,1
00161basketball,649,48,937,937,1,1
00161basketball,649,48,938,938,1,1
00161basketball,649,48,939,939,1,1
00161basketball,649,48,940,940,1,1
00161basketball,649,48,941,941,1,1
00161basketball,649,48,942,942,1,1
00161basketball,649,48,943,943,1,1
00161basketball,649,48,944,944,1,1
00161basketball,649,48,945,945,1,1
00161basketball,649,48,946,946,1,1
00161basketball,649,48,947,947,1,1
00161basketball,649,48,948,948,1,1
00161basketball,649,48,949,949,1,1
00161basketball,649,48,950,950,1,1
00161basketball,649,48,951,951,1,1
00161basketball,649,48,952,952,1,1
00161basketball,649,48,953,953,1,1
00161basketball,649,48,954,954,1,1
00161basketball,649,48,955,955,1,1
00161basketball,649,48,956,956,1,1
00161basketball,649,48,957,957,1,1
00161basketball,649,48,958,958,1,1
00161basketball,649,48,959,959,1,1
00161basketball,649,48,960,960,1,1
00161basketball,649,48,961,961,1,1
00161basketball,649,48,962,962,1,1
00161basketball,649,48,963,963,1,1
00161basketball,649,48,964,964,1,1
00161basketball,649,48,965,965,1,1
00161basketball,649,48,966,966,1,1
00161basketball,649,48,967,967,1,1
00161basketball,649,48,968,968,1,1
00161basketball,649,48,969,969,1,1
00161basketball,649,48,970,970,1,1
00161basketball,649,48,971,971,1,1
00161basketball,649,48,972,972,1,1
00161basketball,649,48,973,973,1,1
00161basketball,649,48,974,974,1,1
00161basketball,649,48,975,975,1,1
00161basketball,649,48,976,976,1,1
00161basketball,649,48,977,977,1,1
00161basketball,649,48,978,978,1,1
00161basketball,649,48,979,979,1,1
00161basketball,649,48,980,980,1,1
00161basketball,649,48,981,981,1,1
00161basketball,649,48,982,982,1,1
00161basketball,649,48,983,983,1,1
00161basketball,649,48,984,984,1,1
00161basketball,649,48,985,985,1,1
00161basketball,649,48,986,986,1,1
00161basketball,649,48,987,987,1,1
00161basketball,649,48,988,988,1,1
00161basketball,649,48,989,989,1,1
00161basketball,649,48,990,990,1,1
00161basketball,649,48,991,991,1,1
00161basketball,649,48,992,992,1,1
00161basketball,649,48,993,993,1,1
00161basketball,649,48,994,994,1,1
00161basketball,649,48,995,995,1,1
00161basketball,649,48,996,996,1,1
00161basketball,649,48,997,997,1,1
00161basketball,649,48,998,998,1,1
00161basketball,649,48,999,999,1,1
00161basketball,649,48,1000,1000,1,1
00161basketball,649,48,1001,1001,1,1
00161basketball,649,48,1002,1002,1,1
00161basketball,649,48,1003,1003,1,1
00161basketball,649,48,1004,1004,1,1
00161basketball,649,48,1005,1005,1,1
00161basketball,649,48,1006,1006,1,1
00161basketball,649,48,1007,1007,1,1
00161basketball,649,48,1008,1008,1,1
00161basketball,649,48,1009,1009,1,1
00161basketball,649,48,1010,1010,1,1
00161basketball,649,48,1011,1011,1,1
00161basketball,649,48,1012,1012,1,1
00161basketball,649,48,1013,1013,1,1
00161basketball,649,48,1014,1014,1,1
00161basketball,649,48,1015,1015,1,1
00161basketball,649,48,1016,1016,1,1
00161basketball,649,48,1017,1017,1,1
00161basketball,649,48,1018,1018,1,1
00161basketball,649,48,1019,1019,1,1
00161basketball,649,48,1020,1020,1,1
00161basketball,649,48,1021,1021,1,1
00161basketball,649,48,1022,1022,1,1
00161basketball,649,48,1023,1023,1,1
00161basketball,649,48,1024,1024,1,1
00161basketball,649,48,1025,1025,1,1
00161basketball,649,48,1026,1026,1,1
00161basketball,649,48,1027,1027,1,1
00161basketball,649,48,1028,1028,1,1
00161basketball,649,48,1029,1029,1,1
00161basketball,649,48,1030,1030,1,1
00161basketball,649,48,1031,1031,1,1
00161basketball,649,48,1032,1032,1,1
00161basketball,649,48,1033,1033,1,1
00161basketball,649,48,1034,1034,1,1
00161basketball,649,48,1035,1035,1,1
00161basketball,649,48,1036,1036,1,1
00161basketball,649,48,1037,1037,1,1
00161basketball,649,48,1038,1038,1,1
00161basketball,649,48,1039,1039,1,1
00161basketball,649,48,1040,1040,1,1
00161basketball,649,48,1041,1041,1,1
00161basketball,649,48,1042,1042,1,1
00161basketball,649,48,1043,1043,1,1
00161basketball,649,48,1044,1044,1,1
00161basketball,649,48,1045,1045,1,1
00161basketball,649,48,1046,1046,1,1
00161basketball,649,48,1047,1047,1,1
00161basketball,649,48,1048,1048,1,1
00161basketball,649,48,1049,1049,1,1
00161basketball,649,48,1050,1050,1,1
00161basketball,649,48,1051,1051,1,1
00161basketball,649,48,1052,1052,1,1
00161basketball,698,37,587,666,26,1
00161basketball,698,37,667,667,1,1
00161basketball,698,37,668,669,2,1
00161basketball,698,37,670,670,1,1
00161basketball,698,37,671,673,3,1
00161basketball,698,37,674,674,1,1
00161basketball,698,37,675,675,1,1
00161basketball,698,37,676,676,1,1
00161basketball,698,37,677,677,1,1
00161basketball,698,37,678,678,1,1
00161basketball,698,37,679,679,1,1
00161basketball,698,37,680,680,1,1
00161basketball,698,37,681,686,6,1
00161basketball,698,37,687,687,1,1
00161basketball,698,37,688,691,4,1
00161basketball,698,37,692,692,1,1
00161basketball,698,37,693,693,1,1
00161basketball,698,37,694,694,1,1
00161basketball,698,37,695,695,1,1
00161basketball,698,37,696,696,1,1
00161basketball,698,37,698,698,1,1
00161basketball,698,37,699,708,10,2
00161basketball,698,37,709,709,1,1
00161basketball,698,37,710,710,1,1
00161basketball,698,37,711,711,1,1
00161basketball,698,37,715,715,1,1
00161basketball,698,37,719,719,1,1
00161basketball,698,37,721,721,1,1
00161basketball,698,37,758,758,1,1
00161basketball,698,37,763,763,1,1
00161basketball,698,37,896,901,3,1
00161basketball,739,20,484,484,1,1
00161basketball,739,20,519,519,1,1
00161basketball,739,20,521,521,1,1
00161basketball,739,20,523,523,1,1
00161basketball,739,20,524,524,1,1
00161basketball,739,20,545,545,1,1
00161basketball,739,20,596,596,1,1
00161basketball,739,20,651,651,1,1
00161basketball,739,20,666,666,1,1
00161basketball,739,20,667,667,1,1
00161basketball,739,20,668,668,1,1
00161basketball,739,20,712,712,1,1
00161basketball,739,20,713,713,1,1
00161basketball,739,20,715,715,1,1
00161basketball,739,20,718,718,1,1
00161basketball,739,20,719,719,1,1
00161basketball,739,20,720,720,1,1
00161basketball,739,20,721,721,1,1
00161basketball,739,20,722,722,1,1
00161basketball,739,20,723,723,1,1
00161basketball,739,20,724,783,48,2
00161basketball,929,21,992,992,1,1
00161basketball,1541,34,730,730,1,1
00161basketball,1541,34,916,916,1,1
00161basketball,1541,34,922,922,1,1
00161basketball,1541,34,931,931,1,1
00161basketball,1541,34,932,932,1,1
00161basketball,1541,34,933,1052,105,2
00161basketball,1641,52,797,871,72,2
00161basketball,1641,52,872,873,2,1
00161basketball,1641,52,874,874,1,1
00161basketball,1641,52,875,883,12,2
00161basketball,1641,52,891,891,1,1
00161basketball,1641,52,892,892,1,1
00161basketball,1641,52,893,893,1,1
00161basketball,1641,52,894,894,1,1
00161basketball,1641,52,895,895,1,1
00161basketball,1641,52,896,896,1,1
00161basketball,1641,52,897,897,1,1
00161basketball,1641,52,901,901,1,1
00161basketball,1641,52,902,902,1,1
00161basketball,1641,52,903,903,1,1
00161basketball,1641,52,904,904,1,1
00161basketball,1641,52,905,905,1,1
00161basketball,1641,52,906,906,1,1
00161basketball,1641,52,907,907,1,1
00161basketball,1641,52,908,908,1,1
00161basketball,1641,52,909,909,1,1
00161basketball,1641,52,910,910,1,1
00161basketball,1641,52,913,913,1,1
00161basketball,1641,52,914,914,1,1
00161basketball,1641,52,915,915,1,1
00161basketball,1641,52,916,916,1,1
00161basketball,1641,52,917,917,1,1
00161basketball,1641,52,918,918,1,1
00161basketball,1641,52,924,924,1,1
00161basketball,1641,52,927,927,1,1
00161basketball,1641,52,929,929,1,1
00161basketball,1641,52,930,930,1,1
00161basketball,1641,52,931,931,1,1
00161basketball,1641,52,932,932,1,1
00161basketball,1641,52,933,933,1,1
00161basketball,1641,52,934,934,1,1
00161basketball,1641,52,935,935,1,1
00161basketball,1641,52,936,936,1,1
00161basketball,1641,52,937,937,1,1
00161basketball,1641,52,938,938,1,1
00161basketball,1641,52,939,939,1,1
00161basketball,1641,52,952,952,1,1
00161basketball,1641,52,968,968,1,1
00161basketball,1641,52,969,969,1,1
00161basketball,1641,52,985,1052,67,1
00161basketball,1669,28,932,934,3,1
00161basketball,1891,21,966,966,1,1
00161basketball,1891,21,1047,1047,1,1
00183canteen,1,4,117,117,1,1
00183canteen,2,7,110,110,1,1
00183canteen,2,7,112,112,1,1
00183canteen,2,7,117,117,1,1
00183canteen,2,7,140,140,1,1
00183canteen,3,3,1,1,1,1
00183canteen,3,3,2,2,1,1
00183canteen,3,3,3,3,1,1
00183canteen,3,3,4,4,1,1
00183canteen,3,3,5,5,1,1
00183canteen,3,3,6,6,1,1
00183canteen,3,3,7,7,1,1
00183canteen,3,3,8,8,1,1
00183canteen,3,3,9,9,1,1
00183canteen,3,3,10,10,1,1
00183canteen,3,3,11,11,1,1
00183canteen,3,3,12,12,1,1
00183canteen,3,3,13,13,1,1
00183canteen,3,3,14,14,1,1
00183canteen,3,3,15,15,1,1
00183canteen,3,3,16,16,1,1
00183canteen,3,3,17,17,1,1
00183canteen,3,3,18,18,1,1
00183canteen,3,3,19,19,1,1
00183canteen,3,3,20,20,1,1
00183canteen,3,3,21,21,1,1
00183canteen,3,3,22,22,1,1
00183canteen,3,3,23,23,1,1
00183canteen,3,3,24,24,1,1
00183canteen,3,3,25,25,1,1
00183canteen,3,3,26,26,1,1
00183canteen,3,3,27,27,1,1
00183canteen,3,3,28,28,1,1
00183canteen,3,3,29,29,1,1
00183canteen,3,3,30,30,1,1
00183canteen,3,3,31,31,1,1
00183canteen,3,3,32,32,1,1
00183canteen,3,3,33,33,1,1
00183canteen,3,3,34,34,1,1
00183canteen,3,3,35,35,1,1
00183canteen,3,3,36,36,1,1
00183canteen,3,3,37,37,1,1
00183canteen,3,3,38,38,1,1
00183canteen,3,3,39,39,1,1
00183canteen,3,3,40,40,1,1
00183canteen,3,3,41,41,1,1
00183canteen,3,3,42,42,1,1
00183canteen,3,3,43,43,1,1
00183canteen,3,3,44,44,1,1
00183canteen,3,3,45,45,1,1
00183canteen,3,3,46,46,1,1
00183canteen,3,3,47,47,1,1
00183canteen,3,3,48,48,1,1
00183canteen,3,3,49,49,1,1
00183canteen,3,3,50,50,1,1
00183canteen,3,3,51,51,1,1
00183canteen,3,3,52,52,1,1
00183canteen,3,3,53,53,1,1
00183canteen,3,3,54,54,1,1
00183canteen,3,3,55,55,1,1
00183canteen,3,3,56,56,1,1
00183canteen,3,3,57,57,1,1
00183canteen,3,3,58,58,1,1
00183canteen,3,3,59,59,1,1
00183canteen,3,3,60,60,1,1
00183canteen,3,3,61,61,1,1
00183canteen,3,3,62,62,1,1
00183canteen,3,3,63,63,1,1
00183canteen,3,3,64,64,1,1
00183canteen,3,3,65,65,1,1
00183canteen,3,3,66,66,1,1
00183canteen,3,3,67,67,1,1
00183canteen,3,3,68,68,1,1
00183canteen,3,3,69,69,1,1
00183canteen,3,3,70,70,1,1
00183canteen,3,3,71,71,1,1
00183canteen,3,3,72,72,1,1
00183canteen,3,3,73,73,1,1
00183canteen,3,3,74,74,1,1
00183canteen,3,3,75,75,1,1
00183canteen,3,3,76,76,1,1
00183canteen,3,3,77,77,1,1
00183canteen,3,3,78,78,1,1
00183canteen,3,3,79,79,1,1
00183canteen,3,3,80,80,1,1
00183canteen,3,3,81,81,1,1
00183canteen,3,3,82,82,1,1
00183canteen,3,3,83,83,1,1
00183canteen,3,3,85,85,1,1
00183canteen,3,3,86,86,1,1
00183canteen,3,3,108,114,6,1
00183canteen,3,3,124,143,20,1
00183canteen,3,3,804,804,1,1
00183canteen,3,3,805,805,1,1
00183canteen,3,3,806,806,1,1
00183canteen,3,3,807,807,1,1
00183canteen,3,3,808,808,1,1
00183canteen,3,3,809,809,1,1
00183canteen,3,3,810,810,1,1
00183canteen,3,3,811,811,1,1
00183canteen,3,3,812,812,1,1
00183canteen,3,3,813,813,1,1
00183canteen,3,3,816,816,1,1
00183canteen,3,3,829,829,1,1
00183canteen,3,3,830,830,1,1
00183canteen,3,3,831,831,1,1
00183canteen,3,3,832,832,1,1
00183canteen,3,3,833,833,1,1
00183canteen,3,3,834,834,1,1
00183canteen,3,3,835,835,1,1
00183canteen,3,3,836,836,1,1
00183canteen,3,3,837,837,1,1
00183canteen,3,3,838,838,1,1
00183canteen,3,3,839,839,1,1
00183canteen,3,3,840,840,1,1
00183canteen,3,3,841,841,1,1
00183canteen,3,3,842,842,1,1
00183canteen,3,3,843,843,1,1
00183canteen,3,3,844,844,1,1
00183canteen,3,3,845,845,1,1
00183canteen,3,3,846,846,1,1
00183canteen,3,3,847,847,1,1
00183canteen,3,3,848,848,1,1
00183canteen,3,3,849,849,1,1
00183canteen,3,3,850,850,1,1
00183canteen,3,3,851,851,1,1
00183canteen,3,3,852,852,1,1
00183canteen,3,3,853,853,1,1
00183canteen,3,3,854,854,1,1
00183canteen,3,3,855,855,1,1
00183canteen,3,3,856,856,1,1
00183canteen,3,3,857,857,1,1
00183canteen,3,3,858,858,1,1
00183canteen,3,3,859,859,1,1
00183canteen,3,3,860,860,1,1
00183canteen,3,3,861,861,1,1
00183canteen,3,3,862,862,1,1
00183canteen,3,3,863,863,1,1
00183canteen,3,3,864,864,1,1
00183canteen,3,3,865,865,1,1
00183canteen,3,3,866,866,1,1
00183canteen,3,3,867,867,1,1
00183canteen,3,3,868,868,1,1
00183canteen,3,3,869,869,1,1
00183canteen,3,3,870,870,1,1
00183canteen,3,3,871,871,1,1
00183canteen,3,3,872,872,1,1
00183canteen,3,3,873,873,1,1
00183canteen,3,3,874,874,1,1
00183canteen,3,3,875,875,1,1
00183canteen,3,3,876,876,1,1
00183canteen,3,3,877,877,1,1
00183canteen,3,3,878,878,1,1
00183canteen,3,3,879,879,1,1
00183canteen,3,3,880,880,1,1
00183canteen,3,3,881,881,1,1
00183canteen,3,3,882,882,1,1
00183canteen,3,3,883,883,1,1
00183canteen,3,3,884,884,1,1
00183canteen,3,3,885,885,1,1
00183canteen,3,3,886,886,1,1
00183canteen,3,3,887,887,1,1
00183canteen,3,3,888,888,1,1
00183canteen,3,3,889,889,1,1
00183canteen,3,3,890,890,1,1
00183canteen,3,3,891,891,1,1
00183canteen,3,3,892,892,1,1
00183canteen,3,3,893,893,1,1
00183canteen,3,3,894,894,1,1
00183canteen,3,3,895,895,1,1
00183canteen,3,3,896,896,1,1
00183canteen,3,3,897,897,1,1
00183canteen,3,3,898,898,1,1
00183canteen,3,3,899,899,1,1
00183canteen,3,3,900,900,1,1
00183canteen,3,3,901,901,1,1
00183canteen,3,3,902,902,1,1
00183canteen,3,3,903,903,1,1
00183canteen,3,3,904,904,1,1
00183canteen,3,3,905,905,1,1
00183canteen,3,3,906,906,1,1
00183canteen,3,3,907,907,1,1
00183canteen,3,3,908,908,1,1
00183canteen,3,3,909,909,1,1
00183canteen,3,3,910,910,1,1
00183canteen,3,3,911,911,1,1
00183canteen,3,3,912,912,1,1
00183canteen,3,3,913,913,1,1
00183canteen,3,3,914,914,1,1
00183canteen,3,3,915,915,1,1
00183canteen,3,3,916,916,1,1
00183canteen,3,3,917,917,1,1
00183canteen,3,3,918,918,1,1
00183canteen,3,3,919,919,1,1
00183canteen,3,3,920,920,1,1
00183canteen,3,3,921,921,1,1
00183canteen,3,3,922,922,1,1
00183canteen,3,3,923,923,1,1
00183canteen,3,3,924,924,1,1
00183canteen,3,3,925,925,1,1
00183canteen,3,3,926,926,1,1
00183canteen,3,3,927,927,1,1
00183canteen,3,3,928,928,1,1
00183canteen,3,3,929,929,1,1
00183canteen,3,3,930,930,1,1
00183canteen,3,3,931,931,1,1
00183canteen,3,3,932,932,1,1
00183canteen,3,3,933,933,1,1
00183canteen,3,3,934,934,1,1
00183canteen,3,3,935,935,1,1
00183canteen,3,3,936,936,1,1
00183canteen,3,3,937,937,1,1
00183canteen,3,3,938,938,1,1
00183canteen,3,3,939,939,1,1
00183canteen,3,3,940,940,1,1
00183canteen,3,3,941,941,1,1
00183canteen,3,3,942,942,1,1
00183canteen,3,3,943,943,1,1
00183canteen,3,3,944,944,1,1
00183canteen,3,3,945,945,1,1
00183canteen,3,3,946,946,1,1
00183canteen,3,3,947,947,1,1
00183canteen,3,3,948,948,1,1
00183canteen,3,3,949,949,1,1
00183canteen,3,3,950,950,1,1
00183canteen,3,3,951,951,1,1
00183canteen,3,3,952,952,1,1
00183canteen,3,3,953,953,1,1
00183canteen,3,3,954,954,1,1
00183canteen,3,3,955,955,1,1
00183canteen,3,3,956,956,1,1
00183canteen,3,3,957,957,1,1
00183canteen,3,3,958,958,1,1
00183canteen,3,3,959,959,1,1
00183canteen,3,3,960,960,1,1
00183canteen,3,3,961,961,1,1
00183canteen,3,3,962,962,1,1
00183canteen,3,3,963,963,1,1
00183canteen,3,3,964,964,1,1
00183canteen,3,3,965,965,1,1
00183canteen,3,3,966,966,1,1
00183canteen,3,3,967,967,1,1
00183canteen,3,3,968,968,1,1
00183canteen,3,3,969,969,1,1
00183canteen,3,3,970,970,1,1
00183canteen,3,3,971,971,1,1
00183canteen,3,3,972,972,1,1
00183canteen,3,3,973,973,1,1
00183canteen,3,3,974,974,1,1
00183canteen,3,3,975,975,1,1
00183canteen,3,3,976,976,1,1
00183canteen,3,3,977,977,1,1
00183canteen,3,3,978,978,1,1
00183canteen,3,3,979,979,1,1
00183canteen,3,3,980,980,1,1
00183canteen,3,3,981,981,1,1
00183canteen,3,3,982,982,1,1
00183canteen,3,3,983,983,1,1
00183canteen,3,3,984,984,1,1
00183canteen,3,3,985,985,1,1
00183canteen,3,3,986,986,1,1
00183canteen,3,3,987,987,1,1
00183canteen,3,3,988,988,1,1
00183canteen,3,3,989,989,1,1
00183canteen,3,3,990,990,1,1
00183canteen,3,3,991,991,1,1
00183canteen,3,3,992,992,1,1
00183canteen,3,3,993,993,1,1
00183canteen,3,3,994,994,1,1
00183canteen,3,3,995,995,1,1
00183canteen,3,3,996,996,1,1
00183canteen,3,3,997,997,1,1
00183canteen,3,3,998,998,1,1
00183canteen,3,3,999,999,1,1
00183canteen,4,12,67,79,10,1
00183canteen,6,24,1,1,1,1
00183canteen,6,24,2,2,1,1
00183canteen,6,24,3,3,1,1
00183canteen,6,24,4,4,1,1
00183canteen,6,24,5,5,1,1
00183canteen,6,24,6,6,1,1
00183canteen,6,24,7,7,1,1
00183canteen,6,24,8,8,1,1
00183canteen,6,24,9,9,1,1
00183canteen,6,24,10,10,1,1
00183canteen,6,24,11,11,1,1
00183canteen,6,24,12,12,1,1
00183canteen,6,24,13,13,1,1
00183canteen,6,24,14,14,1,1
00183canteen,6,24,15,15,1,1
00183canteen,6,24,16,16,1,1
00183canteen,6,24,17,17,1,1
00183canteen,6,24,18,18,1,1
00183canteen,6,24,19,19,1,1
00183canteen,6,24,20,20,1,1
00183canteen,6,24,21,21,1,1
00183canteen,6,24,22,22,1,1
00183canteen,6,24,23,23,1,1
00183canteen,6,24,24,24,1,1
00183canteen,6,24,25,25,1,1
00183canteen,6,24,26,26,1,1
00183canteen,6,24,27,27,1,1
00183canteen,6,24,28,28,1,1
00183canteen,6,24,29,29,1,1
00183canteen,6,24,30,30,1,1
00183canteen,6,24,31,31,1,1
00183canteen,6,24,32,32,1,1
00183canteen,6,24,33,33,1,1
00183canteen,6,24,34,34,1,1
00183canteen,6,24,35,35,1,1
00183canteen,6,24,36,36,1,1
00183canteen,6,24,37,37,1,1
00183canteen,6,24,38,38,1,1
00183canteen,6,24,39,39,1,1
00183canteen,6,24,40,40,1,1
00183canteen,6,24,41,41,1,1
00183canteen,6,24,42,42,1,1
00183canteen,6,24,43,43,1,1
00183canteen,6,24,44,44,1,1
00183canteen,6,24,46,46,1,1
00183canteen,6,24,47,47,1,1
00183canteen,6,24,48,48,1,1
00183canteen,6,24,49,49,1,1
00183canteen,6,24,50,50,1,1
00183canteen,6,24,51,51,1,1
00183canteen,6,24,52,52,1,1
00183canteen,6,24,53,53,1,1
00183canteen,6,24,54,54,1,1
00183canteen,6,24,55,55,1,1
00183canteen,6,24,56,56,1,1
00183canteen,6,24,57,57,1,1
00183canteen,6,24,58,58,1,1
00183canteen,6,24,59,59,1,1
00183canteen,6,24,60,60,1,1
00183canteen,6,24,61,61,1,1
00183canteen,6,24,62,62,1,1
00183canteen,6,24,63,63,1,1
00183canteen,6,24,64,64,1,1
00183canteen,6,24,65,65,1,1
00183canteen,6,24,66,66,1,1
00183canteen,6,24,67,67,1,1
00183canteen,6,24,68,68,1,1
00183canteen,6,24,69,69,1,1
00183canteen,6,24,70,70,1,1
00183canteen,6,24,71,71,1,1
00183canteen,6,24,72,72,1,1
00183canteen,6,24,73,73,1,1
00183canteen,6,24,74,74,1,1
00183canteen,6,24,75,75,1,1
00183canteen,6,24,76,76,1,1
00183canteen,6,24,77,77,1,1
00183canteen,6,24,78,78,1,1
00183canteen,6,24,79,79,1,1
00183canteen,6,24,80,80,1,1
00183canteen,6,24,81,81,1,1
00183canteen,6,24,82,82,1,1
00183canteen,6,24,83,83,1,1
00183canteen,6,24,84,84,1,1
00183canteen,6,24,85,85,1,1
00183canteen,6,24,86,86,1,1
00183canteen,6,24,87,87,1,1
00183canteen,6,24,88,88,1,1
00183canteen,6,24,89,89,1,1
00183canteen,6,24,90,90,1,1
00183canteen,6,24,91,91,1,1
00183canteen,6,24,92,92,1,1
00183canteen,6,24,93,93,1,1
00183canteen,6,24,94,94,1,1
00183canteen,6,24,95,95,1,1
00183canteen,6,24,96,96,1,1
00183canteen,6,24,97,97,1,1
00183canteen,6,24,98,98,1,1
00183canteen,6,24,99,99,1,1
00183canteen,6,24,100,100,1,1
00183canteen,6,24,101,101,1,1
00183canteen,6,24,102,102,1,1
00183canteen,6,24,103,103,1,1
00183canteen,6,24,104,104,1,1
00183canteen,6,24,105,105,1,1
00183canteen,6,24,106,106,1,1
00183canteen,6,24,107,107,1,1
00183canteen,6,24,108,108,1,1
00183canteen,6,24,109,109,1,1
00183canteen,6,24,110,110,1,1
00183canteen,6,24,111,111,1,1
00183canteen,6,24,112,112,1,1
00183canteen,6,24,113,113,1,1
00183canteen,6,24,114,114,1,1
00183canteen,6,24,115,115,1,1
00183canteen,6,24,116,116,1,1
00183canteen,6,24,117,117,1,1
00183canteen,6,24,118,118,1,1
00183canteen,6,24,119,119,1,1
00183canteen,6,24,120,120,1,1
00183canteen,6,24,121,121,1,1
00183canteen,6,24,122,122,1,1
00183canteen,6,24,123,123,1,1
00183canteen,6,24,124,124,1,1
00183canteen,6,24,125,125,1,1
00183canteen,6,24,126,126,1,1
00183canteen,6,24,127,127,1,1
00183canteen,6,24,128,128,1,1
00183canteen,6,24,129,129,1,1
00183canteen,6,24,130,130,1,1
00183canteen,6,24,131,131,1,1
00183canteen,6,24,132,132,1,1
00183canteen,6,24,133,133,1,1
00183canteen,6,24,134,134,1,1
00183canteen,6,24,135,135,1,1
00183canteen,6,24,136,136,1,1
00183canteen,6,24,137,137,1,1
00183canteen,6,24,138,138,1,1
00183canteen,6,24,139,139,1,1
00183canteen,6,24,140,140,1,1
00183canteen,6,24,141,141,1,1
00183canteen,6,24,142,142,1,1
00183canteen,6,24,143,143,1,1
00183canteen,6,24,144,144,1,1
00183canteen,6,24,145,145,1,1
00183canteen,6,24,146,146,1,1
00183canteen,6,24,147,147,1,1
00183canteen,6,24,148,148,1,1
00183canteen,6,24,149,149,1,1
00183canteen,6,24,150,150,1,1
00183canteen,6,24,151,151,1,1
00183canteen,6,24,152,152,1,1
00183canteen,6,24,153,153,1,1
00183canteen,6,24,154,154,1,1
00183canteen,6,24,155,155,1,1
00183canteen,6,24,156,156,1,1
00183canteen,6,24,157,157,1,1
00183canteen,6,24,158,158,1,1
00183canteen,6,24,159,159,1,1
00183canteen,6,24,160,160,1,1
00183canteen,6,24,161,161,1,1
00183canteen,6,24,162,162,1,1
00183canteen,6,24,163,163,1,1
00183canteen,6,24,164,164,1,1
00183canteen,6,24,165,165,1,1
00183canteen,6,24,166,166,1,1
00183canteen,6,24,167,167,1,1
00183canteen,6,24,168,168,1,1
00183canteen,6,24,169,169,1,1
00183canteen,6,24,170,170,1,1
00183canteen,6,24,171,171,1,1
00183canteen,6,24,172,172,1,1
00183canteen,6,24,173,173,1,1
00183canteen,6,24,174,174,1,1
00183canteen,6,24,175,175,1,1
00183canteen,6,24,176,176,1,1
00183canteen,6,24,177,177,1,1
00183canteen,6,24,178,178,1,1
00183canteen,6,24,179,179,1,1
00183canteen,6,24,180,180,1,1
00183canteen,6,24,181,181,1,1
00183canteen,6,24,182,182,1,1
00183canteen,6,24,183,183,1,1
00183canteen,6,24,184,184,1,1
00183canteen,6,24,185,185,1,1
00183canteen,6,24,186,186,1,1
00183canteen,6,24,187,187,1,1
00183canteen,6,24,188,188,1,1
00183canteen,6,24,189,189,1,1
00183canteen,6,24,190,190,1,1
00183canteen,6,24,191,191,1,1
00183canteen,6,24,192,192,1,1
00183canteen,6,24,193,193,1,1
00183canteen,6,24,194,194,1,1
00183canteen,6,24,195,195,1,1
00183canteen,6,24,196,196,1,1
00183canteen,6,24,197,197,1,1
00183canteen,6,24,198,198,1,1
00183canteen,6,24,199,199,1,1
00183canteen,6,24,200,200,1,1
00183canteen,6,24,201,201,1,1
00183canteen,6,24,202,202,1,1
00183canteen,6,24,203,203,1,1
00183canteen,6,24,204,204,1,1
00183canteen,6,24,205,205,1,1
00183canteen,6,24,206,206,1,1
00183canteen,6,24,207,207,1,1
00183canteen,6,24,208,208,1,1
00183canteen,6,24,209,209,1,1
00183canteen,6,24,210,210,1,1
00183canteen,6,24,211,211,1,1
00183canteen,6,24,212,212,1,1
00183canteen,6,24,213,213,1,1
00183canteen,6,24,214,214,1,1
00183canteen,6,24,215,215,1,1
00183canteen,6,24,216,216,1,1
00183canteen,6,24,217,217,1,1
00183canteen,6,24,218,218,1,1
00183canteen,6,24,219,219,1,1
00183canteen,6,24,220,220,1,1
00183canteen,6,24,221,221,1,1
00183canteen,6,24,222,222,1,1
00183canteen,6,24,223,223,1,1
00183canteen,6,24,224,224,1,1
00183canteen,6,24,225,225,1,1
00183canteen,6,24,226,226,1,1
00183canteen,6,24,227,227,1,1
00183canteen,6,24,228,228,1,1
00183canteen,6,24,229,229,1,1
00183canteen,6,24,230,230,1,1
00183canteen,6,24,231,231,1,1
00183canteen,6,24,232,232,1,1
00183canteen,6,24,233,233,1,1
00183canteen,6,24,234,234,1,1
00183canteen,6,24,235,235,1,1
00183canteen,6,24,236,236,1,1
00183canteen,6,24,237,237,1,1
00183canteen,6,24,238,238,1,1
00183canteen,6,24,239,239,1,1
00183canteen,6,24,240,240,1,1
00183canteen,6,24,241,241,1,1
00183canteen,6,24,242,242,1,1
00183canteen,6,24,243,243,1,1
00183canteen,6,24,244,244,1,1
00183canteen,6,24,245,245,1,1
00183canteen,6,24,246,246,1,1
00183canteen,6,24,247,247,1,1
00183canteen,6,24,248,248,1,1
00183canteen,6,24,249,249,1,1
00183canteen,6,24,250,250,1,1
00183canteen,6,24,251,251,1,1
00183canteen,6,24,252,252,1,1
00183canteen,6,24,253,253,1,1
00183canteen,6,24,254,254,1,1
00183canteen,6,24,255,255,1,1
00183canteen,6,24,256,256,1,1
00183canteen,6,24,257,257,1,1
00183canteen,6,24,258,258,1,1
00183canteen,6,24,259,259,1,1
00183canteen,6,24,260,260,1,1
00183canteen,6,24,261,261,1,1
00183canteen,6,24,262,262,1,1
00183canteen,6,24,263,263,1,1
00183canteen,6,24,264,264,1,1
00183canteen,6,24,265,265,1,1
00183canteen,6,24,266,266,1,1
00183canteen,6,24,267,267,1,1
00183canteen,6,24,268,268,1,1
00183canteen,6,24,269,269,1,1
00183canteen,6,24,270,270,1,1
00183canteen,6,24,271,271,1,1
00183canteen,6,24,272,272,1,1
00183canteen,6,24,273,273,1,1
00183canteen,6,24,274,274,1,1
00183canteen,6,24,275,275,1,1
00183canteen,6,24,276,276,1,1
00183canteen,6,24,277,277,1,1
00183canteen,6,24,278,278,1,1
00183canteen,6,24,279,279,1,1
00183canteen,6,24,280,280,1,1
00183canteen,6,24,281,281,1,1
00183canteen,6,24,282,282,1,1
00183canteen,6,24,283,283,1,1
00183canteen,6,24,284,284,1,1
00183canteen,6,24,285,285,1,1
00183canteen,6,24,286,286,1,1
00183canteen,6,24,287,287,1,1
00183canteen,6,24,288,288,1,1
00183canteen,6,24,289,289,1,1
00183canteen,6,24,290,290,1,1
00183canteen,6,24,291,291,1,1
00183canteen,6,24,292,292,1,1
00183canteen,6,24,293,293,1,1
00183canteen,6,24,294,294,1,1
00183canteen,6,24,295,295,1,1
00183canteen,6,24,296,296,1,1
00183canteen,6,24,297,297,1,1
00183canteen,6,24,298,298,1,1
00183canteen,6,24,299,299,1,1
00183canteen,6,24,300,300,1,1
00183canteen,6,24,301,301,1,1
00183canteen,6,24,302,302,1,1
00183canteen,6,24,303,303,1,1
00183canteen,6,24,304,304,1,1
00183canteen,6,24,306,306,1,1
00183canteen,6,24,307,307,1,1
00183canteen,6,24,309,309,1,1
00183canteen,6,24,311,311,1,1
00183canteen,6,24,315,315,1,1
00183canteen,6,24,317,317,1,1
00183canteen,6,24,318,318,1,1
00183canteen,6,24,321,321,1,1
00183canteen,6,24,323,323,1,1
00183canteen,6,24,324,324,1,1
00183canteen,6,24,331,331,1,1
00183canteen,6,24,332,332,1,1
00183canteen,6,24,333,333,1,1
00183canteen,6,24,334,334,1,1
00183canteen,6,24,335,335,1,1
00183canteen,6,24,336,336,1,1
00183canteen,6,24,337,337,1,1
00183canteen,6,24,338,338,1,1
00183canteen,6,24,339,339,1,1
00183canteen,6,24,340,340,1,1
00183canteen,6,24,341,341,1,1
00183canteen,6,24,342,342,1,1
00183canteen,6,24,343,343,1,1
00183canteen,6,24,344,344,1,1
00183canteen,6,24,345,345,1,1
00183canteen,6,24,346,346,1,1
00183canteen,6,24,347,347,1,1
00183canteen,6,24,348,348,1,1
00183canteen,6,24,349,349,1,1
00183canteen,6,24,350,350,1,1
00183canteen,6,24,351,351,1,1
00183canteen,6,24,352,352,1,1
00183canteen,6,24,353,353,1,1
00183canteen,6,24,354,354,1,1
00183canteen,6,24,355,355,1,1
00183canteen,6,24,356,356,1,1
00183canteen,6,24,357,357,1,1
00183canteen,6,24,358,358,1,1
00183canteen,6,24,359,359,1,1
00183canteen,6,24,360,360,1,1
00183canteen,6,24,361,361,1,1
00183canteen,6,24,362,362,1,1
00183canteen,6,24,363,363,1,1
00183canteen,6,24,364,364,1,1
00183canteen,6,24,365,365,1,1
00183canteen,6,24,366,366,1,1
00183canteen,6,24,367,367,1,1
00183canteen,6,24,368,368,1,1
00183canteen,6,24,369,369,1,1
00183canteen,6,24,370,370,1,1
00183canteen,6,24,371,371,1,1
00183canteen,6,24,372,372,1,1
00183canteen,6,24,373,373,1,1
00183canteen,6,24,374,374,1,1
00183canteen,6,24,375,375,1,1
00183canteen,6,24,376,376,1,1
00183canteen,6,24,377,377,1,1
00183canteen,6,24,378,378,1,1
00183canteen,6,24,379,379,1,1
00183canteen,6,24,380,380,1,1
00183canteen,6,24,381,381,1,1
00183canteen,6,24,382,382,1,1
00183canteen,6,24,383,383,1,1
00183canteen,6,24,384,384,1,1
00183canteen,6,24,385,385,1,1
00183canteen,6,24,386,386,1,1
00183canteen,6,24,387,387,1,1
00183canteen,6,24,388,388,1,1
00183canteen,6,24,389,389,1,1
00183canteen,6,24,390,390,1,1
00183canteen,6,24,391,391,1,1
00183canteen,6,24,392,392,1,1
00183canteen,6,24,393,393,1,1
00183canteen,6,24,394,394,1,1
00183canteen,6,24,395,395,1,1
00183canteen,6,24,396,396,1,1
00183canteen,6,24,397,397,1,1
00183canteen,6,24,398,398,1,1
00183canteen,6,24,399,399,1,1
00183canteen,6,24,400,400,1,1
00183canteen,6,24,401,401,1,1
00183canteen,6,24,402,402,1,1
00183canteen,6,24,403,403,1,1
00183canteen,6,24,404,404,1,1
00183canteen,6,24,405,405,1,1
00183canteen,6,24,406,406,1,1
00183canteen,6,24,407,407,1,1
00183canteen,6,24,408,408,1,1
00183canteen,6,24,409,409,1,1
00183canteen,6,24,410,410,1,1
00183canteen,6,24,411,411,1,1
00183canteen,6,24,412,412,1,1
00183canteen,6,24,413,413,1,1
00183canteen,6,24,414,414,1,1
00183canteen,6,24,415,415,1,1
00183canteen,6,24,416,416,1,1
00183canteen,6,24,417,417,1,1
00183canteen,6,24,418,418,1,1
00183canteen,6,24,419,419,1,1
00183canteen,6,24,420,420,1,1
00183canteen,6,24,421,421,1,1
00183canteen,6,24,422,422,1,1
00183canteen,6,24,423,423,1,1
00183canteen,6,24,424,424,1,1
00183canteen,6,24,425,425,1,1
00183canteen,6,24,426,426,1,1
00183canteen,6,24,427,427,1,1
00183canteen,6,24,428,428,1,1
00183canteen,6,24,429,429,1,1
00183canteen,6,24,430,430,1,1
00183canteen,6,24,431,431,1,1
00183canteen,6,24,432,432,1,1
00183canteen,6,24,433,433,1,1
00183canteen,6,24,434,434,1,1
00183canteen,6,24,435,435,1,1
00183canteen,6,24,436,436,1,1
00183canteen,6,24,437,437,1,1
00183canteen,6,24,438,438,1,1
00183canteen,6,24,439,439,1,1
00183canteen,6,24,440,440,1,1
00183canteen,6,24,441,441,1,1
00183canteen,6,24,442,442,1,1
00183canteen,6,24,443,443,1,1
00183canteen,6,24,444,444,1,1
00183canteen,6,24,445,445,1,1
00183canteen,6,24,446,446,1,1
00183canteen,6,24,447,447,1,1
00183canteen,6,24,448,448,1,1
00183canteen,6,24,449,449,1,1
00183canteen,6,24,450,450,1,1
00183canteen,6,24,460,460,1,1
00183canteen,6,24,463,463,1,1
00183canteen,6,24,464,464,1,1
00183canteen,6,24,466,466,1,1
00183canteen,6,24,469,469,1,1
00183canteen,6,24,470,470,1,1
00183canteen,6,24,473,473,1,1
00183canteen,6,24,477,477,1,1
00183canteen,6,24,488,488,1,1
00183canteen,6,24,490,490,1,1
00183canteen,6,24,492,492,1,1
00183canteen,6,24,495,495,1,1
00183canteen,6,24,503,503,1,1
00183canteen,6,24,544,544,1,1
00183canteen,8,24,1,1,1,1
00183canteen,8,24,2,2,1,1
00183canteen,8,24,3,3,1,1
00183canteen,8,24,4,4,1,1
00183canteen,8,24,5,5,1,1
00183canteen,8,24,6,6,1,1
00183canteen,8,24,7,7,1,1
00183canteen,8,24,8,8,1,1
00183canteen,8,24,9,9,1,1
00183canteen,8,24,10,10,1,1
00183canteen,8,24,11,11,1,1
00183canteen,8,24,12,12,1,1
00183canteen,8,24,13,13,1,1
00183canteen,8,24,14,14,1,1
00183canteen,8,24,15,15,1,1
00183canteen,8,24,16,16,1,1
00183canteen,8,24,17,17,1,1
00183canteen,8,24,18,18,1,1
00183canteen,8,24,19,19,1,1
00183canteen,8,24,20,20,1,1
00183canteen,8,24,21,21,1,1
00183canteen,8,24,22,22,1,1
00183canteen,8,24,23,23,1,1
00183canteen,8,24,24,24,1,1
00183canteen,8,24,25,25,1,1
00183canteen,8,24,26,26,1,1
00183canteen,8,24,27,27,1,1
00183canteen,8,24,28,28,1,1
00183canteen,8,24,29,29,1,1
00183canteen,8,24,30,30,1,1
00183canteen,8,24,31,31,1,1
00183canteen,8,24,32,32,1,1
00183canteen,8,24,33,33,1,1
00183canteen,8,24,34,34,1,1
00183canteen,8,24,35,35,1,1
00183canteen,8,24,36,36,1,1
00183canteen,8,24,37,37,1,1
00183canteen,8,24,38,38,1,1
00183canteen,8,24,39,39,1,1
00183canteen,8,24,40,40,1,1
00183canteen,8,24,41,41,1,1
00183canteen,8,24,64,64,1,1
00183canteen,8,24,65,65,1,1
00183canteen,8,24,67,67,1,1
00183canteen,8,24,68,68,1,1
00183canteen,8,24,69,69,1,1
00183canteen,8,24,70,70,1,1
00183canteen,8,24,71,71,1,1
00183canteen,8,24,72,72,1,1
00183canteen,8,24,73,73,1,1
00183canteen,8,24,93,93,1,1
00183canteen,8,24,94,94,1,1
00183canteen,8,24,95,95,1,1
00183canteen,8,24,96,96,1,1
00183canteen,8,24,98,98,1,1
00183canteen,8,24,99,99,1,1
00183canteen,8,24,100,100,1,1
00183canteen,8,24,102,102,1,1
00183canteen,8,24,103,103,1,1
00183canteen,8,24,104,104,1,1
00183canteen,8,24,106,106,1,1
00183canteen,8,24,107,107,1,1
00183canteen,8,24,108,108,1,1
00183canteen,8,24,109,109,1,1
00183canteen,8,24,110,110,1,1
00183canteen,8,24,111,111,1,1
00183canteen,8,24,112,112,1,1
00183canteen,8,24,139,139,1,1
00183canteen,8,24,141,141,1,1
00183canteen,8,24,142,142,1,1
00183canteen,8,24,143,143,1,1
00183canteen,8,24,145,145,1,1
00183canteen,8,24,148,148,1,1
00183canteen,8,24,149,149,1,1
00183canteen,8,24,150,150,1,1
00183canteen,8,24,151,151,1,1
00183canteen,8,24,152,152,1,1
00183canteen,8,24,153,153,1,1
00183canteen,8,24,154,154,1,1
00183canteen,8,24,155,155,1,1
00183canteen,8,24,156,156,1,1
00183canteen,8,24,157,157,1,1
00183canteen,8,24,158,158,1,1
00183canteen,8,24,159,159,1,1
00183canteen,8,24,160,160,1,1
00183canteen,8,24,161,161,1,1
00183canteen,8,24,162,162,1,1
00183canteen,8,24,163,163,1,1
00183canteen,8,24,164,164,1,1
00183canteen,8,24,165,165,1,1
00183canteen,8,24,166,166,1,1
00183canteen,8,24,167,167,1,1
00183canteen,8,24,168,168,1,1
00183canteen,8,24,169,169,1,1
00183canteen,8,24,170,170,1,1
00183canteen,8,24,171,171,1,1
00183canteen,8,24,172,172,1,1
00183canteen,8,24,173,173,1,1
00183canteen,8,24,174,174,1,1
00183canteen,8,24,175,175,1,1
00183canteen,8,24,176,176,1,1
00183canteen,8,24,177,177,1,1
00183canteen,8,24,178,178,1,1
00183canteen,8,24,179,179,1,1
00183canteen,8,24,180,180,1,1
00183canteen,8,24,181,181,1,1
00183canteen,8,24,182,182,1,1
00183canteen,8,24,183,183,1,1
00183canteen,8,24,184,184,1,1
00183canteen,8,24,185,185,1,1
00183canteen,8,24,186,186,1,1
00183canteen,8,24,187,187,1,1
00183canteen,8,24,188,188,1,1
00183canteen,8,24,189,189,1,1
00183canteen,8,24,190,190,1,1
00183canteen,8,24,191,191,1,1
00183canteen,8,24,192,192,1,1
00183canteen,8,24,193,193,1,1
00183canteen,8,24,194,194,1,1
00183canteen,8,24,195,195,1,1
00183canteen,8,24,196,196,1,1
00183canteen,8,24,197,197,1,1
00183canteen,8,24,198,198,1,1
00183canteen,8,24,199,199,1,1
00183canteen,8,24,200,200,1,1
00183canteen,8,24,201,201,1,1
00183canteen,8,24,202,202,1,1
00183canteen,8,24,203,203,1,1
00183canteen,8,24,204,204,1,1
00183canteen,8,24,205,205,1,1
00183canteen,8,24,206,206,1,1
00183canteen,8,24,207,207,1,1
00183canteen,8,24,208,208,1,1
00183canteen,8,24,209,209,1,1
00183canteen,8,24,210,210,1,1
00183canteen,8,24,211,212,2,1
00183canteen,8,24,213,214,2,1
00183canteen,8,24,215,215,1,1
00183canteen,8,24,216,216,1,1
00183canteen,8,24,217,217,1,1
00183canteen,8,24,218,218,1,1
00183canteen,8,24,219,219,1,1
00183canteen,8,24,220,220,1,1
00183canteen,8,24,221,221,1,1
00183canteen,8,24,222,222,1,1
00183canteen,8,24,223,223,1,1
00183canteen,8,24,224,224,1,1
00183canteen,8,24,225,225,1,1
00183canteen,8,24,226,226,1,1
00183canteen,8,24,227,231,5,1
00183canteen,8,24,232,232,1,1
00183canteen,8,24,233,233,1,1
00183canteen,8,24,234,234,1,1
00183canteen,8,24,235,235,1,1
00183canteen,8,24,236,236,1,1
00183canteen,8,24,237,237,1,1
00183canteen,8,24,238,241,4,1
00183canteen,8,24,242,242,1,1
00183canteen,8,24,243,243,1,1
00183canteen,8,24,244,244,1,1
00183canteen,8,24,245,245,1,1
00183canteen,8,24,246,246,1,1
00183canteen,8,24,247,247,1,1
00183canteen,8,24,248,248,1,1
00183canteen,8,24,249,249,1,1
00183canteen,8,24,250,250,1,1
00183canteen,8,24,251,251,1,1
00183canteen,8,24,252,252,1,1
00183canteen,8,24,253,253,1,1
00183canteen,8,24,254,254,1,1
00183canteen,8,24,255,255,1,1
00183canteen,8,24,256,256,1,1
00183canteen,8,24,257,257,1,1
00183canteen,8,24,258,258,1,1
00183canteen,8,24,259,259,1,1
00183canteen,8,24,260,260,1,1
00183canteen,8,24,261,261,1,1
00183canteen,8,24,262,262,1,1
00183canteen,8,24,263,263,1,1
00183canteen,8,24,264,264,1,1
00183canteen,8,24,265,265,1,1
00183canteen,8,24,266,266,1,1
00183canteen,8,24,267,267,1,1
00183canteen,8,24,268,268,1,1
00183canteen,8,24,269,269,1,1
00183canteen,8,24,270,270,1,1
00183canteen,8,24,271,271,1,1
00183canteen,8,24,272,272,1,1
00183canteen,8,24,273,273,1,1
00183canteen,8,24,274,274,1,1
00183canteen,8,24,275,275,1,1
00183canteen,8,24,276,276,1,1
00183canteen,8,24,277,277,1,1
00183canteen,8,24,278,278,1,1
00183canteen,8,24,279,279,1,1
00183canteen,8,24,280,280,1,1
00183canteen,8,24,281,281,1,1
00183canteen,8,24,282,282,1,1
00183canteen,8,24,283,283,1,1
00183canteen,8,24,284,284,1,1
00183canteen,8,24,285,285,1,1
00183canteen,8,24,286,286,1,1
00183canteen,8,24,287,287,1,1
00183canteen,8,24,288,288,1,1
00183canteen,8,24,289,289,1,1
00183canteen,8,24,290,290,1,1
00183canteen,8,24,291,291,1,1
00183canteen,8,24,292,292,1,1
00183canteen,8,24,293,293,1,1
00183canteen,8,24,294,294,1,1
00183canteen,8,24,295,295,1,1
00183canteen,8,24,296,296,1,1
00183canteen,8,24,297,297,1,1
00183canteen,8,24,298,298,1,1
00183canteen,8,24,299,299,1,1
00183canteen,8,24,300,300,1,1
00183canteen,8,24,301,301,1,1
00183canteen,8,24,302,302,1,1
00183canteen,8,24,303,303,1,1
00183canteen,8,24,304,304,1,1
00183canteen,8,24,305,305,1,1
00183canteen,8,24,306,306,1,1
00183canteen,8,24,307,307,1,1
00183canteen,8,24,308,308,1,1
00183canteen,8,24,309,309,1,1
00183canteen,8,24,310,310,1,1
00183canteen,8,24,311,311,1,1
00183canteen,8,24,312,312,1,1
00183canteen,8,24,313,313,1,1
00183canteen,8,24,314,314,1,1
00183canteen,8,24,315,315,1,1
00183canteen,8,24,316,316,1,1
00183canteen,8,24,317,317,1,1
00183canteen,8,24,318,318,1,1
00183canteen,8,24,319,319,1,1
00183canteen,8,24,320,320,1,1
00183canteen,8,24,321,321,1,1
00183canteen,8,24,322,322,1,1
00183canteen,8,24,323,323,1,1
00183canteen,8,24,324,324,1,1
00183canteen,8,24,325,325,1,1
00183canteen,8,24,326,326,1,1
00183canteen,8,24,327,327,1,1
00183canteen,8,24,328,328,1,1
00183canteen,8,24,329,329,1,1
00183canteen,8,24,330,330,1,1
00183canteen,8,24,331,331,1,1
00183canteen,8,24,332,332,1,1
00183canteen,8,24,333,333,1,1
00183canteen,8,24,334,334,1,1
00183canteen,8,24,335,335,1,1
00183canteen,8,24,336,336,1,1
00183canteen,8,24,337,337,1,1
00183canteen,8,24,338,338,1,1
00183canteen,8,24,339,339,1,1
00183canteen,8,24,340,340,1,1
00183canteen,8,24,341,341,1,1
00183canteen,8,24,342,342,1,1
00183canteen,8,24,343,343,1,1
00183canteen,8,24,344,344,1,1
00183canteen,8,24,345,345,1,1
00183canteen,8,24,346,346,1,1
00183canteen,8,24,347,347,1,1
00183canteen,8,24,348,348,1,1
00183canteen,8,24,349,349,1,1
00183canteen,8,24,350,350,1,1
00183canteen,8,24,351,351,1,1
00183canteen,8,24,352,352,1,1
00183canteen,8,24,353,353,1,1
00183canteen,8,24,354,354,1,1
00183canteen,8,24,355,355,1,1
00183canteen,8,24,356,356,1,1
00183canteen,8,24,357,357,1,1
00183canteen,8,24,358,358,1,1
00183canteen,8,24,359,359,1,1
00183canteen,8,24,360,360,1,1
00183canteen,8,24,361,361,1,1
00183canteen,8,24,362,362,1,1
00183canteen,8,24,363,363,1,1
00183canteen,8,24,364,364,1,1
00183canteen,8,24,365,365,1,1
00183canteen,8,24,366,366,1,1
00183canteen,8,24,367,367,1,1
00183canteen,8,24,368,368,1,1
00183canteen,8,24,369,369,1,1
00183canteen,8,24,370,370,1,1
00183canteen,8,24,371,371,1,1
00183canteen,8,24,372,372,1,1
00183canteen,8,24,373,373,1,1
00183canteen,8,24,374,374,1,1
00183canteen,8,24,375,375,1,1
00183canteen,8,24,376,376,1,1
00183canteen,8,24,377,377,1,1
00183canteen,8,24,378,378,1,1
00183canteen,8,24,379,379,1,1
00183canteen,8,24,380,380,1,1
00183canteen,8,24,381,381,1,1
00183canteen,8,24,382,382,1,1
00183canteen,8,24,383,383,1,1
00183canteen,8,24,384,384,1,1
00183canteen,8,24,385,385,1,1
00183canteen,8,24,386,386,1,1
00183canteen,8,24,387,387,1,1
00183canteen,8,24,388,388,1,1
00183canteen,8,24,389,389,1,1
00183canteen,8,24,390,390,1,1
00183canteen,8,24,391,391,1,1
00183canteen,8,24,392,392,1,1
00183canteen,8,24,393,393,1,1
00183canteen,8,24,394,394,1,1
00183canteen,8,24,395,395,1,1
00183canteen,8,24,396,396,1,1
00183canteen,8,24,397,397,1,1
00183canteen,8,24,398,398,1,1
00183canteen,8,24,399,399,1,1
00183canteen,8,24,400,400,1,1
00183canteen,8,24,401,401,1,1
00183canteen,8,24,402,402,1,1
00183canteen,8,24,403,403,1,1
00183canteen,8,24,404,404,1,1
00183canteen,8,24,405,405,1,1
00183canteen,8,24,406,406,1,1
00183canteen,8,24,407,407,1,1
00183canteen,8,24,408,408,1,1
00183canteen,8,24,409,409,1,1
00183canteen,8,24,410,410,1,1
00183canteen,8,24,411,411,1,1
00183canteen,8,24,412,412,1,1
00183canteen,8,24,413,413,1,1
00183canteen,8,24,414,414,1,1
00183canteen,8,24,415,415,1,1
00183canteen,8,24,416,416,1,1
00183canteen,8,24,417,417,1,1
00183canteen,8,24,418,418,1,1
00183canteen,8,24,419,419,1,1
00183canteen,8,24,420,420,1,1
00183canteen,8,24,421,421,1,1
00183canteen,8,24,422,422,1,1
00183canteen,8,24,423,423,1,1
00183canteen,8,24,424,424,1,1
00183canteen,8,24,425,425,1,1
00183canteen,8,24,426,426,1,1
00183canteen,8,24,427,427,1,1
00183canteen,8,24,428,428,1,1
00183canteen,8,24,429,429,1,1
00183canteen,8,24,430,430,1,1
00183canteen,8,24,431,431,1,1
00183canteen,8,24,432,432,1,1
00183canteen,8,24,433,433,1,1
00183canteen,8,24,434,434,1,1
00183canteen,8,24,435,435,1,1
00183canteen,8,24,436,436,1,1
00183canteen,8,24,437,437,1,1
00183canteen,8,24,438,438,1,1
00183canteen,8,24,439,439,1,1
00183canteen,8,24,440,440,1,1
00183canteen,8,24,441,441,1,1
00183canteen,8,24,442,442,1,1
00183canteen,8,24,443,443,1,1
00183canteen,8,24,444,444,1,1
00183canteen,8,24,445,445,1,1
00183canteen,8,24,446,446,1,1
00183canteen,8,24,447,447,1,1
00183canteen,8,24,448,448,1,1
00183canteen,8,24,449,449,1,1
00183canteen,8,24,450,450,1,1
00183canteen,8,24,451,451,1,1
00183canteen,8,24,452,452,1,1
00183canteen,8,24,453,453,1,1
00183canteen,8,24,454,454,1,1
00183canteen,8,24,455,455,1,1
00183canteen,8,24,456,456,1,1
00183canteen,8,24,457,457,1,1
00183canteen,8,24,458,458,1,1
00183canteen,8,24,459,459,1,1
00183canteen,8,24,460,460,1,1
00183canteen,8,24,461,461,1,1
00183canteen,8,24,462,462,1,1
00183canteen,8,24,463,463,1,1
00183canteen,8,24,464,464,1,1
00183canteen,8,24,465,465,1,1
00183canteen,8,24,466,466,1,1
00183canteen,8,24,467,467,1,1
00183canteen,8,24,468,468,1,1
00183canteen,8,24,469,469,1,1
00183canteen,8,24,470,470,1,1
00183canteen,8,24,471,471,1,1
00183canteen,8,24,472,472,1,1
00183canteen,8,24,473,473,1,1
00183canteen,8,24,474,474,1,1
00183canteen,8,24,475,475,1,1
00183canteen,8,24,476,476,1,1
00183canteen,8,24,477,477,1,1
00183canteen,8,24,478,478,1,1
00183canteen,8,24,479,479,1,1
00183canteen,8,24,480,481,2,1
00183canteen,8,24,482,482,1,1
00183canteen,8,24,483,483,1,1
00183canteen,8,24,484,484,1,1
00183canteen,8,24,485,485,1,1
00183canteen,8,24,486,486,1,1
00183canteen,8,24,487,487,1,1
00183canteen,8,24,488,488,1,1
00183canteen,8,24,489,489,1,1
00183canteen,8,24,490,490,1,1
00183canteen,8,24,491,491,1,1
00183canteen,8,24,492,492,1,1
00183canteen,8,24,493,494,2,1
00183canteen,8,24,495,495,1,1
00183canteen,8,24,496,496,1,1
00183canteen,8,24,497,497,1,1
00183canteen,8,24,498,498,1,1
00183canteen,8,24,499,499,1,1
00183canteen,8,24,500,500,1,1
00183canteen,8,24,501,501,1,1
00183canteen,8,24,502,502,1,1
00183canteen,8,24,503,503,1,1
00183canteen,8,24,504,504,1,1
00183canteen,8,24,505,505,1,1
00183canteen,8,24,506,506,1,1
00183canteen,8,24,507,507,1,1
00183canteen,8,24,508,508,1,1
00183canteen,8,24,509,509,1,1
00183canteen,8,24,510,510,1,1
00183canteen,8,24,511,511,1,1
00183canteen,8,24,512,512,1,1
00183canteen,8,24,513,513,1,1
00183canteen,8,24,514,514,1,1
00183canteen,8,24,515,515,1,1
00183canteen,8,24,516,516,1,1
00183canteen,8,24,517,517,1,1
00183canteen,8,24,518,518,1,1
00183canteen,8,24,519,519,1,1
00183canteen,8,24,520,520,1,1
00183canteen,8,24,521,521,1,1
00183canteen,8,24,522,522,1,1
00183canteen,8,24,523,523,1,1
00183canteen,8,24,524,524,1,1
00183canteen,8,24,525,525,1,1
00183canteen,8,24,526,526,1,1
00183canteen,8,24,527,527,1,1
00183canteen,8,24,528,528,1,1
00183canteen,8,24,529,529,1,1
00183canteen,8,24,530,530,1,1
00183canteen,8,24,531,531,1,1
00183canteen,8,24,532,532,1,1
00183canteen,8,24,533,533,1,1
00183canteen,8,24,534,534,1,1
00183canteen,8,24,535,535,1,1
00183canteen,8,24,536,536,1,1
00183canteen,8,24,537,537,1,1
00183canteen,8,24,538,538,1,1
00183canteen,8,24,539,539,1,1
00183canteen,8,24,540,540,1,1
00183canteen,8,24,541,541,1,1
00183canteen,8,24,542,542,1,1
00183canteen,8,24,543,543,1,1
00183canteen,8,24,544,544,1,1
00183canteen,8,24,560,560,1,1
00183canteen,8,24,561,561,1,1
00183canteen,8,24,562,562,1,1
00183canteen,8,24,563,563,1,1
00183canteen,8,24,564,564,1,1
00183canteen,8,24,565,565,1,1
00183canteen,8,24,566,566,1,1
00183canteen,8,24,567,567,1,1
00183canteen,8,24,568,568,1,1
00183canteen,8,24,569,569,1,1
00183canteen,8,24,570,570,1,1
00183canteen,8,24,571,571,1,1
00183canteen,8,24,572,572,1,1
00183canteen,8,24,573,573,1,1
00183canteen,8,24,574,574,1,1
00183canteen,8,24,575,575,1,1
00183canteen,8,24,576,576,1,1
00183canteen,8,24,577,577,1,1
00183canteen,8,24,578,578,1,1
00183canteen,8,24,579,579,1,1
00183canteen,8,24,580,580,1,1
00183canteen,8,24,581,581,1,1
00183canteen,8,24,582,582,1,1
00183canteen,8,24,583,583,1,1
00183canteen,8,24,584,584,1,1
00183canteen,8,24,585,585,1,1
00183canteen,8,24,586,586,1,1
00183canteen,8,24,587,587,1,1
00183canteen,8,24,588,588,1,1
00183canteen,8,24,589,589,1,1
00183canteen,8,24,590,590,1,1
00183canteen,8,24,591,591,1,1
00183canteen,8,24,592,592,1,1
00183canteen,8,24,593,593,1,1
00183canteen,8,24,594,594,1,1
00183canteen,8,24,595,595,1,1
00183canteen,8,24,596,596,1,1
00183canteen,8,24,597,597,1,1
00183canteen,8,24,598,598,1,1
00183canteen,8,24,599,599,1,1
00183canteen,8,24,600,600,1,1
00183canteen,8,24,601,601,1,1
00183canteen,8,24,602,602,1,1
00183canteen,8,24,603,603,1,1
00183canteen,8,24,604,604,1,1
00183canteen,8,24,605,605,1,1
00183canteen,8,24,606,606,1,1
00183canteen,8,24,607,607,1,1
00183canteen,8,24,608,608,1,1
00183canteen,8,24,609,609,1,1
00183canteen,8,24,610,610,1,1
00183canteen,8,24,611,611,1,1
00183canteen,8,24,612,612,1,1
00183canteen,8,24,613,613,1,1
00183canteen,8,24,614,614,1,1
00183canteen,8,24,615,615,1,1
00183canteen,8,24,616,616,1,1
00183canteen,8,24,617,617,1,1
00183canteen,8,24,618,618,1,1
00183canteen,8,24,619,619,1,1
00183canteen,8,24,620,620,1,1
00183canteen,8,24,621,621,1,1
00183canteen,8,24,622,622,1,1
00183canteen,8,24,623,623,1,1
00183canteen,8,24,624,624,1,1
00183canteen,8,24,625,625,1,1
00183canteen,8,24,626,626,1,1
00183canteen,8,24,627,627,1,1
00183canteen,8,24,628,628,1,1
00183canteen,8,24,629,629,1,1
00183canteen,8,24,630,630,1,1
00183canteen,8,24,631,631,1,1
00183canteen,8,24,632,632,1,1
00183canteen,8,24,633,633,1,1
00183canteen,8,24,634,634,1,1
00183canteen,8,24,635,635,1,1
00183canteen,8,24,636,636,1,1
00183canteen,8,24,637,637,1,1
00183canteen,8,24,638,638,1,1
00183canteen,8,24,639,639,1,1
00183canteen,8,24,640,640,1,1
00183canteen,8,24,641,641,1,1
00183canteen,8,24,642,642,1,1
00183canteen,8,24,643,643,1,1
00183canteen,8,24,644,644,1,1
00183canteen,8,24,645,645,1,1
00183canteen,8,24,646,646,1,1
00183canteen,8,24,647,647,1,1
00183canteen,8,24,648,648,1,1
00183canteen,8,24,649,649,1,1
00183canteen,8,24,650,650,1,1
00183canteen,8,24,651,651,1,1
00183canteen,8,24,652,652,1,1
00183canteen,8,24,653,653,1,1
00183canteen,8,24,654,654,1,1
00183canteen,8,24,655,655,1,1
00183canteen,8,24,656,656,1,1
00183canteen,8,24,657,657,1,1
00183canteen,8,24,658,658,1,1
00183canteen,8,24,659,659,1,1
00183canteen,8,24,660,660,1,1
00183canteen,8,24,661,661,1,1
00183canteen,8,24,662,662,1,1
00183canteen,8,24,663,663,1,1
00183canteen,8,24,664,664,1,1
00183canteen,8,24,665,665,1,1
00183canteen,8,24,666,666,1,1
00183canteen,8,24,667,667,1,1
00183canteen,8,24,668,668,1,1
00183canteen,8,24,669,669,1,1
00183canteen,8,24,670,670,1,1
00183canteen,8,24,671,671,1,1
00183canteen,8,24,672,672,1,1
00183canteen,8,24,673,673,1,1
00183canteen,8,24,674,674,1,1
00183canteen,8,24,675,675,1,1
00183canteen,8,24,676,676,1,1
00183canteen,8,24,677,677,1,1
00183canteen,8,24,678,678,1,1
00183canteen,8,24,679,679,1,1
00183canteen,8,24,680,680,1,1
00183canteen,8,24,681,681,1,1
00183canteen,8,24,682,682,1,1
00183canteen,8,24,683,683,1,1
00183canteen,8,24,684,684,1,1
00183canteen,8,24,685,685,1,1
00183canteen,8,24,686,686,1,1
00183canteen,8,24,687,687,1,1
00183canteen,8,24,688,688,1,1
00183canteen,8,24,689,689,1,1
00183canteen,8,24,690,690,1,1
00183canteen,8,24,691,691,1,1
00183canteen,8,24,692,692,1,1
00183canteen,8,24,693,693,1,1
00183canteen,8,24,694,694,1,1
00183canteen,8,24,695,695,1,1
00183canteen,8,24,696,696,1,1
00183canteen,8,24,697,697,1,1
00183canteen,8,24,698,698,1,1
00183canteen,8,24,699,699,1,1
00183canteen,8,24,700,700,1,1
00183canteen,8,24,701,701,1,1
00183canteen,8,24,702,702,1,1
00183canteen,8,24,703,703,1,1
00183canteen,8,24,704,704,1,1
00183canteen,8,24,705,705,1,1
00183canteen,8,24,706,706,1,1
00183canteen,8,24,707,707,1,1
00183canteen,8,24,708,708,1,1
00183canteen,8,24,709,709,1,1
00183canteen,8,24,710,710,1,1
00183canteen,8,24,711,711,1,1
00183canteen,8,24,712,712,1,1
00183canteen,8,24,713,713,1,1
00183canteen,8,24,714,714,1,1
00183canteen,8,24,715,715,1,1
00183canteen,8,24,716,716,1,1
00183canteen,8,24,717,717,1,1
00183canteen,8,24,718,718,1,1
00183canteen,8,24,719,719,1,1
00183canteen,8,24,720,720,1,1
00183canteen,8,24,721,721,1,1
00183canteen,8,24,722,722,1,1
00183canteen,8,24,723,723,1,1
00183canteen,8,24,724,724,1,1
00183canteen,8,24,725,725,1,1
00183canteen,8,24,726,726,1,1
00183canteen,8,24,727,727,1,1
00183canteen,8,24,728,728,1,1
00183canteen,8,24,729,729,1,1
00183canteen,8,24,730,730,1,1
00183canteen,8,24,731,731,1,1
00183canteen,8,24,732,732,1,1
00183canteen,8,24,733,733,1,1
00183canteen,8,24,734,734,1,1
00183canteen,8,24,735,735,1,1
00183canteen,8,24,736,736,1,1
00183canteen,8,24,737,737,1,1
00183canteen,8,24,738,738,1,1
00183canteen,8,24,739,739,1,1
00183canteen,8,24,740,740,1,1
00183canteen,8,24,741,741,1,1
00183canteen,8,24,742,742,1,1
00183canteen,8,24,743,743,1,1
00183canteen,8,24,744,744,1,1
00183canteen,8,24,745,745,1,1
00183canteen,8,24,746,746,1,1
00183canteen,8,24,747,747,1,1
00183canteen,8,24,748,748,1,1
00183canteen,8,24,749,749,1,1
00183canteen,8,24,750,750,1,1
00183canteen,8,24,751,751,1,1
00183canteen,8,24,752,752,1,1
00183canteen,8,24,753,753,1,1
00183canteen,8,24,754,754,1,1
00183canteen,8,24,755,755,1,1
00183canteen,8,24,756,756,1,1
00183canteen,8,24,757,757,1,1
00183canteen,8,24,758,758,1,1
00183canteen,8,24,759,759,1,1
00183canteen,8,24,760,760,1,1
00183canteen,8,24,761,761,1,1
00183canteen,8,24,762,762,1,1
00183canteen,8,24,763,763,1,1
00183canteen,8,24,764,764,1,1
00183canteen,8,24,765,765,1,1
00183canteen,8,24,766,766,1,1
00183canteen,8,24,767,767,1,1
00183canteen,8,24,768,768,1,1
00183canteen,8,24,769,769,1,1
00183canteen,8,24,770,770,1,1
00183canteen,8,24,771,771,1,1
00183canteen,8,24,772,772,1,1
00183canteen,8,24,773,773,1,1
00183canteen,8,24,774,774,1,1
00183canteen,8,24,775,775,1,1
00183canteen,8,24,776,776,1,1
00183canteen,8,24,777,777,1,1
00183canteen,8,24,778,778,1,1
00183canteen,8,24,779,779,1,1
00183canteen,8,24,780,780,1,1
00183canteen,8,24,781,781,1,1
00183canteen,8,24,782,782,1,1
00183canteen,8,24,783,783,1,1
00183canteen,8,24,784,784,1,1
00183canteen,8,24,785,785,1,1
00183canteen,8,24,786,786,1,1
00183canteen,8,24,787,787,1,1
00183canteen,8,24,788,788,1,1
00183canteen,8,24,789,789,1,1
00183canteen,8,24,790,790,1,1
00183canteen,8,24,791,791,1,1
00183canteen,8,24,792,792,1,1
00183canteen,8,24,793,793,1,1
00183canteen,8,24,794,794,1,1
00183canteen,8,24,795,795,1,1
00183canteen,8,24,796,796,1,1
00183canteen,8,24,797,797,1,1
00183canteen,8,24,798,798,1,1
00183canteen,8,24,799,799,1,1
00183canteen,8,24,800,800,1,1
00183canteen,8,24,801,801,1,1
00183canteen,8,24,802,802,1,1
00183canteen,8,24,803,803,1,1
00183canteen,8,24,804,804,1,1
00183canteen,8,24,805,805,1,1
00183canteen,8,24,806,806,1,1
00183canteen,8,24,807,807,1,1
00183canteen,8,24,808,808,1,1
00183canteen,8,24,809,809,1,1
00183canteen,8,24,810,810,1,1
00183canteen,8,24,811,811,1,1
00183canteen,8,24,812,812,1,1
00183canteen,8,24,813,813,1,1
00183canteen,8,24,814,814,1,1
00183canteen,8,24,815,815,1,1
00183canteen,8,24,816,816,1,1
00183canteen,8,24,817,817,1,1
00183canteen,8,24,818,818,1,1
00183canteen,8,24,819,819,1,1
00183canteen,8,24,820,820,1,1
00183canteen,8,24,821,821,1,1
00183canteen,8,24,822,822,1,1
00183canteen,8,24,823,823,1,1
00183canteen,8,24,824,824,1,1
00183canteen,8,24,825,825,1,1
00183canteen,8,24,826,826,1,1
00183canteen,8,24,827,827,1,1
00183canteen,8,24,828,828,1,1
00183canteen,8,24,829,829,1,1
00183canteen,8,24,830,830,1,1
00183canteen,8,24,831,831,1,1
00183canteen,8,24,832,832,1,1
00183canteen,8,24,833,833,1,1
00183canteen,8,24,834,834,1,1
00183canteen,8,24,835,835,1,1
00183canteen,8,24,836,836,1,1
00183canteen,8,24,837,837,1,1
00183canteen,8,24,838,838,1,1
00183canteen,8,24,839,839,1,1
00183canteen,8,24,840,840,1,1
00183canteen,8,24,841,841,1,1
00183canteen,8,24,842,842,1,1
00183canteen,8,24,843,843,1,1
00183canteen,8,24,844,844,1,1
00183canteen,8,24,845,845,1,1
00183canteen,8,24,846,846,1,1
00183canteen,8,24,847,847,1,1
00183canteen,8,24,848,848,1,1
00183canteen,8,24,849,849,1,1
00183canteen,8,24,850,850,1,1
00183canteen,8,24,851,851,1,1
00183canteen,8,24,852,852,1,1
00183canteen,8,24,853,853,1,1
00183canteen,8,24,854,854,1,1
00183canteen,8,24,855,855,1,1
00183canteen,8,24,856,856,1,1
00183canteen,8,24,857,857,1,1
00183canteen,8,24,858,858,1,1
00183canteen,8,24,859,859,1,1
00183canteen,8,24,860,860,1,1
00183canteen,8,24,861,861,1,1
00183canteen,8,24,862,862,1,1
00183canteen,8,24,863,863,1,1
00183canteen,8,24,864,864,1,1
00183canteen,8,24,865,865,1,1
00183canteen,8,24,866,866,1,1
00183canteen,8,24,867,867,1,1
00183canteen,8,24,868,868,1,1
00183canteen,8,24,869,869,1,1
00183canteen,8,24,870,870,1,1
00183canteen,8,24,871,871,1,1
00183canteen,8,24,872,872,1,1
00183canteen,8,24,873,873,1,1
00183canteen,8,24,874,874,1,1
00183canteen,8,24,875,875,1,1
00183canteen,8,24,876,876,1,1
00183canteen,8,24,877,877,1,1
00183canteen,8,24,878,878,1,1
00183canteen,8,24,879,879,1,1
00183canteen,8,24,880,880,1,1
00183canteen,8,24,881,881,1,1
00183canteen,8,24,882,882,1,1
00183canteen,8,24,883,883,1,1
00183canteen,8,24,884,884,1,1
00183canteen,8,24,885,885,1,1
00183canteen,8,24,886,886,1,1
00183canteen,8,24,887,887,1,1
00183canteen,8,24,888,888,1,1
00183canteen,8,24,889,889,1,1
00183canteen,8,24,890,890,1,1
00183canteen,8,24,891,891,1,1
00183canteen,8,24,892,892,1,1
00183canteen,8,24,893,893,1,1
00183canteen,8,24,894,894,1,1
00183canteen,8,24,895,895,1,1
00183canteen,8,24,896,896,1,1
00183canteen,8,24,897,897,1,1
00183canteen,8,24,898,898,1,1
00183canteen,8,24,899,899,1,1
00183canteen,8,24,900,900,1,1
00183canteen,8,24,901,901,1,1
00183canteen,8,24,902,902,1,1
00183canteen,8,24,903,903,1,1
00183canteen,8,24,904,904,1,1
00183canteen,8,24,905,905,1,1
00183canteen,8,24,906,906,1,1
00183canteen,8,24,907,907,1,1
00183canteen,8,24,908,908,1,1
00183canteen,8,24,909,909,1,1
00183canteen,8,24,910,910,1,1
00183canteen,8,24,911,911,1,1
00183canteen,8,24,912,912,1,1
00183canteen,8,24,913,913,1,1
00183canteen,8,24,914,914,1,1
00183canteen,8,24,915,915,1,1
00183canteen,8,24,916,916,1,1
00183canteen,8,24,917,917,1,1
00183canteen,8,24,918,918,1,1
00183canteen,8,24,919,919,1,1
00183canteen,8,24,920,920,1,1
00183canteen,8,24,921,921,1,1
00183canteen,8,24,922,922,1,1
00183canteen,8,24,923,923,1,1
00183canteen,8,24,924,924,1,1
00183canteen,8,24,925,925,1,1
00183canteen,8,24,926,926,1,1
00183canteen,8,24,927,927,1,1
00183canteen,8,24,928,928,1,1
00183canteen,8,24,929,929,1,1
00183canteen,8,24,930,930,1,1
00183canteen,8,24,931,931,1,1
00183canteen,8,24,932,932,1,1
00183canteen,8,24,933,1201,269,1
00183canteen,9,5,90,90,1,1
00183canteen,9,5,506,506,1,1
00183canteen,9,5,509,509,1,1
00183canteen,9,5,510,510,1,1
00183canteen,9,5,511,511,1,1
00183canteen,9,5,512,512,1,1
00183canteen,9,5,514,514,1,1
00183canteen,9,5,515,515,1,1
00183canteen,9,5,516,516,1,1
00183canteen,9,5,517,517,1,1
00183canteen,9,5,518,518,1,1
00183canteen,9,5,519,519,1,1
00183canteen,9,5,520,520,1,1
00183canteen,9,5,521,521,1,1
00183canteen,9,5,522,522,1,1
00183canteen,9,5,523,523,1,1
00183canteen,9,5,524,524,1,1
00183canteen,9,5,525,525,1,1
00183canteen,9,5,526,526,1,1
00183canteen,9,5,527,527,1,1
00183canteen,9,5,528,528,1,1
00183canteen,9,5,529,529,1,1
00183canteen,9,5,530,530,1,1
00183canteen,9,5,531,531,1,1
00183canteen,9,5,538,538,1,1
00183canteen,9,5,541,541,1,1
00183canteen,9,5,542,542,1,1
00183canteen,9,5,543,543,1,1
00183canteen,9,5,544,544,1,1
00183canteen,9,5,545,545,1,1
00183canteen,9,5,546,546,1,1
00183canteen,9,5,547,547,1,1
00183canteen,9,5,548,548,1,1
00183canteen,9,5,549,549,1,1
00183canteen,9,5,550,550,1,1
00183canteen,9,5,551,551,1,1
00183canteen,9,5,552,552,1,1
00183canteen,9,5,553,553,1,1
00183canteen,9,5,554,554,1,1
00183canteen,9,5,555,555,1,1
00183canteen,9,5,556,556,1,1
00183canteen,9,5,557,557,1,1
00183canteen,9,5,558,558,1,1
00183canteen,9,5,559,559,1,1
00183canteen,9,5,560,560,1,1
00183canteen,9,5,561,561,1,1
00183canteen,9,5,562,562,1,1
00183canteen,9,5,563,563,1,1
00183canteen,9,5,564,564,1,1
00183canteen,9,5,565,565,1,1
00183canteen,9,5,566,566,1,1
00183canteen,9,5,567,567,1,1
00183canteen,9,5,568,568,1,1
00183canteen,9,5,569,569,1,1
00183canteen,9,5,570,570,1,1
00183canteen,9,5,571,571,1,1
00183canteen,9,5,572,572,1,1
00183canteen,9,5,573,573,1,1
00183canteen,9,5,574,574,1,1
00183canteen,9,5,575,575,1,1
00183canteen,9,5,576,576,1,1
00183canteen,9,5,577,577,1,1
00183canteen,9,5,578,578,1,1
00183canteen,9,5,579,579,1,1
00183canteen,9,5,580,580,1,1
00183canteen,9,5,581,581,1,1
00183canteen,9,5,582,582,1,1
00183canteen,9,5,583,583,1,1
00183canteen,9,5,584,584,1,1
00183canteen,9,5,585,585,1,1
00183canteen,9,5,586,586,1,1
00183canteen,9,5,587,587,1,1
00183canteen,9,5,588,588,1,1
00183canteen,9,5,589,589,1,1
00183canteen,9,5,590,590,1,1
00183canteen,9,5,591,591,1,1
00183canteen,9,5,592,592,1,1
00183canteen,9,5,593,593,1,1
00183canteen,9,5,594,594,1,1
00183canteen,9,5,595,595,1,1
00183canteen,9,5,596,596,1,1
00183canteen,9,5,597,597,1,1
00183canteen,9,5,598,598,1,1
00183canteen,9,5,599,599,1,1
00183canteen,9,5,600,600,1,1
00183canteen,9,5,601,601,1,1
00183canteen,9,5,602,602,1,1
00183canteen,9,5,603,603,1,1
00183canteen,9,5,604,604,1,1
00183canteen,9,5,605,605,1,1
00183canteen,9,5,606,606,1,1
00183canteen,9,5,607,607,1,1
00183canteen,9,5,608,608,1,1
00183canteen,9,5,609,609,1,1
00183canteen,9,5,610,610,1,1
00183canteen,9,5,611,611,1,1
00183canteen,9,5,612,612,1,1
00183canteen,9,5,613,613,1,1
00183canteen,9,5,614,614,1,1
00183canteen,9,5,615,615,1,1
00183canteen,9,5,616,616,1,1
00183canteen,9,5,617,617,1,1
00183canteen,9,5,618,618,1,1
00183canteen,9,5,619,619,1,1
00183canteen,9,5,620,620,1,1
00183canteen,9,5,621,621,1,1
00183canteen,9,5,622,622,1,1
00183canteen,9,5,623,623,1,1
00183canteen,9,5,624,624,1,1
00183canteen,9,5,625,625,1,1
00183canteen,9,5,626,626,1,1
00183canteen,9,5,627,627,1,1
00183canteen,9,5,628,628,1,1
00183canteen,9,5,629,629,1,1
00183canteen,9,5,630,630,1,1
00183canteen,9,5,631,631,1,1
00183canteen,9,5,632,632,1,1
00183canteen,9,5,633,633,1,1
00183canteen,9,5,634,634,1,1
00183canteen,9,5,635,635,1,1
00183canteen,9,5,636,636,1,1
00183canteen,9,5,637,637,1,1
00183canteen,9,5,638,638,1,1
00183canteen,9,5,639,639,1,1
00183canteen,9,5,640,640,1,1
00183canteen,9,5,641,641,1,1
00183canteen,9,5,642,642,1,1
00183canteen,9,5,643,643,1,1
00183canteen,9,5,644,644,1,1
00183canteen,9,5,645,645,1,1
00183canteen,9,5,646,646,1,1
00183canteen,9,5,647,647,1,1
00183canteen,9,5,648,648,1,1
00183canteen,9,5,649,649,1,1
00183canteen,9,5,650,650,1,1
00183canteen,9,5,651,651,1,1
00183canteen,9,5,652,652,1,1
00183canteen,9,5,653,653,1,1
00183canteen,9,5,654,654,1,1
00183canteen,9,5,655,655,1,1
00183canteen,9,5,656,656,1,1
00183canteen,9,5,657,657,1,1
00183canteen,9,5,658,658,1,1
00183canteen,9,5,659,659,1,1
00183canteen,9,5,660,660,1,1
00183canteen,9,5,661,661,1,1
00183canteen,9,5,662,662,1,1
00183canteen,9,5,663,663,1,1
00183canteen,9,5,664,664,1,1
00183canteen,9,5,665,665,1,1
00183canteen,9,5,666,666,1,1
00183canteen,9,5,667,667,1,1
00183canteen,9,5,668,668,1,1
00183canteen,9,5,669,669,1,1
00183canteen,9,5,670,670,1,1
00183canteen,9,5,671,671,1,1
00183canteen,9,5,672,672,1,1
00183canteen,9,5,673,673,1,1
00183canteen,9,5,674,674,1,1
00183canteen,9,5,675,675,1,1
00183canteen,9,5,676,676,1,1
00183canteen,9,5,677,677,1,1
00183canteen,9,5,678,678,1,1
00183canteen,9,5,679,679,1,1
00183canteen,9,5,680,680,1,1
00183canteen,9,5,681,681,1,1
00183canteen,9,5,682,682,1,1
00183canteen,9,5,683,683,1,1
00183canteen,9,5,684,684,1,1
00183canteen,9,5,685,685,1,1
00183canteen,9,5,686,686,1,1
00183canteen,9,5,687,687,1,1
00183canteen,9,5,688,688,1,1
00183canteen,9,5,689,689,1,1
00183canteen,9,5,690,690,1,1
00183canteen,9,5,691,691,1,1
00183canteen,9,5,692,692,1,1
00183canteen,9,5,693,693,1,1
00183canteen,9,5,694,694,1,1
00183canteen,9,5,695,695,1,1
00183canteen,9,5,696,696,1,1
00183canteen,9,5,697,697,1,1
00183canteen,9,5,698,698,1,1
00183canteen,9,5,699,699,1,1
00183canteen,9,5,700,700,1,1
00183canteen,9,5,701,701,1,1
00183canteen,9,5,702,702,1,1
00183canteen,9,5,703,703,1,1
00183canteen,9,5,704,704,1,1
00183canteen,9,5,705,705,1,1
00183canteen,9,5,706,706,1,1
00183canteen,9,5,707,707,1,1
00183canteen,9,5,708,708,1,1
00183canteen,9,5,709,709,1,1
00183canteen,9,5,710,710,1,1
00183canteen,9,5,711,711,1,1
00183canteen,9,5,712,712,1,1
00183canteen,9,5,713,713,1,1
00183canteen,9,5,714,714,1,1
00183canteen,9,5,715,715,1,1
00183canteen,9,5,717,717,1,1
00183canteen,9,5,718,718,1,1
00183canteen,9,5,719,719,1,1
00183canteen,9,5,720,720,1,1
00183canteen,9,5,721,721,1,1
00183canteen,9,5,722,722,1,1
00183canteen,9,5,723,723,1,1
00183canteen,9,5,724,724,1,1
00183canteen,9,5,725,725,1,1
00183canteen,9,5,726,726,1,1
00183canteen,9,5,727,727,1,1
00183canteen,9,5,728,728,1,1
00183canteen,9,5,729,729,1,1
00183canteen,9,5,730,730,1,1
00183canteen,9,5,731,731,1,1
00183canteen,9,5,732,732,1,1
00183canteen,9,5,733,733,1,1
00183canteen,9,5,734,734,1,1
00183canteen,9,5,735,735,1,1
00183canteen,9,5,736,736,1,1
00183canteen,9,5,737,737,1,1
00183canteen,9,5,738,738,1,1
00183canteen,9,5,739,739,1,1
00183canteen,9,5,740,740,1,1
00183canteen,9,5,741,741,1,1
00183canteen,9,5,742,742,1,1
00183canteen,9,5,743,743,1,1
00183canteen,9,5,744,744,1,1
00183canteen,9,5,745,745,1,1
00183canteen,9,5,746,746,1,1
00183canteen,9,5,747,747,1,1
00183canteen,9,5,748,748,1,1
00183canteen,9,5,749,749,1,1
00183canteen,9,5,750,750,1,1
00183canteen,9,5,751,751,1,1
00183canteen,9,5,752,752,1,1
00183canteen,9,5,753,753,1,1
00183canteen,9,5,754,754,1,1
00183canteen,9,5,755,755,1,1
00183canteen,9,5,756,756,1,1
00183canteen,9,5,757,757,1,1
00183canteen,9,5,758,758,1,1
00183canteen,9,5,759,759,1,1
00183canteen,9,5,760,760,1,1
00183canteen,9,5,761,761,1,1
00183canteen,9,5,762,762,1,1
00183canteen,9,5,763,763,1,1
00183canteen,9,5,764,764,1,1
00183canteen,9,5,765,765,1,1
00183canteen,9,5,766,766,1,1
00183canteen,9,5,767,767,1,1
00183canteen,9,5,768,768,1,1
00183canteen,9,5,769,769,1,1
00183canteen,9,5,770,770,1,1
00183canteen,9,5,771,771,1,1
00183canteen,9,5,772,772,1,1
00183canteen,9,5,773,773,1,1
00183canteen,9,5,774,774,1,1
00183canteen,9,5,775,775,1,1
00183canteen,9,5,776,776,1,1
00183canteen,9,5,777,777,1,1
00183canteen,9,5,778,778,1,1
00183canteen,9,5,779,779,1,1
00183canteen,9,5,780,780,1,1
00183canteen,9,5,781,781,1,1
00183canteen,9,5,783,783,1,1
00183canteen,9,5,784,784,1,1
00183canteen,9,5,785,785,1,1
00183canteen,9,5,787,787,1,1
00183canteen,9,5,788,788,1,1
00183canteen,9,5,789,789,1,1
00183canteen,9,5,791,791,1,1
00183canteen,9,5,793,793,1,1
00183canteen,9,5,795,795,1,1
00183canteen,9,5,798,798,1,1
00183canteen,9,5,799,799,1,1
00183canteen,9,5,804,804,1,1
00183canteen,11,26,691,691,1,1
00183canteen,11,26,693,696,4,1
00183canteen,12,10,155,155,1,1
00183canteen,12,10,156,156,1,1
00183canteen,12,10,157,157,1,1
00183canteen,12,10,160,160,1,1
00183canteen,12,10,161,161,1,1
00183canteen,12,10,162,162,1,1
00183canteen,12,10,163,163,1,1
00183canteen,12,10,251,251,1,1
00183canteen,12,10,252,252,1,1
00183canteen,14,38,1,531,529,1
00183canteen,14,38,742,745,2,1
00183canteen,14,38,754,754,1,1
00183canteen,14,38,814,819,6,1
00183canteen,14,38,1191,1201,11,1
00183canteen,15,2,1,13,25,2
00183canteen,15,2,14,14,1,1
00183canteen,15,2,15,15,1,1
00183canteen,15,2,16,16,1,1
00183canteen,15,2,17,17,1,1
00183canteen,15,2,18,18,1,1
00183canteen,15,2,19,19,1,1
00183canteen,15,2,20,20,1,1
00183canteen,15,2,21,21,1,1
00183canteen,15,2,22,22,1,1
00183canteen,15,2,23,24,3,2
00183canteen,15,2,25,25,1,1
00183canteen,15,2,26,26,1,1
00183canteen,15,2,27,27,1,1
00183canteen,15,2,28,28,1,1
00183canteen,15,2,29,29,1,1
00183canteen,15,2,30,30,1,1
00183canteen,15,2,31,31,1,1
00183canteen,15,2,32,32,1,1
00183canteen,15,2,33,33,1,1
00183canteen,15,2,35,37,3,2
00183canteen,15,2,38,38,1,1
00183canteen,15,2,39,39,1,1
00183canteen,15,2,40,40,1,1
00183canteen,15,2,41,41,1,1
00183canteen,15,2,43,43,1,1
00183canteen,15,2,44,44,1,1
00183canteen,15,2,45,45,1,1
00183canteen,15,2,46,46,1,1
00183canteen,15,2,47,47,1,1
00183canteen,15,2,48,48,1,1
00183canteen,15,2,49,49,1,1
00183canteen,15,2,50,50,1,1
00183canteen,15,2,51,51,1,1
00183canteen,15,2,52,52,1,1
00183canteen,15,2,53,53,1,1
00183canteen,15,2,54,54,1,1
00183canteen,15,2,55,55,1,1
00183canteen,15,2,56,56,1,1
00183canteen,15,2,57,57,1,1
00183canteen,15,2,58,58,1,1
00183canteen,15,2,59,59,1,1
00183canteen,15,2,60,60,1,1
00183canteen,15,2,61,63,5,2
00183canteen,15,2,64,64,1,1
00183canteen,15,2,65,65,1,1
00183canteen,15,2,66,85,39,2
00183canteen,15,2,86,86,1,1
00183canteen,15,2,87,87,1,1
00183canteen,15,2,88,88,1,1
00183canteen,15,2,89,90,3,2
00183canteen,15,2,91,91,1,1
00183canteen,15,2,92,92,1,1
00183canteen,15,2,93,95,5,2
00183canteen,15,2,96,97,3,2
00183canteen,15,2,98,304,407,2
00183canteen,15,2,305,307,3,1
00183canteen,15,2,308,309,2,1
00183canteen,15,2,310,311,2,1
00183canteen,15,2,312,312,1,1
00183canteen,15,2,313,313,1,1
00183canteen,15,2,314,315,2,1
00183canteen,15,2,316,318,3,1
00183canteen,15,2,319,319,1,1
00183canteen,15,2,321,321,1,1
00183canteen,15,2,322,322,1,1
00183canteen,15,2,325,325,1,1
00183canteen,15,2,326,326,1,1
00183canteen,15,2,327,327,1,1
00183canteen,15,2,328,328,1,1
00183canteen,15,2,330,330,1,1
00183canteen,15,2,331,331,1,1
00183canteen,15,2,332,332,1,1
00183canteen,15,2,333,333,1,1
00183canteen,15,2,334,334,1,1
00183canteen,15,2,335,335,1,1
00183canteen,15,2,336,336,1,1
00183canteen,15,2,337,337,1,1
00183canteen,15,2,338,338,1,1
00183canteen,15,2,339,339,1,1
00183canteen,15,2,340,340,1,1
00183canteen,15,2,341,341,1,1
00183canteen,15,2,342,342,1,1
00183canteen,15,2,343,343,1,1
00183canteen,15,2,344,344,1,1
00183canteen,15,2,345,345,1,1
00183canteen,15,2,346,346,1,1
00183canteen,15,2,347,347,1,1
00183canteen,15,2,348,348,1,1
00183canteen,15,2,349,349,1,1
00183canteen,15,2,350,350,1,1
00183canteen,15,2,351,351,1,1
00183canteen,15,2,352,352,1,1
00183canteen,15,2,353,353,1,1
00183canteen,15,2,354,354,1,1
00183canteen,15,2,355,355,1,1
00183canteen,15,2,356,356,1,1
00183canteen,15,2,357,357,1,1
00183canteen,15,2,358,358,1,1
00183canteen,15,2,359,359,1,1
00183canteen,15,2,360,360,1,1
00183canteen,15,2,361,361,1,1
00183canteen,15,2,362,362,1,1
00183canteen,15,2,363,363,1,1
00183canteen,15,2,364,364,1,1
00183canteen,15,2,365,365,1,1
00183canteen,15,2,366,366,1,1
00183canteen,15,2,367,367,1,1
00183canteen,15,2,368,368,1,1
00183canteen,15,2,369,369,1,1
00183canteen,15,2,370,370,1,1
00183canteen,15,2,371,371,1,1
00183canteen,15,2,372,372,1,1
00183canteen,15,2,373,373,1,1
00183canteen,15,2,374,374,1,1
00183canteen,15,2,375,375,1,1
00183canteen,15,2,376,376,1,1
00183canteen,15,2,377,377,1,1
00183canteen,15,2,378,378,1,1
00183canteen,15,2,379,379,1,1
00183canteen,15,2,380,380,1,1
00183canteen,15,2,381,381,1,1
00183canteen,15,2,382,382,1,1
00183canteen,15,2,383,383,1,1
00183canteen,15,2,384,384,1,1
00183canteen,15,2,385,386,3,2
00183canteen,15,2,387,387,1,1
00183canteen,15,2,388,398,21,2
00183canteen,15,2,399,399,1,1
00183canteen,15,2,400,400,1,1
00183canteen,15,2,401,401,1,1
00183canteen,15,2,402,402,1,1
00183canteen,15,2,403,403,1,1
00183canteen,15,2,404,404,1,1
00183canteen,15,2,405,405,1,1
00183canteen,15,2,406,406,1,1
00183canteen,15,2,407,407,1,1
00183canteen,15,2,408,408,1,1
00183canteen,15,2,409,409,1,1
00183canteen,15,2,410,410,1,1
00183canteen,15,2,411,411,1,1
00183canteen,15,2,412,412,1,1
00183canteen,15,2,413,413,1,1
00183canteen,15,2,414,414,1,1
00183canteen,15,2,415,415,1,1
00183canteen,15,2,416,416,1,1
00183canteen,15,2,417,417,1,1
00183canteen,15,2,418,418,1,1
00183canteen,15,2,419,419,1,1
00183canteen,15,2,420,420,1,1
00183canteen,15,2,421,421,1,1
00183canteen,15,2,422,422,1,1
00183canteen,15,2,423,423,1,1
00183canteen,15,2,424,424,1,1
00183canteen,15,2,425,425,1,1
00183canteen,15,2,426,426,1,1
00183canteen,15,2,427,427,1,1
00183canteen,15,2,428,428,1,1
00183canteen,15,2,429,429,1,1
00183canteen,15,2,430,430,1,1
00183canteen,15,2,431,431,1,1
00183canteen,15,2,432,432,1,1
00183canteen,15,2,433,433,1,1
00183canteen,15,2,434,434,1,1
00183canteen,15,2,435,435,1,1
00183canteen,15,2,436,436,1,1
00183canteen,15,2,437,437,1,1
00183canteen,15,2,438,438,1,1
00183canteen,15,2,439,439,1,1
00183canteen,15,2,440,440,1,1
00183canteen,15,2,441,441,1,1
00183canteen,15,2,442,442,1,1
00183canteen,15,2,443,443,1,1
00183canteen,15,2,444,444,1,1
00183canteen,15,2,445,445,1,1
00183canteen,15,2,446,446,1,1
00183canteen,15,2,447,447,1,1
00183canteen,15,2,448,448,1,1
00183canteen,15,2,449,449,1,1
00183canteen,15,2,450,450,1,1
00183canteen,15,2,451,451,1,1
00183canteen,15,2,452,452,1,1
00183canteen,15,2,453,453,1,1
00183canteen,15,2,454,454,1,1
00183canteen,15,2,455,455,1,1
00183canteen,15,2,456,456,1,1
00183canteen,15,2,457,457,1,1
00183canteen,15,2,458,458,1,1
00183canteen,15,2,459,459,1,1
00183canteen,15,2,472,472,1,1
00183canteen,15,2,477,477,1,1
00183canteen,15,2,488,488,1,1
00183canteen,15,2,490,490,2,2
00183canteen,15,2,491,492,3,2
00183canteen,15,2,493,495,4,2
00183canteen,15,2,496,496,1,1
00183canteen,15,2,497,497,1,1
00183canteen,15,2,498,498,1,1
00183canteen,15,2,499,499,1,1
00183canteen,15,2,500,500,1,1
00183canteen,15,2,501,501,1,1
00183canteen,15,2,502,502,1,1
00183canteen,15,2,503,503,1,1
00183canteen,15,2,504,504,1,1
00183canteen,15,2,505,505,1,1
00183canteen,15,2,506,506,1,1
00183canteen,15,2,507,507,1,1
00183canteen,15,2,508,508,1,1
00183canteen,15,2,509,509,1,1
00183canteen,15,2,510,510,1,1
00183canteen,15,2,511,511,1,1
00183canteen,15,2,512,512,1,1
00183canteen,15,2,513,513,1,1
00183canteen,15,2,514,514,1,1
00183canteen,15,2,515,515,1,1
00183canteen,15,2,516,516,1,1
00183canteen,15,2,517,517,1,1
00183canteen,15,2,518,518,1,1
00183canteen,15,2,519,519,1,1
00183canteen,15,2,520,520,1,1
00183canteen,15,2,521,521,1,1
00183canteen,15,2,522,522,1,1
00183canteen,15,2,523,523,1,1
00183canteen,15,2,524,524,1,1
00183canteen,15,2,525,525,1,1
00183canteen,15,2,526,526,1,1
00183canteen,15,2,527,527,1,1
00183canteen,15,2,573,573,1,1
00183canteen,15,2,587,587,1,1
00183canteen,15,2,588,588,1,1
00183canteen,15,2,590,590,1,1
00183canteen,15,2,592,592,1,1
00183canteen,15,2,595,595,1,1
00183canteen,15,2,596,596,1,1
00183canteen,15,2,597,597,1,1
00183canteen,15,2,598,598,1,1
00183canteen,15,2,599,599,1,1
00183canteen,15,2,600,600,1,1
00183canteen,15,2,601,601,1,1
00183canteen,15,2,602,602,1,1
00183canteen,15,2,603,603,1,1
00183canteen,15,2,604,604,1,1
00183canteen,15,2,605,605,1,1
00183canteen,15,2,606,606,1,1
00183canteen,15,2,607,607,1,1
00183canteen,15,2,608,608,1,1
00183canteen,15,2,609,609,1,1
00183canteen,15,2,610,610,1,1
00183canteen,15,2,611,611,1,1
00183canteen,15,2,612,612,1,1
00183canteen,15,2,613,613,1,1
00183canteen,15,2,614,614,1,1
00183canteen,15,2,615,615,1,1
00183canteen,15,2,616,616,1,1
00183canteen,15,2,617,617,1,1
00183canteen,15,2,618,618,1,1
00183canteen,15,2,619,619,1,1
00183canteen,15,2,620,620,1,1
00183canteen,15,2,621,621,1,1
00183canteen,15,2,622,622,1,1
00183canteen,15,2,623,623,1,1
00183canteen,15,2,624,624,1,1
00183canteen,15,2,625,625,1,1
00183canteen,15,2,626,626,1,1
00183canteen,15,2,627,627,1,1
00183canteen,15,2,628,628,1,1
00183canteen,15,2,629,629,1,1
00183canteen,15,2,630,630,1,1
00183canteen,15,2,631,631,1,1
00183canteen,15,2,632,632,1,1
00183canteen,15,2,633,633,1,1
00183canteen,15,2,634,634,1,1
00183canteen,15,2,635,635,1,1
00183canteen,15,2,636,636,1,1
00183canteen,15,2,637,637,1,1
00183canteen,15,2,638,638,1,1
00183canteen,15,2,639,639,1,1
00183canteen,15,2,640,640,1,1
00183canteen,15,2,641,641,1,1
00183canteen,15,2,642,642,1,1
00183canteen,15,2,654,654,1,1
00183canteen,15,2,663,663,1,1
00183canteen,15,2,664,664,1,1
00183canteen,15,2,665,665,1,1
00183canteen,15,2,666,666,1,1
00183canteen,15,2,667,667,1,1
00183canteen,15,2,668,668,1,1
00183canteen,15,2,709,709,1,1
00183canteen,15,2,756,756,1,1
00183canteen,15,2,757,757,1,1
00183canteen,15,2,760,760,1,1
00183canteen,15,2,761,761,1,1
00183canteen,15,2,762,762,1,1
00183canteen,15,2,763,763,1,1
00183canteen,15,2,764,764,1,1
00183canteen,15,2,782,782,1,1
00183canteen,15,2,786,786,1,1
00183canteen,15,2,790,790,1,1
00183canteen,15,2,792,792,1,1
00183canteen,15,2,794,794,1,1
00183canteen,15,2,796,796,1,1
00183canteen,15,2,797,797,1,1
00183canteen,15,2,800,800,1,1
00183canteen,15,2,801,801,1,1
00183canteen,15,2,802,802,1,1
00183canteen,15,2,803,803,1,1
00183canteen,15,2,805,805,1,1
00183canteen,15,2,806,806,1,1
00183canteen,15,2,807,807,1,1
00183canteen,15,2,808,808,1,1
00183canteen,15,2,809,809,1,1
00183canteen,15,2,810,810,1,1
00183canteen,15,2,811,811,1,1
00183canteen,15,2,812,812,1,1
00183canteen,15,2,813,813,1,1
00183canteen,15,2,814,814,1,1
00183canteen,15,2,815,815,1,1
00183canteen,15,2,816,816,1,1
00183canteen,15,2,817,817,1,1
00183canteen,15,2,818,818,1,1
00183canteen,15,2,819,819,1,1
00183canteen,15,2,820,820,1,1
00183canteen,15,2,821,821,1,1
00183canteen,15,2,848,848,1,1
00183canteen,15,2,849,849,1,1
00183canteen,15,2,850,850,1,1
00183canteen,15,2,851,851,1,1
00183canteen,15,2,852,852,1,1
00183canteen,15,2,853,853,1,1
00183canteen,15,2,854,854,1,1
00183canteen,15,2,855,855,1,1
00183canteen,15,2,856,856,1,1
00183canteen,15,2,857,857,1,1
00183canteen,15,2,858,858,1,1
00183canteen,15,2,859,859,1,1
00183canteen,15,2,860,860,1,1
00183canteen,15,2,861,863,5,2
00183canteen,15,2,864,879,31,2
00183canteen,15,2,880,880,1,1
00183canteen,15,2,881,881,1,1
00183canteen,15,2,882,882,1,1
00183canteen,15,2,883,883,1,1
00183canteen,15,2,884,884,1,1
00183canteen,15,2,885,885,1,1
00183canteen,15,2,886,886,1,1
00183canteen,15,2,887,887,1,1
00183canteen,15,2,901,901,1,1
00183canteen,15,2,904,904,1,1
00183canteen,15,2,905,905,1,1
00183canteen,15,2,906,906,1,1
00183canteen,15,2,908,908,1,1
00183canteen,15,2,925,925,1,1
00183canteen,15,2,926,926,1,1
00183canteen,15,2,927,927,1,1
00183canteen,15,2,928,928,1,1
00183canteen,15,2,929,929,1,1
00183canteen,15,2,930,930,1,1
00183canteen,15,2,931,931,1,1
00183canteen,15,2,932,932,1,1
00183canteen,15,2,934,934,1,1
00183canteen,15,2,937,937,1,1
00183canteen,15,2,938,938,1,1
00183canteen,15,2,939,939,1,1
00183canteen,15,2,940,940,1,1
00183canteen,15,2,941,941,1,1
00183canteen,15,2,942,942,1,1
00183canteen,15,2,943,943,1,1
00183canteen,15,2,944,944,1,1
00183canteen,15,2,945,945,1,1
00183canteen,15,2,954,954,1,1
00183canteen,15,2,956,956,1,1
00183canteen,15,2,957,957,1,1
00183canteen,15,2,958,958,1,1
00183canteen,15,2,959,959,1,1
00183canteen,15,2,960,960,1,1
00183canteen,15,2,961,961,1,1
00183canteen,15,2,962,962,1,1
00183canteen,15,2,963,963,1,1
00183canteen,15,2,964,964,1,1
00183canteen,15,2,965,965,1,1
00183canteen,15,2,966,966,1,1
00183canteen,15,2,967,967,1,1
00183canteen,15,2,968,968,1,1
00183canteen,15,2,969,969,1,1
00183canteen,15,2,970,970,1,1
00183canteen,15,2,971,971,1,1
00183canteen,15,2,972,972,1,1
00183canteen,15,2,973,973,1,1
00183canteen,15,2,974,974,1,1
00183canteen,15,2,975,975,1,1
00183canteen,15,2,976,976,1,1
00183canteen,15,2,977,977,1,1
00183canteen,15,2,978,978,1,1
00183canteen,15,2,979,979,1,1
00183canteen,15,2,980,980,1,1
00183canteen,15,2,981,981,1,1
00183canteen,15,2,982,982,1,1
00183canteen,15,2,983,983,1,1
00183canteen,15,2,984,984,1,1
00183canteen,15,2,985,985,1,1
00183canteen,15,2,986,986,1,1
00183canteen,15,2,987,987,1,1
00183canteen,15,2,988,988,1,1
00183canteen,15,2,989,989,1,1
00183canteen,15,2,990,990,1,1
00183canteen,15,2,997,997,1,1
00183canteen,15,2,998,998,1,1
00183canteen,15,2,999,999,1,1
00183canteen,15,2,1000,1000,1,1
00183canteen,15,2,1001,1001,1,1
00183canteen,15,2,1002,1002,1,1
00183canteen,17,28,376,377,2,1
00183canteen,17,28,384,386,3,1
00183canteen,17,28,389,562,171,1
00183canteen,18,23,344,422,2,1
00183canteen,19,33,2,231,228,1
00183canteen,19,33,256,256,1,1
00183canteen,19,33,262,267,6,1
00183canteen,19,33,349,361,13,1
00183canteen,19,33,521,521,1,1
00183canteen,19,33,1085,1085,1,1
00183canteen,19,33,1092,1092,1,1
00183canteen,19,33,1157,1157,1,1
00183canteen,21,41,12,12,1,1
00183canteen,21,41,78,80,3,1
00183canteen,21,41,85,85,1,1
00183canteen,21,41,88,94,7,1
00183canteen,21,41,127,127,1,1
00183canteen,21,41,131,131,1,1
00183canteen,21,41,133,135,3,1
00183canteen,21,41,137,138,2,1
00183canteen,21,41,150,150,1,1
00183canteen,21,41,159,164,6,1
00183canteen,21,41,166,192,27,1
00183canteen,21,41,196,196,1,1
00183canteen,21,41,211,225,15,1
00183canteen,21,41,227,259,33,1
00183canteen,21,41,261,261,1,1
00183canteen,21,41,295,295,1,1
00183canteen,21,41,308,309,2,1
00183canteen,21,41,322,322,1,1
00183canteen,21,41,326,818,435,1
00183canteen,22,8,514,515,2,1
00183canteen,22,8,807,817,10,1
00183canteen,24,30,269,274,6,1
00183canteen,24,30,276,276,1,1
00183canteen,24,30,279,280,2,1
00183canteen,24,30,284,288,5,1
00183canteen,24,30,290,290,1,1
00183canteen,24,30,292,298,7,1
00183canteen,24,30,375,375,1,1
00183canteen,24,30,381,383,2,1
00183canteen,24,30,452,453,2,1
00183canteen,24,30,468,470,3,1
00183canteen,24,30,645,645,1,1
00183canteen,24,30,648,652,5,1
00183canteen,24,30,656,664,9,1
00183canteen,24,30,666,666,1,1
00183canteen,24,30,668,668,1,1
00183canteen,24,30,670,671,2,1
00183canteen,24,30,679,679,1,1
00183canteen,24,30,681,681,1,1
00183canteen,24,30,685,692,8,1
00183canteen,24,30,696,698,3,1
00183canteen,24,30,707,714,8,1
00183canteen,24,30,721,722,2,1
00183canteen,24,30,724,724,1,1
00183canteen,24,30,733,736,4,1
00183canteen,24,30,738,738,1,1
00183canteen,24,30,740,740,1,1
00183canteen,24,30,767,767,1,1
00183canteen,25,27,376,379,4,1
00183canteen,25,27,384,386,3,1
00183canteen,26,13,1,1,1,1
00183canteen,26,13,2,2,1,1
00183canteen,26,13,3,3,1,1
00183canteen,26,13,4,4,1,1
00183canteen,26,13,5,5,1,1
00183canteen,26,13,6,6,1,1
00183canteen,26,13,7,7,1,1
00183canteen,26,13,8,8,1,1
00183canteen,26,13,9,9,1,1
00183canteen,26,13,10,10,1,1
00183canteen,26,13,11,11,1,1
00183canteen,26,13,12,12,1,1
00183canteen,26,13,13,13,1,1
00183canteen,26,13,14,14,1,1
00183canteen,26,13,15,15,1,1
00183canteen,26,13,16,16,1,1
00183canteen,26,13,17,17,1,1
00183canteen,26,13,18,18,1,1
00183canteen,26,13,19,19,1,1
00183canteen,26,13,20,20,1,1
00183canteen,26,13,21,21,1,1
00183canteen,26,13,22,22,1,1
00183canteen,26,13,23,23,1,1
00183canteen,26,13,24,24,1,1
00183canteen,26,13,25,25,1,1
00183canteen,26,13,26,26,1,1
00183canteen,26,13,27,27,1,1
00183canteen,26,13,28,28,1,1
00183canteen,26,13,29,29,1,1
00183canteen,26,13,30,30,1,1
00183canteen,26,13,31,31,1,1
00183canteen,26,13,32,32,1,1
00183canteen,26,13,33,33,1,1
00183canteen,26,13,34,34,1,1
00183canteen,26,13,35,35,1,1
00183canteen,26,13,36,36,1,1
00183canteen,26,13,37,37,1,1
00183canteen,26,13,38,38,1,1
00183canteen,26,13,39,39,1,1
00183canteen,26,13,40,40,1,1
00183canteen,26,13,41,41,1,1
00183canteen,26,13,42,42,1,1
00183canteen,26,13,43,43,1,1
00183canteen,26,13,44,44,1,1
00183canteen,26,13,45,45,1,1
00183canteen,26,13,46,46,1,1
00183canteen,26,13,47,47,1,1
00183canteen,26,13,48,48,1,1
00183canteen,26,13,49,49,1,1
00183canteen,26,13,50,50,1,1
00183canteen,26,13,51,51,1,1
00183canteen,26,13,52,52,1,1
00183canteen,26,13,53,53,1,1
00183canteen,26,13,54,54,1,1
00183canteen,26,13,55,55,1,1
00183canteen,26,13,56,56,1,1
00183canteen,26,13,57,57,1,1
00183canteen,26,13,58,58,1,1
00183canteen,26,13,59,59,1,1
00183canteen,26,13,60,60,1,1
00183canteen,26,13,61,61,1,1
00183canteen,26,13,62,62,1,1
00183canteen,26,13,63,63,1,1
00183canteen,26,13,64,64,1,1
00183canteen,26,13,65,65,1,1
00183canteen,26,13,66,66,1,1
00183canteen,26,13,67,67,1,1
00183canteen,26,13,68,68,1,1
00183canteen,26,13,69,69,1,1
00183canteen,26,13,70,70,1,1
00183canteen,26,13,71,71,1,1
00183canteen,26,13,72,72,1,1
00183canteen,26,13,73,73,1,1
00183canteen,26,13,74,74,1,1
00183canteen,26,13,75,75,1,1
00183canteen,26,13,76,76,1,1
00183canteen,26,13,77,77,1,1
00183canteen,26,13,78,78,1,1
00183canteen,26,13,79,79,1,1
00183canteen,26,13,80,80,1,1
00183canteen,26,13,81,81,1,1
00183canteen,26,13,82,82,1,1
00183canteen,26,13,83,83,1,1
00183canteen,26,13,84,84,1,1
00183canteen,26,13,85,85,1,1
00183canteen,26,13,86,86,1,1
00183canteen,26,13,87,87,1,1
00183canteen,26,13,88,88,1,1
00183canteen,26,13,89,89,1,1
00183canteen,26,13,90,90,1,1
00183canteen,26,13,91,91,1,1
00183canteen,26,13,92,92,1,1
00183canteen,26,13,93,93,1,1
00183canteen,26,13,94,94,1,1
00183canteen,26,13,95,95,1,1
00183canteen,26,13,96,96,1,1
00183canteen,26,13,97,97,1,1
00183canteen,26,13,98,98,1,1
00183canteen,26,13,99,99,1,1
00183canteen,26,13,100,100,1,1
00183canteen,26,13,101,101,1,1
00183canteen,26,13,102,102,1,1
00183canteen,26,13,103,103,1,1
00183canteen,26,13,104,104,1,1
00183canteen,26,13,105,105,1,1
00183canteen,26,13,106,106,1,1
00183canteen,26,13,107,107,1,1
00183canteen,26,13,108,108,1,1
00183canteen,26,13,109,109,1,1
00183canteen,26,13,110,110,1,1
00183canteen,26,13,111,111,1,1
00183canteen,26,13,112,112,1,1
00183canteen,26,13,113,113,1,1
00183canteen,26,13,114,114,1,1
00183canteen,26,13,115,115,1,1
00183canteen,26,13,116,116,1,1
00183canteen,26,13,117,117,1,1
00183canteen,26,13,118,118,1,1
00183canteen,26,13,119,119,1,1
00183canteen,26,13,120,120,1,1
00183canteen,26,13,121,121,1,1
00183canteen,26,13,122,122,1,1
00183canteen,26,13,123,123,1,1
00183canteen,26,13,124,124,1,1
00183canteen,26,13,125,125,1,1
00183canteen,26,13,126,126,1,1
00183canteen,26,13,127,127,1,1
00183canteen,26,13,128,128,1,1
00183canteen,26,13,129,129,1,1
00183canteen,26,13,130,130,1,1
00183canteen,26,13,131,131,1,1
00183canteen,26,13,132,132,1,1
00183canteen,26,13,133,133,1,1
00183canteen,26,13,134,134,1,1
00183canteen,26,13,135,135,1,1
00183canteen,26,13,136,136,1,1
00183canteen,26,13,137,137,1,1
00183canteen,26,13,138,138,1,1
00183canteen,26,13,139,139,1,1
00183canteen,26,13,140,140,1,1
00183canteen,26,13,141,141,1,1
00183canteen,26,13,142,142,1,1
00183canteen,26,13,143,143,1,1
00183canteen,26,13,144,144,1,1
00183canteen,26,13,145,145,1,1
00183canteen,26,13,146,146,1,1
00183canteen,26,13,147,147,1,1
00183canteen,26,13,148,148,1,1
00183canteen,26,13,149,149,1,1
00183canteen,26,13,150,150,1,1
00183canteen,26,13,151,151,1,1
00183canteen,26,13,152,152,1,1
00183canteen,26,13,153,153,1,1
00183canteen,26,13,154,154,1,1
00183canteen,26,13,155,155,1,1
00183canteen,26,13,156,156,1,1
00183canteen,26,13,157,157,1,1
00183canteen,26,13,158,158,1,1
00183canteen,26,13,159,159,1,1
00183canteen,26,13,160,160,1,1
00183canteen,26,13,161,161,1,1
00183canteen,26,13,162,162,1,1
00183canteen,26,13,163,163,1,1
00183canteen,26,13,164,164,1,1
00183canteen,26,13,165,165,1,1
00183canteen,26,13,166,166,1,1
00183canteen,26,13,167,167,1,1
00183canteen,26,13,168,168,1,1
00183canteen,26,13,169,169,1,1
00183canteen,26,13,170,170,1,1
00183canteen,26,13,171,171,1,1
00183canteen,26,13,172,172,1,1
00183canteen,26,13,173,173,1,1
00183canteen,26,13,174,174,1,1
00183canteen,26,13,175,175,1,1
00183canteen,26,13,176,176,1,1
00183canteen,26,13,177,177,1,1
00183canteen,26,13,178,178,1,1
00183canteen,26,13,179,179,1,1
00183canteen,26,13,180,180,1,1
00183canteen,26,13,181,181,1,1
00183canteen,26,13,182,182,1,1
00183canteen,26,13,183,183,1,1
00183canteen,26,13,184,184,1,1
00183canteen,26,13,185,185,1,1
00183canteen,26,13,186,186,1,1
00183canteen,26,13,187,187,1,1
00183canteen,26,13,188,188,1,1
00183canteen,26,13,189,189,1,1
00183canteen,26,13,190,190,1,1
00183canteen,26,13,191,191,1,1
00183canteen,26,13,192,192,1,1
00183canteen,26,13,193,193,1,1
00183canteen,26,13,194,194,1,1
00183canteen,26,13,195,195,1,1
00183canteen,26,13,196,196,1,1
00183canteen,26,13,197,197,1,1
00183canteen,26,13,198,198,1,1
00183canteen,26,13,199,199,1,1
00183canteen,26,13,200,200,1,1
00183canteen,26,13,201,201,1,1
00183canteen,26,13,202,202,1,1
00183canteen,26,13,203,203,1,1
00183canteen,26,13,204,204,1,1
00183canteen,26,13,205,205,1,1
00183canteen,26,13,206,206,1,1
00183canteen,26,13,207,207,1,1
00183canteen,26,13,208,208,1,1
00183canteen,26,13,209,209,1,1
00183canteen,26,13,210,210,1,1
00183canteen,26,13,211,211,1,1
00183canteen,26,13,212,212,1,1
00183canteen,26,13,213,213,1,1
00183canteen,26,13,214,214,1,1
00183canteen,26,13,215,215,1,1
00183canteen,26,13,216,216,1,1
00183canteen,26,13,217,217,1,1
00183canteen,26,13,218,218,1,1
00183canteen,26,13,219,219,1,1
00183canteen,26,13,220,220,1,1
00183canteen,26,13,221,221,1,1
00183canteen,26,13,222,222,1,1
00183canteen,26,13,223,223,1,1
00183canteen,26,13,224,224,1,1
00183canteen,26,13,225,225,1,1
00183canteen,26,13,226,226,1,1
00183canteen,26,13,227,227,1,1
00183canteen,26,13,228,228,1,1
00183canteen,26,13,229,229,1,1
00183canteen,26,13,230,230,1,1
00183canteen,26,13,231,231,1,1
00183canteen,26,13,232,232,1,1
00183canteen,26,13,233,233,1,1
00183canteen,26,13,234,234,1,1
00183canteen,26,13,235,235,1,1
00183canteen,26,13,236,236,1,1
00183canteen,26,13,237,237,1,1
00183canteen,26,13,238,238,1,1
00183canteen,26,13,239,239,1,1
00183canteen,26,13,240,240,1,1
00183canteen,26,13,241,241,1,1
00183canteen,26,13,242,242,1,1
00183canteen,26,13,243,243,1,1
00183canteen,26,13,244,244,1,1
00183canteen,26,13,245,245,1,1
00183canteen,26,13,246,246,1,1
00183canteen,26,13,247,247,1,1
00183canteen,26,13,248,248,1,1
00183canteen,26,13,249,249,1,1
00183canteen,26,13,250,250,1,1
00183canteen,26,13,251,251,1,1
00183canteen,26,13,252,252,1,1
00183canteen,26,13,253,253,1,1
00183canteen,26,13,254,254,1,1
00183canteen,26,13,255,255,1,1
00183canteen,26,13,256,256,1,1
00183canteen,26,13,257,257,1,1
00183canteen,26,13,258,258,1,1
00183canteen,26,13,259,259,1,1
00183canteen,26,13,260,260,1,1
00183canteen,26,13,261,261,1,1
00183canteen,26,13,262,262,1,1
00183canteen,26,13,263,263,1,1
00183canteen,26,13,264,264,1,1
00183canteen,26,13,265,265,1,1
00183canteen,26,13,266,266,1,1
00183canteen,26,13,267,267,1,1
00183canteen,26,13,268,268,1,1
00183canteen,26,13,269,269,1,1
00183canteen,26,13,270,270,1,1
00183canteen,26,13,271,271,1,1
00183canteen,26,13,272,272,1,1
00183canteen,26,13,273,273,1,1
00183canteen,26,13,274,274,1,1
00183canteen,26,13,275,275,1,1
00183canteen,26,13,276,276,1,1
00183canteen,26,13,277,277,1,1
00183canteen,26,13,278,278,1,1
00183canteen,26,13,279,279,1,1
00183canteen,26,13,280,280,1,1
00183canteen,26,13,281,281,1,1
00183canteen,26,13,282,282,1,1
00183canteen,26,13,283,283,1,1
00183canteen,26,13,284,284,1,1
00183canteen,26,13,285,285,1,1
00183canteen,26,13,286,286,1,1
00183canteen,26,13,287,287,1,1
00183canteen,26,13,288,288,1,1
00183canteen,26,13,289,289,1,1
00183canteen,26,13,290,290,1,1
00183canteen,26,13,291,291,1,1
00183canteen,26,13,292,292,1,1
00183canteen,26,13,293,293,1,1
00183canteen,26,13,294,294,1,1
00183canteen,26,13,295,295,1,1
00183canteen,26,13,296,296,1,1
00183canteen,26,13,297,297,1,1
00183canteen,26,13,298,298,1,1
00183canteen,26,13,299,299,1,1
00183canteen,26,13,300,300,1,1
00183canteen,26,13,301,301,1,1
00183canteen,26,13,302,302,1,1
00183canteen,26,13,303,303,1,1
00183canteen,26,13,304,304,1,1
00183canteen,26,13,305,305,1,1
00183canteen,26,13,306,306,1,1
00183canteen,26,13,307,307,1,1
00183canteen,26,13,308,308,1,1
00183canteen,26,13,309,309,1,1
00183canteen,26,13,310,310,1,1
00183canteen,26,13,311,311,1,1
00183canteen,26,13,312,312,1,1
00183canteen,26,13,313,313,1,1
00183canteen,26,13,314,314,1,1
00183canteen,26,13,315,315,1,1
00183canteen,26,13,316,316,1,1
00183canteen,26,13,317,317,1,1
00183canteen,26,13,318,318,1,1
00183canteen,26,13,319,319,1,1
00183canteen,26,13,320,320,1,1
00183canteen,26,13,321,321,1,1
00183canteen,26,13,322,322,1,1
00183canteen,26,13,323,323,1,1
00183canteen,26,13,324,324,1,1
00183canteen,26,13,325,325,1,1
00183canteen,26,13,326,326,1,1
00183canteen,26,13,327,327,1,1
00183canteen,26,13,328,328,1,1
00183canteen,26,13,329,329,1,1
00183canteen,26,13,330,330,1,1
00183canteen,26,13,331,331,1,1
00183canteen,26,13,332,332,1,1
00183canteen,26,13,333,333,1,1
00183canteen,26,13,334,334,1,1
00183canteen,26,13,335,335,1,1
00183canteen,26,13,336,336,1,1
00183canteen,26,13,337,337,1,1
00183canteen,26,13,338,338,1,1
00183canteen,26,13,339,339,1,1
00183canteen,26,13,340,340,1,1
00183canteen,26,13,341,341,1,1
00183canteen,26,13,342,342,1,1
00183canteen,26,13,343,343,1,1
00183canteen,26,13,344,344,1,1
00183canteen,26,13,345,345,1,1
00183canteen,26,13,346,346,1,1
00183canteen,26,13,347,347,1,1
00183canteen,26,13,348,348,1,1
00183canteen,26,13,349,349,1,1
00183canteen,26,13,350,350,1,1
00183canteen,26,13,351,351,1,1
00183canteen,26,13,352,352,1,1
00183canteen,26,13,353,353,1,1
00183canteen,26,13,354,354,1,1
00183canteen,26,13,355,355,1,1
00183canteen,26,13,356,356,1,1
00183canteen,26,13,357,357,1,1
00183canteen,26,13,358,358,1,1
00183canteen,26,13,359,359,1,1
00183canteen,26,13,360,360,1,1
00183canteen,26,13,361,361,1,1
00183canteen,26,13,362,362,1,1
00183canteen,26,13,363,363,1,1
00183canteen,26,13,364,364,1,1
00183canteen,26,13,365,365,1,1
00183canteen,26,13,366,366,1,1
00183canteen,26,13,367,367,1,1
00183canteen,26,13,368,368,1,1
00183canteen,26,13,369,369,1,1
00183canteen,26,13,370,370,1,1
00183canteen,26,13,371,371,1,1
00183canteen,26,13,372,372,1,1
00183canteen,26,13,373,373,1,1
00183canteen,26,13,374,374,1,1
00183canteen,26,13,375,375,1,1
00183canteen,26,13,376,376,1,1
00183canteen,26,13,377,377,1,1
00183canteen,26,13,378,378,1,1
00183canteen,26,13,379,379,1,1
00183canteen,26,13,380,380,1,1
00183canteen,26,13,381,381,1,1
00183canteen,26,13,382,382,1,1
00183canteen,26,13,383,383,1,1
00183canteen,26,13,384,384,1,1
00183canteen,26,13,385,385,1,1
00183canteen,26,13,386,386,1,1
00183canteen,26,13,387,387,1,1
00183canteen,26,13,388,388,1,1
00183canteen,26,13,389,389,1,1
00183canteen,26,13,390,390,1,1
00183canteen,26,13,391,391,1,1
00183canteen,26,13,392,392,1,1
00183canteen,26,13,393,393,1,1
00183canteen,26,13,394,394,1,1
00183canteen,26,13,395,395,1,1
00183canteen,26,13,396,396,1,1
00183canteen,26,13,397,397,1,1
00183canteen,26,13,398,398,1,1
00183canteen,26,13,399,399,1,1
00183canteen,26,13,400,400,1,1
00183canteen,26,13,401,401,1,1
00183canteen,26,13,402,402,1,1
00183canteen,26,13,403,403,1,1
00183canteen,26,13,404,404,1,1
00183canteen,26,13,405,405,1,1
00183canteen,26,13,406,406,1,1
00183canteen,26,13,407,407,1,1
00183canteen,26,13,408,408,1,1
00183canteen,26,13,409,409,1,1
00183canteen,26,13,410,410,1,1
00183canteen,26,13,411,411,1,1
00183canteen,26,13,412,412,1,1
00183canteen,26,13,413,413,1,1
00183canteen,26,13,414,414,1,1
00183canteen,26,13,415,415,1,1
00183canteen,26,13,416,416,1,1
00183canteen,26,13,417,417,1,1
00183canteen,26,13,418,418,1,1
00183canteen,26,13,419,419,1,1
00183canteen,26,13,420,420,1,1
00183canteen,26,13,421,421,1,1
00183canteen,26,13,422,422,1,1
00183canteen,26,13,423,423,1,1
00183canteen,26,13,424,424,1,1
00183canteen,26,13,425,425,1,1
00183canteen,26,13,426,426,1,1
00183canteen,26,13,427,427,1,1
00183canteen,26,13,428,428,1,1
00183canteen,26,13,429,429,1,1
00183canteen,26,13,430,430,1,1
00183canteen,26,13,431,431,1,1
00183canteen,26,13,432,432,1,1
00183canteen,26,13,433,433,1,1
00183canteen,26,13,434,434,1,1
00183canteen,26,13,435,435,1,1
00183canteen,26,13,436,436,1,1
00183canteen,26,13,437,437,1,1
00183canteen,26,13,438,438,1,1
00183canteen,26,13,439,439,1,1
00183canteen,26,13,440,440,1,1
00183canteen,26,13,441,441,1,1
00183canteen,26,13,442,442,1,1
00183canteen,26,13,443,443,1,1
00183canteen,26,13,444,444,1,1
00183canteen,26,13,445,445,1,1
00183canteen,26,13,446,446,1,1
00183canteen,26,13,447,447,1,1
00183canteen,26,13,448,448,1,1
00183canteen,26,13,449,449,1,1
00183canteen,26,13,450,450,1,1
00183canteen,26,13,451,451,1,1
00183canteen,26,13,452,452,1,1
00183canteen,26,13,453,453,1,1
00183canteen,26,13,454,454,1,1
00183canteen,26,13,455,455,1,1
00183canteen,26,13,456,456,1,1
00183canteen,26,13,457,457,1,1
00183canteen,26,13,458,458,1,1
00183canteen,26,13,459,459,1,1
00183canteen,26,13,460,460,1,1
00183canteen,26,13,461,461,1,1
00183canteen,26,13,462,462,1,1
00183canteen,26,13,463,463,1,1
00183canteen,26,13,464,464,1,1
00183canteen,26,13,465,465,1,1
00183canteen,26,13,466,466,1,1
00183canteen,26,13,467,467,1,1
00183canteen,26,13,468,468,1,1
00183canteen,26,13,469,469,1,1
00183canteen,26,13,470,470,1,1
00183canteen,26,13,471,471,1,1
00183canteen,26,13,472,472,1,1
00183canteen,26,13,473,473,1,1
00183canteen,26,13,474,474,1,1
00183canteen,26,13,475,475,1,1
00183canteen,26,13,476,476,1,1
00183canteen,26,13,477,477,1,1
00183canteen,26,13,478,478,1,1
00183canteen,26,13,479,479,1,1
00183canteen,26,13,480,481,2,1
00183canteen,26,13,482,482,1,1
00183canteen,26,13,483,483,1,1
00183canteen,26,13,484,484,1,1
00183canteen,26,13,485,485,1,1
00183canteen,26,13,486,486,1,1
00183canteen,26,13,487,487,1,1
00183canteen,26,13,488,488,1,1
00183canteen,26,13,489,489,1,1
00183canteen,26,13,490,490,1,1
00183canteen,26,13,491,491,1,1
00183canteen,26,13,492,492,1,1
00183canteen,26,13,493,494,2,1
00183canteen,26,13,495,495,1,1
00183canteen,26,13,496,496,1,1
00183canteen,26,13,497,497,1,1
00183canteen,26,13,498,498,1,1
00183canteen,26,13,499,499,1,1
00183canteen,26,13,500,500,1,1
00183canteen,26,13,501,501,1,1
00183canteen,26,13,502,502,1,1
00183canteen,26,13,503,503,1,1
00183canteen,26,13,504,504,1,1
00183canteen,26,13,505,505,1,1
00183canteen,26,13,506,506,1,1
00183canteen,26,13,507,507,1,1
00183canteen,26,13,508,508,1,1
00183canteen,26,13,509,509,1,1
00183canteen,26,13,510,510,1,1
00183canteen,26,13,511,511,1,1
00183canteen,26,13,512,512,1,1
00183canteen,26,13,513,513,1,1
00183canteen,26,13,514,514,1,1
00183canteen,26,13,515,515,1,1
00183canteen,26,13,516,516,1,1
00183canteen,26,13,517,517,1,1
00183canteen,26,13,518,518,1,1
00183canteen,26,13,519,519,1,1
00183canteen,26,13,520,520,1,1
00183canteen,26,13,521,521,1,1
00183canteen,26,13,522,522,1,1
00183canteen,26,13,523,523,1,1
00183canteen,26,13,524,524,1,1
00183canteen,26,13,525,525,1,1
00183canteen,26,13,526,526,1,1
00183canteen,26,13,527,527,1,1
00183canteen,26,13,528,528,1,1
00183canteen,26,13,529,529,1,1
00183canteen,26,13,530,530,1,1
00183canteen,26,13,531,531,1,1
00183canteen,26,13,532,532,1,1
00183canteen,26,13,533,533,1,1
00183canteen,26,13,534,534,1,1
00183canteen,26,13,535,535,1,1
00183canteen,26,13,536,536,1,1
00183canteen,26,13,537,537,1,1
00183canteen,26,13,538,538,1,1
00183canteen,26,13,539,539,1,1
00183canteen,26,13,540,540,1,1
00183canteen,26,13,541,541,1,1
00183canteen,26,13,542,542,1,1
00183canteen,26,13,543,543,1,1
00183canteen,26,13,544,544,1,1
00183canteen,26,13,545,545,1,1
00183canteen,26,13,546,546,1,1
00183canteen,26,13,547,547,1,1
00183canteen,26,13,548,548,1,1
00183canteen,26,13,549,549,1,1
00183canteen,26,13,550,550,1,1
00183canteen,26,13,551,551,1,1
00183canteen,26,13,552,552,1,1
00183canteen,26,13,553,553,1,1
00183canteen,26,13,554,554,1,1
00183canteen,26,13,555,555,1,1
00183canteen,26,13,556,556,1,1
00183canteen,26,13,557,557,1,1
00183canteen,26,13,558,558,1,1
00183canteen,26,13,559,559,1,1
00183canteen,26,13,560,560,1,1
00183canteen,26,13,561,561,1,1
00183canteen,26,13,562,562,1,1
00183canteen,26,13,563,563,1,1
00183canteen,26,13,564,564,1,1
00183canteen,26,13,565,565,1,1
00183canteen,26,13,566,566,1,1
00183canteen,26,13,567,567,1,1
00183canteen,26,13,568,568,1,1
00183canteen,26,13,569,569,1,1
00183canteen,26,13,570,570,1,1
00183canteen,26,13,571,571,1,1
00183canteen,26,13,572,572,1,1
00183canteen,26,13,573,573,1,1
00183canteen,26,13,574,574,1,1
00183canteen,26,13,575,575,1,1
00183canteen,26,13,576,576,1,1
00183canteen,26,13,577,577,1,1
00183canteen,26,13,578,578,1,1
00183canteen,26,13,579,579,1,1
00183canteen,26,13,580,580,1,1
00183canteen,26,13,581,581,1,1
00183canteen,26,13,582,582,1,1
00183canteen,26,13,583,583,1,1
00183canteen,26,13,584,584,1,1
00183canteen,26,13,585,585,1,1
00183canteen,26,13,586,586,1,1
00183canteen,26,13,587,587,1,1
00183canteen,26,13,588,588,1,1
00183canteen,26,13,589,589,1,1
00183canteen,26,13,590,590,1,1
00183canteen,26,13,591,591,1,1
00183canteen,26,13,592,592,1,1
00183canteen,26,13,593,593,1,1
00183canteen,26,13,594,594,1,1
00183canteen,26,13,595,595,1,1
00183canteen,26,13,596,596,1,1
00183canteen,26,13,597,597,1,1
00183canteen,26,13,598,599,2,1
00183canteen,26,13,600,600,1,1
00183canteen,26,13,601,601,1,1
00183canteen,26,13,602,602,1,1
00183canteen,26,13,603,603,1,1
00183canteen,26,13,604,604,1,1
00183canteen,26,13,605,605,1,1
00183canteen,26,13,606,607,2,1
00183canteen,26,13,608,608,1,1
00183canteen,26,13,609,609,1,1
00183canteen,26,13,610,610,1,1
00183canteen,26,13,611,611,1,1
00183canteen,26,13,612,612,1,1
00183canteen,26,13,613,613,1,1
00183canteen,26,13,614,614,1,1
00183canteen,26,13,615,615,1,1
00183canteen,26,13,616,616,1,1
00183canteen,26,13,617,617,1,1
00183canteen,26,13,618,618,1,1
00183canteen,26,13,619,619,1,1
00183canteen,26,13,620,620,1,1
00183canteen,26,13,621,621,1,1
00183canteen,26,13,622,622,1,1
00183canteen,26,13,623,623,1,1
00183canteen,26,13,624,624,1,1
00183canteen,26,13,625,625,1,1
00183canteen,26,13,626,626,1,1
00183canteen,26,13,627,627,1,1
00183canteen,26,13,628,628,1,1
00183canteen,26,13,629,629,1,1
00183canteen,26,13,630,630,1,1
00183canteen,26,13,631,631,1,1
00183canteen,26,13,632,632,1,1
00183canteen,26,13,633,633,1,1
00183canteen,26,13,634,634,1,1
00183canteen,26,13,635,635,1,1
00183canteen,26,13,636,636,1,1
00183canteen,26,13,637,637,1,1
00183canteen,26,13,638,638,1,1
00183canteen,26,13,639,639,1,1
00183canteen,26,13,640,640,1,1
00183canteen,26,13,641,641,1,1
00183canteen,26,13,642,642,1,1
00183canteen,26,13,643,643,1,1
00183canteen,26,13,644,644,1,1
00183canteen,26,13,645,645,1,1
00183canteen,26,13,646,646,1,1
00183canteen,26,13,647,647,1,1
00183canteen,26,13,648,648,1,1
00183canteen,26,13,649,649,1,1
00183canteen,26,13,650,650,1,1
00183canteen,26,13,651,651,1,1
00183canteen,26,13,652,652,1,1
00183canteen,26,13,653,653,1,1
00183canteen,26,13,654,654,1,1
00183canteen,26,13,655,655,1,1
00183canteen,26,13,656,656,1,1
00183canteen,26,13,657,657,1,1
00183canteen,26,13,658,658,1,1
00183canteen,26,13,659,659,1,1
00183canteen,26,13,660,660,1,1
00183canteen,26,13,661,661,1,1
00183canteen,26,13,662,662,1,1
00183canteen,26,13,663,663,1,1
00183canteen,26,13,664,664,1,1
00183canteen,26,13,665,665,1,1
00183canteen,26,13,666,666,1,1
00183canteen,26,13,667,667,1,1
00183canteen,26,13,668,668,1,1
00183canteen,26,13,669,669,1,1
00183canteen,26,13,670,670,1,1
00183canteen,26,13,671,671,1,1
00183canteen,26,13,672,672,1,1
00183canteen,26,13,673,673,1,1
00183canteen,26,13,674,674,1,1
00183canteen,26,13,675,675,1,1
00183canteen,26,13,676,676,1,1
00183canteen,26,13,677,677,1,1
00183canteen,26,13,678,678,1,1
00183canteen,26,13,679,679,1,1
00183canteen,26,13,680,680,1,1
00183canteen,26,13,681,681,1,1
00183canteen,26,13,682,682,1,1
00183canteen,26,13,683,683,1,1
00183canteen,26,13,684,684,1,1
00183canteen,26,13,685,685,1,1
00183canteen,26,13,686,686,1,1
00183canteen,26,13,687,687,1,1
00183canteen,26,13,688,688,1,1
00183canteen,26,13,689,689,1,1
00183canteen,26,13,690,690,1,1
00183canteen,26,13,691,691,1,1
00183canteen,26,13,692,692,1,1
00183canteen,26,13,693,693,1,1
00183canteen,26,13,694,694,1,1
00183canteen,26,13,695,695,1,1
00183canteen,26,13,696,696,1,1
00183canteen,26,13,697,697,1,1
00183canteen,26,13,698,698,1,1
00183canteen,26,13,699,699,1,1
00183canteen,26,13,700,700,1,1
00183canteen,26,13,701,701,1,1
00183canteen,26,13,702,702,1,1
00183canteen,26,13,703,703,1,1
00183canteen,26,13,704,704,1,1
00183canteen,26,13,705,705,1,1
00183canteen,26,13,706,706,1,1
00183canteen,26,13,707,707,1,1
00183canteen,26,13,708,708,1,1
00183canteen,26,13,709,709,1,1
00183canteen,26,13,710,710,1,1
00183canteen,26,13,711,711,1,1
00183canteen,26,13,712,712,1,1
00183canteen,26,13,713,713,1,1
00183canteen,26,13,714,714,1,1
00183canteen,26,13,715,715,1,1
00183canteen,26,13,716,716,1,1
00183canteen,26,13,717,717,1,1
00183canteen,26,13,718,718,1,1
00183canteen,26,13,719,719,1,1
00183canteen,26,13,720,720,1,1
00183canteen,26,13,721,721,1,1
00183canteen,26,13,722,722,1,1
00183canteen,26,13,723,723,1,1
00183canteen,26,13,724,724,1,1
00183canteen,26,13,725,725,1,1
00183canteen,26,13,726,726,1,1
00183canteen,26,13,727,727,1,1
00183canteen,26,13,728,728,1,1
00183canteen,26,13,729,729,1,1
00183canteen,26,13,730,730,1,1
00183canteen,26,13,731,731,1,1
00183canteen,26,13,732,732,1,1
00183canteen,26,13,733,733,1,1
00183canteen,26,13,734,734,1,1
00183canteen,26,13,735,735,1,1
00183canteen,26,13,736,736,1,1
00183canteen,26,13,737,737,1,1
00183canteen,26,13,738,738,1,1
00183canteen,26,13,739,739,1,1
00183canteen,26,13,740,740,1,1
00183canteen,26,13,741,741,1,1
00183canteen,26,13,742,742,1,1
00183canteen,26,13,743,743,1,1
00183canteen,26,13,744,744,1,1
00183canteen,26,13,745,745,1,1
00183canteen,26,13,746,746,1,1
00183canteen,26,13,747,747,1,1
00183canteen,26,13,748,748,1,1
00183canteen,26,13,749,749,1,1
00183canteen,26,13,750,750,1,1
00183canteen,26,13,751,751,1,1
00183canteen,26,13,752,752,1,1
00183canteen,26,13,753,753,1,1
00183canteen,26,13,754,754,1,1
00183canteen,26,13,755,755,1,1
00183canteen,26,13,756,756,1,1
00183canteen,26,13,757,757,1,1
00183canteen,26,13,758,758,1,1
00183canteen,26,13,759,759,1,1
00183canteen,26,13,760,760,1,1
00183canteen,26,13,761,761,1,1
00183canteen,26,13,762,762,1,1
00183canteen,26,13,763,763,1,1
00183canteen,26,13,764,764,1,1
00183canteen,26,13,765,765,1,1
00183canteen,26,13,766,766,1,1
00183canteen,26,13,767,767,1,1
00183canteen,26,13,768,768,1,1
00183canteen,26,13,769,769,1,1
00183canteen,26,13,770,770,1,1
00183canteen,26,13,771,771,1,1
00183canteen,26,13,772,772,1,1
00183canteen,26,13,773,773,1,1
00183canteen,26,13,774,774,1,1
00183canteen,26,13,775,775,1,1
00183canteen,26,13,776,776,1,1
00183canteen,26,13,777,777,1,1
00183canteen,26,13,778,778,1,1
00183canteen,26,13,779,779,1,1
00183canteen,26,13,780,780,1,1
00183canteen,26,13,781,781,1,1
00183canteen,26,13,782,782,1,1
00183canteen,26,13,783,783,1,1
00183canteen,26,13,784,784,1,1
00183canteen,26,13,785,785,1,1
00183canteen,26,13,786,786,1,1
00183canteen,26,13,787,787,1,1
00183canteen,26,13,788,788,1,1
00183canteen,26,13,789,789,1,1
00183canteen,26,13,790,790,1,1
00183canteen,26,13,791,791,1,1
00183canteen,26,13,792,792,1,1
00183canteen,26,13,793,793,1,1
00183canteen,26,13,794,794,1,1
00183canteen,26,13,795,795,1,1
00183canteen,26,13,796,796,1,1
00183canteen,26,13,797,797,1,1
00183canteen,26,13,798,798,1,1
00183canteen,26,13,799,799,1,1
00183canteen,26,13,800,800,1,1
00183canteen,26,13,801,801,1,1
00183canteen,26,13,802,802,1,1
00183canteen,26,13,803,803,1,1
00183canteen,26,13,804,804,1,1
00183canteen,26,13,805,805,1,1
00183canteen,26,13,806,806,1,1
00183canteen,26,13,807,807,1,1
00183canteen,26,13,808,808,1,1
00183canteen,26,13,809,809,1,1
00183canteen,26,13,810,810,1,1
00183canteen,26,13,811,811,1,1
00183canteen,26,13,812,812,1,1
00183canteen,26,13,813,813,1,1
00183canteen,26,13,814,814,1,1
00183canteen,26,13,815,815,1,1
00183canteen,26,13,816,816,1,1
00183canteen,26,13,817,817,1,1
00183canteen,26,13,818,818,1,1
00183canteen,26,13,819,819,1,1
00183canteen,26,13,820,820,1,1
00183canteen,26,13,821,821,1,1
00183canteen,26,13,822,822,1,1
00183canteen,26,13,823,823,1,1
00183canteen,26,13,824,824,1,1
00183canteen,26,13,825,825,1,1
00183canteen,26,13,826,826,1,1
00183canteen,26,13,827,827,1,1
00183canteen,26,13,828,828,1,1
00183canteen,26,13,829,829,1,1
00183canteen,26,13,830,830,1,1
00183canteen,26,13,831,831,1,1
00183canteen,26,13,832,832,1,1
00183canteen,26,13,833,833,1,1
00183canteen,26,13,834,834,1,1
00183canteen,26,13,835,835,1,1
00183canteen,26,13,836,836,1,1
00183canteen,26,13,837,837,1,1
00183canteen,26,13,838,838,1,1
00183canteen,26,13,839,839,1,1
00183canteen,26,13,840,840,1,1
00183canteen,26,13,841,841,1,1
00183canteen,26,13,842,842,1,1
00183canteen,26,13,843,843,1,1
00183canteen,26,13,844,844,1,1
00183canteen,26,13,845,845,1,1
00183canteen,26,13,846,846,1,1
00183canteen,26,13,847,847,1,1
00183canteen,26,13,848,848,1,1
00183canteen,26,13,849,849,1,1
00183canteen,26,13,850,850,1,1
00183canteen,26,13,851,851,1,1
00183canteen,26,13,852,852,1,1
00183canteen,26,13,853,853,1,1
00183canteen,26,13,854,854,1,1
00183canteen,26,13,855,855,1,1
00183canteen,26,13,856,856,1,1
00183canteen,26,13,857,857,1,1
00183canteen,26,13,858,858,1,1
00183canteen,26,13,859,859,1,1
00183canteen,26,13,860,860,1,1
00183canteen,26,13,861,861,1,1
00183canteen,26,13,862,862,1,1
00183canteen,26,13,863,863,1,1
00183canteen,26,13,864,864,1,1
00183canteen,26,13,865,865,1,1
00183canteen,26,13,866,866,1,1
00183canteen,26,13,867,867,1,1
00183canteen,26,13,868,868,1,1
00183canteen,26,13,869,869,1,1
00183canteen,26,13,870,870,1,1
00183canteen,26,13,871,871,1,1
00183canteen,26,13,872,872,1,1
00183canteen,26,13,873,873,1,1
00183canteen,26,13,874,874,1,1
00183canteen,26,13,875,875,1,1
00183canteen,26,13,876,876,1,1
00183canteen,26,13,877,877,1,1
00183canteen,26,13,878,878,1,1
00183canteen,26,13,879,879,1,1
00183canteen,26,13,880,880,1,1
00183canteen,26,13,881,881,1,1
00183canteen,26,13,899,902,2,1
00183canteen,26,13,905,905,1,1
00183canteen,26,13,906,906,1,1
00183canteen,26,13,907,907,1,1
00183canteen,26,13,909,909,1,1
00183canteen,26,13,910,910,1,1
00183canteen,26,13,911,914,4,1
00183canteen,26,13,915,918,4,1
00183canteen,26,13,919,920,2,1
00183canteen,26,13,921,921,1,1
00183canteen,26,13,922,922,1,1
00183canteen,26,13,923,924,2,1
00183canteen,26,13,925,925,1,1
00183canteen,26,13,926,926,1,1
00183canteen,26,13,927,927,1,1
00183canteen,26,13,928,928,1,1
00183canteen,26,13,929,929,1,1
00183canteen,26,13,930,930,1,1
00183canteen,26,13,931,932,2,1
00183canteen,26,13,933,933,1,1
00183canteen,26,13,934,934,1,1
00183canteen,26,13,935,935,1,1
00183canteen,26,13,936,936,1,1
00183canteen,26,13,937,937,1,1
00183canteen,26,13,938,938,1,1
00183canteen,26,13,939,939,1,1
00183canteen,26,13,940,940,1,1
00183canteen,26,13,941,941,1,1
00183canteen,26,13,942,942,1,1
00183canteen,26,13,943,943,1,1
00183canteen,26,13,944,944,1,1
00183canteen,26,13,945,945,1,1
00183canteen,26,13,946,947,2,1
00183canteen,26,13,948,949,2,1
00183canteen,26,13,950,950,1,1
00183canteen,26,13,951,952,2,1
00183canteen,26,13,953,954,2,1
00183canteen,26,13,955,955,1,1
00183canteen,26,13,956,956,1,1
00183canteen,26,13,957,963,7,1
00183canteen,26,13,964,964,1,1
00183canteen,26,13,965,966,2,1
00183canteen,26,13,967,967,1,1
00183canteen,26,13,968,968,1,1
00183canteen,26,13,969,969,1,1
00183canteen,26,13,970,970,1,1
00183canteen,26,13,971,975,5,1
00183canteen,26,13,976,976,1,1
00183canteen,26,13,977,977,1,1
00183canteen,26,13,978,978,1,1
00183canteen,26,13,979,981,3,1
00183canteen,26,13,982,984,3,1
00183canteen,26,13,986,988,3,1
00183canteen,26,13,993,998,5,1
00183canteen,26,13,1001,1001,1,1
00183canteen,26,13,1022,1022,1,1
00183canteen,26,13,1023,1023,1,1
00183canteen,26,13,1024,1024,1,1
00183canteen,26,13,1025,1025,1,1
00183canteen,26,13,1026,1026,1,1
00183canteen,26,13,1027,1027,1,1
00183canteen,26,13,1037,1037,1,1
00183canteen,26,13,1038,1038,1,1
00183canteen,26,13,1039,1039,1,1
00183canteen,26,13,1040,1040,1,1
00183canteen,26,13,1041,1041,1,1
00183canteen,26,13,1042,1042,1,1
00183canteen,26,13,1043,1043,1,1
00183canteen,26,13,1044,1044,1,1
00183canteen,26,13,1046,1047,2,1
00183canteen,26,13,1048,1048,1,1
00183canteen,26,13,1049,1049,1,1
00183canteen,26,13,1050,1050,1,1
00183canteen,26,13,1051,1051,1,1
00183canteen,26,13,1052,1052,1,1
00183canteen,26,13,1053,1053,1,1
00183canteen,26,13,1054,1054,1,1
00183canteen,26,13,1056,1056,1,1
00183canteen,26,13,1057,1057,1,1
00183canteen,26,13,1058,1058,1,1
00183canteen,26,13,1059,1059,1,1
00183canteen,26,13,1060,1060,1,1
00183canteen,26,13,1061,1061,1,1
00183canteen,26,13,1062,1062,1,1
00183canteen,26,13,1063,1063,1,1
00183canteen,26,13,1064,1064,1,1
00183canteen,26,13,1065,1065,1,1
00183canteen,26,13,1066,1066,1,1
00183canteen,26,13,1067,1067,1,1
00183canteen,26,13,1068,1068,1,1
00183canteen,26,13,1069,1069,1,1
00183canteen,28,6,1,1,1,1
00183canteen,28,6,2,2,1,1
00183canteen,28,6,3,3,1,1
00183canteen,28,6,4,4,1,1
00183canteen,28,6,5,5,1,1
00183canteen,28,6,6,6,1,1
00183canteen,28,6,7,7,1,1
00183canteen,28,6,8,8,1,1
00183canteen,28,6,9,9,1,1
00183canteen,28,6,10,10,1,1
00183canteen,28,6,11,11,1,1
00183canteen,28,6,12,12,1,1
00183canteen,28,6,13,13,1,1
00183canteen,28,6,14,14,1,1
00183canteen,28,6,15,15,1,1
00183canteen,28,6,16,16,1,1
00183canteen,28,6,17,17,1,1
00183canteen,28,6,18,18,1,1
00183canteen,28,6,19,19,1,1
00183canteen,28,6,20,20,1,1
00183canteen,28,6,21,21,1,1
00183canteen,28,6,22,22,1,1
00183canteen,28,6,23,23,1,1
00183canteen,28,6,24,24,1,1
00183canteen,28,6,25,25,1,1
00183canteen,28,6,26,26,1,1
00183canteen,28,6,27,27,1,1
00183canteen,28,6,28,28,1,1
00183canteen,28,6,29,29,1,1
00183canteen,28,6,30,30,1,1
00183canteen,28,6,31,31,1,1
00183canteen,28,6,32,32,1,1
00183canteen,28,6,33,33,1,1
00183canteen,28,6,34,34,1,1
00183canteen,28,6,35,35,1,1
00183canteen,28,6,36,36,1,1
00183canteen,28,6,37,37,1,1
00183canteen,28,6,38,38,1,1
00183canteen,28,6,39,39,1,1
00183canteen,28,6,40,40,1,1
00183canteen,28,6,41,41,1,1
00183canteen,28,6,42,42,1,1
00183canteen,28,6,43,43,1,1
00183canteen,28,6,44,44,1,1
00183canteen,28,6,45,45,1,1
00183canteen,28,6,46,46,1,1
00183canteen,28,6,47,47,1,1
00183canteen,28,6,48,48,1,1
00183canteen,28,6,49,49,1,1
00183canteen,28,6,50,50,1,1
00183canteen,28,6,51,51,1,1
00183canteen,28,6,52,52,1,1
00183canteen,28,6,53,53,1,1
00183canteen,28,6,54,54,1,1
00183canteen,28,6,55,55,1,1
00183canteen,28,6,56,56,1,1
00183canteen,28,6,57,57,1,1
00183canteen,28,6,58,58,1,1
00183canteen,28,6,59,59,1,1
00183canteen,28,6,60,60,1,1
00183canteen,28,6,61,61,1,1
00183canteen,28,6,62,62,1,1
00183canteen,28,6,63,63,1,1
00183canteen,28,6,64,64,1,1
00183canteen,28,6,65,65,1,1
00183canteen,28,6,66,66,1,1
00183canteen,28,6,67,67,1,1
00183canteen,28,6,68,68,1,1
00183canteen,28,6,69,69,1,1
00183canteen,28,6,70,70,1,1
00183canteen,28,6,71,71,1,1
00183canteen,28,6,72,72,1,1
00183canteen,28,6,73,73,1,1
00183canteen,28,6,74,74,1,1
00183canteen,28,6,75,75,1,1
00183canteen,28,6,76,76,1,1
00183canteen,28,6,77,77,1,1
00183canteen,28,6,78,78,1,1
00183canteen,28,6,79,79,1,1
00183canteen,28,6,80,80,1,1
00183canteen,28,6,81,81,1,1
00183canteen,28,6,82,82,1,1
00183canteen,28,6,83,83,1,1
00183canteen,28,6,84,84,1,1
00183canteen,28,6,85,85,1,1
00183canteen,28,6,86,86,1,1
00183canteen,28,6,87,87,1,1
00183canteen,28,6,88,88,1,1
00183canteen,28,6,89,89,1,1
00183canteen,28,6,90,90,1,1
00183canteen,28,6,91,91,1,1
00183canteen,28,6,92,92,1,1
00183canteen,28,6,93,93,1,1
00183canteen,28,6,94,94,1,1
00183canteen,28,6,95,95,1,1
00183canteen,28,6,96,96,1,1
00183canteen,28,6,97,97,1,1
00183canteen,28,6,98,98,1,1
00183canteen,28,6,99,99,1,1
00183canteen,28,6,100,100,1,1
00183canteen,28,6,101,101,1,1
00183canteen,28,6,102,102,1,1
00183canteen,28,6,103,103,1,1
00183canteen,28,6,104,104,1,1
00183canteen,28,6,105,105,1,1
00183canteen,28,6,106,106,1,1
00183canteen,28,6,107,107,1,1
00183canteen,28,6,108,108,1,1
00183canteen,28,6,109,109,1,1
00183canteen,28,6,110,110,1,1
00183canteen,28,6,111,111,1,1
00183canteen,28,6,112,112,1,1
00183canteen,28,6,113,113,1,1
00183canteen,28,6,114,114,1,1
00183canteen,28,6,115,115,1,1
00183canteen,28,6,116,116,1,1
00183canteen,28,6,117,117,1,1
00183canteen,28,6,118,118,1,1
00183canteen,28,6,119,119,1,1
00183canteen,28,6,120,120,1,1
00183canteen,28,6,121,121,1,1
00183canteen,28,6,122,122,1,1
00183canteen,28,6,123,123,1,1
00183canteen,28,6,124,124,1,1
00183canteen,28,6,125,125,1,1
00183canteen,28,6,126,126,1,1
00183canteen,28,6,127,127,1,1
00183canteen,28,6,128,128,1,1
00183canteen,28,6,129,129,1,1
00183canteen,28,6,130,130,1,1
00183canteen,28,6,131,131,1,1
00183canteen,28,6,132,132,1,1
00183canteen,28,6,133,133,1,1
00183canteen,28,6,134,134,1,1
00183canteen,28,6,135,135,1,1
00183canteen,28,6,136,136,1,1
00183canteen,28,6,137,137,1,1
00183canteen,28,6,138,138,1,1
00183canteen,28,6,139,139,1,1
00183canteen,28,6,140,140,1,1
00183canteen,28,6,141,141,1,1
00183canteen,28,6,142,142,1,1
00183canteen,28,6,143,143,1,1
00183canteen,28,6,144,144,1,1
00183canteen,28,6,145,145,1,1
00183canteen,28,6,146,146,1,1
00183canteen,28,6,147,147,1,1
00183canteen,28,6,148,148,1,1
00183canteen,28,6,149,149,1,1
00183canteen,28,6,150,150,1,1
00183canteen,28,6,151,151,1,1
00183canteen,28,6,152,152,1,1
00183canteen,28,6,153,153,1,1
00183canteen,28,6,154,154,1,1
00183canteen,28,6,155,155,1,1
00183canteen,28,6,156,156,1,1
00183canteen,28,6,157,157,1,1
00183canteen,28,6,158,158,1,1
00183canteen,28,6,159,159,1,1
00183canteen,28,6,160,160,1,1
00183canteen,28,6,161,161,1,1
00183canteen,28,6,162,162,1,1
00183canteen,28,6,163,163,1,1
00183canteen,28,6,164,164,1,1
00183canteen,28,6,165,165,1,1
00183canteen,28,6,166,166,1,1
00183canteen,28,6,167,167,1,1
00183canteen,28,6,168,168,1,1
00183canteen,28,6,169,169,1,1
00183canteen,28,6,170,170,1,1
00183canteen,28,6,171,171,1,1
00183canteen,28,6,172,172,1,1
00183canteen,28,6,173,173,1,1
00183canteen,28,6,174,174,1,1
00183canteen,28,6,175,175,1,1
00183canteen,28,6,176,176,1,1
00183canteen,28,6,177,177,1,1
00183canteen,28,6,178,178,1,1
00183canteen,28,6,179,179,1,1
00183canteen,28,6,180,180,1,1
00183canteen,28,6,181,181,1,1
00183canteen,28,6,182,182,1,1
00183canteen,28,6,183,183,1,1
00183canteen,28,6,184,184,1,1
00183canteen,28,6,185,185,1,1
00183canteen,28,6,186,186,1,1
00183canteen,28,6,187,187,1,1
00183canteen,28,6,188,188,1,1
00183canteen,28,6,189,189,1,1
00183canteen,28,6,190,190,1,1
00183canteen,28,6,191,191,1,1
00183canteen,28,6,192,192,1,1
00183canteen,28,6,193,193,1,1
00183canteen,28,6,194,194,1,1
00183canteen,28,6,195,195,1,1
00183canteen,28,6,196,196,1,1
00183canteen,28,6,197,197,1,1
00183canteen,28,6,198,198,1,1
00183canteen,28,6,199,199,1,1
00183canteen,28,6,200,200,1,1
00183canteen,28,6,201,201,1,1
00183canteen,28,6,202,202,1,1
00183canteen,28,6,203,203,1,1
00183canteen,28,6,204,204,1,1
00183canteen,28,6,205,205,1,1
00183canteen,28,6,206,206,1,1
00183canteen,28,6,207,207,1,1
00183canteen,28,6,208,208,1,1
00183canteen,28,6,209,209,1,1
00183canteen,28,6,210,210,1,1
00183canteen,28,6,211,211,1,1
00183canteen,28,6,212,212,1,1
00183canteen,28,6,213,213,1,1
00183canteen,28,6,214,214,1,1
00183canteen,28,6,215,215,1,1
00183canteen,28,6,216,216,1,1
00183canteen,28,6,217,217,1,1
00183canteen,28,6,218,218,1,1
00183canteen,28,6,219,219,1,1
00183canteen,28,6,220,220,1,1
00183canteen,28,6,221,221,1,1
00183canteen,28,6,222,222,1,1
00183canteen,28,6,223,223,1,1
00183canteen,28,6,224,224,1,1
00183canteen,28,6,225,225,1,1
00183canteen,28,6,226,226,1,1
00183canteen,28,6,227,227,1,1
00183canteen,28,6,228,228,1,1
00183canteen,28,6,229,229,1,1
00183canteen,28,6,230,230,1,1
00183canteen,28,6,231,231,1,1
00183canteen,28,6,232,232,1,1
00183canteen,28,6,233,233,1,1
00183canteen,28,6,234,234,1,1
00183canteen,28,6,235,235,1,1
00183canteen,28,6,236,236,1,1
00183canteen,28,6,237,237,1,1
00183canteen,28,6,238,238,1,1
00183canteen,28,6,239,239,1,1
00183canteen,28,6,240,240,1,1
00183canteen,28,6,241,241,1,1
00183canteen,28,6,242,242,1,1
00183canteen,28,6,243,243,1,1
00183canteen,28,6,244,244,1,1
00183canteen,28,6,245,245,1,1
00183canteen,28,6,246,246,1,1
00183canteen,28,6,247,247,1,1
00183canteen,28,6,248,248,1,1
00183canteen,28,6,249,249,1,1
00183canteen,28,6,250,250,1,1
00183canteen,28,6,251,251,1,1
00183canteen,28,6,252,252,1,1
00183canteen,28,6,253,253,1,1
00183canteen,28,6,254,254,1,1
00183canteen,28,6,255,255,1,1
00183canteen,28,6,256,256,1,1
00183canteen,28,6,257,257,1,1
00183canteen,28,6,258,258,1,1
00183canteen,28,6,259,259,1,1
00183canteen,28,6,260,260,1,1
00183canteen,28,6,261,261,1,1
00183canteen,28,6,262,262,1,1
00183canteen,28,6,263,263,1,1
00183canteen,28,6,264,264,1,1
00183canteen,28,6,265,265,1,1
00183canteen,28,6,266,266,1,1
00183canteen,28,6,267,267,1,1
00183canteen,28,6,268,268,1,1
00183canteen,28,6,269,269,1,1
00183canteen,28,6,270,270,1,1
00183canteen,28,6,271,271,1,1
00183canteen,28,6,272,272,1,1
00183canteen,28,6,273,273,1,1
00183canteen,28,6,274,274,1,1
00183canteen,28,6,275,275,1,1
00183canteen,28,6,276,276,1,1
00183canteen,28,6,277,277,1,1
00183canteen,28,6,278,278,1,1
00183canteen,28,6,279,279,1,1
00183canteen,28,6,280,280,1,1
00183canteen,28,6,281,281,1,1
00183canteen,28,6,282,282,1,1
00183canteen,28,6,283,283,1,1
00183canteen,28,6,284,284,1,1
00183canteen,28,6,285,285,1,1
00183canteen,28,6,286,286,1,1
00183canteen,28,6,287,287,1,1
00183canteen,28,6,288,288,1,1
00183canteen,28,6,289,289,1,1
00183canteen,28,6,290,290,1,1
00183canteen,28,6,291,291,1,1
00183canteen,28,6,292,292,1,1
00183canteen,28,6,293,293,1,1
00183canteen,28,6,294,294,1,1
00183canteen,28,6,295,295,1,1
00183canteen,28,6,296,296,1,1
00183canteen,28,6,297,297,1,1
00183canteen,28,6,298,298,1,1
00183canteen,28,6,299,299,1,1
00183canteen,28,6,300,300,1,1
00183canteen,28,6,301,301,1,1
00183canteen,28,6,302,302,1,1
00183canteen,28,6,303,303,1,1
00183canteen,28,6,304,304,1,1
00183canteen,28,6,305,305,1,1
00183canteen,28,6,306,306,1,1
00183canteen,28,6,307,307,1,1
00183canteen,28,6,308,308,1,1
00183canteen,28,6,309,309,1,1
00183canteen,28,6,310,310,1,1
00183canteen,28,6,311,311,1,1
00183canteen,28,6,312,312,1,1
00183canteen,28,6,313,313,1,1
00183canteen,28,6,314,314,1,1
00183canteen,28,6,315,315,1,1
00183canteen,28,6,316,316,1,1
00183canteen,28,6,317,317,1,1
00183canteen,28,6,318,318,1,1
00183canteen,28,6,319,319,1,1
00183canteen,28,6,320,320,1,1
00183canteen,28,6,321,321,1,1
00183canteen,28,6,322,322,1,1
00183canteen,28,6,323,323,1,1
00183canteen,28,6,324,324,1,1
00183canteen,28,6,325,325,1,1
00183canteen,28,6,326,326,1,1
00183canteen,28,6,327,327,1,1
00183canteen,28,6,328,328,1,1
00183canteen,28,6,329,329,1,1
00183canteen,28,6,330,330,1,1
00183canteen,28,6,331,331,1,1
00183canteen,28,6,332,332,1,1
00183canteen,28,6,333,333,1,1
00183canteen,28,6,334,334,1,1
00183canteen,28,6,335,335,1,1
00183canteen,28,6,336,336,1,1
00183canteen,28,6,337,337,1,1
00183canteen,28,6,338,338,1,1
00183canteen,28,6,339,339,1,1
00183canteen,28,6,340,340,1,1
00183canteen,28,6,341,341,1,1
00183canteen,28,6,342,342,1,1
00183canteen,28,6,343,343,1,1
00183canteen,28,6,344,344,1,1
00183canteen,28,6,345,345,1,1
00183canteen,28,6,346,346,1,1
00183canteen,28,6,347,347,1,1
00183canteen,28,6,348,348,1,1
00183canteen,28,6,349,349,1,1
00183canteen,28,6,350,350,1,1
00183canteen,28,6,351,351,1,1
00183canteen,28,6,352,352,1,1
00183canteen,28,6,353,353,1,1
00183canteen,28,6,354,354,1,1
00183canteen,28,6,355,355,1,1
00183canteen,28,6,356,356,1,1
00183canteen,28,6,357,357,1,1
00183canteen,28,6,358,358,1,1
00183canteen,28,6,359,359,1,1
00183canteen,28,6,360,360,1,1
00183canteen,28,6,361,361,1,1
00183canteen,28,6,362,362,1,1
00183canteen,28,6,363,363,1,1
00183canteen,28,6,364,364,1,1
00183canteen,28,6,365,365,1,1
00183canteen,28,6,366,366,1,1
00183canteen,28,6,367,367,1,1
00183canteen,28,6,368,368,1,1
00183canteen,28,6,369,369,1,1
00183canteen,28,6,370,370,1,1
00183canteen,28,6,371,371,1,1
00183canteen,28,6,372,372,1,1
00183canteen,28,6,373,373,1,1
00183canteen,28,6,374,374,1,1
00183canteen,28,6,375,375,1,1
00183canteen,28,6,376,376,1,1
00183canteen,28,6,377,377,1,1
00183canteen,28,6,378,378,1,1
00183canteen,28,6,379,379,1,1
00183canteen,28,6,380,380,1,1
00183canteen,28,6,381,381,1,1
00183canteen,28,6,382,382,1,1
00183canteen,28,6,383,383,1,1
00183canteen,28,6,384,384,1,1
00183canteen,28,6,385,385,1,1
00183canteen,28,6,386,386,1,1
00183canteen,28,6,387,387,1,1
00183canteen,28,6,388,388,1,1
00183canteen,28,6,389,389,1,1
00183canteen,28,6,390,390,1,1
00183canteen,28,6,391,391,1,1
00183canteen,28,6,392,392,1,1
00183canteen,28,6,393,393,1,1
00183canteen,28,6,394,394,1,1
00183canteen,28,6,395,395,1,1
00183canteen,28,6,396,396,1,1
00183canteen,28,6,397,397,1,1
00183canteen,28,6,398,398,1,1
00183canteen,28,6,399,399,1,1
00183canteen,28,6,400,400,1,1
00183canteen,28,6,401,401,1,1
00183canteen,28,6,402,402,1,1
00183canteen,28,6,403,403,1,1
00183canteen,28,6,404,404,1,1
00183canteen,28,6,405,405,1,1
00183canteen,28,6,406,406,1,1
00183canteen,28,6,407,407,1,1
00183canteen,28,6,408,408,1,1
00183canteen,28,6,409,409,1,1
00183canteen,28,6,410,410,1,1
00183canteen,28,6,411,411,1,1
00183canteen,28,6,412,412,1,1
00183canteen,28,6,413,413,1,1
00183canteen,28,6,414,414,1,1
00183canteen,28,6,415,415,1,1
00183canteen,28,6,416,416,1,1
00183canteen,28,6,417,417,1,1
00183canteen,28,6,418,418,1,1
00183canteen,28,6,419,419,1,1
00183canteen,28,6,420,420,1,1
00183canteen,28,6,421,421,1,1
00183canteen,28,6,422,422,1,1
00183canteen,28,6,423,423,1,1
00183canteen,28,6,424,424,1,1
00183canteen,28,6,425,425,1,1
00183canteen,28,6,426,426,1,1
00183canteen,28,6,427,427,1,1
00183canteen,28,6,428,428,1,1
00183canteen,28,6,429,429,1,1
00183canteen,28,6,430,430,1,1
00183canteen,28,6,431,431,1,1
00183canteen,28,6,432,432,1,1
00183canteen,28,6,433,433,1,1
00183canteen,28,6,434,434,1,1
00183canteen,28,6,435,435,1,1
00183canteen,28,6,436,436,1,1
00183canteen,28,6,437,437,1,1
00183canteen,28,6,438,438,1,1
00183canteen,28,6,439,439,1,1
00183canteen,28,6,440,440,1,1
00183canteen,28,6,441,441,1,1
00183canteen,28,6,442,442,1,1
00183canteen,28,6,443,443,1,1
00183canteen,28,6,444,444,1,1
00183canteen,28,6,445,445,1,1
00183canteen,28,6,446,446,1,1
00183canteen,28,6,447,447,1,1
00183canteen,28,6,448,448,1,1
00183canteen,28,6,449,449,1,1
00183canteen,28,6,450,450,1,1
00183canteen,28,6,451,451,1,1
00183canteen,28,6,452,452,1,1
00183canteen,28,6,453,453,1,1
00183canteen,28,6,454,454,1,1
00183canteen,28,6,455,455,1,1
00183canteen,28,6,456,456,1,1
00183canteen,28,6,457,457,1,1
00183canteen,28,6,458,458,1,1
00183canteen,28,6,459,459,1,1
00183canteen,28,6,460,460,1,1
00183canteen,28,6,461,461,1,1
00183canteen,28,6,462,462,1,1
00183canteen,28,6,463,463,1,1
00183canteen,28,6,464,464,1,1
00183canteen,28,6,465,465,1,1
00183canteen,28,6,466,466,1,1
00183canteen,28,6,467,467,1,1
00183canteen,28,6,468,468,1,1
00183canteen,28,6,469,469,1,1
00183canteen,28,6,470,470,1,1
00183canteen,28,6,471,471,1,1
00183canteen,28,6,472,472,1,1
00183canteen,28,6,473,473,1,1
00183canteen,28,6,474,474,1,1
00183canteen,28,6,475,475,1,1
00183canteen,28,6,476,476,1,1
00183canteen,28,6,477,477,1,1
00183canteen,28,6,478,478,1,1
00183canteen,28,6,479,479,1,1
00183canteen,28,6,480,480,1,1
00183canteen,28,6,482,482,1,1
00183canteen,28,6,483,483,1,1
00183canteen,28,6,484,484,1,1
00183canteen,28,6,485,485,1,1
00183canteen,28,6,486,486,1,1
00183canteen,28,6,487,487,1,1
00183canteen,28,6,488,488,1,1
00183canteen,28,6,489,489,1,1
00183canteen,28,6,490,490,1,1
00183canteen,28,6,491,491,1,1
00183canteen,28,6,492,492,1,1
00183canteen,28,6,493,493,1,1
00183canteen,28,6,495,495,1,1
00183canteen,28,6,496,496,1,1
00183canteen,28,6,497,497,1,1
00183canteen,28,6,498,498,1,1
00183canteen,28,6,499,499,1,1
00183canteen,28,6,500,500,1,1
00183canteen,28,6,501,501,1,1
00183canteen,28,6,502,502,1,1
00183canteen,28,6,503,503,1,1
00183canteen,28,6,504,504,1,1
00183canteen,28,6,505,505,1,1
00183canteen,28,6,506,506,1,1
00183canteen,28,6,507,507,1,1
00183canteen,28,6,508,508,1,1
00183canteen,28,6,509,509,1,1
00183canteen,28,6,510,510,1,1
00183canteen,28,6,511,511,1,1
00183canteen,28,6,512,512,1,1
00183canteen,28,6,513,513,1,1
00183canteen,28,6,514,514,1,1
00183canteen,28,6,515,515,1,1
00183canteen,28,6,516,516,1,1
00183canteen,28,6,517,517,1,1
00183canteen,28,6,518,518,1,1
00183canteen,28,6,519,519,1,1
00183canteen,28,6,520,520,1,1
00183canteen,28,6,521,521,1,1
00183canteen,28,6,522,522,1,1
00183canteen,28,6,523,523,1,1
00183canteen,28,6,524,524,1,1
00183canteen,28,6,525,529,5,1
00183canteen,28,6,530,530,1,1
00183canteen,28,6,531,531,1,1
00183canteen,28,6,532,532,1,1
00183canteen,28,6,533,533,1,1
00183canteen,28,6,534,534,1,1
00183canteen,28,6,535,535,1,1
00183canteen,28,6,536,536,1,1
00183canteen,28,6,537,537,1,1
00183canteen,28,6,538,538,1,1
00183canteen,28,6,539,539,1,1
00183canteen,28,6,540,540,1,1
00183canteen,28,6,541,541,1,1
00183canteen,28,6,542,542,1,1
00183canteen,28,6,543,543,1,1
00183canteen,28,6,544,544,1,1
00183canteen,28,6,545,545,1,1
00183canteen,28,6,546,546,1,1
00183canteen,28,6,547,547,1,1
00183canteen,28,6,548,548,1,1
00183canteen,28,6,549,549,1,1
00183canteen,28,6,550,550,1,1
00183canteen,28,6,551,551,1,1
00183canteen,28,6,552,552,1,1
00183canteen,28,6,553,553,1,1
00183canteen,28,6,554,554,1,1
00183canteen,28,6,555,555,1,1
00183canteen,28,6,556,556,1,1
00183canteen,28,6,557,557,1,1
00183canteen,28,6,558,558,1,1
00183canteen,28,6,559,559,1,1
00183canteen,28,6,560,560,1,1
00183canteen,28,6,561,561,1,1
00183canteen,28,6,562,562,1,1
00183canteen,28,6,563,563,1,1
00183canteen,28,6,564,564,1,1
00183canteen,28,6,565,565,1,1
00183canteen,28,6,566,566,1,1
00183canteen,28,6,567,567,1,1
00183canteen,28,6,568,568,1,1
00183canteen,28,6,569,569,1,1
00183canteen,28,6,570,570,1,1
00183canteen,28,6,571,571,1,1
00183canteen,28,6,572,572,1,1
00183canteen,28,6,573,573,1,1
00183canteen,28,6,574,574,1,1
00183canteen,28,6,575,575,1,1
00183canteen,28,6,576,576,1,1
00183canteen,28,6,577,577,1,1
00183canteen,28,6,578,578,1,1
00183canteen,28,6,579,579,1,1
00183canteen,28,6,580,580,1,1
00183canteen,28,6,581,581,1,1
00183canteen,28,6,582,582,1,1
00183canteen,28,6,583,583,1,1
00183canteen,28,6,584,584,1,1
00183canteen,28,6,585,585,1,1
00183canteen,28,6,586,586,1,1
00183canteen,28,6,587,587,1,1
00183canteen,28,6,588,588,1,1
00183canteen,28,6,589,589,1,1
00183canteen,28,6,590,590,1,1
00183canteen,28,6,591,591,1,1
00183canteen,28,6,592,592,1,1
00183canteen,28,6,593,593,1,1
00183canteen,28,6,594,594,1,1
00183canteen,28,6,595,595,1,1
00183canteen,28,6,596,596,1,1
00183canteen,28,6,597,597,1,1
00183canteen,28,6,598,598,1,1
00183canteen,28,6,599,599,1,1
00183canteen,28,6,600,600,1,1
00183canteen,28,6,601,601,1,1
00183canteen,28,6,602,602,1,1
00183canteen,28,6,603,603,1,1
00183canteen,28,6,604,604,1,1
00183canteen,28,6,605,605,1,1
00183canteen,28,6,606,606,1,1
00183canteen,28,6,607,607,1,1
00183canteen,28,6,608,608,1,1
00183canteen,28,6,609,609,1,1
00183canteen,28,6,610,610,1,1
00183canteen,28,6,611,611,1,1
00183canteen,28,6,612,612,1,1
00183canteen,28,6,613,613,1,1
00183canteen,28,6,614,614,1,1
00183canteen,28,6,615,615,1,1
00183canteen,28,6,616,616,1,1
00183canteen,28,6,617,617,1,1
00183canteen,28,6,618,618,1,1
00183canteen,28,6,619,619,1,1
00183canteen,28,6,620,620,1,1
00183canteen,28,6,621,621,1,1
00183canteen,28,6,622,622,1,1
00183canteen,28,6,623,623,1,1
00183canteen,28,6,624,624,1,1
00183canteen,28,6,625,625,1,1
00183canteen,28,6,626,626,1,1
00183canteen,28,6,627,627,1,1
00183canteen,28,6,628,628,1,1
00183canteen,28,6,629,629,1,1
00183canteen,28,6,630,630,1,1
00183canteen,28,6,631,631,1,1
00183canteen,28,6,632,632,1,1
00183canteen,28,6,633,633,1,1
00183canteen,28,6,634,634,1,1
00183canteen,28,6,635,635,1,1
00183canteen,28,6,636,636,1,1
00183canteen,28,6,637,637,1,1
00183canteen,28,6,638,638,1,1
00183canteen,28,6,639,639,1,1
00183canteen,28,6,640,640,1,1
00183canteen,28,6,641,641,1,1
00183canteen,28,6,642,642,1,1
00183canteen,28,6,643,643,1,1
00183canteen,28,6,644,644,1,1
00183canteen,28,6,645,645,1,1
00183canteen,28,6,646,646,1,1
00183canteen,28,6,647,647,1,1
00183canteen,28,6,648,648,1,1
00183canteen,28,6,649,649,1,1
00183canteen,28,6,650,650,1,1
00183canteen,28,6,651,651,1,1
00183canteen,28,6,652,652,1,1
00183canteen,28,6,653,653,1,1
00183canteen,28,6,654,654,1,1
00183canteen,28,6,655,655,1,1
00183canteen,28,6,656,656,1,1
00183canteen,28,6,657,657,1,1
00183canteen,28,6,658,658,1,1
00183canteen,28,6,659,659,1,1
00183canteen,28,6,660,660,1,1
00183canteen,28,6,661,661,1,1
00183canteen,28,6,662,662,1,1
00183canteen,28,6,663,663,1,1
00183canteen,28,6,664,664,1,1
00183canteen,28,6,665,665,1,1
00183canteen,28,6,666,666,1,1
00183canteen,28,6,667,667,1,1
00183canteen,28,6,668,668,1,1
00183canteen,28,6,669,669,1,1
00183canteen,28,6,670,670,1,1
00183canteen,28,6,671,671,1,1
00183canteen,28,6,672,672,1,1
00183canteen,28,6,673,673,1,1
00183canteen,28,6,675,675,1,1
00183canteen,28,6,676,676,1,1
00183canteen,28,6,677,677,1,1
00183canteen,28,6,678,678,1,1
00183canteen,28,6,679,679,1,1
00183canteen,28,6,680,680,1,1
00183canteen,28,6,681,681,1,1
00183canteen,28,6,682,682,1,1
00183canteen,28,6,683,683,1,1
00183canteen,28,6,684,684,1,1
00183canteen,28,6,685,685,1,1
00183canteen,28,6,686,686,1,1
00183canteen,28,6,687,687,1,1
00183canteen,28,6,689,689,1,1
00183canteen,28,6,692,692,1,1
00183canteen,28,6,693,693,1,1
00183canteen,28,6,694,694,1,1
00183canteen,28,6,695,695,1,1
00183canteen,28,6,696,696,1,1
00183canteen,28,6,697,697,1,1
00183canteen,28,6,698,698,1,1
00183canteen,28,6,699,699,1,1
00183canteen,28,6,700,700,1,1
00183canteen,28,6,701,701,1,1
00183canteen,28,6,702,702,1,1
00183canteen,29,19,97,97,1,1
00183canteen,29,19,105,105,1,1
00183canteen,29,19,144,144,1,1
00183canteen,29,19,146,146,1,1
00183canteen,29,19,620,620,1,1
00183canteen,29,19,831,838,6,1
00183canteen,30,21,528,529,2,1
00183canteen,30,21,534,534,1,1
00183canteen,30,21,543,569,27,1
00183canteen,30,21,573,658,41,1
00183canteen,30,21,728,728,1,1
00183canteen,30,21,747,753,4,1
00183canteen,30,21,821,821,1,1
00183canteen,35,22,344,349,6,1
00183canteen,39,40,1,282,238,2
00183canteen,39,40,503,503,1,1
00183canteen,39,40,510,510,1,1
00183canteen,39,40,518,518,1,1
00183canteen,39,40,519,519,1,1
00183canteen,39,40,522,522,1,1
00183canteen,39,40,525,525,1,1
00183canteen,39,40,526,526,1,1
00183canteen,39,40,527,527,1,1
00183canteen,39,40,528,528,1,1
00183canteen,39,40,529,529,1,1
00183canteen,39,40,530,530,1,1
00183canteen,39,40,531,531,1,1
00183canteen,39,40,532,532,1,1
00183canteen,39,40,533,533,1,1
00183canteen,39,40,534,534,1,1
00183canteen,39,40,535,535,1,1
00183canteen,39,40,536,536,1,1
00183canteen,39,40,537,537,1,1
00183canteen,39,40,538,538,1,1
00183canteen,39,40,539,539,1,1
00183canteen,39,40,540,540,1,1
00183canteen,39,40,541,541,1,1
00183canteen,39,40,542,542,1,1
00183canteen,39,40,543,543,1,1
00183canteen,39,40,544,544,1,1
00183canteen,39,40,545,545,1,1
00183canteen,39,40,546,546,1,1
00183canteen,39,40,547,547,1,1
00183canteen,39,40,552,552,1,1
00183canteen,39,40,553,553,1,1
00183canteen,39,40,554,554,1,1
00183canteen,39,40,555,555,1,1
00183canteen,39,40,556,556,1,1
00183canteen,39,40,557,557,1,1
00183canteen,39,40,558,558,1,1
00183canteen,39,40,559,559,1,1
00183canteen,39,40,560,560,1,1
00183canteen,39,40,561,561,1,1
00183canteen,39,40,562,562,1,1
00183canteen,39,40,563,563,1,1
00183canteen,39,40,564,564,1,1
00183canteen,39,40,565,565,1,1
00183canteen,39,40,566,566,1,1
00183canteen,39,40,567,567,1,1
00183canteen,39,40,568,568,1,1
00183canteen,39,40,569,569,1,1
00183canteen,39,40,570,570,1,1
00183canteen,39,40,571,571,1,1
00183canteen,39,40,572,572,1,1
00183canteen,39,40,573,573,1,1
00183canteen,39,40,574,574,1,1
00183canteen,39,40,575,575,1,1
00183canteen,39,40,576,576,1,1
00183canteen,39,40,577,577,1,1
00183canteen,39,40,579,579,1,1
00183canteen,39,40,580,580,1,1
00183canteen,39,40,584,584,1,1
00183canteen,39,40,585,585,1,1
00183canteen,39,40,586,586,1,1
00183canteen,39,40,587,587,1,1
00183canteen,39,40,588,588,1,1
00183canteen,39,40,589,589,1,1
00183canteen,39,40,594,594,1,1
00183canteen,39,40,595,595,1,1
00183canteen,39,40,601,601,1,1
00183canteen,39,40,602,602,1,1
00183canteen,39,40,603,603,1,1
00183canteen,39,40,604,604,1,1
00183canteen,39,40,605,605,1,1
00183canteen,39,40,609,609,1,1
00183canteen,39,40,610,610,1,1
00183canteen,39,40,611,611,1,1
00183canteen,39,40,612,612,1,1
00183canteen,39,40,613,613,1,1
00183canteen,39,40,614,614,1,1
00183canteen,39,40,615,615,1,1
00183canteen,39,40,616,616,1,1
00183canteen,39,40,617,617,1,1
00183canteen,39,40,618,618,1,1
00183canteen,39,40,619,619,1,1
00183canteen,39,40,620,620,1,1
00183canteen,39,40,621,621,1,1
00183canteen,39,40,622,622,1,1
00183canteen,39,40,623,623,1,1
00183canteen,39,40,624,624,1,1
00183canteen,39,40,625,625,1,1
00183canteen,39,40,626,626,1,1
00183canteen,39,40,627,627,1,1
00183canteen,39,40,628,628,1,1
00183canteen,39,40,629,629,1,1
00183canteen,39,40,630,630,1,1
00183canteen,39,40,631,631,1,1
00183canteen,39,40,632,632,1,1
00183canteen,39,40,633,633,1,1
00183canteen,39,40,634,634,1,1
00183canteen,39,40,635,635,1,1
00183canteen,39,40,636,636,1,1
00183canteen,39,40,637,637,1,1
00183canteen,39,40,638,638,1,1
00183canteen,39,40,640,640,1,1
00183canteen,39,40,641,641,1,1
00183canteen,39,40,642,642,1,1
00183canteen,39,40,643,643,1,1
00183canteen,39,40,644,644,1,1
00183canteen,39,40,645,645,1,1
00183canteen,39,40,646,646,1,1
00183canteen,39,40,647,647,1,1
00183canteen,39,40,648,648,1,1
00183canteen,39,40,649,649,1,1
00183canteen,39,40,650,650,1,1
00183canteen,39,40,651,651,1,1
00183canteen,39,40,652,652,1,1
00183canteen,39,40,653,653,1,1
00183canteen,39,40,654,654,1,1
00183canteen,39,40,655,655,1,1
00183canteen,39,40,656,656,1,1
00183canteen,39,40,657,657,1,1
00183canteen,39,40,658,658,1,1
00183canteen,39,40,659,659,1,1
00183canteen,39,40,660,660,1,1
00183canteen,39,40,661,661,1,1
00183canteen,39,40,662,662,1,1
00183canteen,39,40,663,663,1,1
00183canteen,39,40,664,664,1,1
00183canteen,39,40,665,665,1,1
00183canteen,39,40,666,666,1,1
00183canteen,39,40,667,667,1,1
00183canteen,39,40,668,668,1,1
00183canteen,39,40,669,669,1,1
00183canteen,39,40,670,670,1,1
00183canteen,39,40,671,671,1,1
00183canteen,39,40,672,672,1,1
00183canteen,39,40,673,673,1,1
00183canteen,39,40,674,674,1,1
00183canteen,39,40,675,675,1,1
00183canteen,39,40,676,676,1,1
00183canteen,39,40,677,677,1,1
00183canteen,39,40,678,678,1,1
00183canteen,39,40,679,679,1,1
00183canteen,39,40,680,680,1,1
00183canteen,39,40,681,681,1,1
00183canteen,39,40,682,682,1,1
00183canteen,39,40,683,683,1,1
00183canteen,39,40,684,684,1,1
00183canteen,39,40,685,685,1,1
00183canteen,39,40,686,686,1,1
00183canteen,39,40,687,687,1,1
00183canteen,39,40,688,688,1,1
00183canteen,39,40,689,689,1,1
00183canteen,39,40,690,690,1,1
00183canteen,39,40,691,691,1,1
00183canteen,39,40,692,692,1,1
00183canteen,39,40,693,693,1,1
00183canteen,39,40,694,694,1,1
00183canteen,39,40,695,695,1,1
00183canteen,39,40,696,696,1,1
00183canteen,39,40,697,697,1,1
00183canteen,39,40,698,698,1,1
00183canteen,39,40,699,699,1,1
00183canteen,39,40,700,700,1,1
00183canteen,39,40,701,701,1,1
00183canteen,39,40,702,702,1,1
00183canteen,39,40,703,703,1,1
00183canteen,39,40,704,704,1,1
00183canteen,39,40,705,705,1,1
00183canteen,39,40,706,706,1,1
00183canteen,39,40,707,707,1,1
00183canteen,39,40,708,708,1,1
00183canteen,39,40,709,709,1,1
00183canteen,39,40,710,710,1,1
00183canteen,39,40,711,711,1,1
00183canteen,39,40,712,712,1,1
00183canteen,39,40,714,714,1,1
00183canteen,39,40,715,715,1,1
00183canteen,39,40,716,716,1,1
00183canteen,39,40,717,717,1,1
00183canteen,39,40,718,718,1,1
00183canteen,39,40,719,719,1,1
00183canteen,39,40,720,720,1,1
00183canteen,39,40,721,721,1,1
00183canteen,39,40,722,722,1,1
00183canteen,39,40,723,723,1,1
00183canteen,39,40,724,724,1,1
00183canteen,39,40,725,725,1,1
00183canteen,39,40,726,726,1,1
00183canteen,39,40,727,727,1,1
00183canteen,39,40,728,728,1,1
00183canteen,39,40,729,729,1,1
00183canteen,39,40,730,730,1,1
00183canteen,39,40,731,731,1,1
00183canteen,39,40,732,732,1,1
00183canteen,39,40,733,733,1,1
00183canteen,39,40,734,734,1,1
00183canteen,39,40,735,735,1,1
00183canteen,39,40,736,736,1,1
00183canteen,39,40,737,737,1,1
00183canteen,39,40,738,738,1,1
00183canteen,39,40,739,739,1,1
00183canteen,39,40,740,740,1,1
00183canteen,39,40,741,741,1,1
00183canteen,39,40,742,742,1,1
00183canteen,39,40,743,743,1,1
00183canteen,39,40,744,744,1,1
00183canteen,39,40,746,746,1,1
00183canteen,39,40,747,747,1,1
00183canteen,39,40,748,748,1,1
00183canteen,39,40,749,749,1,1
00183canteen,39,40,750,750,1,1
00183canteen,39,40,751,751,1,1
00183canteen,39,40,752,752,1,1
00183canteen,39,40,753,753,1,1
00183canteen,39,40,754,754,1,1
00183canteen,39,40,755,755,1,1
00183canteen,39,40,756,756,1,1
00183canteen,39,40,757,757,1,1
00183canteen,39,40,758,758,1,1
00183canteen,39,40,759,759,1,1
00183canteen,39,40,760,760,1,1
00183canteen,39,40,761,761,1,1
00183canteen,39,40,762,762,1,1
00183canteen,39,40,763,763,1,1
00183canteen,39,40,764,764,1,1
00183canteen,39,40,765,765,1,1
00183canteen,39,40,766,766,1,1
00183canteen,39,40,767,767,1,1
00183canteen,39,40,768,768,1,1
00183canteen,39,40,769,769,1,1
00183canteen,39,40,770,770,1,1
00183canteen,39,40,771,771,1,1
00183canteen,39,40,772,772,1,1
00183canteen,39,40,773,773,1,1
00183canteen,39,40,774,774,1,1
00183canteen,39,40,775,775,1,1
00183canteen,39,40,776,776,1,1
00183canteen,39,40,777,777,1,1
00183canteen,39,40,778,778,1,1
00183canteen,39,40,779,779,1,1
00183canteen,39,40,780,780,1,1
00183canteen,39,40,781,781,1,1
00183canteen,39,40,782,782,1,1
00183canteen,39,40,783,783,1,1
00183canteen,39,40,784,784,1,1
00183canteen,39,40,785,785,1,1
00183canteen,39,40,786,786,1,1
00183canteen,39,40,787,787,1,1
00183canteen,39,40,788,788,1,1
00183canteen,39,40,789,789,1,1
00183canteen,39,40,790,790,1,1
00183canteen,39,40,791,791,1,1
00183canteen,39,40,792,792,1,1
00183canteen,39,40,793,793,1,1
00183canteen,39,40,794,794,1,1
00183canteen,39,40,795,795,1,1
00183canteen,39,40,796,796,1,1
00183canteen,39,40,797,797,1,1
00183canteen,39,40,798,798,1,1
00183canteen,39,40,799,799,1,1
00183canteen,39,40,800,800,1,1
00183canteen,39,40,801,801,1,1
00183canteen,39,40,802,802,1,1
00183canteen,39,40,803,803,1,1
00183canteen,39,40,804,804,1,1
00183canteen,39,40,805,805,1,1
00183canteen,39,40,806,806,1,1
00183canteen,39,40,807,807,1,1
00183canteen,39,40,808,808,1,1
00183canteen,39,40,809,809,1,1
00183canteen,39,40,810,810,1,1
00183canteen,39,40,811,811,1,1
00183canteen,39,40,812,812,1,1
00183canteen,39,40,813,813,1,1
00183canteen,39,40,814,814,1,1
00183canteen,39,40,815,815,1,1
00183canteen,39,40,816,816,1,1
00183canteen,39,40,817,817,1,1
00183canteen,39,40,818,818,1,1
00183canteen,39,40,819,819,1,1
00183canteen,39,40,820,820,1,1
00183canteen,39,40,821,821,1,1
00183canteen,39,40,822,822,1,1
00183canteen,39,40,823,823,1,1
00183canteen,39,40,824,824,1,1
00183canteen,39,40,825,825,1,1
00183canteen,39,40,826,826,1,1
00183canteen,39,40,827,827,1,1
00183canteen,39,40,828,828,1,1
00183canteen,39,40,829,829,1,1
00183canteen,39,40,830,830,1,1
00183canteen,39,40,831,831,1,1
00183canteen,39,40,832,832,1,1
00183canteen,39,40,833,833,1,1
00183canteen,39,40,834,834,1,1
00183canteen,39,40,835,835,1,1
00183canteen,39,40,836,836,1,1
00183canteen,39,40,837,837,1,1
00183canteen,39,40,838,838,1,1
00183canteen,39,40,839,839,1,1
00183canteen,39,40,840,840,1,1
00183canteen,39,40,841,841,1,1
00183canteen,39,40,842,842,1,1
00183canteen,39,40,843,843,1,1
00183canteen,39,40,844,844,1,1
00183canteen,39,40,845,845,1,1
00183canteen,39,40,846,846,1,1
00183canteen,39,40,847,847,1,1
00183canteen,39,40,848,848,1,1
00183canteen,39,40,849,849,1,1
00183canteen,39,40,850,850,1,1
00183canteen,39,40,851,851,1,1
00183canteen,39,40,852,852,1,1
00183canteen,39,40,853,853,1,1
00183canteen,39,40,854,854,1,1
00183canteen,39,40,855,855,1,1
00183canteen,39,40,856,856,1,1
00183canteen,39,40,857,857,1,1
00183canteen,39,40,858,858,1,1
00183canteen,39,40,859,859,1,1
00183canteen,39,40,860,860,1,1
00183canteen,39,40,861,861,1,1
00183canteen,39,40,862,862,1,1
00183canteen,39,40,863,863,1,1
00183canteen,39,40,864,864,1,1
00183canteen,39,40,865,865,1,1
00183canteen,39,40,866,866,1,1
00183canteen,39,40,867,867,1,1
00183canteen,39,40,868,868,1,1
00183canteen,39,40,869,869,1,1
00183canteen,39,40,870,870,1,1
00183canteen,39,40,871,871,1,1
00183canteen,39,40,872,872,1,1
00183canteen,39,40,873,873,1,1
00183canteen,39,40,874,874,1,1
00183canteen,39,40,875,875,1,1
00183canteen,39,40,876,876,1,1
00183canteen,39,40,877,877,1,1
00183canteen,39,40,878,878,1,1
00183canteen,39,40,879,879,1,1
00183canteen,39,40,880,880,1,1
00183canteen,39,40,881,881,1,1
00183canteen,39,40,882,882,1,1
00183canteen,39,40,883,883,1,1
00183canteen,39,40,884,884,1,1
00183canteen,39,40,885,885,1,1
00183canteen,39,40,886,886,1,1
00183canteen,39,40,887,887,1,1
00183canteen,39,40,888,888,1,1
00183canteen,39,40,889,889,1,1
00183canteen,39,40,890,890,1,1
00183canteen,39,40,891,891,1,1
00183canteen,39,40,892,892,1,1
00183canteen,39,40,893,893,1,1
00183canteen,39,40,894,894,1,1
00183canteen,39,40,895,895,1,1
00183canteen,39,40,896,896,1,1
00183canteen,39,40,897,897,1,1
00183canteen,39,40,898,898,1,1
00183canteen,39,40,899,899,1,1
00183canteen,39,40,900,900,1,1
00183canteen,39,40,901,901,1,1
00183canteen,39,40,902,902,1,1
00183canteen,39,40,903,903,1,1
00183canteen,39,40,904,904,1,1
00183canteen,39,40,905,905,1,1
00183canteen,39,40,906,906,1,1
00183canteen,39,40,907,907,1,1
00183canteen,39,40,908,908,1,1
00183canteen,39,40,909,909,1,1
00183canteen,39,40,910,910,1,1
00183canteen,39,40,911,911,1,1
00183canteen,39,40,913,913,1,1
00183canteen,39,40,915,915,1,1
00183canteen,39,40,916,916,1,1
00183canteen,39,40,917,917,1,1
00183canteen,39,40,920,920,1,1
00183canteen,39,40,921,921,1,1
00183canteen,39,40,922,922,1,1
00183canteen,39,40,923,923,1,1
00183canteen,39,40,924,924,1,1
00183canteen,39,40,925,925,1,1
00183canteen,39,40,926,926,1,1
00183canteen,39,40,927,927,1,1
00183canteen,39,40,928,928,1,1
00183canteen,39,40,929,929,1,1
00183canteen,39,40,930,930,1,1
00183canteen,39,40,932,932,1,1
00183canteen,39,40,933,933,1,1
00183canteen,39,40,934,934,1,1
00183canteen,39,40,935,935,1,1
00183canteen,39,40,936,936,1,1
00183canteen,39,40,937,937,1,1
00183canteen,39,40,938,938,1,1
00183canteen,39,40,939,939,1,1
00183canteen,39,40,940,940,1,1
00183canteen,39,40,941,941,1,1
00183canteen,39,40,942,942,1,1
00183canteen,39,40,943,943,1,1
00183canteen,39,40,944,944,1,1
00183canteen,39,40,945,945,1,1
00183canteen,39,40,946,946,1,1
00183canteen,39,40,948,948,1,1
00183canteen,39,40,949,949,1,1
00183canteen,39,40,950,950,1,1
00183canteen,39,40,951,951,1,1
00183canteen,39,40,967,967,1,1
00183canteen,41,44,129,129,1,1
00183canteen,43,43,129,129,1,1
00183canteen,47,32,6,217,208,1
00183canteen,47,32,256,256,1,1
00183canteen,47,32,380,384,5,1
00183canteen,47,32,1085,1085,1,1
00183canteen,47,32,1092,1092,1,1
00183canteen,47,32,1139,1139,1,1
00183canteen,47,32,1157,1157,1,1
00183canteen,47,32,1174,1174,1,1
00183canteen,47,32,1177,1177,1,1
00183canteen,201,31,230,230,1,1
00183canteen,201,31,238,238,1,1
00183canteen,210,37,672,672,1,1
00183canteen,210,37,675,675,1,1
00183canteen,210,37,694,694,1,1
00183canteen,210,37,697,697,1,1
00183canteen,210,37,724,726,3,1
00183canteen,210,37,810,812,3,1
00183canteen,210,37,874,874,1,1
00183canteen,210,37,1030,1032,3,1
00183canteen,210,37,1128,1128,1,1
00183canteen,210,37,1167,1167,1,1
00183canteen,210,37,1176,1176,1,1
00183canteen,210,37,1186,1186,1,1
00183canteen,210,37,1191,1201,10,1
00183canteen,221,41,265,343,53,1
00183canteen,221,41,354,354,1,1
00183canteen,221,41,370,371,2,1
00183canteen,221,41,373,396,23,1
00183canteen,221,41,413,421,9,1
00183canteen,221,41,423,423,1,1
00183canteen,221,41,425,488,64,1
00183canteen,221,41,525,526,2,1
00183canteen,221,41,528,530,3,1
00183canteen,221,41,534,538,5,1
00183canteen,221,41,543,543,1,1
00183canteen,221,41,553,564,12,1
00183canteen,221,41,574,574,1,1
00183canteen,221,41,581,619,39,1
00183canteen,221,41,634,635,2,1
00183canteen,221,41,641,642,2,1
00183canteen,221,41,661,673,13,1
00183canteen,221,41,683,683,1,1
00183canteen,221,41,690,690,1,1
00183canteen,221,41,1037,1066,28,1
00183canteen,221,41,1167,1189,23,1
00183canteen,221,41,1191,1191,1,1
00183canteen,221,41,1193,1201,9,1
00183canteen,223,36,1019,1021,3,1
00183canteen,244,29,366,370,4,1
00183canteen,244,29,436,437,2,1
00183canteen,244,29,453,454,2,1
00183canteen,244,29,458,491,33,1
00183canteen,244,29,495,497,3,1
00183canteen,244,29,505,575,32,1
00183canteen,261,28,308,317,7,1
00183canteen,261,28,793,891,7,1
00183canteen,271,34,473,473,1,1
00183canteen,367,9,897,903,6,1
00183canteen,367,9,905,1156,243,1
00183canteen,367,9,1161,1162,2,1
00183canteen,367,9,1165,1172,8,1
00183canteen,393,2,589,589,1,1
00183canteen,393,2,591,591,1,1
00183canteen,393,2,593,594,2,1
00183canteen,437,42,1034,1035,2,1
00183canteen,437,42,1151,1151,1,1
00183canteen,437,42,1183,1189,7,1
00183canteen,437,42,1194,1201,5,1
00183canteen,438,46,686,745,47,1
00183canteen,513,9,1124,1124,1,1
00183canteen,513,9,1130,1141,12,1
00183canteen,513,9,1150,1151,2,1
00183canteen,595,39,1158,1158,1,1
00183canteen,595,39,1159,1159,1,1
00183canteen,595,39,1160,1160,1,1
00183canteen,595,39,1161,1161,1,1
00183canteen,595,39,1162,1162,1,1
00183canteen,595,39,1163,1163,1,1
00183canteen,595,39,1164,1164,1,1
00183canteen,595,39,1165,1165,1,1
00183canteen,595,39,1166,1166,1,1
00183canteen,595,39,1167,1167,1,1
00183canteen,595,39,1168,1168,1,1
00183canteen,595,39,1169,1169,1,1
00183canteen,595,39,1170,1179,10,1
00183canteen,595,39,1180,1180,1,1
00183canteen,595,39,1181,1181,1,1
00183canteen,595,39,1182,1182,1,1
00183canteen,595,39,1183,1183,1,1
00183canteen,595,39,1184,1184,1,1
00183canteen,595,39,1185,1185,1,1
00183canteen,595,39,1186,1186,1,1
00183canteen,595,39,1187,1187,1,1
00183canteen,595,39,1188,1188,1,1
00183canteen,595,39,1189,1193,5,1
00183canteen,595,39,1194,1194,1,1
00183canteen,595,39,1195,1195,1,1
00183canteen,595,39,1196,1196,1,1
00183canteen,595,39,1197,1197,1,1
00183canteen,595,39,1198,1201,4,1
00183canteen,615,47,1157,1157,1,1
